age,education-num,marital-status,occupation,relationship,sex,capital-gain,capital-loss,hours-per-week,target
39,13,4,0,1,1,2174,0,40,0
50,13,2,3,0,1,0,0,13,0
38,9,0,5,1,1,0,0,40,0
53,7,2,5,0,1,0,0,40,0
28,13,2,9,5,0,0,0,40,0
37,14,2,3,5,0,0,0,40,0
49,5,3,7,1,0,0,0,16,0
52,9,2,3,0,1,0,0,45,1
31,14,4,9,1,0,14084,0,50,1
42,13,2,3,0,1,5178,0,40,1
37,10,2,3,0,1,0,0,80,1
30,13,2,9,0,1,0,0,40,1
23,13,4,0,3,0,0,0,30,0
32,12,4,11,1,1,0,0,50,0
34,4,2,13,0,1,0,0,45,0
25,9,4,4,3,1,0,0,35,0
32,9,4,6,4,1,0,0,40,0
38,7,2,11,0,1,0,0,50,0
43,14,0,3,4,0,0,0,45,1
40,16,2,9,0,1,0,0,60,1
54,9,5,7,4,0,0,0,20,0
35,5,2,4,0,1,0,0,40,0
43,7,2,13,0,1,0,2042,40,0
59,9,0,12,4,0,0,0,40,0
56,13,2,12,0,1,0,0,40,1
19,9,4,2,3,1,0,0,40,0
39,9,0,3,1,1,0,0,80,0
49,9,2,2,0,1,0,0,40,0
23,12,4,10,1,1,0,0,52,0
20,10,4,11,3,1,0,0,44,0
45,13,0,3,3,1,0,1408,40,0
30,10,2,0,3,1,0,0,40,0
22,10,2,7,0,1,0,0,15,0
48,7,4,6,4,1,0,0,40,0
21,10,4,6,3,1,0,0,40,0
19,9,1,0,5,0,0,0,25,0
48,12,2,9,0,1,0,0,40,0
31,5,2,6,0,1,0,0,43,0
53,13,2,9,0,1,0,0,40,0
24,13,2,12,0,1,0,0,50,0
49,9,5,0,4,0,0,0,40,0
25,9,4,5,1,1,0,0,35,0
57,13,2,9,0,1,0,0,40,1
53,9,2,6,0,1,0,0,38,0
44,14,0,3,4,0,0,0,40,0
41,11,2,2,0,1,0,0,40,0
29,11,4,9,1,1,0,0,43,0
25,10,2,3,5,0,0,0,40,0
47,15,2,9,5,0,0,1902,60,1
50,13,0,3,1,1,0,0,55,1
47,9,0,3,1,1,0,0,60,0
43,10,2,12,0,1,0,0,40,1
46,3,2,6,0,1,0,0,40,0
35,11,2,7,0,1,0,0,40,0
41,9,2,0,0,1,0,0,48,0
30,9,2,6,0,1,5013,0,40,0
30,13,2,11,0,1,2407,0,40,0
48,9,2,13,0,1,0,0,40,0
42,16,2,9,0,1,0,0,45,1
29,10,0,12,1,1,0,0,58,0
36,9,2,2,0,1,0,0,40,0
28,10,0,0,1,0,0,0,40,0
53,9,2,0,5,0,0,0,40,1
49,10,2,3,0,1,0,0,50,1
19,10,4,9,3,1,0,0,32,0
31,13,5,11,3,0,0,0,40,0
29,13,2,11,0,1,0,0,70,1
23,10,4,6,1,1,0,0,40,0
79,10,2,9,2,1,0,0,20,0
27,9,4,7,3,1,0,0,40,0
40,12,2,0,0,1,0,0,40,0
18,7,4,7,3,0,0,0,22,0
31,4,2,4,0,1,0,0,40,0
18,9,4,11,1,1,0,0,30,0
52,13,2,7,0,1,0,0,40,0
46,9,2,7,5,0,0,0,40,0
59,9,2,11,0,1,0,0,48,0
44,9,0,2,1,0,14344,0,40,1
53,9,0,11,3,0,0,0,35,0
49,9,2,10,0,1,0,0,40,1
33,14,2,9,0,1,0,0,50,0
30,5,4,11,1,1,0,0,40,0
43,16,4,9,1,0,0,0,50,1
57,11,2,9,0,1,0,0,40,0
37,10,0,2,4,0,0,0,40,0
28,10,0,6,4,0,0,0,25,0
34,13,2,10,0,1,0,0,40,1
29,10,4,5,1,1,0,0,50,0
48,16,2,9,0,1,0,1902,60,1
37,10,2,11,0,1,0,0,48,1
48,12,0,3,4,0,0,0,40,0
32,9,4,7,3,1,0,0,40,0
76,14,2,3,0,1,0,0,40,1
44,13,2,3,0,1,15024,0,60,1
47,14,4,9,1,0,0,0,50,0
20,10,4,12,3,0,0,0,40,0
29,9,4,2,1,1,0,0,40,0
32,9,2,2,0,1,7688,0,40,1
30,7,4,5,3,1,0,0,40,0
31,9,4,0,1,0,0,0,40,0
42,9,2,5,0,1,0,0,40,0
24,13,4,11,2,1,0,0,40,0
38,15,2,9,0,1,0,0,40,1
56,9,2,7,0,1,0,1887,50,1
28,10,2,11,5,0,4064,0,25,0
36,9,4,6,3,0,0,0,40,0
53,5,2,5,0,1,0,0,50,0
56,10,2,11,0,1,0,0,50,0
49,11,2,2,0,1,0,0,40,1
55,10,2,11,0,1,0,0,56,0
22,9,4,2,1,1,0,0,41,0
21,10,4,7,3,0,0,0,40,0
40,13,2,3,0,1,0,0,60,0
30,13,4,3,3,1,0,0,40,0
29,13,2,9,0,1,0,0,50,1
19,10,4,7,3,1,0,0,35,0
47,13,2,3,5,0,0,0,40,1
20,10,4,0,3,0,0,1719,28,0
31,12,2,0,0,1,0,0,40,1
39,10,0,2,1,1,0,0,40,0
28,12,4,11,1,0,0,0,60,0
24,9,4,7,1,0,0,1762,40,0
38,9,2,2,0,1,4386,0,35,0
37,13,2,11,0,1,0,0,50,0
46,12,0,12,1,0,0,0,36,0
38,14,2,9,0,1,0,0,40,1
43,9,2,2,0,1,0,0,60,0
27,11,2,0,5,0,0,0,35,0
20,10,4,11,3,1,0,0,20,0
49,10,2,2,0,1,0,0,40,1
61,9,2,2,0,1,0,0,40,0
27,10,4,11,3,0,0,0,40,0
19,10,4,7,3,1,0,0,30,0
45,11,4,9,1,0,0,1564,40,1
70,10,4,12,2,1,0,0,40,0
31,9,4,13,4,0,0,0,30,0
22,10,2,7,0,1,0,0,24,0
36,9,6,7,4,0,0,0,24,0
64,7,2,2,0,1,0,2179,40,0
47,10,0,0,4,0,0,0,38,0
34,9,4,0,1,0,0,0,40,0
33,13,4,3,2,0,0,0,40,0
21,9,4,2,3,1,0,0,35,0
48,9,2,2,0,1,0,0,46,0
23,13,4,5,1,1,0,0,40,0
71,10,5,11,4,1,0,1816,2,0
29,9,0,2,1,1,0,0,60,0
42,13,5,7,2,1,0,0,50,0
25,9,4,7,4,0,0,0,40,0
44,14,0,3,4,0,0,0,40,0
28,9,4,3,1,0,0,0,40,0
45,14,2,11,0,1,0,0,40,1
36,10,0,7,4,0,0,0,40,0
39,12,4,3,1,1,0,0,42,0
46,14,6,10,4,1,0,0,40,0
18,7,4,5,3,1,0,0,16,0
66,11,6,9,1,0,0,0,20,0
27,9,4,7,1,1,0,1980,40,0
28,9,2,10,0,1,0,0,40,0
51,10,2,11,0,1,0,1977,40,1
27,13,4,2,1,1,0,0,50,0
28,13,2,9,0,1,0,0,40,1
27,9,3,11,4,0,0,0,25,0
21,9,4,2,3,1,0,0,40,0
34,9,4,5,1,1,0,0,40,0
18,9,4,7,3,1,0,0,12,0
33,13,2,9,0,1,0,0,65,0
44,10,2,3,0,1,0,0,38,1
43,10,0,0,1,0,0,0,40,0
30,10,4,2,1,1,0,0,45,0
40,4,2,6,0,1,0,0,40,1
37,10,2,0,0,1,0,0,42,1
34,9,2,0,0,1,0,0,40,0
41,13,0,3,1,0,0,0,40,0
31,14,2,9,5,0,0,0,50,0
58,16,2,9,0,1,0,0,1,1
38,10,0,6,1,0,0,0,28,0
24,10,2,6,0,1,0,0,40,0
41,13,2,2,0,1,0,0,40,0
47,10,2,12,0,1,0,0,45,0
41,13,2,12,0,1,0,0,24,0
23,3,2,13,2,1,0,0,40,0
36,10,0,2,1,1,0,0,40,0
40,14,4,3,1,0,14084,0,55,1
35,14,2,9,2,1,7298,0,40,1
24,9,4,11,1,1,0,0,40,0
26,14,4,9,1,0,0,1876,40,0
51,13,2,3,0,1,0,0,50,1
42,10,4,9,1,0,0,1340,40,0
37,9,0,0,4,0,0,0,35,0
18,7,4,11,3,0,0,0,40,0
36,13,2,7,0,1,7298,0,36,1
35,9,0,2,1,1,0,0,60,0
58,9,2,11,5,0,15024,0,35,1
17,7,4,11,3,0,0,0,12,0
44,9,2,13,0,1,0,0,40,0
37,9,2,2,0,1,0,0,40,1
35,10,4,11,1,0,0,0,40,0
60,9,2,2,0,1,0,0,40,0
54,4,2,6,0,1,0,0,40,1
37,13,4,3,1,1,0,0,60,1
50,12,0,11,1,0,0,0,40,0
38,13,2,11,0,1,0,0,50,0
45,13,2,9,0,1,0,0,55,0
25,6,4,2,1,1,0,0,40,0
31,10,2,5,0,1,0,0,40,0
90,9,4,7,1,1,0,2206,40,0
54,9,2,0,0,1,0,0,20,0
53,1,4,6,1,0,0,0,35,0
18,9,4,11,3,0,0,0,40,0
66,9,2,4,0,1,1409,0,50,0
75,11,6,0,1,0,0,0,20,0
65,9,0,0,1,0,0,0,40,0
35,7,5,13,1,1,3674,0,40,0
41,9,0,11,4,0,0,0,38,0
25,10,4,0,1,1,0,0,42,0
33,10,0,2,2,0,0,0,40,0
28,15,4,9,1,1,0,0,55,1
59,9,2,7,0,1,0,0,40,0
40,10,4,0,1,0,0,0,38,0
41,13,2,3,0,1,0,0,50,1
38,14,2,3,0,1,0,0,70,1
23,9,4,13,3,1,0,0,40,0
40,13,2,9,0,1,0,0,40,1
41,9,2,7,5,0,0,0,20,0
24,12,2,10,0,1,0,0,50,0
38,10,0,2,1,1,0,1741,40,0
58,9,2,0,0,1,0,0,45,1
32,9,4,7,1,0,0,0,34,0
40,12,2,12,0,1,0,1977,60,1
41,15,2,9,5,0,0,0,40,1
42,13,2,0,5,0,0,0,40,0
59,6,6,7,4,0,0,0,30,0
19,10,4,0,3,1,0,0,40,0
58,10,4,13,1,1,0,0,20,0
42,9,2,4,0,1,0,0,40,1
20,9,4,7,3,0,0,0,40,0
32,9,5,7,1,0,0,0,30,0
45,11,6,3,1,0,0,0,45,0
50,4,0,2,1,1,0,0,40,0
36,13,0,9,3,0,0,0,40,0
45,9,2,11,0,1,0,0,60,0
17,7,4,7,3,1,0,0,12,0
59,10,2,11,0,1,4064,0,40,0
26,7,2,2,0,1,0,0,40,0
37,10,2,3,0,1,0,0,75,1
64,9,2,3,0,1,0,0,40,1
33,13,4,9,1,0,0,0,45,0
33,9,2,2,5,0,0,0,40,1
61,9,2,3,0,1,0,0,40,1
17,5,4,7,3,1,1055,0,24,0
50,14,2,4,0,1,2407,0,98,0
27,14,4,9,3,1,0,0,35,0
30,9,0,9,3,0,0,0,40,0
43,9,2,5,0,1,0,0,40,0
44,10,2,2,0,1,7298,0,40,1
35,10,4,3,1,0,0,0,40,0
25,10,4,12,3,0,0,0,40,0
24,10,2,6,5,0,7298,0,48,1
22,13,4,9,1,0,0,0,15,0
42,10,2,2,0,1,5178,0,40,1
34,12,0,11,4,0,0,0,45,0
60,13,0,9,1,0,0,0,42,0
21,9,4,5,3,1,0,0,40,0
57,14,2,11,0,1,15024,0,40,1
41,15,2,9,0,1,0,0,60,1
50,10,0,7,1,1,0,0,45,0
25,13,4,3,1,0,0,0,40,0
50,4,2,2,0,1,0,0,40,0
36,13,2,9,0,1,0,0,45,0
31,9,0,9,1,0,0,0,40,0
29,13,4,10,1,1,0,0,56,0
21,10,4,11,3,1,0,0,45,0
27,13,4,12,4,0,0,0,40,0
65,9,2,13,0,1,0,0,16,0
37,13,0,11,1,0,0,0,60,0
24,9,4,2,3,1,0,0,40,0
38,9,0,11,1,1,0,0,80,0
48,13,2,0,0,1,7688,0,40,1
21,10,4,7,1,0,0,0,25,0
31,9,2,13,0,1,0,0,45,1
55,9,2,11,0,1,4386,0,40,1
24,10,2,0,5,0,0,0,40,0
43,9,0,0,1,0,0,0,40,0
26,12,4,12,1,1,0,0,45,0
46,12,4,9,1,0,0,0,33,0
35,12,2,0,0,1,0,0,40,1
41,10,2,4,0,1,0,0,54,1
26,13,4,11,1,1,0,0,40,0
34,14,2,3,0,1,7298,0,35,1
36,13,0,9,1,0,0,0,40,1
22,10,4,11,3,1,0,0,15,0
24,10,4,6,1,1,0,0,40,0
77,10,2,11,0,1,0,0,40,0
22,3,2,6,2,0,0,0,40,0
29,10,4,12,1,0,0,0,40,0
62,9,6,7,1,0,0,0,24,0
39,9,2,3,0,1,0,0,40,0
43,10,2,2,0,1,0,1485,50,0
35,9,0,13,1,1,0,0,45,0
29,7,4,3,1,0,0,0,40,0
76,14,2,2,0,1,0,0,10,0
63,9,2,4,0,1,0,0,45,0
43,10,2,9,5,0,0,1887,50,1
58,9,2,5,0,1,0,0,40,0
66,9,4,13,1,1,2050,0,55,0
41,10,4,2,1,1,0,0,45,0
26,13,4,0,1,1,0,0,40,0
47,11,4,7,1,1,0,0,40,0
55,6,2,0,0,1,0,0,40,0
53,9,2,13,0,1,0,0,40,0
17,3,4,7,2,1,0,0,48,0
30,9,4,2,2,1,0,0,40,0
49,14,4,9,1,1,0,0,60,0
19,9,4,11,4,1,0,0,30,0
45,9,2,7,0,1,0,0,40,0
26,12,4,11,1,1,0,0,40,0
38,11,2,2,0,1,7298,0,40,1
36,9,2,10,0,1,7298,0,40,1
33,9,4,4,1,1,0,0,20,0
22,10,4,10,3,0,0,0,40,0
43,13,4,11,1,1,0,0,42,0
56,12,3,7,1,1,0,0,25,0
31,13,4,9,3,1,0,0,25,0
33,13,2,3,0,1,0,0,40,1
26,9,2,7,0,1,0,0,40,0
33,13,2,3,0,1,0,0,40,1
46,7,2,13,0,1,0,0,30,0
38,9,2,0,0,1,0,0,40,1
65,7,6,7,4,1,0,0,40,0
40,11,2,12,0,1,0,0,40,1
42,9,2,0,5,0,0,0,35,0
26,5,2,2,0,1,0,0,40,0
36,6,2,7,5,0,0,0,24,0
62,14,2,9,0,1,0,0,40,1
43,13,2,13,0,1,0,0,45,0
43,13,0,3,1,1,0,1564,45,1
22,9,3,11,1,1,0,0,55,0
28,9,2,2,0,1,0,0,40,0
56,10,2,11,0,1,0,0,45,0
22,12,4,11,1,0,0,0,15,0
57,13,0,3,1,0,0,0,45,1
39,9,0,11,4,0,0,0,40,0
26,10,4,0,4,0,0,0,15,0
17,7,4,7,3,1,0,0,10,0
40,11,2,6,0,1,0,0,38,1
45,9,2,6,0,1,0,0,40,0
44,9,4,2,1,1,0,0,40,0
20,10,4,0,3,0,0,0,10,0
33,9,2,2,5,0,0,0,40,0
23,10,4,11,1,1,0,0,40,0
46,14,0,3,1,1,0,0,30,0
38,9,2,11,0,1,0,0,50,0
54,9,0,13,1,1,0,0,40,0
46,3,0,2,1,0,0,2339,45,0
25,10,2,2,0,1,0,0,40,0
46,10,0,11,1,0,0,0,40,0
36,10,2,13,5,0,0,0,40,0
23,9,4,7,1,0,0,0,25,0
29,9,5,6,1,1,0,0,40,0
44,10,2,0,5,0,0,2415,6,1
19,10,4,0,3,0,0,0,16,0
19,9,4,7,2,0,0,0,40,0
35,9,2,7,5,0,0,0,40,1
27,13,4,2,1,1,0,0,50,0
46,12,5,2,1,1,0,0,40,0
34,9,4,7,1,0,0,0,35,0
44,10,2,12,0,1,0,0,40,0
45,10,0,5,4,0,0,0,40,0
25,13,2,3,0,1,0,0,55,1
52,13,2,3,0,1,0,0,50,1
20,10,4,5,3,1,0,0,40,0
28,10,4,7,1,0,0,0,40,0
50,13,2,10,0,1,0,0,40,1
34,11,0,12,1,0,0,0,64,0
28,4,2,5,0,1,0,2179,40,0
41,14,2,3,0,1,0,1977,65,1
28,9,2,0,0,1,0,0,40,0
46,9,2,2,0,1,0,0,25,0
32,10,2,3,0,1,0,0,50,0
41,10,0,7,1,0,0,0,24,0
24,9,4,5,4,0,0,0,40,0
33,10,0,3,4,0,0,0,40,0
46,16,2,3,0,1,15024,0,60,1
31,10,2,6,0,1,0,0,40,0
35,8,0,2,1,1,0,0,50,1
52,2,2,6,0,1,0,0,40,0
30,7,4,7,3,0,0,0,19,0
34,7,5,6,1,1,0,0,40,0
34,9,0,13,4,0,0,0,40,0
20,10,2,11,0,1,0,0,30,0
17,7,4,5,3,1,2176,0,18,0
32,13,2,3,5,0,0,0,40,1
29,9,0,4,1,1,0,0,40,0
33,6,4,2,4,0,0,0,35,0
25,9,2,13,0,1,0,0,60,0
36,14,4,9,1,1,0,1408,40,0
23,9,4,5,1,1,0,0,72,0
63,9,2,3,0,1,0,0,40,1
47,14,2,9,0,1,0,0,40,0
40,13,3,9,1,0,2174,0,40,0
30,12,2,7,5,0,0,0,25,1
27,10,4,2,3,1,0,1980,40,0
33,14,2,9,0,1,0,0,50,1
34,9,4,4,1,1,594,0,60,0
34,10,4,10,1,0,0,0,40,0
23,10,2,0,0,1,0,0,40,0
42,10,2,0,5,0,0,0,40,0
29,13,4,9,1,1,0,0,40,0
45,9,0,0,1,0,0,0,28,0
24,9,4,1,3,1,0,0,40,0
44,10,2,9,0,1,0,0,40,1
27,5,4,2,2,1,0,0,40,0
20,10,4,11,1,1,0,0,35,0
44,9,6,3,4,0,0,0,40,0
51,9,2,2,0,1,0,0,40,0
20,9,2,6,0,1,0,0,40,0
19,9,4,6,3,0,0,0,40,0
45,10,2,2,0,1,0,0,55,1
60,9,2,2,0,1,0,0,40,1
44,9,2,11,5,0,0,0,40,1
40,11,2,6,0,1,0,0,40,1
30,9,2,3,5,0,0,0,40,0
38,10,2,13,0,1,0,0,50,0
23,9,2,13,0,1,0,0,60,0
44,12,4,4,3,1,0,0,40,0
54,9,2,13,0,1,0,0,40,0
32,13,2,9,0,1,0,0,50,0
50,2,3,2,4,1,0,0,40,0
24,13,4,12,1,0,0,0,20,0
37,9,2,0,5,0,0,0,60,0
52,9,0,13,4,1,0,0,40,0
38,10,2,13,0,1,0,0,40,0
49,14,2,3,0,1,0,1977,45,1
30,13,2,12,5,0,0,0,16,1
60,10,4,9,4,1,0,0,40,1
35,9,4,2,1,1,0,0,40,0
30,9,4,13,1,1,0,0,60,0
67,11,0,7,1,0,0,0,24,0
46,13,4,2,1,0,0,0,40,0
17,5,4,7,1,1,0,0,6,0
22,10,4,5,3,1,0,0,30,0
27,6,4,7,1,1,0,0,40,0
23,9,4,7,4,0,0,0,35,0
33,12,2,2,0,1,0,0,45,0
43,10,2,2,0,1,0,0,20,0
28,13,4,9,1,1,0,0,20,0
41,9,3,2,4,0,0,0,40,0
25,10,3,0,3,0,0,0,20,0
59,9,2,13,0,1,0,0,45,0
45,13,0,9,4,0,0,0,40,0
38,13,2,11,0,1,15024,0,60,1
40,9,4,7,1,0,0,0,35,0
46,9,0,0,1,1,0,0,40,0
35,12,4,3,1,0,0,0,60,0
34,9,0,9,4,0,0,0,25,0
33,13,4,2,3,1,0,0,20,0
41,9,0,0,4,0,0,0,36,0
20,10,4,6,3,1,0,0,40,0
23,3,4,7,3,1,0,0,40,0
26,10,4,9,1,0,0,0,35,0
23,9,4,4,1,1,0,0,40,0
62,9,2,13,0,1,0,0,40,0
52,10,2,0,0,1,0,0,40,0
58,10,0,7,4,0,0,0,42,0
25,13,4,11,1,0,0,0,40,0
24,13,4,3,1,1,0,0,40,0
19,10,4,10,3,1,0,0,8,0
43,10,2,3,0,1,0,0,40,0
47,9,5,0,4,0,0,0,40,0
39,9,0,7,4,0,0,0,40,0
49,11,3,5,4,1,0,1380,42,0
32,11,4,2,1,1,0,0,45,0
34,10,2,9,0,1,0,0,50,1
28,9,0,2,1,1,0,0,45,0
25,10,4,0,1,0,0,0,20,0
34,13,2,9,0,1,0,0,50,1
38,13,2,3,0,1,15024,0,80,1
50,9,2,3,0,1,7688,0,50,1
24,10,0,5,1,1,0,0,50,0
37,10,2,12,0,1,0,0,45,1
44,10,0,6,4,1,0,0,58,1
28,10,2,11,5,0,0,0,40,0
42,13,2,3,0,1,0,0,40,1
74,10,0,0,1,0,0,0,9,0
38,9,2,2,0,1,0,0,50,0
44,14,2,9,0,1,0,0,40,0
44,7,0,6,4,0,0,0,46,0
26,9,4,6,1,1,0,0,40,0
36,9,2,7,0,1,0,0,40,0
41,12,2,3,5,0,0,0,50,1
67,15,2,9,0,1,20051,0,48,1
39,8,2,12,0,1,0,0,50,0
57,2,6,8,1,0,0,0,30,0
29,11,5,2,1,1,0,0,40,0
31,13,4,4,1,0,0,0,45,0
44,10,2,13,0,1,0,0,40,0
29,16,4,9,3,1,0,0,40,0
30,10,4,5,4,0,0,0,40,0
27,9,4,13,1,1,0,0,40,0
27,10,2,11,0,1,0,0,50,0
32,9,4,5,1,0,0,0,45,0
58,6,2,7,5,0,0,0,8,0
35,10,2,10,0,1,0,0,40,0
21,9,4,5,3,1,0,0,36,0
28,10,4,2,4,1,0,0,40,0
46,10,0,3,1,1,0,0,50,0
36,9,5,7,4,0,0,0,40,0
72,7,6,0,4,0,0,0,40,0
35,9,2,6,5,0,0,0,40,0
33,11,0,2,4,0,0,0,40,1
69,7,4,6,1,0,0,0,40,0
35,9,2,6,0,1,0,0,40,0
34,9,2,12,5,0,0,0,32,0
30,7,2,7,0,1,0,0,40,0
28,13,4,13,1,1,0,0,55,0
54,13,2,11,0,1,0,0,35,1
47,10,2,9,0,1,0,0,50,1
24,9,4,5,4,0,0,0,40,0
52,13,2,9,0,1,0,0,60,1
20,9,4,5,3,1,0,0,48,0
43,14,2,3,0,1,5013,0,45,0
45,4,5,7,4,0,0,0,40,0
29,9,5,2,1,1,0,0,35,0
47,14,0,3,4,1,0,0,42,0
24,9,4,2,3,1,0,0,40,0
51,9,2,9,0,1,0,0,40,0
17,7,4,11,3,1,0,0,12,0
37,11,2,2,0,1,0,1977,40,1
27,16,4,9,1,0,0,0,70,0
29,13,2,3,5,1,0,0,40,1
36,12,0,11,4,0,0,0,35,0
58,13,4,9,1,0,0,0,40,0
26,10,2,2,0,1,0,0,45,0
57,9,2,11,0,1,0,0,40,1
59,9,2,2,0,1,0,0,40,0
27,9,2,6,0,1,0,0,40,0
31,13,4,12,1,1,0,0,40,0
21,10,4,11,3,0,0,0,24,0
29,10,4,0,1,1,0,0,60,0
18,7,4,7,3,1,0,0,40,0
52,6,2,2,0,1,0,1887,47,1
57,13,0,9,1,1,0,0,80,0
60,4,4,13,1,1,0,0,48,1
31,13,2,9,0,1,7688,0,40,1
23,13,4,0,3,0,0,0,40,0
27,9,4,11,3,1,0,0,40,0
42,15,2,9,0,1,0,1902,50,1
25,10,4,12,1,1,2174,0,40,0
49,13,4,9,1,0,0,0,45,0
32,13,4,12,1,1,0,0,40,0
19,10,4,0,3,1,0,0,28,0
60,4,0,7,1,0,0,0,40,0
42,5,2,7,0,1,0,0,40,0
35,12,4,4,1,1,0,0,40,0
48,9,4,0,4,0,0,0,37,0
51,14,2,2,0,1,0,0,40,1
29,9,4,2,1,1,0,0,40,0
36,9,5,3,1,1,0,0,40,0
17,6,4,7,3,0,0,0,21,0
52,14,0,9,1,0,6849,0,60,0
24,9,4,2,1,1,0,0,40,0
24,9,2,5,0,1,0,0,50,0
26,13,4,9,3,1,1055,0,40,0
27,13,4,7,3,0,0,0,20,0
39,9,4,5,3,1,0,0,60,0
30,9,2,13,0,1,0,0,45,0
50,9,2,3,0,1,0,0,32,0
52,13,2,11,0,1,0,0,55,0
46,15,2,9,0,1,15024,0,45,1
23,13,4,11,3,0,0,0,20,0
45,7,6,7,1,0,0,0,20,0
65,5,6,8,4,0,0,0,24,0
29,11,2,13,0,1,0,0,55,0
47,5,3,5,4,1,0,0,40,0
30,9,4,4,3,1,0,0,60,0
34,9,2,11,0,1,0,0,45,1
38,9,2,11,0,1,0,0,64,0
33,10,2,3,0,1,0,0,40,1
49,13,2,11,0,1,0,0,26,1
47,10,4,7,4,0,0,0,40,0
49,6,5,7,4,0,0,0,40,0
43,10,2,2,0,1,15024,0,60,1
30,13,2,0,5,0,0,0,40,1
58,9,2,2,0,1,0,0,60,0
19,9,4,7,3,0,0,0,14,0
21,13,4,5,1,1,0,0,40,0
33,13,2,3,0,1,15024,0,60,1
47,3,2,13,0,1,0,0,50,0
52,16,2,9,0,1,0,0,60,1
26,9,0,2,1,1,0,0,55,0
60,9,2,2,0,1,0,0,40,0
21,10,4,5,3,1,0,0,40,0
36,10,2,11,0,1,5178,0,50,1
31,10,2,2,0,1,0,0,45,0
50,16,5,9,1,1,0,0,40,1
31,9,0,0,4,0,0,0,40,0
71,9,2,2,0,1,0,0,15,0
30,13,2,12,0,1,0,0,40,1
20,10,4,7,3,1,0,0,20,0
24,9,4,3,2,1,4101,0,50,0
35,16,2,9,0,1,0,0,40,1
38,10,5,3,1,0,0,0,45,0
27,9,4,6,3,0,0,0,32,0
29,10,4,0,4,0,0,0,40,0
34,9,2,2,0,1,0,0,45,0
44,4,2,2,0,1,0,0,35,0
43,9,2,6,0,1,0,0,40,1
44,8,2,5,0,1,0,0,40,1
35,14,4,11,1,1,0,0,60,0
27,10,4,9,1,1,0,0,40,0
43,14,4,9,1,1,0,0,38,0
20,10,4,11,1,0,0,0,25,0
42,12,0,9,4,0,8614,0,40,1
27,10,2,13,0,1,3411,0,40,0
42,9,2,2,0,1,0,0,40,1
24,5,4,6,1,1,0,1721,40,0
48,10,0,3,1,1,0,0,40,0
17,7,4,4,3,1,0,0,10,0
33,13,2,3,0,1,0,0,40,1
50,9,2,11,0,1,0,0,50,1
22,9,4,11,3,0,2597,0,40,0
17,8,4,7,3,1,0,0,16,0
32,10,2,0,0,1,0,0,40,0
31,9,4,2,1,1,0,0,45,0
58,9,6,3,1,1,0,0,50,0
29,9,4,10,3,1,0,0,48,0
37,11,2,2,0,1,0,0,40,1
34,9,2,2,0,1,0,0,40,1
23,10,5,3,4,1,0,0,40,0
18,7,4,0,3,0,0,0,5,0
34,9,0,3,1,0,0,0,40,0
45,13,2,9,5,0,0,0,55,0
41,14,4,3,1,1,0,0,35,0
26,9,4,7,2,1,0,0,30,0
54,10,2,4,0,1,0,0,40,0
24,10,4,6,3,0,0,0,45,0
42,10,2,9,0,1,0,0,50,0
20,10,4,9,3,1,0,0,20,0
23,13,4,12,1,0,0,0,20,0
35,14,4,9,1,1,0,0,60,1
31,14,2,12,0,1,0,1902,40,1
30,13,4,9,3,0,0,0,40,0
19,9,4,11,3,0,0,0,20,0
36,13,4,9,1,1,0,0,50,0
31,13,6,11,4,0,0,1380,40,0
21,10,4,5,3,1,0,0,30,0
31,10,2,2,0,1,0,0,40,0
46,16,0,9,4,0,25236,0,65,1
44,13,0,3,3,0,0,0,50,1
40,8,2,7,0,1,0,0,40,0
45,10,4,11,1,1,0,0,40,0
60,9,2,2,0,1,0,0,35,0
18,7,4,7,2,1,0,0,25,0
28,13,2,9,0,1,0,0,40,0
36,10,0,0,4,0,0,0,40,0
40,11,2,12,0,1,4386,0,40,0
36,13,0,0,4,0,0,0,35,0
31,9,5,7,4,0,0,0,40,0
33,9,2,6,0,1,0,0,40,0
19,9,4,12,3,0,0,0,40,0
22,10,4,11,3,0,0,0,15,0
34,13,2,3,0,1,0,0,45,1
33,9,4,7,1,1,0,0,40,0
41,9,2,2,0,1,0,2051,60,0
29,13,4,9,1,1,4650,0,40,0
50,9,2,3,0,1,0,0,42,1
42,13,2,3,0,1,7298,0,45,1
44,9,2,11,5,0,0,0,40,0
20,10,4,7,1,0,0,0,20,0
31,9,2,7,0,1,0,0,40,0
23,10,4,7,1,0,0,0,24,0
55,10,0,0,1,0,0,0,40,0
26,11,2,0,0,1,0,2377,45,0
25,11,4,7,3,0,0,0,15,0
35,10,2,2,0,1,2407,0,40,0
36,10,4,11,1,0,0,0,36,0
43,13,2,9,0,1,0,0,50,0
56,9,6,7,4,0,594,0,20,0
42,13,2,12,0,1,0,0,40,1
19,10,4,7,2,0,0,0,25,0
55,9,2,13,0,1,0,0,72,0
42,14,4,3,1,0,14084,0,50,1
26,11,4,12,3,1,0,0,40,0
17,8,4,5,3,1,0,0,20,0
42,13,2,9,5,0,0,0,40,1
55,9,2,13,0,1,7688,0,40,1
32,10,4,0,3,0,0,0,40,0
29,7,4,2,3,1,0,0,40,0
46,13,2,9,0,1,0,0,37,0
29,13,2,3,0,1,7688,0,40,1
22,13,4,9,4,1,0,0,20,0
58,6,2,2,0,1,0,0,40,0
23,9,4,13,4,1,0,0,50,0
39,9,4,5,1,1,0,0,40,0
27,11,4,2,3,1,0,0,38,0
54,9,2,13,0,1,0,0,40,1
33,13,4,9,1,0,0,0,45,0
46,9,2,0,5,0,0,0,40,1
37,9,4,4,1,1,0,0,40,0
36,9,4,7,1,0,0,0,18,0
59,9,2,0,5,0,0,0,38,1
34,9,0,10,4,1,0,0,40,0
53,16,2,3,0,1,0,0,70,1
51,13,4,11,1,1,0,0,55,1
32,6,5,7,4,0,0,0,42,0
31,10,3,7,2,1,0,0,40,0
22,10,2,11,5,0,0,0,30,0
47,13,0,11,1,0,0,0,50,0
32,9,4,6,1,1,0,0,40,0
26,10,4,4,1,0,0,0,38,0
37,3,5,4,1,1,0,0,32,0
31,9,0,2,4,1,0,0,55,0
37,11,2,12,5,0,0,0,24,1
55,9,4,11,1,1,0,0,38,0
23,11,0,12,1,1,0,0,56,0
36,10,0,0,4,0,0,0,40,0
43,13,2,11,0,1,0,0,50,1
54,10,4,12,1,1,0,0,40,0
28,11,4,6,1,0,0,1669,42,0
40,11,2,3,0,1,0,0,50,1
41,10,2,3,0,1,0,0,60,0
40,13,4,11,1,0,0,0,55,1
42,10,0,0,1,0,0,0,38,0
61,9,2,4,0,1,0,2352,50,0
18,8,4,6,3,1,0,0,30,0
48,11,2,12,0,1,0,0,50,1
41,13,2,12,0,1,0,0,40,0
23,9,4,11,1,0,2463,0,40,0
60,9,2,13,0,1,0,0,60,1
22,10,4,7,2,1,0,0,20,0
61,9,2,6,0,1,0,0,40,0
25,9,4,6,1,1,0,0,40,0
46,14,4,12,1,1,0,0,35,1
43,13,2,3,0,1,0,1902,40,1
43,12,0,2,1,1,0,0,40,0
24,9,4,7,3,1,0,1721,30,0
68,7,4,4,4,1,0,0,20,0
31,9,0,0,4,0,0,0,38,0
17,7,4,11,3,0,0,0,20,0
32,9,2,2,0,1,5178,0,48,1
33,13,2,9,0,1,3103,0,47,1
64,13,2,9,0,1,0,0,40,1
20,9,4,13,3,1,0,0,30,0
30,9,5,7,3,0,0,0,36,0
43,10,0,3,1,1,0,0,45,0
22,10,4,0,3,1,0,0,40,0
17,6,4,4,3,1,0,0,20,0
47,9,2,7,5,0,0,0,75,0
41,11,4,9,1,0,0,0,60,0
56,10,2,2,0,1,0,0,50,1
64,9,2,13,0,1,0,0,45,0
47,9,2,13,0,1,0,0,50,1
48,11,4,0,4,1,0,0,40,0
31,14,4,9,1,0,0,0,46,0
29,11,4,12,3,1,0,0,40,0
30,9,6,0,1,0,0,0,40,0
32,9,2,3,0,1,0,1672,60,0
57,9,6,13,4,1,0,653,42,1
62,9,6,7,1,0,0,0,40,0
39,9,5,6,4,0,0,0,24,0
43,10,4,0,1,1,0,0,25,0
24,13,4,11,3,1,0,0,40,0
53,10,2,0,5,0,4386,0,40,1
26,10,4,5,3,1,0,0,40,0
73,9,2,3,0,1,0,0,40,0
55,9,2,6,0,1,0,0,40,0
25,9,0,0,1,1,0,0,40,0
41,13,0,9,1,0,0,0,50,1
24,13,4,3,1,1,0,0,50,0
63,9,6,4,1,1,0,0,6,0
17,7,4,11,3,1,0,0,20,0
35,10,2,2,0,1,0,0,50,0
51,10,2,9,0,1,0,0,40,1
62,13,6,9,1,0,0,0,48,0
55,9,2,2,0,1,4386,0,40,1
43,10,0,9,1,1,0,0,40,0
40,9,0,7,1,0,0,0,50,0
37,13,2,3,0,1,0,0,45,1
39,13,2,2,0,1,0,0,40,0
31,9,4,2,3,1,0,0,18,0
61,14,6,9,1,0,0,0,40,1
26,11,0,0,1,0,0,0,55,0
46,9,2,11,0,1,0,0,50,0
26,13,4,9,1,0,0,0,40,0
48,16,0,9,3,1,0,0,50,1
34,9,4,13,3,1,0,0,40,0
34,9,4,0,3,0,0,0,40,0
59,9,2,7,0,1,0,0,40,1
34,13,4,9,3,0,0,0,40,0
49,13,4,3,1,0,0,0,56,1
18,7,4,0,3,0,0,0,20,0
43,9,2,4,0,1,0,0,40,0
48,7,2,3,0,1,0,0,50,0
28,10,2,3,0,1,0,0,70,0
33,9,2,6,0,1,0,0,40,0
24,10,4,11,1,0,0,0,15,0
21,6,4,5,1,1,0,0,40,0
17,7,4,11,3,1,0,0,28,0
39,10,2,4,0,1,0,0,50,1
29,13,5,9,3,1,0,0,40,0
44,13,2,3,0,1,0,0,40,1
24,10,4,13,3,1,0,0,50,0
71,14,2,11,0,1,10605,0,40,1
51,13,2,11,0,1,0,2415,40,1
55,3,0,7,4,1,0,0,25,0
41,13,2,3,0,1,0,0,60,1
23,9,4,5,4,0,0,0,7,0
38,11,0,0,4,0,0,0,40,0
39,9,2,13,0,1,0,0,40,1
19,9,4,0,1,0,0,0,30,0
49,5,0,6,1,0,0,0,40,0
32,13,2,0,2,1,0,0,40,1
27,9,2,2,0,1,0,0,70,0
38,13,2,11,0,1,0,0,50,1
33,10,2,2,5,0,0,0,60,0
23,13,4,3,3,1,0,0,28,0
54,9,2,11,0,1,0,0,40,0
29,11,0,12,1,0,2174,0,45,0
35,13,4,3,1,1,0,0,40,0
28,11,2,0,5,0,0,0,40,0
37,13,2,9,0,1,7688,0,50,1
42,15,2,4,0,1,0,0,65,1
40,14,2,9,0,1,0,0,40,0
47,10,0,11,3,1,0,0,55,0
22,13,4,3,3,0,0,0,50,0
30,13,2,3,0,1,0,0,45,1
28,9,2,12,0,1,0,0,40,0
63,4,2,7,0,1,0,0,55,0
51,5,2,2,0,1,0,0,20,0
22,9,4,5,3,0,0,0,40,0
35,9,4,11,1,1,0,0,45,0
46,9,0,6,1,0,0,0,38,0
37,10,0,6,1,1,0,0,52,0
24,13,4,9,3,1,0,0,15,0
37,9,0,5,3,1,0,0,10,0
53,10,2,12,0,1,0,0,40,0
27,9,4,11,1,1,0,0,30,0
38,10,0,2,1,1,0,0,44,0
53,6,2,4,0,1,0,0,60,0
34,10,4,2,1,1,0,0,40,0
23,9,4,11,3,1,0,0,40,0
39,13,2,3,0,1,15024,0,45,1
43,14,2,9,5,0,0,0,50,0
67,9,2,3,0,1,0,0,40,1
81,9,2,3,0,1,0,0,30,0
21,10,4,7,3,1,0,0,20,0
23,10,4,11,1,1,0,0,25,0
25,10,4,13,4,1,0,0,40,0
42,3,2,6,5,0,0,0,38,0
38,10,2,0,5,0,0,0,40,0
32,9,2,6,0,1,0,0,40,0
37,9,2,6,0,1,0,0,40,0
51,14,2,3,0,1,0,0,60,1
22,10,4,11,1,0,0,0,42,0
33,2,3,8,1,0,0,0,40,0
42,9,0,6,1,1,0,0,55,0
51,1,2,7,0,1,0,0,40,0
23,9,2,0,5,0,0,0,40,0
37,7,2,6,0,1,3103,0,44,1
37,9,2,2,0,1,0,0,99,1
47,14,4,9,1,0,0,0,25,0
41,15,2,9,0,1,0,2415,40,1
33,9,2,2,0,1,0,0,30,0
31,13,4,11,1,1,0,0,40,1
31,12,0,7,4,0,0,0,40,0
35,9,2,6,0,1,0,0,40,0
38,9,2,3,0,1,0,0,40,1
18,9,4,7,1,0,0,0,45,0
20,9,2,6,0,1,0,0,40,0
54,10,0,3,4,0,0,0,35,0
40,10,0,0,4,0,0,0,40,0
36,13,2,3,5,0,0,1977,45,1
43,10,0,2,4,1,0,0,35,0
44,10,0,4,4,1,0,0,40,0
44,9,2,9,5,0,0,0,40,1
43,14,2,3,0,1,0,0,43,1
51,4,6,7,4,0,0,0,40,0
18,9,4,7,3,0,0,0,20,0
51,10,2,3,0,1,0,0,40,0
44,10,2,11,0,1,0,0,70,1
33,6,0,13,1,1,0,0,40,0
33,13,2,3,0,1,0,0,40,1
42,12,2,3,0,1,0,0,40,1
25,10,2,9,0,1,0,0,45,0
32,9,0,6,1,0,0,0,38,0
32,13,2,2,0,1,0,0,70,0
36,6,0,3,4,0,0,0,40,0
28,9,2,13,0,1,0,0,40,0
20,9,4,7,3,0,0,0,20,0
35,10,2,11,0,1,0,0,60,1
55,9,2,2,0,1,0,0,20,0
48,13,2,3,0,1,0,0,40,1
34,9,2,2,0,1,0,0,35,1
28,13,4,12,1,0,0,0,35,0
67,13,6,3,1,1,0,2392,40,1
37,9,2,2,0,1,0,0,40,0
44,9,4,13,4,1,0,0,70,0
25,10,4,11,1,0,0,0,40,0
21,10,4,3,1,0,4101,0,40,0
40,14,2,9,0,1,0,0,35,1
78,9,6,7,1,0,2964,0,40,0
34,9,0,5,3,1,0,0,40,0
49,9,4,0,1,0,0,0,44,0
22,12,4,0,1,0,0,0,40,0
60,9,4,4,4,1,0,0,42,0
45,9,6,10,1,1,0,0,40,1
63,11,0,7,1,0,0,0,20,0
41,9,4,2,3,0,0,0,35,0
47,9,0,0,4,0,0,0,40,0
44,9,0,2,4,1,0,0,40,0
51,10,6,9,1,0,3325,0,40,0
46,13,4,11,1,1,0,1504,40,0
41,11,2,6,0,1,0,0,40,0
50,9,2,2,0,1,0,0,30,0
47,9,2,0,0,1,0,0,50,1
35,9,4,3,1,1,0,0,45,0
56,9,2,3,0,1,0,0,55,1
45,14,0,9,1,1,0,0,45,0
48,13,0,3,4,1,0,0,58,1
40,10,2,6,0,1,2580,0,40,0
39,13,2,3,0,1,15024,0,50,1
20,10,4,7,3,1,0,0,40,0
50,16,2,9,0,1,0,1902,65,1
38,9,2,9,5,0,0,0,40,1
23,13,4,9,3,0,0,0,60,0
31,9,4,7,3,1,0,0,16,0
58,13,2,0,0,1,0,0,40,0
66,9,5,6,1,1,0,0,40,0
39,9,2,3,0,1,0,0,40,1
54,9,2,2,0,1,15024,0,52,1
26,10,2,11,0,1,0,0,50,0
51,9,0,6,1,0,0,0,40,0
34,11,4,13,3,1,0,0,40,0
50,9,2,6,0,1,3103,0,40,1
42,10,2,9,0,1,0,0,44,1
38,14,2,9,0,1,0,0,25,0
48,4,2,5,0,1,0,0,40,0
33,11,2,12,5,0,0,0,40,1
51,9,6,7,4,0,0,0,32,0
22,9,0,2,1,1,0,0,40,0
41,10,4,2,1,1,0,0,50,0
48,14,2,9,0,1,0,0,35,1
42,9,5,11,1,0,0,0,30,0
34,10,2,7,0,1,0,0,40,0
23,9,4,6,4,0,0,0,40,0
56,9,2,7,0,1,0,0,50,0
45,9,2,3,0,1,0,0,55,1
48,6,2,0,5,0,0,0,40,0
48,14,3,11,1,1,0,0,50,0
31,11,4,0,1,0,0,0,40,0
20,12,4,7,3,1,0,1719,20,0
27,10,4,11,1,1,0,0,40,0
32,9,4,7,1,0,0,0,40,0
37,9,4,7,1,1,0,0,75,0
34,9,0,8,4,0,0,0,30,0
90,9,4,7,1,0,0,0,40,0
23,10,4,6,3,0,0,0,40,0
43,10,0,0,1,0,0,0,40,0
44,13,2,3,0,1,7688,0,60,1
24,10,4,12,1,0,0,0,37,0
28,15,0,9,4,1,0,0,55,0
23,10,2,7,0,1,0,0,40,0
20,10,4,11,1,0,0,0,50,0
36,13,2,9,0,1,0,1902,50,1
61,9,2,6,0,1,0,0,40,0
53,13,2,11,0,1,0,0,40,1
30,13,2,0,0,1,7298,0,40,1
52,10,2,11,0,1,0,0,55,1
38,10,0,2,1,1,0,0,40,0
32,13,2,11,0,1,0,0,40,0
30,8,2,13,0,1,0,0,75,0
41,11,0,2,1,0,0,0,40,0
49,14,2,9,0,1,0,1902,40,1
45,9,2,2,0,1,0,0,47,1
43,9,2,3,0,1,0,0,35,0
61,9,2,6,0,1,3471,0,40,0
54,9,2,7,0,1,0,0,32,0
34,12,5,7,4,0,0,0,40,0
49,10,2,11,0,1,0,0,80,1
38,10,4,7,3,1,0,0,40,0
35,15,2,9,0,1,0,1977,80,1
36,8,2,13,0,1,0,0,40,0
30,13,2,3,0,1,0,0,50,0
36,12,0,12,1,0,0,0,60,0
22,13,4,9,3,0,0,0,20,0
38,9,2,2,0,1,0,1902,40,1
37,9,2,2,0,1,0,0,50,1
48,16,2,9,5,0,0,1902,46,1
17,7,4,0,3,1,0,0,15,0
19,10,4,2,3,1,0,0,20,0
27,13,4,11,1,0,0,1590,40,0
22,13,4,11,3,1,0,0,50,0
49,9,2,2,0,1,0,0,40,0
43,11,2,9,5,0,0,0,40,1
43,13,5,9,4,0,0,0,40,0
19,9,0,3,1,0,0,0,35,0
58,9,2,4,0,1,0,0,60,0
41,10,2,10,0,1,0,0,40,1
31,10,2,0,0,1,0,0,40,0
30,11,2,13,0,1,0,0,40,0
32,9,2,10,0,1,0,0,40,0
29,13,4,3,1,1,0,0,35,0
42,10,2,3,0,1,7298,0,52,1
38,9,0,2,3,1,0,0,28,0
41,12,2,9,0,1,0,0,40,1
44,13,4,11,1,1,0,0,50,1
31,16,3,9,1,1,0,0,60,0
34,9,0,2,1,1,0,0,40,0
21,10,4,0,3,1,0,0,40,0
22,13,4,9,3,1,0,0,20,0
62,6,2,6,0,1,0,0,40,0
29,9,2,11,5,0,0,1977,25,1
43,10,0,9,4,0,0,0,40,0
45,13,2,6,0,1,0,0,60,1
39,5,2,3,0,1,0,1651,40,0
41,13,2,3,0,1,0,0,50,0
34,12,2,9,5,0,0,0,25,1
34,9,0,0,4,0,0,0,33,0
31,13,4,9,1,1,0,0,47,0
29,9,4,5,3,1,0,0,25,0
41,13,2,2,0,1,3103,0,40,1
41,11,2,13,0,1,0,0,55,0
35,14,2,11,0,1,0,0,45,1
33,13,2,11,5,0,0,0,45,1
37,13,4,0,1,1,0,0,38,0
69,9,2,11,5,0,0,0,40,0
34,9,0,5,3,0,0,0,40,0
36,10,2,2,0,1,0,0,40,0
41,9,2,13,0,1,0,0,50,0
58,13,2,9,5,0,0,0,40,1
53,13,2,9,0,1,0,0,40,0
29,10,2,12,0,1,0,0,40,0
45,9,0,12,1,0,4865,0,40,0
34,10,2,3,0,1,0,0,38,0
36,13,2,12,0,1,0,0,40,0
48,10,0,7,4,0,0,0,35,0
20,11,4,0,3,0,0,0,40,0
35,9,2,13,0,1,0,0,50,1
63,9,6,5,1,1,0,0,40,0
41,10,0,7,4,1,0,0,45,0
28,13,2,9,0,1,0,0,45,0
30,10,4,6,1,0,0,0,40,0
31,9,4,7,4,0,0,0,40,0
37,11,4,0,3,0,0,0,38,0
31,10,2,3,0,1,0,0,50,1
46,14,2,3,0,1,0,0,45,1
35,9,2,0,0,1,0,0,60,1
27,9,2,2,0,1,0,0,53,0
41,2,2,2,0,1,0,0,35,0
19,10,4,7,3,0,0,0,20,0
20,10,4,11,1,1,0,0,45,0
59,9,6,11,4,0,0,0,40,0
40,13,4,7,1,1,0,0,37,0
56,10,2,11,0,1,0,0,60,0
33,14,2,9,0,1,15024,0,44,1
30,10,4,3,1,0,0,0,60,0
46,9,2,6,0,1,0,0,50,0
61,9,2,3,0,1,0,0,35,1
50,9,2,3,0,1,7298,0,40,1
25,9,4,7,3,1,0,0,30,0
40,10,0,0,4,0,0,0,39,0
51,9,2,2,0,1,0,0,54,0
43,9,2,10,0,1,0,0,40,0
34,10,2,4,0,1,0,0,54,0
46,9,2,3,0,1,0,0,45,1
28,14,2,9,5,0,0,0,50,1
20,9,4,5,3,1,0,0,28,0
44,11,2,2,0,1,3411,0,40,0
51,9,6,13,4,1,0,0,40,0
33,13,2,11,0,1,0,0,60,1
54,12,2,12,0,1,0,0,40,1
50,13,2,9,5,0,0,1977,40,1
33,9,0,0,1,0,0,0,40,0
65,13,2,0,0,1,10605,0,20,1
88,15,2,9,0,1,0,0,40,0
40,9,0,13,1,1,0,0,40,0
51,9,0,0,1,0,0,0,43,0
50,7,0,7,1,0,0,0,40,0
25,14,2,4,1,1,0,0,99,1
20,11,4,7,1,1,0,0,30,0
47,9,2,7,0,1,0,0,40,0
22,11,4,0,3,0,0,0,30,0
50,9,2,9,0,1,0,0,48,1
47,9,4,0,4,0,0,0,40,0
24,7,4,7,1,1,0,0,45,0
40,13,0,3,1,0,0,0,45,1
36,13,2,9,0,1,0,0,40,0
32,9,2,0,0,1,0,0,40,0
44,9,2,2,0,1,0,0,40,0
59,10,4,3,3,0,0,0,40,0
65,9,2,2,0,1,0,0,30,0
24,13,4,0,1,0,0,0,65,0
27,13,4,9,3,1,0,0,35,0
51,11,0,7,1,1,0,0,40,0
48,10,2,2,0,1,0,0,40,1
39,9,2,13,0,1,0,0,60,0
28,13,2,12,0,1,0,0,40,0
19,10,4,7,3,0,0,0,25,0
49,13,0,9,1,0,0,0,40,0
51,12,2,9,0,1,0,0,60,0
59,14,2,9,0,1,0,0,55,0
18,9,4,6,3,0,0,0,40,0
45,9,2,0,0,1,0,0,80,1
30,13,2,9,0,1,0,0,50,1
37,13,0,2,1,1,0,0,35,0
44,13,4,7,1,1,0,0,40,1
33,10,2,2,0,1,0,0,40,0
61,14,2,11,0,1,0,0,40,1
61,9,2,10,0,1,0,0,40,0
38,13,2,11,0,1,0,0,42,1
36,9,2,6,0,1,0,0,45,0
44,10,2,11,0,1,5178,0,60,1
37,10,5,0,3,1,0,0,62,0
31,10,0,2,4,0,0,0,20,0
54,16,2,9,0,1,15024,0,45,1
20,10,4,7,3,1,0,0,16,0
48,10,2,2,0,1,7688,0,40,1
31,13,0,3,1,1,4650,0,45,0
38,15,2,9,0,1,0,0,40,1
45,9,2,2,0,1,0,0,40,1
48,9,2,2,0,1,0,0,40,0
53,10,2,2,0,1,0,0,40,0
55,9,6,0,3,0,0,0,40,0
29,9,4,0,1,0,0,0,40,0
36,13,2,9,0,1,0,0,60,1
42,10,2,4,0,1,0,0,60,0
50,9,0,0,4,0,0,0,40,0
75,15,2,9,0,1,0,0,35,0
46,13,2,9,0,1,0,1902,40,1
52,9,0,0,4,0,0,0,40,0
27,13,4,0,1,0,0,0,40,0
43,9,2,2,0,1,0,0,45,0
31,7,5,7,1,0,0,0,42,0
23,10,4,11,1,0,0,0,30,0
34,9,4,11,1,0,0,0,24,0
41,9,2,11,2,0,0,0,40,0
31,9,4,7,3,0,0,0,30,0
42,10,4,0,3,0,0,0,40,0
35,14,4,9,1,1,0,0,45,1
55,9,5,0,1,0,0,0,25,0
36,9,6,3,1,0,0,0,40,0
65,9,2,3,0,1,0,0,59,1
38,10,4,7,1,1,0,0,12,0
62,10,6,7,1,0,0,0,20,0
54,15,2,9,0,1,99999,0,60,1
49,9,0,0,1,1,0,0,40,0
34,9,2,0,5,0,0,0,40,0
32,9,4,5,3,0,0,0,40,0
51,14,2,3,0,1,15024,0,50,1
48,10,2,3,0,1,0,0,60,0
52,9,0,0,1,0,0,0,43,0
28,10,4,13,1,1,0,1762,40,0
29,9,2,2,0,1,0,0,40,0
38,13,4,0,1,0,0,0,50,0
57,9,2,11,0,1,0,0,50,1
43,13,2,9,0,1,0,0,40,1
37,10,5,0,1,1,0,0,40,0
30,9,2,2,0,1,0,0,40,0
53,9,2,13,0,1,0,0,48,1
73,9,6,7,1,0,0,0,37,0
22,10,4,2,3,1,0,0,35,0
31,9,4,11,1,0,0,0,45,0
38,13,2,9,0,1,0,1887,40,1
50,10,2,2,0,1,0,0,35,0
37,10,2,0,0,1,0,0,37,0
44,13,0,10,1,1,0,0,40,0
47,13,4,3,4,0,0,0,45,0
27,10,2,7,0,1,0,0,40,0
28,12,4,7,1,0,0,0,80,0
25,9,4,12,1,0,0,0,40,0
20,10,4,7,4,0,0,0,40,0
51,13,2,0,0,1,0,0,40,1
46,13,2,11,0,1,0,1977,40,1
67,13,2,10,0,1,6514,0,7,1
47,9,2,13,0,1,0,0,35,0
42,9,2,11,0,1,0,0,40,0
52,9,4,11,1,1,0,1876,50,0
42,12,0,9,4,0,0,0,40,1
21,10,4,4,3,1,0,0,10,0
50,9,2,0,5,0,5178,0,40,1
46,10,2,13,0,1,0,0,40,0
47,13,2,11,0,1,15024,0,50,1
57,6,2,7,0,1,0,0,40,0
37,13,4,3,1,1,0,0,45,0
50,9,2,2,0,1,0,0,40,0
63,2,6,7,4,0,0,0,30,0
39,9,2,13,0,1,0,0,65,0
46,14,2,9,0,1,0,0,35,0
36,9,2,5,0,1,0,0,40,0
26,3,2,2,0,1,0,1628,50,0
21,10,4,7,1,1,0,0,57,0
41,12,2,12,0,1,0,0,40,0
44,10,4,7,3,1,0,0,40,0
22,9,2,2,0,1,0,0,40,0
29,10,4,1,1,1,0,0,60,0
29,9,4,7,4,0,0,0,40,0
58,10,2,13,5,0,0,0,40,1
36,15,2,9,0,1,0,0,50,0
30,11,2,3,0,1,0,0,48,0
37,13,2,6,0,1,0,0,43,1
29,11,4,6,1,1,0,0,40,0
26,3,4,0,3,0,0,0,40,0
43,9,2,11,0,1,0,0,45,0
49,9,2,2,5,0,0,0,40,1
45,13,2,3,0,1,0,0,40,0
28,13,4,9,1,0,0,0,40,0
51,9,0,0,4,0,0,0,40,0
32,10,2,5,0,1,0,0,50,1
24,9,4,6,3,0,0,0,40,0
35,16,2,9,0,1,7298,0,40,1
41,13,2,9,0,1,0,0,40,1
48,13,2,2,0,1,0,0,45,1
61,9,6,0,4,0,1471,0,35,0
20,10,4,0,3,1,0,0,30,0
27,9,4,11,1,1,0,0,50,1
55,10,2,13,0,1,0,0,24,1
39,9,2,0,0,1,0,0,40,1
52,9,6,7,4,0,0,0,40,1
24,9,4,11,3,0,0,0,20,0
29,7,4,7,4,0,0,0,40,0
25,9,4,6,2,1,0,0,40,0
20,10,4,6,1,0,0,0,40,0
23,9,4,6,1,1,0,0,35,0
57,15,2,9,0,1,0,0,60,0
51,11,2,9,0,1,0,0,40,1
33,10,4,9,1,0,3674,0,16,0
39,13,4,9,1,1,0,0,40,0
40,9,2,3,0,1,0,0,40,1
71,13,0,12,3,0,2329,0,16,0
38,10,2,3,0,1,0,0,40,0
28,15,4,9,4,1,0,0,40,0
57,14,3,9,1,0,0,0,40,0
47,10,0,0,1,1,0,0,40,0
59,9,4,0,3,1,0,0,40,0
26,9,4,11,1,1,0,0,40,0
35,13,4,0,3,0,0,0,40,0
61,13,2,3,0,1,0,0,50,1
34,10,4,9,1,1,0,0,50,1
32,13,2,2,0,1,7688,0,50,1
42,9,5,11,3,0,0,0,40,0
39,10,2,2,0,1,0,0,40,0
58,3,0,6,1,1,0,0,40,0
61,9,2,4,0,1,0,1848,60,1
40,6,4,2,2,1,0,0,55,0
31,13,4,12,1,1,0,0,37,0
36,9,4,11,1,1,0,0,50,0
23,10,4,6,3,1,0,0,40,0
33,9,4,2,1,1,0,0,41,0
52,9,2,2,0,1,0,0,40,1
22,9,4,7,1,0,0,0,24,0
51,10,0,11,4,0,0,0,40,0
31,11,4,3,1,0,0,0,40,0
49,9,0,3,4,0,0,0,40,0
49,9,2,6,5,0,0,0,40,0
53,10,6,0,1,0,0,0,40,0
52,9,2,3,0,1,99999,0,40,1
20,6,4,5,3,1,0,0,40,0
26,12,4,7,3,1,0,0,40,0
43,14,4,7,1,0,0,0,30,0
46,13,2,11,0,1,0,0,52,0
43,11,4,0,1,0,0,0,35,0
41,9,0,11,4,0,0,0,40,0
44,9,2,13,0,1,0,0,55,0
54,9,2,4,0,1,0,0,40,0
65,14,2,11,0,1,20051,0,40,1
32,13,0,3,4,0,0,0,40,0
25,10,5,0,3,1,0,0,40,0
23,13,4,11,1,1,0,0,50,0
25,13,4,9,1,1,0,0,45,0
19,10,4,5,3,1,0,0,50,0
37,9,2,3,0,1,0,0,60,0
45,10,4,6,3,1,0,0,45,0
37,9,4,11,1,1,0,0,44,0
40,10,0,3,2,1,0,1564,70,1
17,7,4,7,3,1,0,0,5,0
27,13,4,12,1,0,0,0,40,0
59,9,0,11,4,0,0,1762,30,0
19,9,4,0,4,0,0,0,40,0
43,6,4,6,1,1,0,0,40,0
42,6,4,13,4,1,0,0,40,1
54,9,2,13,0,1,5013,0,40,0
54,14,2,11,0,1,0,0,50,0
51,6,2,5,0,1,2105,0,45,0
50,9,2,13,0,1,0,0,60,1
40,9,4,0,1,0,0,0,40,0
55,12,2,12,0,1,0,0,25,0
50,9,0,0,1,0,0,0,40,0
31,9,2,2,0,1,0,0,50,0
24,9,2,7,0,1,0,0,45,1
30,7,0,11,3,1,0,0,40,0
39,12,2,2,5,0,0,0,50,1
37,9,0,13,1,1,0,0,50,0
33,9,2,13,0,1,0,0,40,0
48,9,6,7,4,0,0,0,40,0
43,9,2,7,0,1,0,0,78,0
39,13,2,9,0,1,0,0,40,1
53,10,2,3,0,1,0,0,45,1
52,6,2,3,0,1,0,0,60,0
28,10,2,0,0,1,0,0,20,0
32,9,4,7,1,1,0,0,52,0
31,13,2,11,0,1,0,0,90,1
31,13,2,9,5,0,0,0,40,1
47,10,4,0,1,0,0,0,40,0
40,11,2,5,0,1,0,0,40,0
40,12,4,0,3,0,0,0,45,0
41,7,0,7,1,1,0,0,40,0
53,9,2,0,0,1,0,0,40,0
46,7,0,6,4,1,0,0,43,0
45,13,2,4,0,1,4386,0,35,1
39,5,2,7,5,0,3411,0,34,0
19,9,4,6,1,1,0,0,40,0
57,9,2,13,0,1,0,1887,40,1
49,11,2,6,5,0,0,0,40,0
59,9,0,3,1,0,0,0,40,0
32,11,0,11,1,1,0,0,50,1
35,10,4,10,1,1,0,0,40,0
58,6,2,13,5,0,0,0,40,0
28,13,4,7,1,1,0,0,43,0
36,12,2,0,5,0,0,0,40,1
41,14,0,9,4,0,0,0,35,0
47,9,2,11,0,1,0,0,40,1
50,9,2,2,0,1,0,1672,60,0
36,9,2,3,0,1,0,0,50,1
38,11,0,2,1,1,0,0,40,0
56,9,2,7,0,1,0,1902,60,1
50,11,2,13,0,1,0,0,45,0
45,10,2,11,0,1,5013,0,40,0
44,9,2,3,0,1,0,0,66,0
51,10,2,3,0,1,0,0,45,1
44,10,2,3,0,1,0,0,50,1
25,9,0,2,1,1,0,0,50,0
60,7,6,13,4,1,0,0,40,0
49,14,2,3,0,1,0,0,50,1
46,9,2,2,0,1,0,0,60,1
56,9,6,0,4,0,0,0,38,0
25,9,0,2,1,1,3325,0,45,0
22,10,4,13,1,1,0,0,40,0
41,15,2,9,0,1,0,0,60,1
48,9,2,3,0,1,7688,0,40,1
46,6,4,6,1,1,0,0,40,0
30,10,4,2,1,1,0,0,40,1
39,9,2,13,0,1,0,0,40,1
40,6,0,2,1,1,0,0,40,0
70,9,2,0,0,1,0,0,40,0
35,10,2,2,0,1,0,2051,45,0
49,14,0,3,1,0,0,0,75,0
24,11,4,10,1,1,0,0,60,0
40,12,2,9,0,1,7298,0,36,1
61,15,2,13,0,1,0,0,5,1
25,13,4,9,3,1,0,0,40,0
28,13,4,9,1,0,0,0,40,0
69,14,2,9,0,1,0,0,11,0
22,10,4,5,3,0,0,0,36,0
47,9,2,0,0,1,0,0,38,0
38,9,0,7,4,0,0,0,48,0
26,11,4,0,3,0,0,0,40,0
17,7,4,0,3,0,0,0,24,0
33,10,4,7,1,1,0,0,35,0
43,9,3,2,1,1,0,0,40,0
58,11,2,2,0,1,0,0,40,1
53,9,2,11,0,1,99999,0,40,1
26,9,4,2,1,1,0,0,25,0
43,13,2,9,0,1,0,0,40,1
31,6,2,4,0,1,2105,0,40,0
30,9,4,0,4,1,0,2001,42,0
25,9,4,7,3,0,0,0,25,0
57,9,0,0,4,0,0,0,40,0
37,14,0,3,4,1,0,0,60,1
32,10,2,11,0,1,0,0,48,0
26,9,0,3,1,0,0,0,41,0
45,9,2,0,0,1,0,0,40,1
53,9,2,0,0,1,15024,0,35,1
27,9,4,5,2,1,0,0,40,0
28,7,2,2,0,1,0,0,50,1
32,7,0,11,1,1,0,0,43,1
35,13,0,11,1,0,0,1980,65,0
36,10,2,3,0,1,0,0,55,1
19,10,4,0,1,1,0,0,40,0
37,13,2,3,0,1,0,0,80,1
49,10,0,6,1,1,3325,0,45,0
20,10,4,7,1,1,0,0,45,0
64,13,2,3,0,1,15024,0,55,1
32,12,2,2,0,1,0,0,42,0
58,9,2,3,0,1,0,0,40,0
42,9,2,11,0,1,0,0,50,0
20,10,4,0,1,0,0,0,14,0
42,10,2,0,0,1,0,0,40,0
25,10,3,9,4,1,0,0,40,0
30,11,2,9,0,1,15024,0,65,1
37,13,2,9,0,1,0,0,35,1
66,11,2,9,0,1,0,0,50,0
59,13,2,3,0,1,0,0,40,1
44,13,0,7,1,1,0,0,40,0
46,9,2,0,0,1,0,0,58,1
59,13,2,0,5,0,2885,0,30,0
25,13,4,3,3,1,0,1340,40,0
17,5,4,7,3,1,0,0,9,0
47,13,2,10,0,1,0,0,40,0
47,5,0,7,1,0,0,0,40,0
30,10,0,3,4,0,0,0,40,0
20,10,4,4,3,0,0,0,40,0
26,13,4,9,1,1,0,2339,55,0
20,10,4,5,1,1,0,0,15,0
33,9,0,7,4,1,0,0,40,0
48,9,2,6,0,1,0,0,40,0
52,13,2,3,0,1,99999,0,50,1
37,9,0,3,4,0,0,0,12,0
47,9,2,2,0,1,0,0,40,0
40,6,2,6,0,1,0,0,40,1
48,14,0,3,4,0,0,0,40,1
49,6,2,13,0,1,0,0,42,1
50,10,0,7,1,0,0,0,40,0
30,12,4,9,1,0,0,0,40,0
34,10,2,3,0,1,0,0,40,0
43,9,2,6,0,1,0,0,40,0
22,6,2,6,5,0,0,0,40,0
35,9,5,7,1,1,0,0,40,0
26,9,0,0,3,0,0,0,30,0
62,15,2,9,0,1,0,1628,70,0
39,9,5,10,1,1,0,0,40,0
59,10,2,2,0,1,0,0,40,0
27,13,2,2,0,1,0,0,40,0
17,6,4,11,3,1,0,0,30,0
38,13,2,0,0,1,0,0,40,0
41,10,2,2,0,1,0,1887,50,1
27,6,4,6,4,0,0,0,40,0
23,9,4,0,3,0,0,0,40,0
17,6,4,5,3,1,0,0,24,0
56,4,0,6,1,0,0,0,40,0
24,10,4,0,1,0,0,0,40,0
44,8,0,13,4,1,0,0,40,0
23,13,4,0,1,1,0,0,30,0
25,9,4,13,1,1,0,0,65,0
21,10,4,7,2,0,0,0,8,0
18,8,4,5,3,1,0,0,6,0
45,10,2,2,0,1,0,0,40,0
51,4,2,10,0,1,0,0,40,0
42,9,5,7,2,0,0,0,40,0
47,10,4,7,1,0,0,0,35,0
29,10,2,4,0,1,0,0,40,0
33,7,4,7,1,1,0,0,40,0
43,13,2,2,0,1,0,0,40,0
44,12,2,2,0,1,0,1848,40,1
24,10,4,7,3,1,0,0,30,0
19,10,4,5,3,1,0,0,40,0
52,11,2,0,0,1,0,0,40,0
38,9,4,4,1,1,0,0,52,0
24,10,4,12,1,1,0,0,50,0
32,13,4,9,1,1,0,0,50,0
26,9,2,11,0,1,0,0,50,1
29,13,2,11,0,1,0,0,50,0
39,9,0,0,1,1,10520,0,40,1
48,9,2,4,0,1,0,0,50,0
40,10,2,2,0,1,0,0,45,1
51,10,0,3,4,1,0,0,45,0
28,9,0,2,3,1,0,0,40,0
22,9,4,3,3,0,0,0,20,0
23,13,4,0,1,0,0,0,40,0
65,10,2,10,0,1,0,0,16,0
26,13,2,9,0,1,0,0,40,0
38,13,2,7,0,1,0,0,10,0
33,9,4,9,1,1,0,0,60,1
33,9,2,0,5,0,0,0,60,0
37,13,4,11,1,0,0,0,40,0
19,7,4,6,3,1,0,0,60,0
24,13,4,11,1,1,0,0,50,0
30,7,2,2,0,1,0,0,45,0
57,9,0,3,1,0,0,0,50,0
22,10,4,9,3,0,0,0,20,0
57,9,2,6,0,1,0,0,40,1
46,9,2,12,0,1,0,0,40,0
67,9,2,0,0,1,0,0,35,0
47,9,5,2,3,1,0,0,40,0
39,6,2,2,0,1,0,0,40,0
50,10,0,7,4,1,0,0,40,0
58,8,0,11,1,0,0,0,52,0
36,12,2,9,5,0,0,0,30,1
45,14,2,9,0,1,0,0,36,1
54,9,2,6,0,1,0,0,40,1
26,13,4,0,3,1,0,0,30,0
60,9,2,9,0,1,0,0,40,1
46,15,2,9,0,1,99999,0,60,1
26,10,2,3,5,0,0,0,35,0
32,7,4,2,2,1,0,0,40,0
38,9,2,13,0,1,0,0,40,0
48,10,2,11,0,1,0,0,70,1
44,9,2,3,0,1,0,1977,45,1
37,9,4,7,3,0,0,0,40,0
44,10,2,3,0,1,0,0,40,0
31,9,4,7,1,0,0,0,35,0
61,15,2,9,0,1,0,0,35,1
51,9,2,2,0,1,0,0,40,0
52,13,2,11,5,0,15024,0,60,1
45,9,2,6,5,0,0,1740,40,0
39,7,2,7,0,1,2407,0,70,0
67,9,0,7,1,0,0,0,24,0
40,12,2,0,0,1,0,0,40,1
27,3,4,4,1,1,0,0,35,0
37,2,2,6,0,1,0,0,40,0
57,10,2,3,0,1,0,0,50,1
27,6,0,7,1,0,0,0,40,0
28,9,4,11,1,0,2202,0,48,0
34,13,2,9,0,1,0,0,60,1
54,9,2,6,0,1,5178,0,50,1
52,9,0,7,2,0,0,0,38,0
42,13,2,9,0,1,0,0,45,1
48,14,2,9,0,1,15024,0,40,1
65,14,2,9,0,1,6514,0,35,1
55,15,2,9,5,0,0,0,10,0
71,9,2,0,5,0,0,0,20,1
33,10,2,6,0,1,0,0,40,0
30,9,2,11,0,1,0,0,40,0
35,13,2,3,0,1,0,0,55,1
59,6,0,0,1,0,0,0,40,0
19,10,4,5,3,1,0,0,20,0
36,5,2,2,0,1,0,0,30,0
26,9,4,11,3,1,0,0,40,0
34,9,2,10,0,1,0,0,40,0
41,9,2,2,0,1,0,0,40,1
44,13,2,9,0,1,15024,0,50,1
47,9,2,2,0,1,0,0,48,0
18,10,4,11,3,1,0,0,16,0
55,6,2,2,0,1,0,0,18,0
49,9,2,2,0,1,0,2002,40,0
44,13,2,3,0,1,0,0,40,1
43,13,4,9,1,1,0,0,40,0
62,4,2,10,0,1,0,0,40,0
44,9,2,5,0,1,0,0,40,0
50,10,2,11,0,1,0,0,60,1
35,7,4,11,1,1,0,0,45,0
52,9,2,0,0,1,0,0,40,0
46,15,2,9,0,1,0,0,60,1
44,12,2,11,0,1,7688,0,40,1
43,10,4,3,4,1,0,0,50,0
51,4,2,2,0,1,2961,0,40,0
20,10,4,11,3,1,0,0,20,0
47,12,2,0,5,0,0,0,40,1
43,14,0,3,4,1,0,0,50,0
24,10,4,2,1,1,0,0,40,0
27,10,2,2,0,1,0,0,50,0
32,9,2,13,0,1,0,0,40,0
37,9,0,7,4,0,0,0,12,0
26,9,2,6,0,1,0,0,60,0
43,13,2,3,0,1,99999,0,60,1
50,9,2,6,5,0,0,0,40,0
20,9,4,13,3,1,0,0,80,0
37,9,2,3,0,1,0,1902,45,1
43,9,4,7,1,0,0,0,45,0
37,9,2,3,0,1,0,1887,50,1
53,5,0,7,1,0,0,0,36,0
44,16,2,9,0,1,0,0,40,1
25,9,4,7,1,0,0,0,40,0
17,7,4,0,3,0,1055,0,20,0
19,9,4,11,3,1,0,0,50,0
53,9,2,3,5,0,15024,0,40,1
44,10,2,11,0,1,0,0,50,0
51,9,2,6,0,1,0,1902,40,1
49,9,2,3,5,0,0,0,43,0
35,10,2,5,0,1,0,0,40,0
44,9,0,2,1,1,0,0,45,0
54,14,2,9,0,1,0,0,60,0
37,10,0,0,4,0,0,0,35,0
18,10,4,7,3,0,0,0,15,0
24,10,2,5,0,1,0,0,40,0
29,9,0,2,1,0,0,0,50,0
35,9,4,6,1,1,0,0,40,0
56,9,2,2,0,1,0,0,48,1
24,13,4,6,1,1,0,0,45,0
43,14,2,3,0,1,0,1902,40,1
73,9,6,11,2,0,0,0,15,0
49,8,2,6,0,1,0,0,39,0
38,13,2,11,0,1,0,0,40,1
31,9,2,6,0,1,0,0,40,0
39,10,0,0,4,0,0,0,40,0
42,13,0,0,1,0,0,0,40,0
41,14,2,9,0,1,0,0,45,1
35,13,2,11,0,1,0,0,45,1
38,9,2,13,0,1,0,0,45,0
31,9,0,0,1,0,0,0,40,0
51,9,2,10,0,1,0,0,70,0
38,13,0,11,1,1,0,0,48,1
40,10,2,3,0,1,0,0,42,1
21,9,4,7,1,0,0,0,30,0
44,10,0,2,1,1,0,0,40,0
55,9,2,2,0,1,0,0,40,1
29,9,0,11,1,1,0,0,45,0
49,14,2,9,5,0,0,0,50,1
31,11,2,7,0,1,0,0,42,0
24,14,4,3,3,1,6849,0,90,0
46,10,4,3,1,1,0,0,40,0
26,9,4,11,1,1,0,0,40,0
35,13,4,7,1,1,0,0,38,0
27,11,4,11,1,1,0,0,50,0
64,13,2,3,0,1,15024,0,35,1
26,13,4,2,2,1,0,0,40,0
21,9,4,7,1,0,0,1719,16,0
57,9,2,13,0,1,0,0,72,0
30,13,2,0,0,1,0,0,40,1
45,7,2,7,5,0,0,0,32,0
50,4,0,2,1,0,0,0,30,0
38,13,4,0,3,0,0,0,40,0
43,10,2,2,0,1,0,0,60,0
42,10,6,3,1,0,0,0,55,0
32,13,4,9,3,1,0,0,40,0
20,9,4,0,1,0,0,0,40,0
27,9,4,7,1,0,0,0,35,0
45,7,6,0,4,0,0,0,40,0
40,9,4,6,1,0,0,0,40,0
38,9,0,13,1,1,0,0,60,0
37,9,0,0,4,0,0,0,40,0
60,6,0,6,1,0,0,0,40,0
53,9,2,3,0,1,0,0,45,1
25,13,2,3,3,0,0,0,40,0
47,13,0,3,1,1,0,0,60,0
40,9,4,4,1,1,0,0,70,0
19,10,4,7,3,0,0,0,10,0
42,10,2,9,5,0,0,0,50,1
41,13,0,0,4,0,0,0,40,0
28,6,4,6,3,1,0,0,45,0
46,14,0,3,1,0,27828,0,50,1
49,13,2,9,5,0,99999,0,20,1
24,9,4,5,2,1,0,0,40,0
32,7,2,6,0,1,0,0,40,0
71,9,2,10,0,1,6767,0,20,0
26,10,2,12,0,1,3103,0,40,1
29,9,3,10,1,1,0,0,40,0
50,10,2,3,0,1,99999,0,50,1
51,11,2,2,0,1,3103,0,50,1
49,9,2,7,5,0,0,0,40,1
31,6,2,6,0,1,0,0,40,0
23,7,2,6,0,1,0,0,40,0
59,9,6,4,4,1,0,2339,40,0
43,10,2,11,0,1,7688,0,40,1
38,13,2,11,0,1,7298,0,40,1
37,9,2,3,0,1,0,0,40,0
29,6,4,7,3,1,0,0,40,0
39,13,2,3,0,1,0,0,50,1
31,12,4,0,1,1,2202,0,38,0
42,13,3,9,1,0,8614,0,45,1
35,14,2,9,5,0,0,0,35,1
39,14,2,3,0,1,15024,0,40,1
40,12,0,0,4,0,0,0,40,0
66,3,3,5,4,0,0,0,40,0
30,5,2,12,0,1,0,0,40,0
43,12,0,2,1,1,0,0,40,0
47,5,4,7,4,0,0,0,50,0
45,14,4,0,1,0,0,0,40,0
31,10,2,6,0,1,0,0,40,0
33,9,2,11,0,1,3103,0,40,1
32,13,4,0,1,1,0,0,40,0
28,12,2,5,0,1,0,0,40,0
50,9,2,0,0,1,0,0,40,1
63,4,0,11,1,0,0,0,40,0
28,13,2,0,0,1,0,0,40,0
38,10,6,0,4,0,0,0,40,0
52,9,0,7,1,0,0,0,38,0
38,15,2,9,0,1,0,0,40,1
41,9,4,3,1,1,2174,0,40,0
50,14,4,9,1,1,0,0,38,0
59,7,2,6,0,1,0,0,40,0
32,9,2,11,0,1,0,0,49,0
73,4,2,10,0,1,2228,0,10,0
52,9,0,3,4,1,0,0,38,0
57,9,2,3,0,1,0,0,60,0
35,11,2,3,0,1,7298,0,50,1
51,13,2,13,0,1,0,0,56,1
22,7,6,11,3,0,0,0,35,0
49,9,2,11,0,1,0,0,40,1
22,9,4,5,3,1,0,0,40,0
46,9,2,2,0,1,0,1902,40,0
48,9,0,2,4,0,0,0,40,0
43,13,2,0,0,1,0,0,50,1
25,4,2,5,0,1,0,0,40,0
31,4,4,2,1,1,0,0,40,0
19,10,4,11,3,1,0,0,36,0
51,9,2,13,0,1,0,0,84,1
51,13,0,3,4,1,0,0,40,1
22,9,4,9,4,0,99999,0,40,1
37,9,0,0,4,0,0,0,35,0
19,10,4,11,3,0,0,0,30,0
45,9,0,13,4,0,0,0,55,0
21,10,4,7,3,1,0,0,10,0
52,9,6,11,1,0,0,0,40,0
46,10,2,9,0,1,0,0,24,0
42,14,0,9,1,0,0,0,38,0
56,9,4,2,1,1,0,0,40,0
23,9,4,0,1,0,0,0,40,0
58,14,2,11,0,1,0,0,40,0
70,9,2,4,0,1,0,0,30,0
30,10,0,0,4,1,0,0,40,0
45,13,2,0,0,1,0,0,40,0
23,10,4,2,1,1,0,0,44,0
34,10,2,13,0,1,0,1579,40,0
38,13,2,2,5,0,0,0,40,0
24,11,2,2,0,1,0,0,40,0
53,4,4,13,1,1,0,0,40,0
45,9,4,13,1,1,3325,0,40,0
21,10,4,7,3,0,0,0,40,0
34,13,4,9,1,0,0,0,40,0
32,9,2,2,0,1,5178,0,45,1
21,9,2,5,0,1,0,0,40,0
23,5,4,5,3,1,0,0,36,0
28,13,0,2,4,1,0,0,50,0
29,9,4,13,4,1,0,0,45,0
25,13,4,9,3,0,0,0,40,0
44,14,4,9,1,0,0,0,60,0
18,9,4,7,3,0,0,0,8,0
26,9,4,7,3,1,0,0,24,0
47,12,2,0,5,0,0,0,35,1
23,9,0,11,1,1,0,0,40,0
46,10,2,6,0,1,0,0,40,0
61,13,2,3,0,1,5178,0,50,1
25,9,4,2,2,1,0,0,40,0
38,9,2,10,0,1,0,0,54,1
23,10,4,7,1,1,0,0,20,0
36,9,0,0,1,0,0,0,48,0
46,5,0,7,1,1,0,0,25,0
32,13,2,9,0,1,0,0,45,1
40,6,2,13,0,1,0,0,40,0
31,9,4,0,3,1,0,0,40,0
31,10,2,3,0,1,0,0,65,1
32,13,4,0,1,1,0,0,37,0
21,10,4,7,3,1,0,0,10,0
63,10,2,11,0,1,0,0,40,1
44,10,5,3,1,1,0,0,45,1
42,13,2,11,0,1,0,0,60,0
30,10,0,0,1,0,0,0,45,0
24,9,4,7,4,1,0,0,40,0
42,13,2,12,0,1,0,0,40,1
44,9,2,9,5,0,0,0,40,1
27,13,4,3,1,1,0,0,48,0
27,10,4,3,4,1,0,0,40,0
22,9,4,7,1,0,0,0,45,0
68,9,4,11,1,0,0,0,40,0
55,10,2,4,0,1,0,0,99,1
22,9,4,7,3,1,0,0,40,0
25,10,2,3,5,0,0,0,15,0
68,9,2,4,0,1,0,0,45,0
62,10,6,3,1,0,0,0,16,0
26,9,0,7,2,1,0,0,40,0
34,14,2,9,0,1,0,0,55,1
68,10,6,11,1,1,0,0,40,0
42,13,5,3,1,1,0,0,45,1
45,13,2,11,0,1,0,0,55,0
26,7,4,13,1,1,0,0,40,0
25,9,2,6,0,1,0,0,45,0
23,13,4,9,3,1,0,0,50,0
65,4,6,4,4,0,0,0,50,0
31,9,4,13,1,1,0,0,50,0
26,9,4,0,1,0,0,0,40,0
39,10,2,2,0,1,0,0,50,1
44,9,2,6,0,1,0,0,40,1
45,14,0,9,4,0,1506,0,45,0
26,14,4,9,1,0,0,0,50,0
26,6,2,13,0,1,0,0,35,0
36,5,2,13,0,1,0,0,50,0
38,7,2,2,0,1,0,0,45,0
39,9,4,6,4,1,0,0,48,0
52,15,2,3,0,1,0,0,40,0
39,2,2,2,0,1,0,0,45,0
41,10,0,2,1,1,0,0,40,0
42,14,2,3,0,1,0,1902,60,1
47,13,2,11,0,1,0,0,70,0
28,11,2,10,0,1,0,0,46,0
25,13,4,9,3,1,0,0,35,0
35,13,4,0,1,0,0,0,40,0
32,9,5,0,4,0,0,0,40,0
38,14,2,2,0,1,0,0,40,1
44,10,2,12,0,1,0,0,18,1
27,13,4,11,3,0,0,0,40,0
30,13,4,3,1,1,0,0,55,1
30,13,4,11,1,1,0,1741,48,0
45,9,2,5,0,1,0,1628,45,0
20,9,4,2,3,1,0,0,40,0
57,14,4,9,1,1,0,0,80,0
43,10,0,0,1,1,0,0,48,0
28,4,2,6,2,0,0,0,48,0
25,9,2,12,2,0,0,0,48,1
25,9,2,11,0,1,0,0,40,0
90,13,2,3,0,1,0,0,45,0
38,13,5,9,4,1,0,0,40,0
35,13,3,3,4,0,0,0,40,0
50,13,2,3,0,1,0,0,40,1
26,9,4,0,1,0,0,0,40,0
39,10,2,4,0,1,0,0,45,0
56,6,2,11,0,1,0,0,40,0
24,9,0,10,4,0,0,0,40,0
46,9,2,0,5,0,7688,0,40,1
18,7,4,0,2,0,0,0,25,0
37,14,2,3,0,1,0,2415,60,1
57,14,0,9,1,0,0,0,40,0
43,9,4,0,4,0,0,0,40,0
29,13,2,9,0,1,0,0,25,0
40,14,2,3,0,1,0,0,40,1
44,13,2,3,0,1,0,0,40,0
77,9,2,3,0,1,0,0,6,0
30,13,4,9,1,1,0,0,40,0
21,9,2,6,0,1,0,0,40,0
66,6,2,10,0,1,0,0,40,0
40,7,4,13,3,1,0,0,35,0
68,9,2,11,0,1,0,0,40,0
64,9,6,7,1,0,0,0,38,0
26,13,4,9,1,0,0,0,50,0
32,10,2,3,0,1,0,0,40,1
32,9,4,0,3,1,0,0,38,0
51,14,2,9,0,1,0,0,40,1
50,14,2,9,0,1,15024,0,45,1
49,13,2,11,0,1,0,0,50,1
28,13,4,13,4,1,0,0,20,0
29,9,0,7,4,0,0,0,36,0
21,10,4,11,3,1,0,0,30,0
28,9,4,0,4,0,0,0,40,0
55,6,2,2,0,1,0,0,40,0
45,9,2,11,0,1,0,0,50,1
35,10,4,11,1,1,0,0,40,0
26,14,4,9,1,1,8614,0,40,1
30,9,2,7,0,1,0,0,55,0
33,9,2,11,0,1,0,0,20,0
40,13,3,9,1,1,13550,0,40,1
23,13,4,3,1,1,0,0,40,0
35,10,4,11,1,0,0,0,40,0
48,7,2,4,0,1,0,0,50,1
39,6,0,5,3,1,0,0,40,0
53,15,0,9,1,0,0,0,50,0
49,9,2,0,0,1,0,0,40,1
31,13,4,3,1,0,0,0,40,0
36,9,2,2,0,1,3103,0,40,1
60,10,2,3,0,1,7688,0,50,1
29,9,4,6,1,1,0,0,48,0
54,10,2,11,0,1,0,0,45,1
34,9,2,2,0,1,0,0,50,0
30,10,4,11,1,0,0,0,35,0
26,9,4,5,1,1,0,0,40,0
47,10,4,11,1,1,0,0,70,1
50,9,0,3,4,1,0,0,38,0
30,13,4,3,4,0,0,0,45,1
44,10,0,6,1,1,0,0,50,0
49,9,2,11,0,1,0,0,60,1
75,14,3,9,1,0,0,0,50,0
37,13,2,11,0,1,0,0,55,1
51,9,0,2,4,1,0,0,38,0
35,9,4,2,4,1,0,0,35,0
28,10,4,11,2,0,0,0,40,0
66,9,2,4,0,1,1409,0,40,0
72,5,2,3,5,0,0,0,48,1
39,13,5,11,1,1,0,0,50,0
27,9,4,4,3,1,0,0,30,0
57,10,4,0,2,0,0,0,40,0
24,4,2,2,0,1,2635,0,38,0
28,9,4,2,3,1,0,0,70,0
23,10,3,7,1,0,0,0,50,0
31,13,4,3,1,0,0,1408,40,0
23,10,4,7,3,0,0,0,20,0
31,10,4,7,1,0,0,0,40,0
27,13,4,9,1,0,0,0,40,0
30,13,2,9,0,1,0,1740,45,0
34,14,4,9,1,1,4865,0,60,0
57,9,4,0,1,1,0,2258,40,0
39,14,2,3,0,1,0,0,40,1
23,7,4,2,3,1,0,0,40,0
24,12,2,7,5,0,0,0,40,0
36,16,4,9,1,1,0,0,40,0
32,10,0,7,2,1,0,0,40,0
35,12,0,7,3,0,0,0,40,0
36,13,2,3,0,1,0,0,40,0
47,11,2,6,0,1,0,0,40,1
35,9,4,5,1,1,0,0,40,0
44,10,2,12,0,1,0,0,40,0
32,14,2,9,0,1,0,0,50,0
32,12,2,3,5,0,0,1485,40,1
63,10,2,9,5,0,20051,0,10,1
34,11,2,2,0,1,0,0,40,0
47,9,2,2,0,1,0,0,40,0
27,7,2,11,3,1,0,0,35,0
23,9,5,3,4,0,0,0,42,0
50,6,2,2,0,1,0,0,38,0
49,10,2,9,0,1,0,0,40,0
36,10,2,3,0,1,0,0,40,1
23,13,4,3,4,1,0,0,40,0
61,4,6,7,4,0,0,0,38,0
41,10,2,4,0,1,0,0,16,0
27,13,2,3,0,1,0,0,60,1
53,13,0,3,1,1,0,0,70,0
17,6,4,0,3,1,0,0,10,0
53,10,4,2,1,1,0,0,40,0
28,9,2,2,0,1,0,1848,42,1
24,13,3,9,3,0,0,0,40,0
22,10,4,0,1,0,0,0,20,0
53,13,2,11,0,1,0,0,50,1
18,7,4,7,2,1,0,0,20,0
24,10,4,11,4,1,0,0,50,0
20,9,4,11,1,0,0,0,40,0
30,4,2,13,0,1,0,0,40,0
37,11,4,9,1,1,8614,0,40,1
34,9,2,13,0,1,0,0,40,0
19,9,4,5,3,1,0,0,30,0
20,8,4,0,3,0,0,0,40,0
47,9,0,7,1,0,0,0,40,0
22,13,4,9,3,0,0,0,40,0
42,14,2,3,0,1,0,1977,40,1
60,10,0,0,1,0,0,0,40,0
32,9,4,8,4,0,0,0,40,0
46,9,2,3,0,1,0,0,40,1
66,9,6,0,1,0,0,0,40,0
37,13,2,7,5,0,0,0,30,1
34,10,0,3,3,1,0,0,44,0
45,13,4,9,1,1,0,0,46,0
35,7,2,4,0,1,0,0,40,0
51,10,2,3,0,1,0,0,40,1
36,10,2,10,0,1,0,0,40,1
25,9,4,0,3,1,0,0,40,0
51,9,0,7,4,0,0,0,38,0
25,10,4,6,3,1,0,0,40,0
19,9,4,4,3,1,0,0,45,0
47,10,2,3,0,1,0,0,45,0
59,9,5,10,4,0,0,0,40,0
34,13,2,3,0,1,0,0,40,1
40,10,5,3,4,0,0,0,60,0
42,9,0,6,1,1,0,0,45,0
37,14,2,3,0,1,0,0,60,1
51,12,2,11,0,1,0,0,38,1
25,9,4,0,3,1,0,0,36,0
31,9,2,0,5,0,0,0,40,1
37,9,2,7,0,1,0,0,44,1
42,12,2,11,0,1,0,0,45,1
35,10,0,11,1,1,0,0,50,0
51,13,2,11,0,1,0,0,47,1
49,10,2,2,0,1,0,1485,40,1
26,13,4,9,1,1,0,0,16,0
56,9,0,0,1,0,0,0,46,0
52,10,2,9,0,1,0,0,45,1
47,13,0,3,1,0,0,0,40,1
52,11,2,2,0,1,0,0,40,0
30,9,0,2,4,0,0,0,40,0
43,10,2,11,0,1,99999,0,55,1
42,9,2,2,0,1,0,1887,40,1
26,10,3,2,2,0,0,0,35,0
58,9,2,4,0,1,0,0,40,0
66,10,2,11,0,1,5556,0,40,1
30,9,2,10,0,1,0,0,60,1
46,10,5,0,4,0,0,0,40,0
45,10,2,0,5,0,0,1902,35,1
57,9,4,11,4,0,0,0,40,0
25,13,4,3,3,1,0,0,40,0
21,10,4,12,3,0,0,0,10,0
37,9,0,2,1,1,0,1669,55,0
45,14,0,9,1,0,0,0,30,0
39,9,4,2,3,1,0,0,40,0
42,9,2,0,5,0,0,0,53,0
20,9,4,6,3,0,0,0,40,0
23,9,4,10,3,1,0,0,16,0
25,13,4,12,3,1,0,0,40,0
47,3,4,8,3,0,0,0,40,0
24,9,4,11,3,1,0,0,45,0
35,9,4,2,1,1,0,0,70,0
44,9,2,7,5,0,0,0,38,1
47,10,2,9,0,1,0,0,50,0
28,7,5,0,4,0,0,0,40,0
41,14,0,9,4,0,0,0,60,0
31,9,4,0,1,0,0,0,40,0
27,14,4,3,1,0,0,0,25,0
47,11,2,2,0,1,5013,0,40,0
44,9,4,11,1,0,0,0,40,0
61,10,4,8,1,0,0,0,40,0
42,10,0,0,2,0,0,0,40,0
46,9,4,7,1,0,0,0,28,0
46,13,2,3,0,1,0,0,50,1
54,14,6,9,4,0,0,0,38,0
49,9,6,12,4,1,0,0,40,0
56,10,6,0,4,0,0,0,40,0
52,14,0,9,3,0,0,0,40,0
34,9,2,13,0,1,0,0,40,0
25,9,2,2,0,1,0,0,40,0
18,7,4,9,3,0,0,0,40,0
58,9,2,6,0,1,0,0,40,0
31,13,0,9,1,1,0,0,40,0
29,10,2,2,0,1,0,0,55,0
28,7,4,6,1,1,0,0,40,0
30,10,4,0,1,1,0,0,48,0
44,14,2,9,0,1,0,1887,35,1
75,6,6,8,1,0,0,0,70,0
26,10,2,2,0,1,0,0,40,0
33,13,2,11,0,1,0,0,50,1
57,14,2,11,0,1,15024,0,65,1
47,3,2,11,0,1,0,0,55,1
41,9,2,3,0,1,7298,0,40,1
21,10,4,7,1,0,0,0,37,0
17,7,4,2,3,1,0,0,17,0
22,10,4,7,3,0,0,0,15,0
47,9,2,11,0,1,0,0,40,0
45,13,2,3,0,1,0,0,40,1
32,11,0,11,4,1,0,0,50,0
59,6,5,8,1,0,0,0,30,0
38,9,2,2,0,1,0,0,50,0
33,9,5,10,3,0,0,0,40,0
41,9,2,6,0,1,0,0,40,0
51,5,2,13,0,1,0,0,40,0
42,9,2,11,0,1,0,0,48,0
27,13,2,9,5,0,0,0,40,1
60,10,2,2,0,1,0,0,45,0
64,9,0,0,1,0,0,0,35,0
37,12,2,6,0,1,0,0,40,1
54,13,2,3,0,1,0,0,45,1
36,12,2,3,5,0,0,0,50,1
41,14,0,11,4,1,0,0,5,1
35,4,2,4,0,1,0,0,75,0
63,14,2,11,0,1,0,0,68,1
46,9,0,2,2,1,0,0,40,0
47,14,0,9,1,1,0,0,40,0
24,13,4,6,1,1,0,0,65,0
29,10,4,11,1,1,0,0,30,0
74,10,6,13,1,0,0,0,18,0
50,7,2,13,0,1,0,0,70,1
22,10,4,0,1,0,0,0,40,0
48,8,5,0,3,0,0,0,40,0
30,5,2,5,2,1,0,0,40,0
32,13,2,11,0,1,0,0,40,0
39,9,2,6,0,1,0,0,40,0
49,10,2,2,0,1,0,0,40,1
25,13,4,0,3,0,0,0,40,0
50,13,2,0,5,0,0,0,40,1
44,9,2,13,0,1,0,0,40,0
65,11,2,4,0,1,6767,0,60,0
28,12,2,0,0,1,0,0,60,0
55,13,6,0,4,0,0,0,40,0
49,13,4,9,3,0,0,0,50,0
31,9,5,3,4,0,0,0,12,0
47,9,2,6,5,0,0,0,40,1
45,9,2,13,0,1,0,0,40,1
35,9,4,7,1,0,0,0,40,0
34,13,2,11,0,1,0,0,60,0
49,9,6,10,1,1,0,0,40,0
27,9,4,7,1,0,0,0,42,0
42,9,2,5,0,1,0,0,40,0
64,9,4,7,1,1,1055,0,40,0
33,10,2,11,0,1,0,0,48,1
23,10,4,0,1,0,0,0,40,0
45,14,2,3,0,1,0,0,50,1
34,9,4,6,4,0,0,0,40,0
53,9,0,11,1,0,0,0,37,0
22,6,4,2,1,1,0,0,30,0
57,9,5,7,1,0,0,0,35,0
23,4,4,2,3,1,0,0,40,0
31,7,4,13,4,1,0,0,40,0
23,13,4,12,1,1,0,0,22,0
30,9,5,0,4,0,0,0,40,0
32,13,5,9,1,0,0,0,50,1
42,12,2,0,5,0,0,0,40,1
51,4,2,13,0,1,0,0,40,0
59,13,2,11,0,1,15024,0,40,1
36,13,4,3,3,0,0,0,40,0
45,9,4,11,1,1,0,0,40,0
35,11,2,11,0,1,0,0,50,1
33,4,2,6,0,1,0,0,40,0
43,11,0,9,4,0,0,0,40,0
60,9,2,12,5,0,0,0,40,1
37,13,2,9,0,1,0,0,55,1
35,10,4,12,4,0,0,0,40,0
36,10,2,0,0,1,0,0,52,0
38,15,2,9,0,1,0,1977,50,1
54,4,2,2,0,1,0,0,40,0
51,11,2,5,0,1,0,0,40,1
45,12,2,2,0,1,0,0,45,1
63,10,0,3,4,0,0,0,40,0
51,10,2,2,0,1,0,0,40,1
58,14,0,11,1,1,0,0,18,0
64,9,0,0,1,0,0,0,40,0
20,10,4,5,3,1,0,0,40,0
44,13,2,0,0,1,0,0,40,1
39,13,0,3,4,0,0,0,48,0
45,10,4,0,4,0,0,0,40,0
44,16,2,0,0,1,0,0,55,1
22,10,4,3,1,0,0,0,40,0
63,9,2,3,0,1,0,0,40,1
26,11,5,7,1,1,0,0,40,0
42,13,2,4,0,1,0,0,45,0
20,9,4,7,3,0,0,0,25,0
29,14,2,11,0,1,7298,0,40,1
38,13,4,3,4,1,0,1741,40,0
25,9,4,13,3,1,0,0,40,0
27,13,2,2,2,1,0,0,50,0
46,11,0,0,1,0,0,0,40,0
31,10,0,2,1,1,0,0,60,0
24,11,4,3,3,1,0,0,35,0
43,10,2,11,0,1,0,0,50,1
23,8,4,6,3,1,0,0,21,0
32,9,4,13,4,0,0,0,37,0
44,9,2,2,0,1,0,0,40,0
40,13,2,11,0,1,0,0,40,0
38,9,0,2,4,1,0,0,40,0
23,11,4,6,1,1,0,0,40,0
19,10,4,11,3,0,0,1602,10,0
41,10,2,11,0,1,0,0,40,0
48,9,2,2,0,1,0,0,40,0
23,10,2,6,0,1,0,1902,40,0
47,12,6,7,3,0,0,0,35,0
42,9,2,2,0,1,0,0,40,0
17,6,4,11,2,0,0,0,10,0
29,15,4,9,1,0,0,0,70,0
21,10,4,9,1,0,0,0,20,0
31,9,2,7,0,1,0,0,40,1
27,13,4,9,4,0,0,0,40,0
29,16,4,9,1,1,0,0,40,0
23,13,4,11,1,0,0,0,45,0
41,14,2,9,0,1,0,0,55,1
46,13,2,9,0,1,0,0,35,1
34,10,2,10,2,0,0,0,25,0
42,9,2,2,0,1,0,0,24,0
18,9,4,5,3,0,0,1719,15,0
46,9,0,2,1,1,0,0,37,0
52,10,2,2,0,1,0,0,40,1
56,9,0,2,4,0,0,0,40,0
21,11,4,6,3,1,0,0,40,0
22,9,4,2,2,1,0,0,20,0
31,13,0,0,4,0,0,0,45,0
41,9,2,7,0,1,0,0,60,0
25,10,5,0,4,0,0,0,40,0
43,13,0,3,1,1,0,0,60,0
45,9,5,11,1,0,0,0,40,0
26,10,0,12,1,1,0,0,60,0
90,10,4,7,1,1,0,0,35,0
45,13,2,11,0,1,0,1902,40,1
30,13,2,7,5,0,0,0,40,1
42,10,2,2,0,1,0,0,40,0
20,10,4,5,3,1,0,0,35,0
53,13,2,9,0,1,7688,0,40,1
64,9,6,0,1,0,0,0,38,0
56,4,6,13,1,1,0,0,20,0
42,10,3,9,1,1,0,0,40,1
26,13,2,11,5,0,0,0,40,1
31,12,4,0,3,0,0,0,40,0
40,13,2,0,5,0,0,0,40,0
58,10,6,2,1,1,0,0,40,0
41,13,2,3,0,1,0,0,40,0
58,9,4,11,1,1,0,0,47,0
62,14,2,9,0,1,0,0,60,1
65,13,2,11,0,1,99999,0,60,1
40,10,4,2,1,1,0,0,40,0
45,10,2,10,0,1,0,0,40,1
22,9,4,2,3,1,0,0,55,0
63,14,2,3,0,1,0,0,50,1
39,13,2,3,0,1,0,1887,50,1
37,10,6,2,4,1,0,0,40,0
56,7,2,4,0,1,0,0,50,0
32,10,0,11,1,1,0,0,50,0
53,10,2,3,5,0,0,1887,40,1
32,11,0,9,1,1,0,0,40,0
23,7,2,13,0,1,7688,0,60,1
35,7,5,13,1,1,0,0,90,0
51,10,2,3,0,1,0,1887,65,1
19,10,4,0,3,0,0,0,20,0
41,7,3,6,1,1,0,0,40,0
22,6,4,13,3,1,0,0,25,0
23,9,4,12,3,0,0,0,40,0
36,14,2,3,0,1,0,0,40,1
45,11,2,2,0,1,0,0,40,0
23,9,4,4,1,1,0,0,25,0
21,7,4,7,4,0,0,0,40,0
44,14,2,3,0,1,15024,0,40,1
29,13,2,11,0,1,0,0,40,1
36,11,2,12,0,1,0,0,60,0
18,5,4,5,3,1,594,0,40,0
62,8,2,2,0,1,0,0,40,1
25,10,4,3,1,1,0,0,40,0
34,12,0,3,1,0,0,0,45,0
31,13,4,3,1,0,14344,0,50,1
37,13,2,3,0,1,15024,0,40,1
33,13,2,4,0,1,0,0,40,0
28,12,2,11,0,1,0,0,30,0
47,9,2,7,0,1,0,0,40,1
34,13,2,3,0,1,0,0,70,0
26,15,2,9,0,1,99999,0,60,1
36,10,2,2,0,1,7298,0,44,1
28,9,4,5,3,1,0,0,40,0
22,9,4,13,3,1,0,0,40,0
47,10,5,7,1,0,0,0,35,0
33,11,4,0,1,1,0,0,45,0
34,14,5,9,1,0,4787,0,40,1
25,9,4,2,3,1,0,0,40,0
37,5,2,5,0,1,3781,0,50,0
36,9,2,10,0,1,0,0,40,0
57,10,2,2,0,1,0,0,40,0
55,16,4,9,1,1,0,0,40,0
20,9,0,11,1,0,0,0,40,0
43,9,4,11,1,0,0,0,44,0
54,9,2,6,0,1,0,0,40,1
25,10,5,0,4,0,0,0,40,0
42,10,0,3,1,1,0,1408,40,0
17,7,4,2,3,1,0,0,10,0
63,4,3,7,4,0,0,0,40,0
19,10,4,3,3,0,0,0,30,0
56,13,2,11,0,1,15024,0,50,1
33,13,2,11,0,1,0,0,45,1
37,13,2,4,0,1,0,0,50,0
27,4,2,13,0,1,0,0,45,0
36,13,2,0,0,1,0,0,40,0
30,9,2,3,0,1,0,0,65,1
22,13,4,9,1,1,0,0,55,0
35,10,2,5,0,1,0,1579,40,0
20,9,4,5,1,1,0,0,45,0
18,10,4,11,3,0,0,0,40,0
25,8,4,6,1,1,0,1741,40,0
53,14,4,9,1,0,0,1564,54,1
19,9,4,11,3,0,0,0,35,0
34,9,0,6,1,1,0,0,30,0
32,10,4,0,1,0,0,0,40,0
20,10,4,6,3,1,0,0,40,0
70,4,2,7,0,1,0,0,25,0
57,13,2,3,0,1,0,0,40,1
54,10,2,11,0,1,3137,0,50,0
34,11,2,6,0,1,0,0,40,0
48,10,2,3,0,1,0,0,40,1
42,7,2,7,5,0,0,0,40,0
45,9,4,0,1,1,3325,0,40,0
27,10,4,7,3,1,0,0,40,0
51,6,2,7,0,1,0,0,40,0
36,10,0,0,4,0,0,0,65,0
33,10,4,3,3,1,0,0,40,0
50,10,4,4,1,1,0,0,40,0
44,13,0,3,4,1,0,2547,50,1
39,14,2,9,0,1,0,0,40,1
55,5,2,4,0,1,0,0,25,0
24,10,4,0,3,0,0,0,40,0
35,9,4,11,1,1,0,0,40,0
32,8,2,2,0,1,0,0,40,0
68,9,6,0,1,0,0,2206,30,0
29,7,2,13,0,1,0,0,60,0
24,13,4,11,1,1,0,0,40,0
61,5,2,6,0,1,0,0,40,0
34,9,2,6,0,1,0,0,44,1
55,15,2,9,0,1,0,2415,35,1
41,9,4,11,3,0,0,0,40,0
36,9,2,4,0,1,0,0,84,0
60,9,2,2,0,1,7298,0,40,1
61,9,2,2,0,1,0,0,52,1
35,15,2,11,0,1,0,0,35,0
42,13,2,3,0,1,0,0,50,1
26,13,4,12,1,1,0,0,40,0
44,10,4,7,4,0,0,0,40,0
31,14,4,0,1,1,0,0,25,0
39,9,4,7,1,1,0,0,40,0
20,10,4,12,3,0,0,0,24,0
32,10,2,2,0,1,0,0,40,0
32,9,2,11,0,1,0,0,40,0
61,5,2,6,0,1,0,0,20,0
54,10,0,0,4,0,0,0,40,0
23,12,4,2,2,1,0,0,40,0
19,9,4,11,3,1,0,0,3,0
31,10,2,9,0,1,0,0,40,0
35,3,2,5,0,1,0,0,40,0
29,9,0,7,1,0,0,0,25,0
29,9,4,10,1,0,0,0,40,0
25,6,5,7,3,0,0,0,25,0
46,13,0,11,1,0,0,0,40,0
35,11,4,7,4,0,0,0,30,0
20,6,4,11,1,1,0,0,40,0
24,9,2,0,5,0,0,0,40,0
48,9,0,0,4,0,0,0,37,0
37,9,0,6,1,0,0,0,40,0
60,9,2,11,0,1,0,0,40,0
39,9,2,2,0,1,0,0,40,0
29,10,5,0,4,0,0,0,38,0
31,11,0,2,3,1,0,0,20,0
38,11,2,2,0,1,4386,0,40,1
26,12,4,2,1,1,0,0,40,0
64,13,2,3,0,1,15024,0,40,1
46,11,0,10,1,1,0,0,40,0
39,9,2,11,0,1,3103,0,44,1
48,9,0,6,1,0,0,0,55,0
46,9,0,11,2,0,0,0,40,0
42,13,0,11,1,1,0,1590,40,0
39,9,2,11,5,0,0,0,54,1
50,14,2,12,0,1,0,0,40,1
24,13,4,9,1,0,0,0,40,0
30,11,2,12,2,0,0,0,40,1
39,13,2,11,0,1,0,2415,60,1
29,9,2,2,0,1,0,0,40,0
23,7,4,13,3,0,0,0,38,0
32,6,5,2,1,1,0,0,40,0
69,13,2,6,0,1,3818,0,30,0
55,9,5,5,4,1,0,0,40,0
41,10,2,11,0,1,0,0,50,0
44,13,2,3,0,1,7688,0,52,1
18,7,4,0,1,1,0,0,40,0
74,13,2,3,0,1,0,0,10,0
40,16,2,9,0,1,0,0,40,1
27,9,2,2,0,1,0,0,40,0
55,9,0,0,1,0,0,0,40,0
52,4,2,2,0,1,0,0,40,0
54,10,0,11,4,0,0,0,48,0
36,9,0,2,4,1,0,0,48,0
26,9,4,5,3,0,0,0,40,0
18,7,4,2,3,1,0,0,20,0
38,9,0,3,1,1,0,0,50,0
50,13,2,13,0,1,7298,0,40,1
32,10,2,3,0,1,0,0,60,1
57,13,2,11,0,1,0,0,40,1
20,9,4,10,3,1,0,0,40,0
27,10,4,0,1,0,0,0,40,0
31,13,3,3,1,1,0,1980,60,0
60,3,0,6,1,0,0,0,40,0
52,9,0,2,4,0,0,0,50,0
61,4,2,13,0,1,0,0,40,0
57,9,6,2,1,1,0,0,55,1
59,15,2,11,0,1,0,0,25,0
34,9,4,2,1,1,0,0,45,1
31,12,2,2,1,1,0,0,50,1
42,9,0,10,1,1,0,0,35,0
70,10,4,0,1,0,0,0,6,0
29,10,2,13,0,1,0,0,45,1
27,7,4,5,2,1,0,0,40,0
25,8,2,7,5,0,0,0,40,0
51,13,2,3,0,1,5178,0,60,1
35,13,2,2,0,1,0,0,40,0
36,10,2,2,0,1,0,0,60,1
46,11,2,2,0,1,0,0,40,0
52,11,5,7,4,0,0,0,35,0
65,4,2,6,0,1,0,0,40,0
43,11,0,6,1,1,0,0,40,0
41,9,0,9,4,0,0,0,40,0
34,13,4,3,2,0,0,1741,45,0
47,13,2,3,0,1,0,0,30,0
49,14,4,3,1,1,0,0,56,1
21,10,4,7,1,0,0,0,25,0
20,10,4,7,1,0,0,0,25,0
18,8,4,10,3,1,0,0,40,0
27,10,4,11,1,1,0,0,40,0
34,9,2,2,0,1,0,0,50,0
38,10,0,0,4,0,0,0,40,0
24,9,4,0,1,1,0,0,40,0
34,10,4,11,1,1,0,0,65,0
47,9,2,6,0,1,0,0,50,1
27,9,5,3,4,0,0,0,40,0
63,11,6,0,4,0,0,0,8,0
34,10,2,0,0,1,0,0,40,1
25,10,3,11,1,1,0,0,50,0
54,9,6,6,4,1,914,0,40,0
35,9,0,11,1,0,0,0,50,0
24,10,2,13,0,1,0,0,70,1
26,10,4,0,3,0,0,0,35,0
59,11,0,0,1,0,0,0,40,0
20,10,4,7,3,0,0,0,40,0
41,9,2,4,0,1,0,0,40,0
51,10,2,11,0,1,0,0,40,0
27,9,4,0,4,0,0,0,40,0
36,9,2,3,0,1,0,0,40,0
25,10,4,4,3,1,0,0,60,0
55,13,2,11,0,1,0,0,50,1
22,10,4,9,1,0,0,0,21,0
58,16,2,9,0,1,4064,0,40,0
43,10,2,0,5,0,4064,0,15,0
39,11,2,0,5,0,0,0,20,1
40,5,4,6,4,0,0,0,40,0
46,9,0,3,1,1,0,0,45,0
54,9,4,0,4,0,0,0,20,0
19,10,4,11,3,1,0,0,30,0
24,9,2,0,0,1,0,0,40,0
24,14,4,9,1,1,0,0,13,0
29,9,4,4,3,1,0,0,65,0
56,10,2,3,0,1,7688,0,50,1
56,7,0,6,1,0,0,0,40,0
34,13,2,9,0,1,7688,0,50,1
19,6,4,11,4,0,0,0,40,0
32,9,2,11,0,1,0,0,65,1
48,9,0,0,4,0,0,0,52,0
47,9,2,13,0,1,0,0,25,0
52,9,2,13,0,1,0,0,60,1
40,2,3,6,4,0,0,0,40,0
28,6,2,2,0,1,0,0,50,0
41,13,2,3,0,1,7298,0,50,1
57,2,0,2,4,1,0,0,40,0
51,9,0,0,1,0,0,0,40,0
33,10,2,3,0,1,0,0,50,1
46,13,2,2,0,1,0,0,45,1
50,9,0,0,2,0,0,0,40,0
77,9,4,6,1,1,401,0,20,0
39,14,4,3,1,1,8614,0,52,1
35,12,0,5,4,0,0,0,24,0
23,6,4,2,3,0,0,0,40,0
37,11,0,9,1,0,8614,0,45,1
41,9,2,13,0,1,0,0,50,1
60,12,2,0,0,1,0,0,35,1
32,13,4,0,1,1,0,0,55,0
56,9,2,13,0,1,0,0,40,0
45,11,0,12,4,0,0,0,40,0
24,9,0,3,1,0,0,0,45,1
18,6,4,5,3,1,0,0,27,0
31,9,2,7,0,1,0,0,40,0
45,13,2,3,0,1,0,1977,55,1
23,10,4,7,1,0,0,0,40,0
45,10,2,3,0,1,0,0,40,0
18,7,4,11,2,0,0,0,25,0
25,9,2,13,0,1,0,0,30,0
31,9,2,11,0,1,0,0,40,0
19,9,4,6,2,1,0,0,45,0
41,13,2,3,0,1,0,0,40,1
74,15,6,0,1,0,0,0,20,0
27,3,4,13,1,1,0,0,40,0
23,9,4,0,1,0,0,0,40,0
31,11,2,11,0,1,0,0,40,1
40,9,2,5,0,1,0,0,40,0
41,9,2,13,0,1,0,0,40,1
25,14,4,11,1,1,0,0,20,0
42,9,2,2,0,1,0,0,60,0
24,13,4,2,1,0,0,0,40,0
42,12,2,2,0,1,0,0,50,1
45,6,2,2,0,1,0,0,70,0
52,9,2,3,0,1,7298,0,40,1
34,11,0,2,1,1,0,0,40,0
32,9,4,5,2,1,0,0,60,0
54,9,2,2,0,1,0,0,45,0
42,7,4,12,1,1,0,1340,40,0
32,13,2,12,0,1,15024,0,40,1
55,13,2,11,0,1,0,0,60,1
52,14,2,9,0,1,0,0,40,0
21,10,4,0,1,0,0,0,15,0
33,13,2,3,5,0,0,0,40,1
27,7,2,2,0,1,0,0,40,0
42,13,0,9,1,0,0,0,50,0
27,10,4,0,3,0,0,0,45,0
47,11,2,2,0,1,7688,0,40,1
19,9,4,7,1,0,0,0,40,0
46,10,2,2,0,1,0,0,40,0
55,9,6,7,1,0,0,0,25,0
50,4,2,11,0,1,0,0,49,0
32,10,4,0,1,0,4101,0,50,0
28,9,2,0,5,0,0,0,40,0
23,9,4,0,3,0,0,0,40,0
43,14,3,3,1,1,0,0,50,0
34,13,2,9,0,1,0,0,40,1
19,10,4,0,1,1,0,0,40,0
37,10,2,3,0,1,0,0,55,0
27,13,4,0,2,0,0,0,40,0
18,9,4,11,3,0,0,0,24,0
31,10,6,0,4,0,0,0,40,0
49,9,2,13,0,1,0,0,50,0
26,15,2,9,0,1,0,0,60,0
48,9,2,2,0,1,0,0,45,1
39,9,2,2,0,1,0,0,40,0
41,9,5,6,4,0,0,0,40,0
48,11,0,9,4,0,0,0,56,1
40,13,0,3,1,0,10520,0,40,1
70,13,2,11,0,1,0,0,70,1
20,9,4,5,3,1,0,0,43,0
38,3,2,7,0,1,0,0,75,0
37,10,5,7,3,0,0,0,40,0
49,10,6,3,1,0,0,0,40,1
51,9,2,5,0,1,3103,0,40,1
43,2,4,11,3,1,0,0,40,0
38,15,4,9,1,1,0,0,50,0
23,4,4,7,1,1,0,0,25,0
34,9,2,2,0,1,0,0,40,0
33,10,4,0,4,1,0,0,40,0
31,10,4,4,1,0,0,0,45,0
64,10,6,12,4,0,0,0,40,0
26,13,2,9,0,1,0,0,28,0
55,10,2,9,0,1,0,0,40,0
61,13,3,9,1,1,0,0,40,0
37,9,2,12,0,1,0,0,40,1
78,13,2,3,0,1,0,0,15,0
27,10,4,0,4,0,0,0,40,0
49,9,0,9,1,1,0,0,42,0
55,14,2,9,0,1,7688,0,45,1
42,13,2,13,0,1,0,0,58,0
61,5,2,2,0,1,0,0,40,0
64,13,2,0,0,1,0,0,5,0
46,9,2,7,0,1,0,0,40,0
24,13,4,3,1,1,0,0,40,0
27,10,2,2,0,1,2829,0,70,0
47,9,2,13,0,1,7688,0,55,1
18,10,0,7,3,1,0,0,15,0
48,9,2,11,0,1,0,0,50,0
50,9,0,4,1,1,0,0,40,0
40,14,0,9,1,0,0,0,45,0
56,6,0,11,3,1,0,0,40,0
34,9,4,0,1,0,4865,0,40,0
56,13,2,11,0,1,0,0,40,0
18,7,4,7,3,1,0,0,20,0
21,10,4,7,3,0,0,0,25,0
40,9,0,12,4,0,0,0,40,0
27,9,2,5,2,1,0,0,50,0
52,15,2,9,0,1,99999,0,45,1
46,9,0,11,1,0,0,0,30,0
23,9,4,0,3,0,0,0,40,0
50,10,2,12,0,1,0,0,45,1
19,10,4,6,2,1,0,0,50,0
20,9,4,7,1,1,0,0,40,0
39,10,0,3,1,0,8614,0,40,1
24,7,4,2,3,1,0,0,35,0
72,11,6,0,1,0,0,0,40,0
42,14,2,9,5,0,0,0,20,1
51,13,0,3,1,1,0,0,50,0
39,9,2,11,0,1,0,0,50,1
40,10,4,0,4,0,2977,0,35,0
34,10,2,11,0,1,0,0,55,1
19,7,4,5,3,1,0,0,40,0
26,9,4,3,3,0,0,0,40,0
45,13,0,9,4,0,4934,0,50,1
28,14,4,9,1,0,0,0,40,1
30,13,4,9,1,1,0,0,40,1
32,9,4,0,1,0,0,0,40,0
19,10,4,7,3,0,0,0,25,0
21,9,4,7,3,1,0,0,35,0
54,9,2,8,2,0,0,0,20,0
62,15,2,9,0,1,0,0,30,1
25,10,4,7,1,1,2597,0,48,0
49,10,0,3,4,0,0,0,32,0
32,9,2,2,0,1,0,0,40,1
37,9,2,10,0,1,0,0,40,1
58,9,0,11,2,0,0,0,40,0
37,10,2,0,5,0,7298,0,45,1
41,9,4,3,1,0,0,0,40,0
38,13,2,3,0,1,7688,0,40,1
47,9,2,7,0,1,0,0,40,0
42,9,0,7,4,1,0,0,35,0
30,9,2,0,0,1,0,1902,40,0
43,10,2,11,0,1,7688,0,40,1
34,9,2,6,0,1,0,0,40,0
57,10,0,3,2,0,594,0,10,0
46,7,2,6,0,1,0,0,40,0
32,10,2,13,0,1,0,0,55,0
20,5,4,6,3,0,0,0,11,0
47,11,0,11,1,1,0,0,50,0
53,4,2,3,0,1,4386,0,50,1
43,13,2,11,0,1,0,0,65,1
80,4,2,4,0,1,0,0,30,0
24,10,4,7,3,0,0,0,40,0
43,14,2,3,0,1,0,1977,60,1
22,9,4,5,3,1,0,0,40,0
40,10,5,3,1,1,0,0,40,0
48,9,2,3,0,1,0,0,50,1
51,9,2,2,0,1,0,0,45,1
24,9,4,0,1,0,0,0,40,0
19,9,4,7,3,0,0,0,40,0
34,10,0,0,4,0,0,0,30,0
24,9,4,2,3,1,0,0,40,0
41,13,2,13,0,1,0,0,48,1
24,9,0,11,1,0,0,0,38,0
22,10,4,10,3,1,0,0,40,0
32,10,0,0,4,0,0,0,40,0
41,13,0,3,1,0,0,0,55,0
20,10,4,7,3,1,0,0,35,0
31,9,4,7,1,1,0,0,40,0
55,13,2,12,0,1,0,0,18,1
26,13,4,11,3,1,0,0,40,0
27,9,0,13,1,1,0,0,70,0
35,9,5,0,1,0,0,0,40,0
40,9,0,7,1,1,0,0,60,0
59,10,2,9,0,1,0,0,34,0
61,10,2,11,0,1,0,0,45,1
31,9,4,11,3,0,0,0,40,0
43,14,0,10,1,1,0,0,60,1
61,3,4,5,1,1,0,2339,40,0
54,12,6,0,4,0,0,0,30,0
30,10,2,11,0,1,0,0,50,0
20,10,4,11,1,0,0,0,50,0
27,14,4,9,1,0,0,0,50,0
44,10,0,6,1,1,0,0,60,0
64,10,6,0,1,0,0,0,40,0
55,9,0,0,1,0,0,0,40,0
34,9,0,2,1,1,6849,0,55,0
61,9,6,11,1,0,0,0,35,0
34,9,0,6,4,0,0,0,40,0
47,15,2,9,0,1,0,1977,60,1
26,13,4,0,1,1,0,0,45,0
35,7,4,7,4,1,0,0,40,0
36,13,2,9,0,1,0,0,38,0
47,13,2,9,0,1,0,0,40,1
17,7,4,7,3,0,0,0,25,0
35,10,2,9,0,1,0,0,60,0
33,14,4,9,3,1,0,0,20,0
25,12,2,0,5,0,0,0,40,0
18,6,4,11,3,1,0,0,10,0
47,14,5,9,1,1,0,0,38,0
44,9,6,7,4,0,0,0,30,0
41,9,0,7,4,0,0,0,30,0
30,13,4,0,1,0,0,0,40,0
53,10,2,4,0,1,0,0,50,0
53,9,6,7,4,0,0,0,20,0
40,9,2,11,5,0,5013,0,20,0
24,10,4,0,1,1,0,2205,24,0
27,13,4,11,3,1,0,0,40,0
50,3,2,13,0,1,0,0,37,0
36,7,2,2,0,1,0,0,50,0
41,2,2,6,0,1,0,0,40,1
41,14,4,9,1,0,0,0,40,0
31,9,4,7,1,0,0,0,40,0
32,13,2,3,0,1,0,0,40,0
22,10,4,6,3,1,0,0,48,0
22,6,0,2,3,1,0,0,40,0
18,8,4,9,3,1,0,0,30,0
39,13,2,9,0,1,0,0,30,0
38,9,2,3,5,0,0,0,55,0
35,9,2,2,0,1,0,0,40,0
23,10,4,6,1,1,0,0,40,0
54,13,2,3,0,1,0,0,40,1
36,14,2,9,0,1,0,0,60,1
63,9,2,3,0,1,0,0,55,0
39,10,2,3,0,1,0,0,48,0
57,10,2,11,0,1,0,0,60,1
58,15,2,9,0,1,0,1977,50,1
29,13,4,0,1,0,0,0,40,0
17,7,4,11,3,0,0,0,20,0
40,9,0,2,1,1,0,0,40,0
69,10,2,7,5,0,0,0,15,0
28,6,0,11,1,0,0,0,40,0
38,5,2,2,0,1,0,0,40,0
44,15,4,9,1,1,14084,0,40,1
45,15,0,9,4,0,0,1726,40,0
33,13,2,0,0,1,0,0,40,0
41,10,2,7,0,1,0,1485,40,1
37,9,2,11,0,1,7688,0,60,1
50,10,2,11,0,1,0,0,45,1
48,13,2,9,0,1,0,0,50,0
36,10,2,3,0,1,0,0,60,1
21,10,4,7,3,0,0,0,37,0
37,12,2,4,0,1,0,0,40,0
20,10,4,9,3,0,0,0,20,0
54,9,2,11,5,0,0,0,30,0
28,9,5,11,2,0,0,0,40,0
27,10,4,9,1,1,0,0,40,0
33,11,4,7,4,0,0,0,40,0
40,15,4,9,1,1,0,2444,45,1
47,14,2,11,0,1,0,0,40,1
44,2,4,6,1,0,0,0,40,0
25,8,4,5,4,1,0,0,43,0
35,13,2,9,0,1,0,0,55,0
29,10,2,11,5,0,0,0,25,0
30,9,0,6,4,1,0,0,40,0
30,10,2,5,0,1,0,0,40,0
56,4,0,7,4,0,0,0,40,0
25,13,4,9,3,1,0,0,30,0
28,9,4,5,3,1,0,0,40,0
43,5,2,2,0,1,0,0,40,0
47,9,2,10,0,1,0,0,60,1
46,13,2,2,0,1,0,0,40,0
41,14,0,9,4,0,0,0,35,0
38,12,2,0,5,0,7688,0,33,1
29,9,4,10,2,1,0,0,40,0
25,3,4,2,1,1,0,0,40,0
56,7,2,2,0,1,0,0,45,0
31,4,2,5,0,1,0,0,40,0
22,7,4,7,2,1,0,0,40,0
31,9,4,5,2,1,0,0,40,0
28,10,5,0,1,0,0,0,40,0
53,13,2,3,0,1,0,0,40,0
45,14,0,3,1,0,0,0,50,1
71,1,6,2,4,1,0,0,10,0
39,9,2,2,0,1,7298,0,50,1
19,9,1,11,5,0,0,0,40,0
34,13,0,9,4,0,0,0,40,0
36,9,2,0,0,1,0,0,45,0
40,9,3,7,3,0,0,0,40,0
90,10,5,0,3,0,0,0,40,0
56,15,2,3,0,1,0,0,16,0
21,9,4,9,1,0,0,0,40,0
48,13,2,3,0,1,0,0,45,1
45,10,5,0,4,0,0,0,27,0
46,9,2,6,0,1,0,0,40,1
64,6,5,7,1,0,0,0,35,0
29,14,4,9,3,1,0,0,40,0
22,9,0,12,4,0,0,0,30,0
47,9,2,13,0,1,0,0,48,1
67,13,2,3,0,1,0,2392,75,1
43,9,2,5,0,1,0,0,40,0
42,10,2,11,0,1,0,0,40,0
31,10,2,7,0,1,0,1672,50,0
53,7,0,7,4,0,0,0,40,0
81,5,6,8,1,0,2062,0,5,0
33,9,0,0,3,0,0,1138,40,0
17,8,4,7,3,0,0,0,8,0
28,9,4,5,3,1,0,0,30,0
24,10,4,11,3,0,0,0,40,0
40,9,5,0,4,0,0,0,45,0
30,14,4,0,1,0,0,0,40,0
24,7,4,6,4,0,0,0,40,0
26,14,2,11,5,0,0,0,40,0
38,10,0,11,4,0,0,0,38,0
30,9,2,12,0,1,0,0,40,1
33,13,2,3,0,1,0,0,50,0
40,9,2,11,0,1,0,0,60,1
63,9,2,4,0,1,0,0,98,0
23,4,4,2,2,1,0,0,36,0
56,9,0,2,4,1,0,0,40,0
42,11,2,3,0,1,0,0,60,0
40,9,4,2,1,1,0,0,40,0
49,12,2,11,5,0,0,1902,40,1
52,9,0,6,3,0,0,0,35,0
28,13,4,0,3,0,0,0,40,0
35,6,2,13,0,1,0,0,70,0
43,9,4,2,1,1,0,0,35,0
29,15,4,9,3,1,0,0,50,1
23,13,4,6,3,1,0,0,25,0
50,10,2,0,0,1,0,1740,48,0
34,10,4,7,3,1,0,0,40,0
19,9,4,7,3,1,0,0,40,0
47,7,2,6,5,0,0,0,40,0
37,10,2,4,0,1,0,0,40,0
25,9,4,11,4,0,0,0,35,0
75,10,2,3,0,1,0,0,35,1
24,9,2,2,0,1,0,0,40,0
28,13,4,12,3,1,0,0,20,0
17,7,4,7,3,0,0,0,16,0
31,9,4,2,3,1,0,0,40,0
31,1,4,7,2,0,0,0,35,0
45,13,2,9,0,1,0,0,55,1
31,9,4,2,3,1,0,0,42,0
27,13,2,9,0,1,0,0,42,1
48,10,6,3,4,0,0,1669,38,0
34,13,2,10,0,1,0,0,30,0
26,9,4,6,4,0,0,0,40,0
53,10,2,9,0,1,0,0,40,0
60,13,2,3,0,1,0,0,35,1
49,14,5,9,4,0,0,0,50,0
40,10,0,3,1,0,0,0,40,0
48,6,2,4,0,1,0,0,80,0
23,13,4,9,1,1,0,0,50,0
42,11,2,9,0,1,0,0,40,1
37,9,4,4,3,1,0,0,85,0
27,9,4,2,3,0,0,0,45,0
38,10,2,3,0,1,0,0,44,1
27,9,4,2,1,1,0,0,35,0
75,9,6,0,1,0,0,0,40,0
49,13,2,11,0,1,0,0,52,1
27,10,4,11,1,1,0,0,20,0
36,13,4,4,1,1,0,0,50,0
36,13,2,9,0,1,3103,0,45,1
35,9,0,5,3,1,0,0,35,0
36,9,2,11,0,1,0,0,40,1
53,7,2,2,0,1,0,0,40,0
27,10,4,0,4,0,0,0,40,0
34,9,0,2,1,1,3325,0,35,0
61,10,2,11,0,1,0,0,44,1
29,9,0,6,4,1,0,0,56,0
40,10,0,0,4,0,0,0,35,0
37,14,4,3,1,1,0,0,40,1
22,5,4,5,2,1,0,0,30,0
43,10,2,3,0,1,0,0,40,0
55,9,2,4,0,1,0,0,30,0
28,10,0,0,4,0,0,0,40,0
23,13,4,7,3,0,0,0,30,0
64,7,2,2,0,1,0,0,40,1
46,10,4,5,1,1,0,0,40,0
29,10,4,2,3,1,0,0,40,0
44,14,2,3,0,1,0,0,48,0
20,10,4,9,3,1,0,0,25,0
62,10,0,11,1,1,0,0,40,0
49,11,4,3,4,0,0,0,35,0
29,6,2,4,5,0,0,0,40,0
35,13,2,11,0,1,0,0,60,0
39,7,2,13,0,1,0,0,30,0
39,13,4,3,1,1,0,0,45,0
37,9,0,6,2,0,0,0,32,0
38,9,2,5,0,1,2829,0,30,0
31,4,2,6,0,1,0,0,40,0
55,4,2,2,0,1,0,0,60,0
38,10,5,7,4,0,0,0,40,0
33,10,0,11,1,0,0,0,25,0
25,12,4,0,1,0,0,0,40,0
37,11,0,12,4,0,0,0,52,0
49,10,0,12,2,1,0,0,35,0
26,9,4,2,2,1,0,0,40,0
35,9,2,2,0,1,0,0,43,0
44,9,2,11,5,0,0,0,60,0
37,14,5,3,1,1,0,0,45,1
42,13,2,9,0,1,0,0,45,1
64,16,4,9,1,0,4787,0,40,1
28,9,2,5,0,1,0,0,40,1
35,9,4,3,1,1,4650,0,50,0
40,13,2,0,0,1,0,0,40,0
55,13,2,9,0,1,0,0,40,1
21,9,4,4,3,1,0,0,65,0
49,10,4,3,1,0,0,0,40,0
51,16,2,9,0,1,0,0,40,1
57,15,2,2,0,1,0,1902,40,1
51,13,2,2,0,1,0,0,40,1
24,9,4,11,3,0,0,1762,32,0
45,9,2,2,0,1,0,0,40,0
28,9,2,6,0,1,0,0,45,0
42,15,2,9,0,1,0,2415,60,1
22,10,4,7,1,1,0,0,40,0
28,14,2,3,0,1,0,0,40,0
60,9,6,6,4,0,0,0,40,0
31,9,5,6,4,0,0,2238,40,0
47,10,2,2,0,1,0,0,75,1
30,9,1,0,0,1,0,0,60,0
61,14,2,11,0,1,0,0,60,1
71,13,6,9,4,0,0,0,6,0
42,9,0,0,3,0,0,0,40,0
44,8,2,2,0,1,0,0,55,0
46,10,2,11,0,1,0,0,60,1
50,15,4,3,1,0,0,0,52,1
27,13,4,9,1,1,0,0,9,0
21,10,4,0,2,0,0,0,40,0
25,9,4,5,2,1,0,0,35,0
61,3,0,13,1,1,0,1876,56,0
54,10,0,0,1,1,0,0,30,0
31,13,4,11,1,1,0,0,40,0
53,10,2,4,0,1,0,0,30,0
39,12,2,3,0,1,15024,0,55,1
57,15,2,13,0,1,15024,0,50,1
48,13,0,11,4,0,0,0,44,0
30,10,2,13,0,1,0,0,56,1
35,9,2,5,0,1,0,0,60,0
42,9,2,3,0,1,0,0,50,0
34,9,2,6,0,1,0,0,40,0
59,9,2,11,0,1,0,0,40,1
69,6,2,3,0,1,0,0,20,0
29,10,4,0,3,0,0,0,40,0
40,9,2,13,0,1,0,0,40,0
21,10,4,7,3,1,0,0,15,0
40,12,0,9,1,0,0,0,40,0
43,10,2,2,0,1,0,0,40,0
36,9,0,5,1,1,0,0,40,0
41,9,3,9,1,1,0,0,40,1
20,10,4,13,3,1,0,0,30,0
41,13,6,0,1,0,0,0,40,0
34,10,0,3,1,1,0,0,50,0
48,7,0,7,4,0,0,0,40,0
27,9,4,3,3,0,0,0,40,0
35,10,2,3,0,1,15024,0,60,1
27,9,4,2,3,1,0,0,40,0
20,10,4,11,3,1,0,0,40,0
18,10,4,11,3,0,0,0,15,0
32,13,2,11,0,1,0,0,40,0
38,14,2,3,0,1,0,0,60,1
23,10,4,7,3,1,0,0,40,0
28,13,2,3,0,1,0,0,45,1
40,15,2,9,0,1,0,0,38,1
35,9,0,6,4,0,0,0,40,0
74,10,6,3,4,1,0,0,40,0
28,9,4,2,3,1,0,0,40,0
23,10,4,5,3,1,0,0,30,0
20,10,4,4,3,1,0,2258,10,0
44,9,0,6,4,0,0,0,56,0
46,9,0,0,4,0,0,0,25,0
51,13,2,11,0,1,15024,0,50,1
40,10,5,0,1,0,0,0,40,0
48,15,2,12,0,1,0,1977,40,1
60,5,2,4,0,1,0,1672,84,0
48,13,2,3,0,1,0,0,40,1
46,13,2,9,5,0,0,0,70,0
48,13,2,3,0,1,0,0,40,1
24,13,4,9,1,0,0,0,40,0
45,10,0,9,4,0,0,0,40,0
18,8,4,11,3,0,0,0,35,0
39,9,2,6,0,1,0,0,40,0
65,9,2,4,0,1,0,2352,65,0
22,10,0,6,3,0,0,0,40,0
20,10,4,7,3,0,0,0,20,0
28,10,2,11,0,1,0,0,40,0
46,15,2,9,0,1,99999,0,50,1
42,13,2,3,0,1,0,1977,48,1
28,10,2,3,3,1,7688,0,50,1
18,10,4,11,3,0,0,0,20,0
24,13,4,9,1,1,0,0,40,0
45,16,2,9,0,1,0,0,56,1
24,9,4,0,3,1,0,0,40,0
44,13,2,3,0,1,15024,0,50,1
20,10,4,7,3,1,0,0,30,0
35,10,2,12,0,1,2829,0,55,0
52,13,2,11,0,1,0,0,60,0
25,12,4,4,1,1,2354,0,45,0
19,3,4,4,1,1,0,0,36,0
54,10,0,0,4,0,0,0,40,0
21,10,4,2,3,1,0,0,40,0
26,9,2,0,5,0,0,0,40,1
42,11,0,0,4,0,0,0,40,0
19,10,4,0,3,0,0,0,40,0
55,14,2,3,0,1,0,1977,50,1
44,9,2,0,0,1,0,0,40,0
25,13,4,3,3,1,0,0,55,0
26,10,2,6,0,1,0,0,40,0
64,12,5,9,1,0,0,0,40,1
41,7,0,7,4,0,0,0,40,0
43,10,2,13,0,1,0,0,40,0
45,9,4,2,3,1,10520,0,48,1
48,13,2,9,0,1,0,0,44,1
60,9,2,13,0,1,0,0,40,0
45,10,4,4,1,1,0,0,50,0
51,6,2,11,0,1,0,1977,40,1
37,9,0,0,4,0,0,0,40,0
22,10,4,0,3,1,0,0,30,0
44,9,2,2,0,1,0,0,65,1
27,9,2,2,0,1,0,0,50,0
47,9,2,2,0,1,0,0,40,0
32,14,2,3,0,1,0,1977,40,1
40,13,2,3,0,1,0,0,50,1
41,9,2,11,0,1,0,0,40,0
26,13,4,9,1,0,0,0,40,0
47,10,2,3,0,1,0,0,40,0
55,9,2,3,0,1,0,0,45,0
38,9,2,5,0,1,0,0,40,0
24,13,4,9,1,1,0,0,15,0
64,16,2,3,0,1,0,0,25,1
56,13,2,9,0,1,0,0,40,1
41,9,2,11,0,1,0,0,49,1
33,9,2,11,0,1,7298,0,45,1
33,15,4,9,3,1,0,0,42,1
21,10,2,7,0,1,0,0,40,0
59,9,6,2,1,1,0,0,40,0
58,11,2,3,0,1,0,0,40,1
43,14,0,9,4,1,0,0,40,0
21,9,4,2,3,1,0,0,40,0
45,9,4,6,1,1,0,0,40,0
53,9,2,3,5,0,0,0,50,1
27,6,2,3,5,0,0,0,40,0
38,14,2,9,0,1,0,0,35,1
31,13,2,3,0,1,0,0,70,1
41,9,2,13,0,1,0,0,35,0
22,10,4,0,3,0,0,0,40,0
43,14,2,11,0,1,0,0,60,0
41,10,4,9,1,1,0,0,40,0
27,10,2,5,5,0,0,0,35,0
41,10,2,3,0,1,0,0,40,0
36,15,0,9,1,1,99999,0,45,1
49,13,2,0,5,0,0,0,40,1
20,9,4,5,3,1,0,0,45,0
58,9,3,7,4,0,0,0,45,0
35,8,4,7,1,0,0,0,40,0
30,9,2,10,0,1,0,0,40,1
21,9,4,2,3,1,0,0,40,0
29,12,4,6,4,1,0,0,45,0
40,9,6,11,1,0,0,0,40,0
54,13,4,9,4,0,0,0,40,1
35,13,2,11,0,1,0,0,60,1
35,13,2,11,0,1,0,0,50,0
59,9,5,11,4,0,0,0,40,0
43,10,2,6,0,1,0,0,50,0
39,6,2,2,0,1,0,0,60,1
51,4,5,6,1,0,0,0,30,0
71,10,4,7,1,0,2964,0,60,0
33,8,0,6,4,0,0,0,40,0
28,9,0,7,3,1,0,0,35,0
30,9,3,11,4,1,0,0,40,0
20,3,3,4,2,1,0,0,40,0
51,9,2,11,0,1,0,0,50,0
39,9,2,6,5,0,0,0,40,1
62,10,2,11,0,1,0,0,40,1
28,5,4,6,1,1,0,0,50,0
23,9,4,11,3,1,0,0,48,0
39,13,2,11,5,0,0,0,30,0
50,13,6,11,4,1,0,0,65,1
31,4,4,2,4,1,0,0,40,0
45,13,2,3,0,1,0,1977,50,1
47,6,6,6,1,1,0,0,40,0
59,9,6,9,1,0,0,0,18,0
32,12,2,5,0,1,0,0,40,0
49,13,2,11,0,1,0,2415,55,1
74,9,6,7,1,1,0,0,17,0
22,10,4,0,3,1,0,0,35,0
32,10,2,2,0,1,0,0,55,0
34,13,2,4,0,1,0,0,50,1
59,13,2,2,0,1,0,0,60,1
36,13,2,11,0,1,0,0,50,1
59,7,0,0,4,0,0,0,40,0
47,13,0,3,1,1,0,0,70,1
53,9,2,7,0,1,0,2002,45,0
25,10,4,2,4,1,0,0,35,0
44,13,0,0,1,1,0,0,65,0
57,15,2,11,5,0,15024,0,35,1
42,13,2,4,0,1,0,1902,80,1
58,6,2,13,0,1,0,0,40,0
39,13,2,11,0,1,3464,0,40,0
45,4,0,6,1,1,0,0,48,0
47,13,2,3,5,0,0,0,35,1
52,9,0,6,1,0,0,0,40,0
34,9,4,7,4,0,0,0,35,0
36,4,2,2,0,1,0,0,35,0
41,9,3,2,1,1,0,0,40,0
30,10,4,9,3,1,0,0,40,0
44,13,2,3,0,1,0,0,40,0
34,10,4,7,4,0,0,0,40,0
41,10,5,7,1,1,0,0,40,0
29,9,4,5,1,1,0,0,40,0
25,5,4,6,2,1,0,0,48,0
42,13,5,9,4,1,0,0,40,0
48,10,2,11,0,1,3103,0,40,1
26,11,4,11,1,1,0,0,55,0
46,13,2,11,0,1,0,0,45,0
38,13,2,3,0,1,0,1887,50,1
49,7,2,0,0,1,0,0,40,0
23,10,4,11,3,0,0,0,20,0
46,13,4,9,1,0,0,0,40,1
30,9,4,5,4,1,0,0,55,0
49,9,2,2,0,1,0,0,40,1
31,9,0,2,3,1,0,1669,50,0
19,9,4,5,3,1,0,0,50,0
45,12,0,9,4,0,5455,0,38,0
34,13,2,9,0,1,0,1848,40,1
26,9,4,2,1,1,0,0,40,0
38,9,2,13,0,1,0,0,40,1
31,10,4,0,1,0,0,0,43,0
36,12,5,3,1,1,0,0,50,0
31,13,2,3,0,1,0,0,60,1
30,13,2,12,0,1,0,0,40,0
37,9,2,9,0,1,0,0,40,1
30,13,4,9,1,1,0,0,50,1
73,6,6,7,1,0,0,0,10,0
38,14,2,3,0,1,0,0,40,1
30,6,4,2,1,1,0,0,50,0
33,9,2,2,0,1,0,0,50,1
52,13,2,9,0,1,7688,0,40,1
58,10,0,0,4,0,0,0,46,0
34,14,4,9,1,0,0,0,50,0
35,9,2,2,0,1,0,0,40,0
59,9,2,2,0,1,0,0,40,1
45,13,0,3,4,0,0,0,40,0
27,10,4,13,1,1,0,0,48,0
31,16,4,9,1,1,0,0,50,1
45,10,4,4,2,1,0,0,50,0
40,9,5,7,2,0,0,0,25,0
27,15,2,0,0,1,0,0,40,0
19,9,4,7,3,1,0,0,20,0
29,3,4,7,1,1,0,0,25,0
34,10,2,4,0,1,0,0,72,0
32,12,2,2,0,1,0,0,40,0
49,7,2,2,0,1,0,0,40,0
33,7,0,3,4,0,0,0,40,1
62,13,2,9,0,1,0,0,50,1
39,9,2,3,0,1,0,0,40,0
43,9,0,3,4,0,0,0,40,0
22,10,4,12,1,0,0,0,60,0
24,9,2,13,0,1,0,0,45,0
25,10,4,7,4,0,0,0,40,0
19,10,4,11,1,0,0,0,28,0
31,12,0,0,4,0,0,0,41,0
53,7,0,2,2,0,0,0,40,0
61,9,2,0,0,1,0,0,3,0
47,13,2,7,0,1,0,0,40,0
37,9,0,0,4,0,0,0,45,0
50,13,0,3,1,1,0,0,30,0
27,10,4,11,1,1,0,0,44,0
58,9,0,0,1,0,0,0,40,0
43,9,2,5,0,1,0,0,40,0
39,12,2,0,0,1,0,0,40,0
36,10,4,11,1,0,0,0,35,0
56,13,2,9,0,1,0,0,50,0
26,9,2,4,0,1,0,0,55,0
23,13,4,9,3,0,0,0,38,0
47,7,4,13,1,1,0,0,40,0
68,8,6,11,1,0,0,0,30,0
47,10,4,10,1,1,0,0,40,0
45,10,2,12,0,1,7688,0,40,1
26,10,2,3,0,1,0,0,60,0
20,9,4,6,3,1,0,1590,40,0
46,10,4,0,3,0,0,0,40,0
37,12,2,12,0,1,0,0,50,1
37,10,2,2,0,1,0,0,45,0
43,10,2,13,0,1,0,0,42,0
59,14,6,9,1,0,0,0,40,0
39,9,0,0,4,0,0,0,40,0
32,10,0,4,1,0,0,1590,54,0
63,10,2,9,0,1,0,0,16,0
45,13,2,9,0,1,0,0,60,1
59,13,0,0,4,0,0,0,40,0
26,9,4,12,2,1,0,0,40,0
34,9,0,0,4,0,0,0,40,0
41,9,2,2,0,1,0,0,40,1
26,9,4,5,3,1,0,0,40,0
53,9,0,6,1,0,0,0,40,0
33,9,2,0,5,0,0,0,35,1
46,13,2,3,0,1,0,0,50,1
31,9,6,2,4,0,0,0,40,0
24,9,5,7,1,1,0,0,40,0
57,9,0,0,4,0,0,0,62,0
40,9,5,7,4,0,0,0,47,0
41,11,2,11,0,1,0,2179,84,0
20,10,4,0,3,1,0,0,26,0
45,7,4,6,1,0,0,0,40,0
27,11,5,0,4,0,0,0,40,0
36,3,3,2,2,1,0,0,40,0
30,9,2,2,0,1,0,0,40,0
36,13,2,9,5,0,0,0,40,1
25,9,3,4,1,1,0,0,40,0
31,9,2,0,5,0,0,0,40,0
49,9,2,2,0,1,7688,0,45,1
26,7,4,5,4,1,0,0,20,0
25,13,4,9,1,1,0,0,40,0
29,11,4,0,3,0,0,0,40,0
24,10,4,0,3,0,3325,0,52,0
41,9,2,0,0,1,0,0,40,1
35,14,4,3,1,1,0,0,40,1
57,13,2,11,5,0,0,0,40,1
21,7,4,8,2,0,0,0,40,0
29,6,4,7,3,0,0,0,32,0
36,10,2,3,0,1,0,0,40,0
20,10,4,0,3,0,0,0,25,0
51,13,2,3,0,1,0,0,40,1
39,7,2,6,0,1,0,0,40,0
36,13,2,3,0,1,5013,0,50,0
40,15,2,9,0,1,99999,0,70,1
61,9,2,3,0,1,0,0,50,0
38,15,2,9,0,1,0,0,60,0
21,9,5,7,3,0,0,0,35,0
40,9,0,12,4,0,0,0,40,0
46,6,2,2,0,1,0,0,45,0
21,10,2,2,0,1,0,0,54,0
35,6,2,13,0,1,0,0,50,0
39,13,2,11,0,1,0,0,40,0
38,9,2,2,0,1,0,0,60,0
30,9,5,0,4,0,0,0,40,0
28,5,4,6,4,1,0,0,40,0
32,13,2,3,0,1,0,0,40,1
46,11,2,2,0,1,0,0,40,1
40,11,2,2,0,1,0,0,40,0
47,9,2,6,5,0,15024,0,40,1
44,6,2,13,0,1,0,0,40,0
38,9,2,11,0,1,3464,0,40,0
46,13,2,4,0,1,0,0,40,1
51,16,2,9,0,1,15024,0,60,1
45,16,6,9,4,1,15020,0,40,1
20,10,4,7,3,0,0,0,20,0
44,13,2,9,0,1,0,0,45,0
33,11,2,4,0,1,0,0,45,0
18,9,4,7,3,0,0,0,30,0
61,15,5,9,1,1,0,0,40,1
50,13,4,3,1,0,0,0,40,0
47,9,4,6,3,1,0,0,40,0
34,13,2,3,0,1,0,0,50,1
53,9,2,13,0,1,0,0,60,0
39,10,2,2,0,1,0,0,40,0
58,9,2,2,0,1,0,0,40,1
26,7,4,4,1,1,0,0,50,0
41,3,2,0,0,1,0,0,40,0
47,10,2,3,0,1,0,0,40,0
31,11,2,6,0,1,0,0,40,0
52,10,2,3,0,1,0,0,40,1
29,12,2,11,0,1,0,0,50,1
43,5,5,5,4,0,0,0,50,0
42,14,2,3,0,1,0,0,40,1
35,10,4,6,1,0,0,0,30,0
41,9,2,6,0,1,2885,0,40,0
34,13,2,11,0,1,7298,0,60,1
52,10,2,2,0,1,0,0,40,0
61,10,2,2,0,1,0,0,40,0
39,9,5,3,4,1,0,0,40,0
19,10,4,11,1,0,0,0,25,0
46,13,2,3,0,1,7688,0,40,1
39,10,4,3,1,1,0,0,45,0
22,10,4,7,1,1,0,0,50,0
30,9,5,0,1,0,0,0,40,0
40,11,0,7,1,0,0,0,32,0
43,13,3,9,1,1,3325,0,40,0
37,3,2,4,0,1,0,0,36,0
23,12,4,7,3,1,0,0,20,0
39,12,0,9,1,1,0,0,59,0
54,14,2,11,0,1,0,0,40,0
46,10,2,11,0,1,0,0,60,0
20,10,4,13,3,0,0,0,40,0
50,13,2,12,5,0,0,0,50,1
17,6,4,11,3,0,0,0,15,0
36,9,2,6,0,1,0,0,40,0
37,9,2,11,0,1,0,0,45,0
53,9,0,7,1,0,0,0,38,0
50,9,2,13,0,1,0,0,40,1
38,9,2,2,0,1,0,0,40,0
63,9,2,2,0,1,0,0,32,0
53,9,2,2,0,1,0,0,50,1
23,10,4,9,1,1,0,0,50,0
20,9,4,5,1,1,0,0,43,0
46,10,2,2,0,1,0,0,40,1
28,6,4,7,2,1,0,0,40,0
59,14,0,9,1,1,0,0,50,0
41,13,2,3,0,1,0,0,40,1
33,1,2,4,0,1,0,0,40,0
56,8,2,2,0,1,0,0,40,0
50,9,2,11,0,1,15024,0,55,1
31,13,4,3,1,0,0,0,50,0
41,11,0,11,3,1,0,0,50,0
38,13,2,9,5,0,7688,0,40,1
25,12,4,0,3,0,0,0,40,0
49,13,0,9,4,0,0,0,40,0
39,10,4,6,3,1,0,0,40,0
21,10,4,9,3,0,0,0,25,0
35,13,2,11,0,1,0,0,40,0
38,9,2,2,0,1,0,0,40,1
31,9,0,13,1,1,0,0,55,0
17,7,4,9,3,1,0,0,20,0
31,13,2,0,0,1,7298,0,50,1
25,13,4,9,1,1,0,0,40,0
39,14,2,3,0,1,0,0,55,1
50,4,2,6,0,1,0,0,40,0
38,13,2,9,5,0,0,0,20,1
50,10,2,11,0,1,0,0,60,0
63,6,2,3,0,1,0,0,40,0
31,9,2,13,0,1,0,0,50,0
23,13,4,9,3,0,0,0,40,0
18,10,4,7,3,1,0,0,20,0
43,13,0,9,4,0,0,0,48,0
34,10,2,3,0,1,0,0,50,1
18,7,4,11,3,1,0,0,35,0
46,9,2,6,0,1,4386,0,40,1
35,13,4,11,4,0,0,0,40,1
46,14,4,3,1,0,0,0,38,0
59,11,2,12,0,1,7298,0,40,1
31,4,4,5,1,0,0,0,30,0
27,9,0,11,4,0,0,0,37,0
41,14,2,9,0,1,0,0,40,0
55,13,2,3,0,1,0,0,40,1
44,9,4,6,1,0,0,0,40,0
26,13,4,3,1,0,0,1669,50,0
36,11,2,9,5,0,0,0,40,1
69,5,2,7,0,1,1424,0,35,0
33,10,4,0,4,0,0,0,40,0
30,11,2,9,0,1,0,0,40,0
35,9,2,7,5,0,0,0,16,1
25,13,4,3,1,0,0,0,40,1
18,7,4,7,2,1,0,0,15,0
35,10,2,2,0,1,0,0,60,1
20,9,2,5,0,1,0,0,50,0
26,14,2,9,0,1,5013,0,40,0
46,13,2,12,0,1,0,0,40,0
31,13,4,9,4,0,0,0,36,0
40,15,2,2,0,1,5178,0,40,1
40,9,0,3,4,0,0,625,52,0
31,13,4,3,1,0,0,0,40,0
32,16,2,3,0,1,0,0,40,0
23,10,0,0,3,1,0,0,40,0
25,14,4,10,1,1,0,0,40,0
37,10,2,13,0,1,0,0,50,0
18,10,4,11,3,0,0,0,20,0
55,9,6,11,1,0,0,0,38,0
52,5,0,2,4,0,0,0,40,0
26,9,4,0,3,0,0,0,40,0
37,10,4,12,1,1,0,0,40,1
39,9,0,3,4,0,0,0,45,0
62,13,0,9,1,0,0,0,40,1
47,9,2,2,0,1,0,0,45,1
51,13,2,10,0,1,0,0,40,1
55,9,0,7,4,0,0,0,40,0
30,9,2,2,0,1,0,0,35,0
59,10,2,2,0,1,0,0,36,0
45,6,2,2,0,1,0,0,65,0
52,10,2,3,0,1,15024,0,45,1
21,9,4,5,3,1,0,0,20,0
31,9,2,6,0,1,0,0,55,0
29,10,4,0,3,1,0,0,40,0
24,9,2,5,0,1,0,0,40,0
17,6,4,7,3,1,0,0,24,0
47,9,0,6,1,0,0,0,40,0
46,10,2,11,0,1,0,0,50,1
63,8,2,13,0,1,0,0,40,0
21,10,4,7,3,1,0,0,25,0
18,9,4,7,2,1,0,0,36,0
49,16,2,3,0,1,0,0,50,1
81,9,6,0,1,0,0,0,20,0
36,12,2,3,0,1,0,0,40,1
47,9,2,2,0,1,0,0,40,1
36,14,2,11,0,1,0,0,50,1
39,11,2,4,0,1,0,0,60,0
46,13,4,11,1,0,0,0,35,0
43,10,2,0,5,0,0,1902,40,1
39,13,0,0,4,0,0,0,35,0
29,10,5,11,1,0,0,0,40,0
23,9,4,5,3,0,0,0,16,0
57,6,2,2,0,1,0,0,43,0
38,9,4,11,4,0,0,0,42,0
25,13,4,11,3,0,0,0,40,0
39,10,2,3,0,1,0,0,40,0
24,10,4,11,1,1,0,0,40,0
56,14,2,2,0,1,0,1977,44,1
39,8,0,11,1,0,0,0,40,0
23,11,4,11,4,0,0,0,60,0
67,9,0,3,1,0,3273,0,16,0
41,13,4,0,1,1,0,0,50,0
24,13,4,9,3,0,0,0,50,0
51,13,0,3,1,1,10520,0,40,1
30,9,0,7,1,0,0,0,60,0
47,9,2,4,0,1,15024,0,40,1
56,9,4,6,1,1,0,0,32,0
51,9,0,2,1,1,0,0,38,0
57,10,2,3,0,1,0,0,55,0
34,10,0,7,4,0,0,0,40,0
24,13,4,9,1,1,0,0,40,0
57,9,2,6,0,1,0,0,40,0
38,9,2,6,0,1,0,0,40,1
23,9,4,12,1,0,0,0,40,0
35,4,2,6,0,1,0,0,40,0
58,9,2,2,0,1,0,0,52,0
68,16,2,9,0,1,0,2377,60,1
43,10,2,3,0,1,0,1902,40,1
17,7,4,7,3,0,0,0,20,0
53,16,2,9,0,1,7688,0,50,1
37,16,2,9,0,1,0,0,99,1
63,9,2,2,0,1,0,0,40,1
31,10,3,13,4,1,0,0,50,0
29,9,2,7,0,1,0,0,40,0
43,10,2,10,0,1,0,1887,40,1
27,15,4,9,1,0,0,0,65,1
25,9,4,7,2,1,0,0,32,0
28,9,4,9,1,0,0,0,40,0
54,9,0,11,4,0,0,0,35,0
31,10,4,3,3,0,0,0,32,0
23,10,4,12,1,1,0,0,48,0
19,13,4,9,3,0,0,0,30,0
61,9,2,4,5,0,22040,0,40,0
27,11,2,7,5,0,0,0,36,1
19,10,4,0,3,0,0,0,20,0
25,9,0,0,1,0,0,0,35,0
40,10,2,12,0,1,0,0,48,1
53,7,0,7,1,0,0,0,37,0
32,13,4,9,1,1,0,0,45,0
72,16,2,9,0,1,0,2392,25,1
61,4,2,13,0,1,0,0,40,0
42,9,2,11,0,1,0,0,40,0
17,6,4,7,3,0,1055,0,20,0
73,9,2,13,0,1,0,0,16,0
41,10,5,2,1,1,0,0,40,0
23,10,4,6,3,0,0,0,20,0
23,9,4,9,1,0,0,0,40,0
65,11,2,0,0,1,0,0,15,0
45,9,2,11,5,0,0,0,50,0
52,13,2,12,0,1,7688,0,40,1
24,13,4,0,3,0,0,0,27,0
23,11,2,2,0,1,0,0,40,0
30,10,0,12,3,0,0,0,40,0
26,13,4,3,1,1,0,0,40,0
37,9,0,4,4,1,0,0,56,0
17,9,4,7,3,1,0,0,40,0
31,9,2,11,0,1,0,0,40,0
52,9,5,0,2,0,0,0,40,0
63,13,4,11,1,1,0,0,27,0
27,9,4,8,1,0,0,0,60,0
31,5,2,6,0,1,3137,0,40,0
71,9,6,0,1,0,0,0,35,0
35,13,2,3,0,1,0,0,60,0
44,9,2,0,5,0,0,0,38,0
36,14,2,9,0,1,0,0,40,0
22,13,4,3,2,0,0,0,20,0
32,9,2,9,0,1,0,1485,48,0
30,13,0,9,4,0,0,0,40,0
25,10,4,0,3,0,0,0,40,0
76,4,6,10,1,0,0,0,12,0
41,9,0,2,1,1,0,0,40,0
26,4,2,6,0,1,0,0,40,0
32,10,0,0,4,0,0,0,40,0
22,9,4,2,1,1,0,0,40,0
39,13,2,11,0,1,0,1848,40,1
63,13,4,13,1,1,0,0,40,0
23,12,4,13,4,0,0,0,40,0
61,6,2,6,0,1,0,0,40,0
31,11,2,2,0,1,0,0,40,0
25,5,2,6,0,1,0,0,45,0
33,9,4,7,3,0,1055,0,40,0
39,9,2,11,5,0,0,0,36,0
53,13,2,6,5,0,0,0,40,0
26,13,4,3,1,0,0,0,40,0
21,10,4,7,3,1,0,0,32,0
18,9,4,0,3,1,0,0,40,0
34,13,2,3,0,1,15024,0,60,1
44,14,2,9,0,1,7688,0,40,1
31,9,0,2,3,1,0,0,50,0
44,9,2,13,0,1,0,0,40,1
42,15,2,9,0,1,0,1902,60,1
43,9,2,6,0,1,0,0,44,0
33,13,2,7,0,1,7688,0,38,1
21,10,4,11,3,0,0,0,30,0
30,9,2,5,0,1,0,0,40,1
55,9,2,13,0,1,0,0,60,0
57,10,4,0,1,0,0,0,40,0
37,9,4,4,1,1,0,0,50,0
32,9,2,6,0,1,0,0,40,1
62,13,2,9,0,1,0,0,60,1
31,13,4,11,1,1,0,0,40,1
51,13,2,3,0,1,0,0,50,1
37,14,0,3,4,0,0,213,45,0
45,3,2,13,0,1,0,0,38,0
47,10,2,6,0,1,0,0,40,0
75,7,2,3,0,1,0,0,30,0
43,14,2,9,0,1,0,0,50,0
39,12,2,2,0,1,7688,0,60,1
30,13,2,9,0,1,0,0,40,1
27,3,4,5,2,1,0,0,40,0
44,9,2,6,0,1,0,0,40,0
53,14,0,9,1,0,0,0,35,1
40,13,2,0,0,1,0,0,40,0
18,7,4,11,3,0,0,0,20,0
33,13,2,10,0,1,0,0,40,0
20,9,4,11,3,1,0,0,40,0
38,10,2,3,0,1,0,0,50,0
48,9,0,0,1,0,0,0,35,0
46,9,2,3,0,1,0,0,40,0
51,9,2,2,0,1,0,0,40,0
35,9,4,7,2,0,0,0,30,0
24,4,4,5,2,1,0,0,40,0
30,10,0,5,1,1,0,0,50,0
70,9,2,3,0,1,0,0,30,0
26,9,2,13,0,1,0,0,44,0
34,9,2,2,0,1,0,1672,40,0
46,9,2,2,0,1,0,0,40,1
70,9,2,0,5,0,0,0,5,0
37,10,2,7,0,1,0,0,40,0
36,10,0,11,4,0,0,0,35,0
23,5,4,6,2,0,0,0,40,0
28,9,2,11,0,1,0,1628,40,0
44,10,2,3,0,1,0,0,50,1
58,9,0,6,1,1,3325,0,30,0
53,10,2,3,0,1,0,0,60,1
23,10,2,5,0,1,0,0,40,0
26,9,4,2,1,1,0,0,40,0
34,14,0,9,1,0,0,0,50,0
43,7,2,2,0,1,0,0,40,0
22,10,4,7,2,1,0,0,20,0
41,10,2,2,0,1,7298,0,50,1
36,9,2,0,0,1,0,0,40,0
41,13,2,9,5,0,0,1740,20,0
27,9,4,0,1,1,4416,0,40,0
42,10,2,4,0,1,0,0,60,0
27,11,4,0,3,0,0,0,35,0
41,9,0,10,3,1,0,0,40,0
32,13,2,3,2,0,0,0,40,1
21,10,4,0,3,1,0,0,20,0
44,13,2,3,0,1,0,0,50,1
29,13,4,3,3,1,0,0,40,0
19,10,4,7,3,0,0,0,22,0
21,10,4,0,3,1,0,0,40,0
46,9,2,13,0,1,0,0,40,0
38,13,2,3,0,1,0,0,55,1
43,10,4,0,4,1,0,0,48,1
54,9,2,11,0,1,0,0,50,1
38,14,2,3,0,1,0,1977,60,1
50,9,2,0,5,0,0,0,40,1
30,11,2,9,5,0,0,0,36,1
30,5,2,2,0,1,0,0,40,0
28,9,4,3,4,0,0,0,35,0
26,11,4,0,1,0,0,0,45,0
37,10,2,2,0,1,0,0,43,0
32,9,2,6,0,1,5178,0,50,1
64,14,2,9,5,0,0,0,5,1
18,9,4,11,3,0,0,0,28,0
30,10,2,0,0,1,0,0,30,0
18,7,4,7,2,1,0,0,30,0
27,9,2,2,0,1,0,0,40,0
49,5,2,7,0,1,0,0,40,0
46,9,2,7,0,1,0,0,43,1
37,9,2,0,0,1,0,0,40,0
30,10,0,13,1,1,0,0,40,0
29,9,0,9,1,0,0,0,30,0
25,9,2,4,0,1,0,0,30,0
38,9,5,8,4,0,0,0,30,0
35,10,2,2,0,1,0,0,50,0
56,14,2,0,0,1,0,0,80,1
29,10,0,3,1,0,0,0,40,0
41,9,2,12,0,1,0,0,40,0
47,9,2,6,0,1,0,0,40,0
23,13,4,0,1,0,0,0,40,0
46,13,2,11,0,1,0,0,45,1
28,9,4,10,2,1,0,1876,40,0
39,13,0,0,4,0,0,0,20,0
42,10,2,4,5,0,0,0,50,0
39,9,2,13,0,1,7298,0,48,1
37,13,2,2,0,1,15024,0,55,1
57,15,4,9,1,0,0,0,40,0
22,10,4,7,1,0,0,0,30,0
24,11,4,0,1,1,0,0,30,1
19,10,4,5,3,1,0,0,50,0
55,12,0,11,4,0,0,0,30,0
37,9,2,10,0,1,0,0,40,0
37,10,4,0,4,0,0,0,40,0
28,13,2,7,0,1,0,0,50,0
27,9,4,7,1,0,0,0,40,0
40,13,4,9,4,0,0,0,20,0
51,9,0,8,3,0,0,0,40,0
52,11,2,13,0,1,0,0,56,0
49,10,2,3,0,1,15024,0,50,1
40,10,0,0,1,0,0,0,50,0
80,10,4,9,1,1,0,1816,60,0
63,10,2,10,0,1,0,0,40,0
63,9,0,13,4,1,0,0,45,1
51,10,0,0,4,0,0,0,40,0
23,9,4,0,1,0,0,0,40,0
66,9,6,2,1,1,0,0,20,0
33,9,2,11,0,1,0,0,66,0
49,9,2,2,0,1,0,0,43,0
20,10,4,13,1,1,0,0,32,0
33,12,2,3,0,1,0,1887,60,1
26,10,1,10,0,1,0,0,40,0
52,9,2,3,0,1,0,0,50,1
33,13,2,3,0,1,0,0,50,1
47,13,0,11,1,1,0,0,45,0
23,9,4,3,3,1,0,0,75,0
53,12,2,0,0,1,0,0,40,0
19,10,4,7,3,1,0,0,20,0
26,10,4,2,1,1,3325,0,40,0
53,4,2,13,0,1,0,0,60,1
65,9,4,6,1,1,0,0,10,0
68,13,2,13,0,1,0,0,30,0
30,6,4,11,2,1,0,0,18,0
28,7,2,2,0,1,0,0,45,0
54,6,2,10,0,1,0,0,45,0
30,9,4,7,3,1,0,0,10,0
22,10,4,0,3,1,0,0,50,0
25,9,4,7,3,1,0,0,30,0
19,7,4,7,2,1,0,0,20,0
32,15,2,9,0,1,0,0,40,1
23,13,4,3,3,0,0,0,40,0
51,13,2,9,0,1,0,0,45,0
25,10,2,11,0,1,0,0,44,1
46,13,4,9,1,0,0,0,40,0
38,10,0,12,4,0,0,0,50,0
26,9,2,10,0,1,0,0,40,1
46,9,0,9,1,0,0,0,40,0
25,13,4,9,1,0,0,0,40,0
20,10,4,7,3,0,594,0,16,0
29,14,2,9,2,1,0,0,35,0
51,14,2,3,0,1,0,0,50,1
40,10,2,2,0,1,0,0,52,0
24,10,4,0,1,0,0,0,40,0
24,13,4,4,4,1,0,0,50,0
31,11,2,7,5,0,0,0,24,0
34,12,5,2,1,1,0,0,60,0
19,10,4,4,3,1,0,0,66,0
21,9,4,13,3,1,0,0,40,0
21,6,2,4,0,1,0,0,70,0
23,10,2,13,0,1,0,0,24,0
37,10,4,2,1,1,0,0,40,0
40,14,2,3,0,1,0,0,46,1
57,9,2,7,0,1,0,0,30,0
48,13,2,9,0,1,0,1485,40,1
24,7,2,13,0,1,0,0,40,0
43,10,2,9,0,1,0,0,40,0
40,9,4,7,1,0,0,0,40,0
52,15,2,9,0,1,99999,0,35,1
49,9,0,3,1,1,0,0,40,0
45,10,2,3,0,1,3137,0,40,0
62,9,4,2,1,1,0,0,40,0
29,11,2,0,0,1,0,0,40,0
49,9,5,6,4,0,0,0,40,0
55,10,0,0,4,0,0,0,40,0
37,13,4,3,3,1,0,0,40,0
43,13,2,0,0,1,0,0,40,1
29,10,0,0,1,0,0,0,40,0
44,9,2,11,5,0,0,0,40,1
28,10,5,12,4,1,0,0,40,1
38,10,4,3,1,0,0,0,45,0
45,11,2,11,0,1,0,1977,50,1
19,10,4,7,3,0,0,0,20,0
20,8,4,7,1,1,0,0,40,0
60,9,2,5,0,1,0,0,40,0
30,9,4,11,1,0,0,0,40,0
51,10,0,11,1,0,0,0,60,0
48,9,0,3,4,0,0,0,40,0
43,13,2,11,0,1,0,1887,40,1
51,9,0,13,4,1,0,0,40,0
41,11,2,12,0,1,0,1848,48,1
50,9,2,2,0,1,0,0,40,1
46,9,2,11,5,0,0,0,40,1
54,10,2,13,0,1,15024,0,60,1
68,9,2,5,0,1,0,0,45,1
23,12,4,2,1,1,0,0,30,0
49,14,4,11,1,0,0,0,35,0
24,6,2,5,0,1,0,0,40,0
30,9,2,10,0,1,0,0,40,0
38,9,2,6,0,1,3137,0,45,0
34,9,4,11,1,0,0,0,35,0
22,10,4,3,3,1,0,0,40,0
30,4,5,5,1,1,0,0,40,0
61,4,2,13,0,1,0,0,31,0
36,9,0,3,4,1,0,0,40,0
51,11,2,3,0,1,0,0,40,0
43,3,2,6,5,0,0,0,40,1
54,10,2,10,0,1,0,0,48,1
63,9,6,9,1,0,0,0,25,0
51,10,2,3,0,1,0,0,40,1
63,6,2,6,0,1,0,0,40,0
51,14,2,9,0,1,0,0,60,1
27,9,0,11,3,0,0,0,35,0
35,12,2,12,0,1,0,0,40,1
46,9,5,2,4,1,0,0,40,0
53,11,2,2,0,1,0,0,40,1
26,10,0,0,3,1,0,0,24,0
43,9,4,6,3,1,0,0,40,0
39,9,2,11,0,1,15024,0,50,1
50,9,0,9,1,1,0,1590,40,0
54,9,2,0,0,1,0,0,40,1
57,10,0,9,4,0,0,0,40,0
29,9,4,7,3,1,0,0,20,0
20,9,4,2,2,1,0,0,40,0
53,13,2,3,0,1,0,1902,55,1
23,9,4,7,1,1,0,0,40,0
69,7,2,0,0,1,0,0,20,0
56,4,2,5,0,1,0,2002,40,0
53,13,2,9,0,1,0,0,35,0
28,9,4,0,1,1,0,0,40,0
28,13,2,7,0,1,0,0,40,0
33,9,2,3,0,1,0,0,84,1
48,9,0,11,4,0,0,0,30,0
61,9,2,2,0,1,0,0,40,1
49,13,2,9,0,1,5013,0,45,0
48,10,2,3,0,1,0,0,40,0
32,4,2,2,0,1,0,0,40,0
51,9,2,2,0,1,0,0,40,1
19,10,4,7,3,1,0,0,14,0
47,9,2,9,0,1,0,0,50,0
25,13,4,13,3,1,0,0,60,0
72,10,2,10,0,1,0,0,40,0
29,7,0,2,1,1,0,0,40,0
22,9,4,0,3,0,0,0,40,0
57,9,2,7,0,1,0,0,48,0
50,12,2,0,0,1,0,0,60,0
45,10,2,11,0,1,0,0,30,0
52,10,0,9,1,1,0,0,40,1
53,14,2,3,0,1,0,0,48,1
36,9,2,5,0,1,0,0,48,0
46,9,2,2,0,1,0,0,40,1
20,9,4,11,3,0,0,0,20,0
75,3,6,7,4,1,0,0,10,0
32,9,2,2,0,1,0,0,40,1
28,9,2,2,0,1,0,0,40,0
53,14,0,9,1,0,0,0,40,0
17,7,4,11,3,0,0,0,35,0
46,11,0,0,4,0,0,0,38,0
39,12,5,9,1,0,0,0,30,0
38,10,0,2,4,1,0,0,40,0
36,9,2,6,0,1,0,0,60,0
63,13,4,9,1,0,0,0,21,0
28,2,2,6,0,1,0,0,43,0
49,9,4,0,4,0,0,0,35,0
43,10,2,6,0,1,0,0,40,0
38,13,2,3,0,1,0,0,45,1
39,9,4,12,1,1,0,0,62,0
40,9,2,3,0,1,0,0,40,0
24,13,4,9,1,1,0,1741,45,0
30,10,2,12,0,1,0,0,50,1
44,10,2,13,0,1,0,0,40,0
40,9,2,11,0,1,0,0,24,0
30,9,4,6,2,0,0,0,35,0
42,14,0,9,1,0,0,1876,40,0
52,11,0,9,1,0,0,0,35,0
42,10,2,2,0,1,0,0,40,1
39,10,2,2,0,1,0,0,52,1
43,10,0,9,4,1,0,0,45,0
62,9,2,2,0,1,10566,0,40,0
30,11,2,2,0,1,0,0,40,0
39,13,2,9,0,1,0,0,55,1
41,9,2,13,5,0,0,0,20,0
49,14,2,9,5,0,0,1977,40,1
25,7,2,2,0,1,0,0,40,0
48,7,2,13,0,1,0,2002,40,0
44,13,4,0,1,1,0,0,40,0
36,5,0,5,1,1,4650,0,56,0
40,9,4,5,3,1,0,0,40,0
21,9,4,0,3,0,0,0,35,0
41,10,5,0,1,0,0,0,38,0
24,13,4,3,1,0,0,0,50,0
67,9,2,4,0,1,0,0,60,0
24,13,4,0,3,1,0,0,38,0
50,13,2,11,0,1,0,0,60,0
48,14,0,11,1,1,0,0,35,0
29,9,4,6,1,1,3325,0,40,0
50,13,0,9,4,0,0,0,36,0
64,6,2,3,0,1,0,0,40,1
49,5,0,7,1,1,0,0,37,0
20,9,4,7,3,1,0,0,52,0
30,9,5,0,1,0,0,0,40,0
37,13,2,7,0,1,0,0,30,0
52,9,2,6,0,1,0,0,40,1
22,10,4,10,3,1,0,0,25,0
19,10,4,0,3,1,0,0,15,0
52,9,0,2,2,1,0,0,55,1
42,13,3,12,3,0,0,0,40,0
35,9,5,3,1,0,0,0,36,0
27,10,4,0,4,0,0,0,50,0
54,9,4,7,1,0,0,0,38,0
37,9,2,2,0,1,0,1628,40,0
37,6,2,13,0,1,0,0,35,0
28,4,2,2,0,1,0,0,30,0
63,13,2,11,0,1,0,0,40,0
19,9,4,6,3,1,0,0,42,0
28,13,4,11,3,0,0,0,40,0
44,15,4,9,1,0,0,0,40,1
31,10,2,2,0,1,0,0,40,1
64,9,0,8,1,0,0,0,50,0
40,9,2,5,0,1,0,0,40,1
59,12,0,9,1,0,0,0,50,0
22,10,4,0,3,0,0,0,40,0
40,10,4,11,1,0,0,0,44,0
35,4,2,5,0,1,0,0,40,0
20,10,4,0,3,0,0,0,15,0
35,9,4,10,3,1,0,0,40,0
28,10,2,3,0,1,0,0,48,0
28,9,0,6,3,1,0,0,40,0
25,12,4,11,1,1,0,0,60,0
37,9,0,0,4,0,0,0,40,0
31,11,0,11,3,0,0,0,38,0
41,9,4,0,2,0,0,0,40,0
31,6,2,12,0,1,0,0,40,1
44,9,2,2,0,1,0,0,40,0
20,10,4,3,1,1,0,0,47,0
57,10,2,4,0,1,0,0,50,0
26,9,0,7,1,0,0,0,12,0
44,9,2,3,0,1,5013,0,60,0
29,9,4,10,1,1,0,0,40,0
36,9,2,9,0,1,0,1977,40,1
40,11,2,2,0,1,0,0,40,1
21,12,4,7,1,1,0,0,35,0
21,10,4,2,1,1,0,0,70,0
34,15,5,9,4,1,0,0,48,1
24,13,4,3,3,0,0,0,15,0
28,6,0,7,1,0,0,0,40,0
35,9,5,13,3,1,0,0,50,0
35,9,0,2,1,1,0,0,40,0
38,13,4,3,1,0,0,0,40,0
44,9,0,0,4,0,0,0,40,0
39,13,2,5,5,0,0,0,40,1
57,9,0,7,1,0,0,0,40,0
19,10,4,11,3,0,0,0,40,0
29,11,2,6,0,1,0,0,48,0
23,9,4,6,2,1,0,0,40,0
50,9,6,7,4,0,0,0,40,0
51,10,2,2,0,1,0,0,20,0
28,11,0,2,1,1,0,0,40,0
44,13,2,11,0,1,0,0,60,0
29,13,4,9,1,1,0,0,40,0
31,9,0,13,1,1,0,0,45,0
27,13,2,2,0,1,0,0,45,1
34,13,2,3,0,1,0,0,45,0
50,15,2,9,0,1,7688,0,50,1
27,10,2,5,0,1,0,0,40,1
31,11,4,0,4,0,0,0,40,0
46,12,2,2,0,1,0,0,40,1
39,10,4,0,3,0,0,0,40,0
40,13,2,11,0,1,0,0,55,1
28,7,0,11,3,1,0,0,40,0
18,9,4,11,3,0,0,0,40,0
51,9,0,0,1,0,0,0,40,0
58,9,0,11,1,1,0,0,50,0
66,9,2,11,0,1,0,0,40,0
36,9,2,7,5,0,0,0,20,0
38,7,0,5,1,0,0,0,60,0
25,12,4,3,3,1,0,0,40,0
25,9,4,7,4,0,0,0,22,0
90,7,4,5,3,1,0,0,40,0
41,10,0,0,4,0,0,0,40,0
33,13,0,9,4,0,914,0,40,0
33,9,4,0,1,0,0,0,40,0
35,13,2,3,0,1,0,1887,45,1
39,9,4,2,3,0,0,0,20,0
59,9,2,11,0,1,0,0,60,0
19,10,4,12,3,1,0,1719,16,0
39,9,2,11,0,1,4064,0,38,0
27,9,4,5,3,0,0,0,40,0
52,4,2,2,0,1,0,0,40,0
59,9,0,7,3,0,0,0,24,0
28,10,0,2,4,0,0,0,40,0
37,9,0,7,2,0,0,0,50,0
36,13,2,3,0,1,0,0,50,1
34,13,2,9,0,1,0,0,60,1
23,10,4,0,3,1,0,0,40,0
33,9,0,2,1,1,0,2258,84,0
27,14,4,9,3,1,0,0,52,0
31,14,2,9,0,1,0,0,40,0
21,6,2,6,0,1,0,0,36,0
31,9,2,3,0,1,0,0,54,0
59,9,2,5,0,1,0,0,40,1
40,14,2,9,0,1,0,1902,48,1
19,7,4,5,3,1,0,0,40,0
47,9,2,13,0,1,0,0,50,0
34,13,4,2,4,1,0,0,40,0
57,9,2,7,0,1,0,0,78,0
51,5,2,13,0,1,0,0,40,0
21,10,4,5,1,1,0,0,20,0
30,10,2,11,0,1,0,0,50,0
46,10,0,5,1,1,0,0,45,0
40,13,4,11,1,0,0,0,45,0
52,1,2,7,1,1,0,0,40,0
23,13,4,11,1,1,0,0,50,0
25,9,4,0,1,0,0,0,50,0
43,10,0,13,1,1,0,0,45,0
38,10,0,10,4,0,0,0,40,1
22,11,4,7,1,0,0,0,30,0
33,13,4,0,1,0,1055,0,40,0
34,10,2,9,0,1,5178,0,40,1
65,11,2,13,0,1,0,0,20,0
50,9,4,12,3,1,0,0,15,0
29,13,4,11,1,1,6849,0,48,0
25,9,2,13,0,1,0,0,40,0
54,10,0,0,1,0,0,0,40,0
49,9,2,0,0,1,0,0,40,1
44,10,2,6,0,1,0,0,40,0
24,5,0,7,3,0,0,0,40,0
25,13,4,11,1,1,0,0,38,0
65,9,2,13,0,1,0,0,20,0
56,9,2,3,0,1,0,0,45,0
39,15,2,9,0,1,15024,0,60,1
23,13,4,9,3,0,0,0,40,0
20,10,4,7,1,0,0,0,20,0
24,3,4,2,4,1,0,0,40,0
41,10,2,3,0,1,0,1887,50,1
40,10,2,4,0,1,0,0,50,0
55,9,2,2,0,1,0,0,50,1
38,9,0,0,4,0,0,0,48,0
23,9,4,0,4,0,0,0,40,0
44,13,2,3,0,1,0,0,50,0
45,10,2,2,0,1,0,1887,40,1
20,10,4,0,3,0,0,0,12,0
29,9,4,7,3,1,0,0,40,0
43,9,2,10,0,1,0,0,40,0
30,8,0,6,1,1,0,0,40,0
28,10,4,0,1,0,0,0,38,0
31,9,2,3,0,1,0,0,40,1
52,9,0,2,4,0,0,0,40,0
36,13,2,9,5,0,0,0,50,1
38,9,2,2,0,1,0,0,45,0
63,11,2,4,0,1,0,0,40,0
21,10,4,7,3,1,0,0,35,0
33,9,0,0,1,1,0,0,40,0
46,10,0,9,4,0,1506,0,50,0
47,13,4,11,1,1,3325,0,60,0
33,16,2,9,0,1,0,0,55,1
28,9,0,5,1,1,0,0,40,0
46,9,0,8,4,0,0,0,28,0
25,10,2,11,0,1,0,0,45,0
37,9,2,2,3,1,3137,0,40,0
31,5,2,2,0,1,0,0,60,0
49,9,2,2,0,1,0,0,40,0
22,10,3,12,4,1,0,0,20,0
52,11,2,7,5,0,0,0,20,1
29,12,2,3,5,0,0,0,50,0
18,7,4,7,3,0,0,0,20,0
31,10,2,3,0,1,0,0,35,0
23,10,4,7,1,0,0,0,35,0
54,6,2,11,0,1,0,0,65,0
50,9,0,7,4,0,0,0,49,0
24,13,4,4,3,0,0,0,40,0
49,9,5,7,1,1,0,0,45,0
54,9,2,2,0,1,0,0,40,1
41,13,2,3,0,1,0,1902,60,1
49,9,2,0,0,1,0,0,40,0
36,13,4,9,1,0,0,0,35,0
23,9,4,13,3,1,0,0,40,0
63,10,6,7,1,0,0,0,40,0
67,9,2,11,0,1,0,0,40,1
23,9,4,2,1,1,0,0,40,0
22,13,4,9,3,1,0,0,40,0
66,11,2,0,0,1,0,0,30,0
25,7,2,2,0,1,0,0,50,0
30,10,0,6,4,0,0,0,20,0
35,9,2,13,0,1,2885,0,40,0
67,4,2,3,0,1,0,0,40,0
30,8,4,2,1,1,0,0,40,0
26,10,4,6,1,0,0,0,38,0
34,9,2,6,0,1,0,0,40,0
21,10,4,11,3,1,0,0,40,0
18,8,4,2,3,1,0,0,10,0
21,9,4,2,1,1,0,0,40,0
76,5,2,9,0,1,0,0,40,0
26,9,2,6,5,0,0,0,56,0
18,8,4,7,1,0,0,0,25,0
34,11,2,6,0,1,0,1672,50,0
59,9,0,3,1,0,0,0,40,0
55,13,5,3,1,1,14084,0,45,1
33,10,4,4,1,1,0,0,72,0
25,9,4,7,3,0,0,0,10,0
48,9,6,6,1,0,0,0,10,0
64,13,0,11,1,0,0,0,5,0
47,14,4,9,1,0,0,0,45,1
26,10,4,12,3,0,0,0,40,0
36,12,2,9,0,1,0,0,48,1
21,9,2,4,0,1,0,0,40,0
30,9,4,6,3,1,0,0,44,0
41,9,0,2,1,1,0,0,40,0
34,10,4,11,2,1,0,0,30,0
24,6,4,11,1,1,0,0,49,0
26,13,4,9,1,0,0,0,20,0
25,9,4,0,1,0,0,0,48,0
35,10,0,11,4,0,0,0,36,0
41,10,0,2,1,1,0,0,40,1
33,7,4,2,3,1,0,0,40,0
18,10,4,7,3,0,0,0,25,0
27,9,5,0,1,1,0,0,38,0
32,9,0,7,4,0,0,0,35,0
51,9,4,7,1,1,0,0,40,0
38,11,0,0,4,0,0,0,40,0
41,10,2,13,5,0,0,0,25,0
26,10,2,2,0,1,2829,0,40,0
38,11,0,3,4,1,0,0,35,0
54,5,2,3,0,1,0,0,45,1
30,13,4,9,1,0,0,0,60,0
31,10,6,3,4,0,0,0,30,0
26,13,4,9,1,1,0,0,40,0
75,16,2,9,0,1,4931,0,3,0
29,14,4,13,3,1,0,0,40,0
61,9,2,3,0,1,0,0,50,1
24,10,5,11,4,0,0,0,45,0
34,12,4,9,1,1,0,0,40,0
42,10,0,2,3,1,0,0,40,0
24,7,4,2,1,1,0,0,40,0
27,9,4,2,1,1,0,1980,40,0
39,13,2,9,5,0,0,0,50,1
20,9,4,5,3,1,0,0,40,0
51,7,4,7,1,0,0,0,40,0
68,13,2,11,0,1,0,0,30,0
28,9,4,6,3,1,0,0,48,0
43,9,0,12,1,0,0,0,40,0
35,10,3,2,1,1,0,0,40,0
44,9,0,0,4,0,0,0,40,0
41,13,4,5,1,1,0,0,40,0
44,9,2,12,0,1,0,0,45,1
20,9,2,0,2,0,0,0,40,0
46,9,2,2,0,1,0,0,75,1
27,12,2,13,0,1,7688,0,70,1
32,10,4,7,1,1,0,0,50,0
46,10,0,11,1,1,0,0,50,0
26,9,4,7,1,1,0,0,24,0
20,10,4,0,3,0,0,0,40,0
36,9,2,4,5,0,0,0,40,0
49,13,2,3,0,1,0,0,40,1
32,9,2,3,0,1,3103,0,55,1
32,13,2,9,0,1,15024,0,50,1
49,13,2,2,0,1,0,1902,40,1
36,9,4,13,1,1,0,0,45,0
22,10,4,7,2,1,0,0,25,0
52,9,0,0,1,0,0,0,40,0
42,9,2,3,0,1,0,0,50,1
72,9,6,7,4,0,0,0,16,0
30,13,5,9,1,0,0,0,40,0
44,10,2,5,0,1,0,0,40,0
23,13,4,11,1,0,0,0,45,0
22,10,4,11,3,1,0,0,20,0
59,13,5,0,4,1,0,0,60,0
46,9,0,9,4,0,0,0,40,0
30,11,2,5,0,1,0,0,40,0
64,4,6,7,4,0,0,0,30,0
31,10,2,11,5,0,0,0,40,0
64,9,2,7,0,1,0,0,20,0
45,9,4,6,3,0,0,0,40,0
59,9,2,6,0,1,0,1887,40,1
32,9,4,0,2,0,0,0,40,0
43,13,2,6,0,1,0,0,40,0
23,10,4,11,1,1,0,0,45,0
49,9,2,2,0,1,0,0,40,0
32,8,2,6,0,1,0,0,40,0
49,11,4,3,4,0,0,0,40,0
33,10,0,9,1,1,0,0,40,0
28,15,4,9,1,0,0,0,85,0
47,9,2,11,0,1,0,0,40,0
41,9,4,7,3,1,0,0,40,0
34,14,2,3,0,1,0,0,40,1
25,9,4,7,1,0,0,0,35,0
21,10,4,11,1,0,0,0,15,0
46,5,2,7,0,1,0,0,40,0
37,2,2,2,0,1,0,0,40,0
41,10,2,2,0,1,0,0,56,1
44,9,4,0,3,1,0,1504,50,0
30,9,2,12,0,1,0,0,40,1
54,10,2,6,0,1,0,0,40,0
35,9,2,4,0,1,0,0,99,0
21,10,4,12,3,0,0,0,25,0
35,14,2,11,0,1,0,0,40,1
35,15,2,9,0,1,0,0,80,1
19,10,4,2,3,1,0,0,20,0
48,9,0,3,1,0,0,0,40,0
65,10,6,2,1,0,0,0,35,0
40,13,5,0,4,1,0,0,35,0
26,9,4,0,1,0,0,0,40,0
45,10,2,3,0,1,0,0,40,0
26,10,4,2,3,1,0,0,40,0
32,9,2,0,0,1,0,0,40,0
35,13,0,3,1,1,27828,0,50,1
22,10,4,2,1,1,0,0,48,0
37,11,5,9,3,0,0,0,38,0
25,13,4,2,1,1,0,0,40,0
46,11,2,3,0,1,0,0,48,1
30,9,4,5,3,1,0,0,27,0
63,12,0,3,1,1,0,0,40,1
51,9,2,10,0,1,0,0,40,1
68,4,2,3,0,1,0,0,16,0
36,16,2,9,0,1,0,0,50,0
28,10,4,3,1,1,0,0,50,0
41,10,2,11,0,1,0,0,40,0
47,10,2,9,0,1,0,0,40,0
22,10,4,7,4,0,0,0,30,0
34,15,2,9,0,1,15024,0,40,1
46,13,2,9,0,1,0,0,40,1
28,10,3,0,3,0,0,0,40,0
36,9,2,2,0,1,0,0,52,1
18,10,4,11,3,0,0,0,20,0
33,14,2,9,0,1,7688,0,50,1
51,9,2,13,0,1,7298,0,60,1
56,9,2,3,0,1,0,0,35,0
54,9,4,0,4,0,0,0,40,0
29,9,4,3,4,0,0,0,40,0
40,10,0,5,1,0,0,0,84,0
53,14,2,3,0,1,15024,0,65,1
22,9,4,5,3,1,0,0,35,0
33,9,2,6,0,1,0,0,40,1
28,9,0,13,1,1,0,0,50,0
63,10,2,9,5,0,0,0,12,0
53,16,2,9,0,1,15024,0,60,1
37,6,2,2,0,1,0,0,50,0
50,10,0,3,4,1,0,0,40,0
22,9,4,2,3,1,0,0,40,0
40,12,4,0,1,0,0,0,40,0
22,13,4,9,1,0,8614,0,40,1
21,10,4,9,3,1,0,0,40,0
25,12,2,5,0,1,0,0,40,0
20,10,4,2,1,0,0,0,40,0
43,9,2,13,0,1,0,0,40,0
29,11,4,3,4,0,0,0,50,0
32,13,2,11,0,1,0,0,40,1
42,14,2,11,0,1,0,0,50,1
33,9,2,6,0,1,0,0,40,0
27,10,2,3,5,0,0,0,40,1
29,10,2,6,0,1,0,0,38,0
29,9,2,13,0,1,0,0,40,0
20,10,4,3,3,0,0,0,20,0
35,6,4,0,3,1,0,0,40,0
31,13,2,9,0,1,0,1902,50,1
33,9,4,2,1,1,0,0,50,0
67,10,2,3,0,1,0,1539,40,0
46,10,2,9,0,1,0,0,10,0
45,5,2,6,5,0,0,0,40,1
17,7,4,11,3,1,0,0,20,0
35,13,2,3,0,1,0,1848,70,1
48,13,3,3,1,1,0,0,40,1
49,9,0,6,1,0,0,0,40,0
20,10,4,11,2,0,0,0,40,0
27,9,2,6,0,1,5013,0,46,0
64,10,2,2,0,1,0,0,20,0
53,10,5,2,1,1,0,0,40,0
52,9,0,0,1,0,0,0,40,0
29,9,2,2,0,1,0,0,55,0
32,9,2,2,0,1,99999,0,40,1
48,13,2,9,5,0,0,0,20,1
30,10,4,2,2,1,0,0,40,0
34,9,2,7,0,1,0,0,20,0
39,9,4,9,1,1,0,0,50,0
28,7,4,5,2,1,0,0,40,0
54,13,4,9,1,0,0,0,50,0
24,10,4,11,3,1,0,1762,40,0
25,9,4,3,3,0,0,0,40,0
25,7,0,7,4,0,0,0,12,0
48,10,2,3,5,0,5178,0,40,1
24,13,4,11,3,0,0,0,40,0
31,10,2,11,0,1,0,0,50,0
47,10,2,2,0,1,0,0,40,1
19,10,4,0,3,0,0,0,25,0
52,10,2,11,0,1,15024,0,50,1
52,9,2,0,0,1,0,0,40,0
60,9,2,13,0,1,0,0,28,0
43,14,2,9,0,1,0,0,50,1
24,12,0,7,3,0,0,0,30,0
51,9,4,0,1,0,0,0,40,0
38,5,0,2,1,1,0,0,40,0
21,10,4,0,3,0,0,0,10,0
40,9,2,0,0,1,0,0,50,1
54,10,6,3,4,0,0,0,40,0
35,13,4,7,2,1,0,0,50,0
52,7,5,6,4,1,0,0,40,0
53,9,2,3,0,1,99999,0,40,1
35,9,0,2,4,1,0,0,40,0
43,10,0,11,4,0,0,880,42,0
29,13,2,2,0,1,0,0,40,0
29,9,2,13,0,1,0,0,65,0
27,9,4,7,1,0,0,0,40,0
58,13,2,0,0,1,0,0,40,0
64,9,2,5,0,1,0,0,18,0
53,9,2,0,5,0,0,0,32,0
21,9,4,0,1,0,0,0,30,0
40,12,0,3,1,1,0,0,30,0
52,16,2,9,0,1,0,0,40,1
38,11,4,12,1,1,0,0,50,0
39,9,2,3,0,1,0,0,40,0
68,16,2,9,0,1,0,0,55,1
24,9,4,11,1,1,0,0,38,0
40,15,2,9,0,1,0,0,50,1
43,15,2,9,0,1,0,0,99,1
38,13,4,3,1,0,0,0,70,0
45,9,2,11,0,1,0,0,40,1
18,7,4,6,3,1,0,0,55,0
57,14,2,3,0,1,0,0,50,1
49,9,5,7,1,0,0,0,35,0
25,10,4,3,3,0,0,0,40,0
52,10,0,0,1,1,0,0,40,0
56,6,0,2,1,1,0,0,56,0
26,10,4,11,1,1,0,0,48,0
19,9,4,2,1,0,0,0,40,0
25,13,4,0,3,0,0,0,40,0
25,9,2,0,5,0,0,0,30,0
21,9,4,11,2,1,0,0,45,0
48,4,2,2,0,1,0,0,40,0
33,14,2,9,0,1,0,0,60,0
31,9,0,10,3,1,0,0,40,0
26,9,0,4,4,1,0,0,65,0
37,13,4,9,1,1,0,0,38,0
20,10,4,7,3,1,0,0,20,0
49,9,6,0,4,0,0,0,20,0
49,14,2,3,0,1,0,1977,40,1
51,10,2,9,5,0,0,0,40,1
40,10,2,11,0,1,0,0,40,0
24,11,4,6,3,0,0,0,40,0
18,8,4,11,3,1,0,0,24,0
41,6,2,13,0,1,0,0,40,1
46,9,2,0,0,1,0,1485,40,1
46,9,2,0,5,0,0,0,40,0
64,6,2,13,0,1,0,0,40,1
50,15,2,9,0,1,0,0,40,1
53,14,2,9,0,1,0,0,36,1
21,9,4,2,1,1,0,0,40,0
22,10,2,7,0,1,0,0,25,0
37,13,0,3,4,0,7430,0,45,1
39,15,4,9,1,1,0,0,55,1
30,13,2,11,0,1,0,0,40,0
25,13,4,9,1,1,0,1741,40,0
26,10,4,3,4,0,0,0,40,0
43,13,4,11,1,1,0,0,50,0
59,9,6,0,4,0,0,0,60,0
27,9,3,0,4,0,0,0,40,0
55,6,2,2,0,1,0,0,40,1
20,10,4,7,3,1,0,0,12,0
25,11,4,9,1,0,0,0,36,0
28,12,5,7,1,1,0,0,40,0
29,13,4,11,1,1,0,0,50,0
60,7,2,11,0,1,0,0,40,1
37,13,2,9,5,0,15024,0,50,1
25,7,0,11,3,0,0,0,40,0
27,10,2,2,0,1,0,0,60,0
50,13,2,3,0,1,0,0,40,1
41,10,2,4,0,1,5013,0,70,0
46,4,2,2,0,1,0,0,47,0
35,11,0,7,4,0,0,0,40,0
40,9,4,5,1,1,0,0,40,0
49,13,2,3,0,1,0,0,40,1
29,13,4,9,1,0,0,0,50,0
43,13,0,9,4,0,0,625,40,0
39,12,4,13,1,1,0,0,60,0
35,9,4,5,3,1,0,0,60,0
52,10,2,6,0,1,0,0,40,0
25,10,4,5,1,1,0,0,40,0
20,9,4,6,3,0,0,0,30,0
24,13,4,3,1,1,0,0,40,0
29,13,2,2,2,1,0,0,30,0
21,10,4,7,3,1,0,0,40,0
37,13,0,3,2,0,0,0,50,0
43,9,4,0,3,1,0,0,40,0
19,9,4,0,1,0,0,0,26,0
47,9,2,11,0,1,0,0,45,0
61,9,2,13,0,1,0,0,45,1
35,9,2,7,0,1,0,0,60,0
60,6,2,5,0,1,0,0,40,0
27,10,4,0,1,0,0,0,40,0
57,13,2,9,0,1,0,0,35,0
56,2,2,2,0,1,0,0,40,0
27,9,4,3,1,0,0,0,40,0
47,4,2,6,5,0,0,0,35,0
19,9,4,7,1,1,0,0,30,0
28,8,0,7,4,0,0,0,30,0
43,6,2,0,0,1,0,0,40,0
63,10,0,3,1,0,0,0,35,0
25,9,0,5,3,0,0,0,40,0
35,9,4,6,3,1,8614,0,40,1
20,9,4,5,3,0,0,0,40,0
48,6,2,11,0,1,0,0,70,0
30,13,4,9,1,0,0,0,40,0
31,13,2,9,0,1,0,0,40,1
20,9,4,11,3,0,0,0,24,0
57,14,2,9,0,1,0,0,50,1
41,11,2,0,5,0,7688,0,44,1
33,9,0,0,2,0,0,0,40,0
27,11,2,4,0,1,0,0,40,0
34,9,2,4,0,1,0,0,60,1
22,6,4,2,1,1,0,0,30,0
50,12,2,3,5,0,0,0,40,1
40,13,2,9,0,1,0,0,45,1
37,9,2,2,0,1,0,0,51,0
53,14,2,3,0,1,15024,0,55,1
38,10,2,6,0,1,7688,0,40,1
25,9,4,9,1,1,0,0,40,0
51,9,2,2,0,1,0,0,40,0
18,10,4,7,3,1,0,0,16,0
41,7,2,5,0,1,7688,0,40,1
33,9,4,0,4,0,0,0,40,0
33,13,4,11,1,0,0,0,40,0
67,10,2,13,0,1,0,0,40,0
47,9,2,3,0,1,0,2415,50,1
24,10,4,6,1,1,0,0,40,0
32,4,2,7,0,1,0,0,40,0
29,9,4,7,4,0,0,0,40,0
25,11,4,11,1,1,0,0,45,0
33,10,0,0,1,0,0,0,40,0
55,13,2,2,0,1,0,0,40,0
31,10,2,11,0,1,0,0,40,1
32,14,2,9,0,1,0,0,50,0
18,9,4,10,3,1,34095,0,3,0
36,9,0,0,4,0,0,0,50,0
58,9,6,0,1,0,0,0,27,0
34,14,2,3,0,1,0,1902,50,1
19,7,4,5,1,1,0,0,40,0
21,9,4,0,4,0,0,0,40,0
36,9,4,4,1,1,0,0,50,0
37,13,2,9,5,0,15024,0,40,1
43,9,2,6,5,0,0,0,21,0
52,13,2,10,0,1,0,0,40,0
43,10,0,9,4,0,0,0,38,0
22,9,4,7,3,1,0,0,40,0
57,3,0,13,4,1,6497,0,40,0
37,12,4,0,1,0,0,0,40,0
39,10,0,11,4,0,0,0,38,0
54,10,2,11,0,1,0,0,40,1
27,12,4,7,1,1,0,0,40,0
21,9,4,0,1,0,0,0,35,0
65,10,5,0,1,0,0,0,38,0
30,10,2,7,5,0,0,0,40,0
22,5,4,6,1,0,0,0,40,0
26,13,2,11,0,1,4064,0,50,0
25,7,5,2,3,1,0,0,40,0
47,11,2,3,0,1,15024,0,50,1
23,12,4,7,3,1,0,0,60,0
42,9,2,11,0,1,0,0,40,1
39,10,4,2,1,1,0,0,30,0
55,16,2,3,0,1,0,0,60,1
24,14,3,9,1,0,0,0,10,0
53,9,2,2,0,1,0,0,40,1
44,7,5,7,4,0,0,0,60,0
40,9,5,13,4,0,0,0,40,0
48,10,2,2,0,1,7688,0,40,1
26,11,5,0,4,0,0,0,35,0
22,9,4,11,3,0,0,0,40,0
43,9,0,3,1,0,0,0,40,0
37,9,2,7,5,0,0,0,25,0
30,9,2,2,0,1,0,0,40,0
41,9,2,11,0,1,0,0,50,0
38,15,2,9,0,1,0,0,60,1
42,9,2,4,0,1,0,0,50,0
20,9,4,13,3,1,0,0,40,0
36,13,0,0,1,0,3674,0,40,0
32,11,4,9,2,1,0,0,40,0
27,13,2,3,0,1,0,0,40,1
25,10,0,10,2,1,0,0,45,0
40,14,4,3,1,1,0,0,40,0
49,13,2,3,0,1,0,0,45,1
17,7,4,7,3,0,0,0,16,0
29,9,4,11,4,0,0,0,40,0
47,15,2,9,0,1,99999,0,55,1
24,10,5,5,3,1,0,0,45,0
29,9,4,2,1,1,0,0,40,0
45,10,2,0,5,0,0,0,24,1
30,8,2,2,0,1,0,0,50,0
19,10,4,0,3,1,0,0,20,0
59,6,2,13,0,1,0,1485,40,1
47,4,3,7,4,0,0,0,30,0
41,10,2,12,0,1,3137,0,40,0
28,12,4,9,3,1,0,0,40,0
46,12,2,2,0,1,0,0,40,1
40,10,2,2,0,1,0,0,60,0
66,6,0,7,1,0,0,0,40,0
44,10,4,2,3,1,0,0,12,0
58,9,2,3,0,1,15024,0,60,1
21,4,4,7,2,1,0,0,48,0
59,5,6,7,4,0,0,0,40,0
35,10,2,7,0,1,0,0,40,0
45,5,2,0,0,1,5178,0,40,1
30,9,2,13,0,1,0,0,40,0
33,9,4,5,1,1,0,0,40,0
26,10,4,11,1,0,0,0,15,0
48,10,5,11,4,0,0,0,35,0
31,9,4,11,3,0,0,0,40,0
36,9,2,3,0,1,0,0,45,0
48,9,0,9,4,0,0,0,38,0
30,9,2,2,0,1,5013,0,40,0
33,9,2,5,0,1,0,0,50,1
53,13,2,3,0,1,0,0,45,1
38,10,2,13,0,1,7298,0,50,1
34,10,4,7,1,1,0,0,50,0
45,13,2,11,0,1,0,0,52,1
33,11,2,9,0,1,0,0,60,0
35,11,2,2,5,0,0,0,44,0
22,9,4,5,3,1,0,0,40,0
35,9,0,7,4,0,0,0,30,0
45,9,2,9,0,1,0,0,8,0
17,7,4,4,3,1,0,0,45,0
50,9,2,3,0,1,0,0,45,0
38,13,2,9,0,1,0,0,50,1
33,10,2,2,0,1,7298,0,50,1
25,13,4,11,1,0,6849,0,50,0
64,9,2,2,0,1,0,0,40,0
62,10,2,3,0,1,0,0,10,0
32,9,2,12,0,1,0,0,60,1
17,7,4,11,3,1,0,0,20,0
61,9,2,2,0,1,0,0,55,0
40,16,4,9,1,0,0,0,40,0
21,9,4,3,2,0,0,0,40,0
39,13,2,3,0,1,15024,0,50,1
35,10,2,3,0,1,0,0,45,0
29,11,2,9,0,1,0,0,40,0
27,12,4,13,1,1,0,0,40,0
20,12,4,0,1,0,0,0,40,0
51,14,4,9,3,1,0,0,40,0
45,9,5,6,4,0,0,0,15,0
31,10,2,2,0,1,0,0,40,0
29,9,4,12,3,1,0,0,40,0
56,13,2,0,0,1,0,0,30,0
55,10,0,12,1,0,0,0,12,1
26,10,4,12,3,1,0,0,20,0
46,10,2,2,0,1,15024,0,45,1
32,9,2,7,0,1,0,0,40,0
28,9,2,11,0,1,0,0,40,0
27,4,4,7,2,1,0,0,35,0
23,5,3,2,1,1,0,0,40,0
59,6,2,2,0,1,0,0,40,0
26,8,4,2,2,1,0,0,48,0
36,6,4,5,1,1,0,0,40,0
18,9,4,11,3,0,0,0,15,0
33,5,0,5,1,1,0,0,70,0
60,11,2,13,5,0,0,0,15,1
40,9,0,6,4,0,0,0,48,0
48,9,2,4,0,1,0,0,43,0
27,6,2,2,0,1,0,0,48,0
19,10,4,7,3,1,0,0,20,0
38,13,2,9,0,1,0,0,50,1
26,10,0,2,1,1,0,0,43,0
45,11,2,10,0,1,3908,0,40,0
20,10,4,0,3,0,0,0,20,0
32,9,0,2,4,1,0,0,40,0
22,10,4,5,3,0,0,0,13,0
22,9,4,0,1,1,0,0,40,0
38,9,4,7,4,0,114,0,38,0
34,9,2,2,0,1,0,1848,50,1
46,2,6,7,4,0,0,0,30,0
39,13,0,3,1,0,0,0,25,0
79,9,6,7,1,0,0,0,24,0
24,9,4,11,3,1,0,0,40,0
31,10,2,2,0,1,2407,0,65,0
37,13,2,11,0,1,3137,0,77,0
23,9,4,2,2,1,0,0,40,0
31,10,2,13,0,1,0,1579,45,0
29,13,2,9,0,1,0,0,40,1
22,13,4,9,3,0,0,0,43,0
55,9,0,7,4,0,0,0,38,0
43,9,0,2,2,1,0,0,40,0
23,4,4,4,4,1,0,0,36,0
29,9,4,0,4,1,0,0,35,0
22,11,4,7,2,0,0,0,40,0
22,10,4,11,1,1,0,0,42,0
25,9,2,3,0,1,7298,0,84,1
29,10,4,6,3,1,0,0,45,0
25,10,4,13,1,1,0,0,40,0
33,9,4,3,1,0,0,0,40,0
33,13,4,9,1,1,0,0,40,1
31,16,4,9,1,0,0,0,28,0
30,14,2,9,0,1,0,1887,45,1
55,13,2,11,0,1,0,0,40,0
36,8,4,3,1,1,4650,0,50,0
28,13,4,11,1,1,8614,0,40,1
42,14,2,9,0,1,0,0,40,1
51,12,0,3,4,1,0,0,55,0
62,13,0,9,1,0,0,0,40,0
65,10,2,11,0,1,0,0,35,1
23,13,2,9,0,1,0,0,40,0
47,4,2,2,0,1,0,0,60,1
50,9,0,3,4,0,0,0,40,0
32,13,2,2,0,1,0,0,40,0
37,10,2,6,0,1,0,0,40,0
31,9,4,2,4,1,14344,0,40,1
76,6,6,11,4,0,0,0,12,0
54,13,0,11,1,0,0,0,60,0
32,13,2,9,0,1,0,0,40,1
31,10,4,0,1,0,0,0,52,0
31,13,0,10,1,1,0,0,50,1
65,15,0,9,1,1,0,1668,40,0
30,9,2,6,0,1,0,0,60,1
21,10,4,9,3,0,0,0,10,0
40,14,2,12,0,1,0,1902,40,1
26,10,4,2,1,0,0,0,40,0
18,7,4,7,3,0,0,0,8,0
34,9,2,7,0,1,0,0,50,0
44,10,4,4,3,1,0,0,60,0
30,12,4,12,1,0,0,0,40,0
36,13,4,2,3,1,0,0,40,0
31,10,2,9,0,1,0,0,50,1
22,10,4,11,1,1,0,0,20,0
23,9,4,11,3,1,0,0,40,0
49,14,2,3,0,1,15024,0,50,1
39,13,5,2,3,1,0,0,35,0
19,10,4,5,3,1,0,0,16,0
30,12,2,3,0,1,0,1848,50,1
25,10,4,2,2,0,0,0,40,0
46,9,2,6,0,1,0,0,40,0
37,14,2,9,0,1,0,0,45,0
41,9,2,7,0,1,0,0,40,0
40,10,2,9,0,1,0,0,20,0
44,9,0,0,4,0,0,0,40,0
32,9,2,6,0,1,0,0,40,0
58,9,2,5,0,1,0,0,20,1
48,9,2,6,0,1,0,0,48,0
34,13,2,3,0,1,0,0,40,0
29,11,4,0,3,0,0,0,40,0
46,13,2,11,0,1,0,0,50,1
36,9,4,13,1,1,0,0,40,0
59,13,4,0,1,1,0,0,38,0
29,8,2,13,0,1,0,0,40,0
25,9,2,6,0,1,0,0,40,0
27,12,4,7,1,0,0,0,35,0
48,9,2,4,0,1,0,0,70,0
51,16,4,9,1,0,0,1564,70,1
36,9,0,13,1,1,8614,0,45,1
42,7,0,11,4,1,7430,0,50,1
49,13,2,0,0,1,0,0,40,1
33,10,4,12,3,1,0,0,20,0
40,13,0,11,1,1,0,1564,60,1
26,13,4,9,1,0,0,0,40,0
59,9,2,6,0,1,0,0,30,0
30,9,4,0,3,0,0,0,40,0
31,12,2,0,5,0,0,0,35,0
30,13,2,3,0,1,0,0,50,1
27,13,4,3,1,0,0,0,40,0
56,12,0,0,4,0,4101,0,40,0
24,9,2,6,0,1,0,0,40,0
47,13,0,11,4,0,0,0,50,0
51,13,4,9,1,1,0,0,35,0
34,9,2,2,0,1,0,0,45,0
47,9,0,7,4,1,0,0,9,0
47,10,2,0,0,1,0,0,44,1
20,10,4,0,4,0,0,0,40,0
31,7,0,7,1,0,0,0,40,0
42,11,0,7,4,0,0,0,32,0
52,3,3,2,2,1,0,0,40,0
56,9,6,0,1,0,0,0,40,0
53,9,2,2,0,1,0,0,40,1
26,10,2,11,0,1,0,0,50,1
81,10,0,0,1,0,0,0,20,0
57,10,0,9,1,1,0,0,48,1
34,9,4,0,1,0,0,0,40,0
24,11,4,12,4,0,0,0,40,0
20,9,4,7,4,1,0,2001,40,0
68,10,0,0,2,0,2346,0,40,0
60,9,5,11,1,0,0,0,32,0
37,10,2,2,0,1,0,0,40,0
25,4,4,5,4,1,0,0,40,0
36,9,2,0,0,1,0,0,40,0
45,12,2,2,0,1,0,0,40,0
34,10,2,3,0,1,0,0,60,1
31,13,5,3,1,0,0,0,70,0
47,13,2,4,0,1,0,0,60,0
60,9,2,2,0,1,0,0,42,1
75,13,2,3,0,1,0,0,24,0
43,10,2,10,0,1,0,0,40,0
18,9,4,5,3,1,0,0,40,0
25,13,4,12,1,0,0,1092,40,0
20,9,4,0,3,0,0,0,40,0
32,9,4,11,1,0,0,0,50,0
57,13,2,3,0,1,0,0,20,0
43,10,2,13,0,1,0,0,60,1
18,9,4,4,2,1,0,0,40,0
41,13,5,9,4,0,0,0,40,0
48,9,4,6,2,1,0,0,40,0
35,9,2,13,0,1,5178,0,90,1
41,11,2,3,0,1,0,0,40,0
23,9,4,2,3,0,0,1594,20,0
32,13,2,10,0,1,0,1887,45,1
33,9,4,2,3,1,0,0,40,0
58,9,2,6,0,1,0,0,40,0
22,10,4,11,2,1,0,0,65,0
33,10,0,7,1,0,0,0,50,0
42,15,2,9,0,1,0,0,38,1
25,9,4,0,3,0,0,0,40,0
39,9,2,9,0,1,0,0,50,1
35,13,2,11,0,1,0,0,45,1
50,10,2,0,5,0,0,1902,38,1
49,14,2,3,0,1,0,0,50,1
25,13,4,9,3,1,0,0,40,0
47,10,0,0,4,0,0,0,40,0
46,10,2,3,5,0,0,0,40,1
42,12,0,9,1,1,0,0,40,0
37,7,4,13,1,1,0,0,60,1
25,13,4,2,1,1,0,0,40,0
29,6,2,2,0,1,5013,0,40,0
26,10,4,11,1,1,0,0,45,0
45,13,2,3,0,1,0,0,40,1
34,9,5,3,4,0,0,0,30,0
33,12,4,0,4,0,0,0,40,0
43,13,2,3,0,1,0,0,40,1
28,9,2,2,0,1,0,0,45,0
51,10,2,4,0,1,0,0,75,0
21,10,4,7,1,0,0,0,35,0
23,12,4,7,3,0,0,0,35,0
30,9,4,12,1,0,0,0,40,0
46,14,2,3,0,1,0,0,45,1
38,9,4,4,1,1,0,0,50,0
20,9,4,11,1,1,0,0,40,0
36,13,2,9,0,1,0,1485,50,1
37,15,2,9,0,1,99999,0,50,1
44,14,4,9,1,1,0,1876,42,0
33,9,2,2,0,1,0,0,40,1
45,13,4,3,1,1,0,0,40,0
47,10,2,2,0,1,0,0,40,0
54,9,2,2,0,1,0,1902,40,1
17,6,4,7,3,1,0,0,30,0
43,9,2,3,5,0,0,0,36,1
45,13,6,9,1,0,10520,0,50,1
37,10,4,0,1,0,0,0,40,0
44,11,2,2,0,1,0,0,40,1
55,14,6,9,4,0,914,0,50,0
41,9,2,6,0,1,0,0,48,0
23,13,4,0,3,0,2174,0,40,0
38,10,4,0,3,0,0,0,40,0
23,13,4,5,2,0,0,0,40,0
35,9,2,2,0,1,7298,0,40,1
18,7,4,3,3,1,0,0,20,0
47,11,2,7,0,1,0,0,40,0
25,10,4,9,1,0,0,0,8,0
41,9,2,3,0,1,0,0,50,0
23,10,4,0,2,0,0,0,24,0
41,9,2,0,5,0,0,0,40,0
26,10,2,3,0,1,2407,0,50,0
30,10,4,0,1,1,0,0,40,0
42,10,2,11,0,1,0,0,40,1
35,9,0,3,4,0,0,0,40,0
29,10,5,12,4,0,0,0,40,0
21,10,3,0,3,0,0,0,15,0
48,14,0,9,1,1,0,0,40,1
44,9,0,13,4,1,0,0,60,0
34,5,4,7,3,1,0,0,40,0
19,9,4,7,3,0,0,0,25,0
32,10,0,2,3,1,0,0,40,1
31,12,5,7,4,0,0,0,40,0
25,9,2,5,0,1,2407,0,40,0
47,9,2,0,0,1,0,0,40,1
46,7,6,0,1,0,0,0,40,0
18,8,4,0,3,1,0,0,40,0
31,10,2,0,5,0,0,1740,20,0
28,9,2,0,3,0,0,0,40,0
38,9,2,6,0,1,0,0,48,1
33,9,2,2,0,1,0,0,40,1
41,11,2,3,0,1,0,0,40,1
46,10,2,11,0,1,15024,0,40,1
38,10,2,9,0,1,0,0,44,0
24,13,4,11,1,1,0,0,60,0
49,9,2,6,0,1,0,0,40,1
60,10,0,9,1,0,0,0,40,0
44,13,2,11,0,1,0,0,60,1
63,11,2,3,0,1,0,0,40,1
40,9,2,11,0,1,0,0,60,1
45,10,2,3,0,1,0,0,50,1
49,10,2,0,0,1,0,1902,50,1
36,9,0,11,1,0,0,0,40,0
65,9,2,7,0,1,0,0,8,0
41,13,6,3,4,1,0,0,20,0
25,14,5,7,3,0,0,0,40,0
60,11,6,0,1,1,0,0,40,0
17,7,4,9,3,0,0,0,20,0
28,12,2,3,5,0,0,0,16,1
31,12,4,2,3,1,0,0,50,0
47,14,4,9,1,0,0,0,35,0
45,10,2,13,0,1,0,0,45,0
51,13,4,9,1,1,0,0,40,0
23,9,4,6,3,1,0,0,40,0
44,14,2,3,5,0,0,1902,60,1
34,9,4,3,2,1,0,0,50,0
19,10,4,9,3,1,0,0,10,0
46,9,2,13,0,1,0,0,40,0
30,16,2,9,0,1,0,1977,40,1
37,6,2,4,0,1,0,0,35,0
56,15,2,9,0,1,0,0,45,1
29,9,2,0,0,1,0,0,45,0
46,14,2,2,0,1,0,0,50,1
55,9,2,2,0,1,0,0,40,0
45,13,0,11,1,1,8614,0,48,1
34,9,3,5,1,1,0,0,40,0
41,13,4,0,1,1,0,0,40,0
34,15,2,9,0,1,0,0,50,1
27,9,4,2,3,1,0,0,40,0
29,10,4,5,4,1,0,0,37,0
19,8,4,7,3,0,0,0,30,0
47,13,2,9,0,1,0,0,40,0
43,10,2,3,0,1,0,0,50,1
52,11,5,3,4,0,0,0,60,0
33,12,0,11,1,1,0,0,60,0
29,5,2,13,0,1,0,0,40,0
23,9,2,5,0,1,0,0,40,0
23,10,4,3,1,1,0,0,40,0
39,13,2,3,0,1,0,0,60,0
43,3,4,6,4,0,0,0,40,0
31,9,2,2,0,1,0,0,40,1
47,9,2,2,0,1,0,0,40,1
26,9,4,0,1,1,0,0,60,0
58,10,4,9,1,0,0,0,55,0
47,15,0,9,1,1,27828,0,50,1
55,13,4,12,2,0,0,1590,38,0
26,9,2,3,5,0,5013,0,40,0
28,9,4,6,4,0,0,0,40,0
36,9,2,2,0,1,0,0,40,0
40,9,2,11,0,1,0,0,50,0
19,7,4,7,1,1,0,0,40,0
63,13,2,11,0,1,10605,0,40,1
42,13,2,13,0,1,0,0,40,0
76,5,2,10,0,1,0,0,13,0
23,11,4,12,1,0,0,0,40,0
38,3,4,13,1,1,0,0,40,0
33,14,4,9,1,1,0,0,30,0
48,14,2,9,0,1,0,0,40,1
56,10,0,13,1,1,0,0,40,1
32,9,2,6,0,1,0,0,40,0
44,10,0,9,4,0,0,0,25,0
27,9,0,0,3,0,0,0,40,0
33,10,4,3,1,1,0,0,50,0
22,3,4,5,1,1,0,0,40,0
44,9,2,2,0,1,0,0,40,0
42,9,2,13,0,1,0,0,60,0
34,10,4,0,1,0,0,0,40,0
45,9,2,0,0,1,0,1672,40,0
57,9,2,11,0,1,0,0,40,0
59,13,2,9,0,1,0,0,40,1
33,10,2,3,5,0,0,0,40,1
52,9,2,4,0,1,0,0,49,0
17,8,4,11,3,0,0,0,15,0
29,9,4,7,3,1,0,0,30,0
63,13,2,11,0,1,0,0,30,1
20,10,4,5,1,1,0,0,24,0
42,15,2,9,0,1,0,1977,50,1
50,9,2,4,0,1,0,0,50,0
55,9,2,8,5,0,0,0,30,0
27,12,2,0,5,0,0,0,25,0
28,13,2,3,0,1,0,0,45,0
55,11,2,6,0,1,0,0,45,0
44,10,2,2,0,1,0,0,40,0
53,10,4,10,1,0,0,0,40,0
23,9,2,2,0,1,0,0,40,0
25,9,0,0,1,0,0,0,40,0
44,13,0,9,1,0,0,0,40,0
55,14,2,3,0,1,0,1977,40,1
48,10,2,9,0,1,0,0,35,1
46,9,2,2,0,1,0,0,40,0
26,10,4,13,1,1,0,0,40,0
30,4,5,4,1,1,0,0,45,0
32,14,2,9,0,1,0,0,40,1
52,9,2,3,0,1,0,0,48,0
52,9,2,11,0,1,7298,0,50,1
39,9,5,11,1,0,0,0,47,0
57,13,2,9,0,1,0,1902,40,1
21,9,4,2,3,1,594,0,40,0
22,10,4,7,3,1,0,0,10,0
26,10,2,6,0,1,0,0,40,0
26,10,2,7,0,1,0,0,40,0
44,11,2,3,0,1,0,0,40,1
42,10,0,0,1,0,0,0,30,0
40,10,2,13,0,1,0,0,43,0
22,7,4,2,3,1,0,0,45,0
62,9,2,2,0,1,0,0,45,1
44,10,2,2,0,1,0,0,40,0
33,2,3,2,1,1,0,0,40,0
45,9,2,3,0,1,0,0,50,0
18,7,2,5,3,1,0,0,40,0
32,10,4,2,1,1,0,0,40,0
33,16,4,9,1,0,0,0,60,1
20,10,4,9,3,1,0,0,15,0
68,9,2,4,0,1,0,0,20,0
61,4,2,11,0,1,0,0,50,1
48,16,2,9,0,1,0,0,40,1
45,9,2,11,0,1,0,0,40,0
36,9,2,11,5,0,7688,0,40,1
32,9,4,7,3,0,0,0,32,0
35,13,0,7,1,0,0,0,40,0
39,9,2,2,0,1,0,0,40,0
53,4,2,6,0,1,0,0,40,0
30,10,5,11,4,0,0,0,16,0
40,13,0,10,1,1,0,0,45,0
25,10,4,0,1,0,0,0,40,0
41,9,4,11,1,0,0,0,60,0
52,9,2,4,0,1,0,0,98,1
33,9,2,2,0,1,0,0,40,0
28,9,4,2,3,1,0,0,40,0
25,9,2,2,0,1,7298,0,40,1
53,10,2,11,0,1,0,0,55,0
44,2,4,7,3,1,0,0,10,0
35,9,0,3,4,0,0,0,40,0
38,10,0,2,3,1,0,0,58,0
34,9,2,6,0,1,0,0,40,0
33,9,0,6,1,0,0,0,40,0
24,10,2,0,5,0,0,0,45,0
65,9,6,7,4,0,0,0,25,0
29,12,2,11,0,1,0,0,60,0
39,15,2,9,0,1,99999,0,65,1
46,10,2,10,0,1,0,0,40,1
37,4,2,4,0,1,2580,0,60,0
47,14,2,3,0,1,0,0,47,1
62,10,2,7,0,1,0,0,40,0
54,9,2,11,0,1,0,0,60,0
90,10,4,7,1,1,0,0,35,0
33,12,3,2,1,1,0,0,20,0
57,10,2,3,0,1,0,1672,45,0
25,12,4,2,3,1,0,0,40,0
44,10,2,11,0,1,0,0,50,1
52,13,3,7,1,1,0,0,50,0
21,10,4,6,3,1,0,0,40,0
31,9,4,7,4,1,0,0,18,0
39,14,2,13,0,1,0,0,40,0
59,9,6,6,4,0,0,0,40,0
29,9,2,3,0,1,0,0,55,0
49,4,4,9,2,1,0,0,45,0
34,5,2,2,0,1,0,0,40,0
22,13,4,11,1,1,0,0,40,0
32,13,2,11,0,1,0,0,40,0
39,9,0,7,4,0,0,0,40,0
46,14,2,9,0,1,0,0,60,0
50,9,2,2,0,1,3103,0,40,1
34,9,4,7,1,1,0,0,40,0
28,14,2,9,5,0,0,1902,55,0
18,8,4,11,3,0,0,0,24,0
20,9,4,11,1,1,0,0,30,0
20,9,4,6,2,0,0,0,40,0
55,11,6,3,1,0,0,0,38,0
22,10,4,11,3,0,0,0,40,0
60,14,2,3,0,1,0,0,40,0
40,6,0,2,1,1,0,0,50,0
47,10,2,0,5,0,0,0,30,0
23,13,4,3,1,0,0,0,35,0
57,9,6,13,1,0,0,0,40,0
52,7,2,7,0,1,0,0,40,0
42,4,6,2,4,1,0,0,40,0
25,12,4,5,3,1,0,0,20,0
49,9,2,0,5,0,0,2377,40,1
41,10,4,10,3,1,0,0,40,0
40,11,2,7,0,1,0,0,30,0
38,13,2,3,0,1,0,0,55,1
58,9,4,13,3,1,0,0,40,0
26,13,4,7,1,0,0,0,35,0
57,6,0,0,2,0,0,0,70,0
28,9,2,11,0,1,0,1628,60,0
42,9,5,11,4,0,0,0,40,0
28,10,4,3,1,1,2174,0,55,0
39,5,2,2,0,1,0,0,40,0
28,9,2,6,0,1,0,0,40,0
42,9,2,6,0,1,4386,0,48,1
51,10,0,11,4,0,0,0,50,0
27,10,4,0,1,0,0,0,39,0
41,9,0,0,4,0,0,0,43,0
28,13,2,2,0,1,0,0,40,0
54,10,0,4,4,0,10520,0,30,1
49,9,2,0,5,0,0,0,30,0
47,14,2,3,0,1,0,0,40,1
27,10,2,2,0,1,0,0,49,0
42,13,2,9,5,0,0,0,45,1
32,9,2,0,5,0,0,0,40,0
32,9,2,7,0,1,0,0,41,0
27,14,4,11,3,1,0,0,40,0
29,9,2,2,0,1,0,0,40,1
22,11,4,9,1,1,0,0,30,0
41,9,2,0,0,1,5178,0,40,1
49,10,2,5,0,1,7298,0,40,1
58,9,2,4,0,1,0,0,50,0
41,9,2,4,0,1,7688,0,40,1
26,5,2,2,0,1,0,0,35,0
21,9,4,11,1,1,0,0,55,0
37,13,2,3,0,1,0,0,50,1
23,13,4,11,3,1,0,0,20,0
42,10,2,3,0,1,0,0,40,1
25,9,2,11,3,1,0,0,26,1
67,10,0,0,1,0,0,0,40,0
41,9,0,13,1,0,0,0,38,0
49,14,2,9,5,0,0,0,50,1
18,7,4,2,3,1,0,0,35,0
25,3,2,5,3,1,0,0,40,0
43,15,0,9,1,1,0,0,50,0
38,16,2,3,5,0,99999,0,36,1
65,13,2,11,0,1,0,0,15,0
66,11,6,9,1,0,0,0,35,0
33,7,4,13,1,1,0,0,60,0
51,9,2,0,5,0,3411,0,38,0
27,9,2,2,0,1,0,1740,40,0
17,8,4,7,3,0,0,0,16,0
32,13,2,3,0,1,15024,0,45,1
38,9,2,6,0,1,0,0,40,1
43,10,0,0,4,0,0,0,40,0
40,16,2,9,0,1,0,0,40,1
63,13,2,11,0,1,0,1740,35,0
42,12,0,0,4,0,0,0,40,0
43,13,4,3,1,1,0,0,40,1
41,15,2,9,0,1,0,2415,45,1
17,6,4,9,3,1,0,0,20,0
30,9,4,2,1,1,0,0,40,0
30,13,4,9,1,1,0,0,50,0
22,10,4,7,1,1,0,0,25,0
28,9,4,7,4,0,0,0,52,0
24,10,4,11,2,0,0,0,40,0
47,6,2,6,0,1,0,0,40,1
34,11,4,4,1,1,0,0,50,0
26,10,4,11,2,0,0,0,20,0
25,11,2,3,0,1,0,0,75,0
28,13,4,11,1,1,0,0,45,0
36,9,4,2,1,0,0,0,40,0
24,13,4,3,1,1,0,0,40,0
51,13,2,3,5,0,0,0,35,0
44,13,2,9,0,1,0,0,50,1
18,8,4,0,3,1,0,0,12,0
54,10,2,9,0,1,0,0,40,1
61,10,0,0,1,0,0,0,40,0
51,13,2,3,0,1,0,0,45,1
43,4,2,6,0,1,0,0,40,0
51,9,2,2,0,1,0,0,40,0
50,9,2,3,5,0,0,0,40,1
24,10,2,5,0,1,0,0,30,0
20,10,2,7,0,1,0,0,20,0
52,13,0,3,1,1,0,0,40,1
57,4,0,7,1,1,0,0,40,0
49,10,2,11,0,1,0,0,60,0
22,7,4,11,1,0,0,0,40,0
38,10,2,12,0,1,0,0,40,1
21,10,4,11,3,0,0,0,20,0
39,13,2,10,0,1,0,1887,60,1
52,10,4,9,3,0,0,0,35,0
25,12,4,12,3,0,0,0,40,0
50,10,3,7,1,0,0,0,40,0
35,10,2,3,0,1,0,0,80,0
50,11,5,9,4,0,0,0,40,0
58,9,2,2,0,1,0,0,25,0
48,13,0,3,1,1,0,0,45,0
30,10,0,0,1,0,0,0,35,0
18,7,4,5,3,1,0,0,12,0
29,9,2,2,0,1,0,0,40,0
52,10,2,11,0,1,0,0,45,0
63,9,2,11,0,1,4064,0,40,0
36,14,2,9,5,0,0,0,40,1
24,10,4,6,3,0,0,0,42,0
30,12,4,10,1,1,0,0,40,0
23,9,2,6,0,1,0,0,40,0
21,13,4,7,3,0,0,0,20,0
28,10,4,2,1,1,0,0,43,0
20,9,4,0,3,1,0,0,40,0
18,7,4,7,3,1,0,0,20,0
21,10,4,0,3,0,0,0,15,0
27,9,4,2,1,1,0,0,40,0
42,10,0,12,1,0,0,0,40,0
21,10,4,7,3,0,0,0,30,0
51,10,2,11,0,1,0,0,40,1
27,13,4,0,1,0,0,0,40,0
23,9,4,13,3,1,0,0,40,0
57,10,2,11,0,1,0,1902,40,1
22,13,4,9,3,0,0,0,12,0
59,5,2,13,0,1,0,0,60,1
38,9,0,13,1,1,0,0,40,0
20,9,4,13,2,1,0,0,40,0
90,5,4,0,1,0,0,0,40,0
35,11,2,11,0,1,0,0,40,0
50,9,2,10,0,1,0,0,38,1
45,16,2,9,0,1,0,0,50,1
44,14,2,3,0,1,0,0,50,1
23,12,4,9,3,1,0,0,40,0
34,7,2,5,0,1,0,0,40,0
23,13,0,11,1,0,0,0,43,0
39,10,2,10,0,1,0,0,40,0
19,10,4,5,1,1,0,0,55,0
54,10,2,3,0,1,0,0,40,1
40,14,0,9,1,1,0,0,43,0
44,10,4,11,3,1,0,0,50,0
31,10,2,0,5,0,0,0,20,1
25,5,5,5,2,1,0,0,40,0
33,13,2,3,5,0,0,0,32,1
32,9,4,13,1,1,0,0,60,0
36,6,2,6,0,1,0,0,40,0
47,10,2,9,0,1,0,0,55,1
80,14,6,9,1,0,0,0,10,0
21,10,4,11,3,0,0,0,8,0
35,10,2,4,0,1,0,0,60,0
30,9,2,13,0,1,5013,0,40,0
49,4,2,5,0,1,0,0,40,0
33,9,2,0,5,0,0,1740,25,0
53,10,2,4,0,1,0,0,45,0
41,9,0,5,4,1,0,0,55,0
57,13,2,6,0,1,0,0,40,1
19,10,4,7,3,0,0,0,40,0
28,13,4,3,3,0,0,0,45,0
42,14,0,0,1,1,0,2001,60,0
29,10,2,4,0,1,0,0,55,0
26,10,4,7,3,1,0,0,20,0
40,10,0,3,1,0,0,0,40,0
36,16,4,9,1,1,0,0,40,1
28,9,2,3,0,1,0,0,40,0
25,13,4,0,1,0,0,0,20,0
42,9,2,4,0,1,0,0,60,0
32,9,4,2,3,1,0,0,40,0
32,12,4,0,3,1,0,0,30,0
37,3,2,2,0,1,0,0,40,0
39,9,2,10,0,1,0,0,56,0
49,13,2,2,0,1,0,0,40,0
19,9,4,11,1,0,0,0,40,0
31,9,2,13,0,1,0,0,40,0
40,9,0,6,1,0,0,0,40,0
29,4,4,5,3,1,0,0,30,0
59,9,2,4,0,1,0,0,48,0
52,12,2,10,0,1,0,0,40,1
27,13,4,3,3,1,0,0,40,0
45,13,2,9,0,1,0,0,45,1
58,13,2,7,0,1,0,0,40,0
53,13,4,3,3,1,0,0,40,0
23,9,4,5,3,1,0,0,25,0
35,7,0,5,2,1,0,0,40,0
49,9,2,3,0,1,0,0,40,0
49,12,0,3,1,0,0,0,40,0
25,8,4,2,1,1,0,0,40,0
47,14,0,9,4,0,0,0,50,1
28,12,0,0,1,0,0,0,40,0
20,10,4,3,1,0,0,0,30,0
19,9,4,6,3,1,0,0,24,0
28,9,2,6,0,1,2580,0,40,0
31,10,0,0,4,0,0,0,40,0
30,11,2,5,0,1,0,0,53,0
23,13,4,7,3,1,0,0,40,0
25,13,2,3,5,0,0,0,30,1
19,9,4,7,3,1,0,0,30,0
30,14,4,9,1,1,0,0,45,1
26,9,4,2,3,1,0,0,35,0
34,9,2,13,0,1,0,0,45,0
49,13,0,3,4,0,0,0,40,0
35,10,2,5,0,1,0,2042,40,0
38,9,4,11,3,0,0,0,40,0
36,9,2,5,0,1,0,0,20,0
33,9,2,9,0,1,0,0,48,1
54,10,4,7,1,0,0,0,40,0
19,9,4,2,3,1,0,0,40,0
60,9,2,2,0,1,0,0,40,0
28,9,4,2,3,1,0,0,40,0
43,9,2,11,0,1,0,0,40,0
49,3,2,7,0,1,0,0,40,0
25,13,4,9,3,1,0,0,70,0
17,6,4,11,3,1,0,0,20,0
41,13,2,11,0,1,0,0,60,1
30,10,2,13,0,1,0,0,35,0
90,14,2,3,0,1,20051,0,60,1
25,9,4,10,2,1,0,0,40,0
27,11,2,11,0,1,0,0,35,0
29,9,2,2,0,1,0,0,40,0
31,13,4,3,1,0,0,0,40,0
43,11,2,2,0,1,0,0,99,0
63,14,5,9,1,0,0,0,40,1
46,4,2,13,0,1,0,0,40,0
59,9,2,11,0,1,0,0,40,0
42,13,2,3,5,0,0,0,50,1
26,13,4,0,1,0,0,0,20,0
26,10,2,11,0,1,0,0,45,0
61,5,0,5,1,1,0,0,40,1
23,9,2,3,0,1,0,0,40,0
24,9,2,0,5,0,0,0,40,0
35,13,0,12,4,1,7430,0,40,1
42,9,2,11,0,1,0,0,12,0
31,8,0,7,4,0,0,0,21,0
31,9,2,6,5,0,0,0,55,0
63,13,6,0,1,0,0,0,25,0
29,11,4,12,1,0,0,1590,64,0
43,13,2,9,0,1,0,0,40,0
22,13,4,0,1,0,0,0,10,0
17,7,4,7,3,1,0,0,25,0
23,13,4,0,3,1,0,2231,40,1
35,5,0,2,1,1,0,0,45,0
32,9,0,7,4,0,0,0,28,0
50,13,2,3,0,1,15024,0,60,1
26,14,3,9,1,0,0,0,40,0
32,13,2,3,0,1,0,0,40,0
29,11,2,2,0,1,0,0,50,0
57,10,2,9,0,1,0,0,40,1
90,14,4,3,1,1,0,0,50,1
35,11,0,9,4,0,0,0,40,1
31,10,2,11,0,1,0,0,60,1
60,9,0,11,1,0,0,0,33,0
21,11,2,0,2,0,0,1579,40,0
71,14,6,9,1,0,0,0,40,0
22,11,4,7,3,1,0,0,30,0
50,9,0,0,1,0,0,0,40,0
37,10,2,11,0,1,0,0,45,1
23,9,4,0,3,0,0,0,40,0
74,9,2,7,0,1,0,0,30,0
67,10,2,11,0,1,0,1844,70,0
59,10,2,2,0,1,0,0,43,1
28,9,2,13,0,1,0,1740,40,0
45,9,2,4,0,1,0,0,40,0
63,10,2,4,0,1,0,0,20,0
39,13,4,9,1,0,0,0,63,0
33,10,0,7,4,0,0,0,40,0
32,13,4,7,1,1,0,0,40,0
34,13,2,3,0,1,0,1977,45,1
39,9,4,5,2,1,0,0,40,0
29,14,2,0,0,1,0,0,36,0
22,9,2,6,0,1,0,0,40,0
53,13,0,11,1,0,13550,0,43,1
46,11,2,2,0,1,0,0,42,0
51,10,2,7,5,0,0,0,40,1
44,15,0,9,1,0,2354,0,99,0
56,9,0,0,1,0,0,0,40,0
27,13,4,0,3,0,0,0,40,0
52,5,3,6,1,0,0,0,30,0
39,13,4,9,1,1,0,0,40,1
45,10,2,3,0,1,7688,0,40,1
37,10,2,2,0,1,0,0,45,0
33,9,0,0,3,1,0,0,40,0
46,3,2,2,5,0,0,0,45,0
35,8,2,2,5,0,0,0,50,0
33,9,2,3,0,1,0,0,50,0
48,13,2,11,0,1,0,0,40,0
32,9,0,6,3,1,0,0,50,0
20,10,4,7,3,0,0,0,32,0
35,9,4,13,3,1,0,0,60,0
19,9,4,5,3,0,0,0,25,0
56,7,5,6,1,0,0,0,40,0
28,13,4,0,3,0,0,0,16,0
45,9,0,2,4,0,0,0,40,0
32,11,2,0,5,0,0,0,45,0
44,13,2,2,0,1,0,0,12,0
55,9,2,9,0,1,0,0,40,1
34,10,2,0,0,1,0,0,40,1
33,14,2,9,0,1,0,0,40,1
36,13,4,3,3,1,0,0,55,0
25,9,4,0,3,0,0,0,40,0
28,13,4,11,1,1,0,0,40,0
39,13,2,11,0,1,7298,0,55,1
53,6,3,6,1,0,0,0,40,0
47,9,0,3,1,0,3325,0,45,0
49,11,0,3,1,1,0,0,60,0
22,9,4,5,3,1,0,0,40,0
31,10,4,0,2,1,0,0,40,0
44,10,0,7,4,1,0,0,80,0
19,9,4,9,3,1,0,0,40,0
37,9,0,2,1,1,0,0,40,0
23,10,4,5,3,1,0,0,25,0
44,15,2,9,0,1,99999,0,65,1
54,9,2,7,5,0,0,0,35,0
23,9,2,2,0,1,0,0,38,0
21,10,4,7,3,0,0,0,10,0
19,10,4,9,3,1,0,0,25,0
51,13,2,2,0,1,0,0,20,1
41,13,2,3,0,1,7688,0,50,1
61,10,2,12,0,1,15024,0,18,1
19,6,3,0,4,0,0,0,40,0
22,13,4,11,3,1,0,0,40,0
22,9,4,7,1,0,0,0,40,0
49,4,2,9,0,1,0,0,32,0
35,6,0,6,1,1,0,0,50,0
38,10,2,11,0,1,0,0,40,0
29,9,2,9,0,1,0,0,40,1
56,11,2,2,0,1,0,0,45,1
41,10,0,3,1,0,0,0,80,0
62,14,2,11,0,1,0,0,45,1
27,9,4,10,3,1,0,0,40,0
25,9,4,11,1,1,4416,0,42,0
33,13,2,9,0,1,15024,0,75,1
26,9,4,0,1,0,0,0,40,0
43,9,0,6,1,1,0,0,45,0
53,14,2,0,0,1,0,0,40,1
43,13,0,7,1,0,0,0,40,0
56,9,0,2,4,1,0,0,35,0
25,13,2,11,0,1,0,0,50,0
60,14,0,9,2,1,0,0,40,0
28,10,4,0,1,0,0,0,40,0
21,9,4,6,4,1,0,0,40,0
40,13,4,0,4,0,2977,0,40,0
29,9,2,2,0,1,0,0,40,0
20,10,4,2,3,0,0,0,25,0
25,9,2,2,0,1,0,0,80,1
18,7,4,11,3,0,0,0,10,0
32,12,2,7,0,1,0,0,35,0
27,2,4,7,3,1,0,0,35,0
48,9,6,6,1,0,0,0,16,0
20,10,4,11,3,0,0,0,25,0
55,9,0,11,1,0,0,0,40,0
33,13,4,9,1,0,0,0,50,1
21,10,4,0,3,0,0,0,12,0
43,9,2,2,0,1,0,0,30,0
35,10,2,6,0,1,0,0,40,0
39,13,2,9,0,1,0,0,35,1
19,9,4,11,1,0,0,0,40,0
25,9,4,7,1,0,0,0,40,0
44,10,2,13,0,1,0,0,72,1
27,12,4,2,4,1,0,0,40,0
39,9,2,0,5,0,0,0,40,1
69,6,4,2,2,1,0,0,40,0
34,13,4,3,1,0,0,0,40,0
37,3,5,7,4,0,0,0,40,0
43,13,0,9,3,0,0,0,39,0
34,14,2,9,5,0,0,0,40,1
31,10,2,6,0,1,0,0,48,0
42,16,0,9,1,0,8614,0,60,1
26,9,0,11,4,0,0,0,30,0
39,10,5,7,4,0,0,0,75,0
25,13,4,7,3,1,0,0,40,0
54,10,2,13,0,1,0,0,30,0
44,14,2,9,0,1,0,0,60,1
34,14,2,9,0,1,7688,0,38,1
21,10,4,3,1,1,0,0,40,0
33,9,4,6,1,1,0,0,40,0
40,12,2,3,5,0,0,0,40,1
44,14,2,3,0,1,0,0,40,1
33,12,0,10,1,1,0,0,56,0
21,10,4,0,3,1,0,0,40,0
35,13,4,7,1,0,0,0,60,0
43,10,2,11,0,1,7298,0,40,1
51,14,2,9,0,1,0,0,45,0
29,9,2,2,0,1,0,0,40,0
51,9,5,10,1,1,0,0,40,0
35,9,2,11,0,1,0,0,40,0
18,7,4,11,3,1,0,0,20,0
58,6,2,2,0,1,0,0,50,0
57,10,2,3,0,1,0,0,40,1
19,9,4,11,3,0,0,0,20,0
37,10,5,7,4,0,0,0,40,0
38,9,2,11,0,1,0,0,44,0
45,10,3,0,1,0,0,0,40,0
27,10,2,9,0,1,0,0,40,1
38,10,2,10,0,1,0,0,72,0
30,9,0,2,1,1,0,0,30,0
46,13,2,12,0,1,0,0,40,0
60,9,2,11,0,1,0,0,40,1
30,9,5,13,1,1,0,0,44,0
47,10,2,2,0,1,7688,0,40,1
39,13,4,3,1,0,0,0,40,0
42,10,2,2,0,1,7298,0,45,1
27,10,0,0,2,0,0,0,40,0
44,10,0,11,1,1,0,0,40,0
33,13,2,13,0,1,0,0,40,0
54,13,4,3,1,1,0,0,50,1
58,10,2,4,0,1,0,0,35,0
45,13,4,13,1,1,0,0,30,0
59,10,2,6,0,1,0,0,50,0
29,12,4,8,1,0,0,0,50,0
27,9,4,6,1,0,0,0,40,0
44,14,2,12,0,1,0,0,20,1
44,9,2,2,0,1,0,0,40,1
33,10,2,3,0,1,0,0,70,1
27,9,4,2,3,1,0,0,40,0
33,13,2,3,0,1,0,0,55,1
55,11,0,0,4,0,0,0,40,0
32,11,2,9,0,1,0,0,60,0
31,11,2,5,0,1,0,0,45,0
57,15,2,9,0,1,99999,0,60,1
30,13,2,3,0,1,0,0,45,1
28,13,4,11,1,0,0,0,48,0
30,10,4,11,2,1,0,2258,40,0
29,14,2,9,0,1,0,0,40,1
66,9,4,7,2,0,0,0,3,0
60,9,2,2,0,1,0,0,45,1
31,13,2,9,0,1,0,0,40,0
26,9,4,2,2,1,2597,0,40,0
24,9,4,5,3,1,0,0,45,0
29,13,4,11,1,1,0,0,50,1
44,9,2,12,0,1,0,0,45,1
34,13,2,3,0,1,0,0,55,1
59,13,2,9,0,1,0,1902,43,1
23,13,4,3,3,1,0,0,24,0
23,7,4,7,2,1,0,0,40,0
55,11,5,9,4,0,0,0,35,0
39,9,2,3,0,1,0,0,40,1
39,7,4,2,1,1,0,0,40,0
57,4,0,13,4,1,0,0,75,0
35,9,0,11,4,0,0,0,40,0
39,11,2,10,0,1,0,0,48,1
47,9,2,11,3,0,0,0,38,1
53,16,2,0,0,1,0,0,50,1
23,10,4,11,3,1,0,0,25,0
35,14,4,2,1,1,0,0,50,1
44,10,0,4,1,0,0,0,40,0
28,9,4,7,3,0,0,0,25,0
26,13,4,3,1,0,0,0,40,0
23,9,4,3,1,1,0,0,45,0
32,9,2,7,0,1,0,0,25,0
49,10,2,13,0,1,0,0,50,1
36,10,4,2,3,1,2174,0,60,0
36,9,0,7,4,0,0,0,36,0
21,12,2,0,5,0,0,0,46,1
54,13,2,3,0,1,0,0,40,1
43,10,3,7,1,0,0,0,40,0
35,10,0,0,4,0,0,0,40,0
31,10,2,4,0,1,0,0,50,1
46,10,2,2,2,1,0,0,40,0
46,9,5,11,1,0,0,0,40,0
56,9,2,7,0,1,0,0,40,0
21,9,4,0,3,1,0,0,40,0
51,14,2,3,0,1,0,0,50,1
47,10,0,9,4,1,0,0,20,0
42,3,3,2,1,1,0,0,40,0
19,10,4,11,3,0,0,0,30,0
25,13,4,2,3,1,0,0,40,0
37,14,2,12,0,1,0,0,60,1
35,8,2,7,0,1,0,0,40,0
40,9,2,13,0,1,0,0,30,0
57,7,2,11,0,1,0,0,15,0
38,9,2,12,0,1,0,0,50,1
48,6,0,11,1,0,0,0,38,0
34,10,0,7,1,0,0,0,34,0
46,10,0,13,1,1,0,0,40,0
45,14,0,10,1,1,0,0,50,0
32,13,2,9,0,1,0,0,50,1
35,9,4,6,3,1,0,0,48,0
62,10,4,2,1,0,8614,0,39,1
50,11,2,7,0,1,0,0,40,0
25,13,4,12,1,1,0,0,40,0
41,10,4,11,1,1,0,0,33,0
35,9,4,7,3,0,0,0,27,0
33,10,2,2,0,1,0,0,41,1
38,12,2,3,5,0,0,1902,40,1
37,13,4,9,1,1,0,0,40,0
56,9,2,6,0,1,0,0,40,1
19,4,4,2,3,1,0,1602,32,0
31,5,2,3,5,0,0,0,40,0
33,9,5,5,4,1,0,0,35,0
72,2,0,7,1,1,0,0,40,0
54,9,2,13,0,1,0,0,50,1
30,13,4,6,1,0,0,0,40,0
51,16,4,9,1,1,0,0,40,1
30,9,2,2,0,1,0,1848,50,1
30,13,4,9,1,1,0,0,50,0
32,10,2,10,0,1,0,0,16,0
30,10,4,11,1,1,0,0,50,1
35,14,2,0,0,1,0,0,40,0
40,10,0,0,3,0,0,0,44,1
38,13,0,9,1,0,0,0,40,0
19,6,4,7,2,0,0,0,30,0
32,10,4,9,1,1,0,0,44,0
49,14,3,0,4,0,0,0,40,0
60,13,2,9,0,1,0,0,35,0
60,5,2,11,0,1,0,0,40,0
55,16,2,3,0,1,0,0,80,1
24,9,4,2,3,1,0,0,40,0
53,14,2,11,0,1,7298,0,60,1
69,10,6,0,1,0,0,810,38,0
41,9,2,0,5,0,0,0,40,1
32,9,4,7,3,0,0,0,40,0
45,7,2,2,0,1,0,0,40,0
59,13,0,3,1,1,0,0,40,0
31,9,4,7,3,0,0,0,35,0
40,9,5,0,4,0,0,0,37,0
44,11,2,12,0,1,0,0,40,1
63,10,0,11,1,0,0,0,60,0
31,10,2,10,0,1,15024,0,56,1
51,13,4,0,4,1,0,0,20,0
51,7,2,6,0,1,0,0,40,0
23,9,4,11,1,1,0,0,40,0
49,4,2,6,0,1,0,0,48,0
56,9,2,2,0,1,2885,0,45,0
39,9,2,2,0,1,0,0,40,1
39,15,2,9,0,1,15024,0,50,1
30,9,0,7,4,0,0,0,40,0
43,13,2,3,0,1,0,0,50,0
31,10,4,2,1,1,0,0,50,0
44,14,2,9,0,1,0,0,35,0
43,15,2,9,0,1,0,0,30,1
41,10,2,0,0,1,0,0,46,1
43,9,2,0,0,1,0,0,40,1
47,10,2,2,0,1,0,0,40,1
38,15,4,9,1,1,0,2824,45,1
46,11,2,6,0,1,0,0,40,0
19,10,4,7,3,0,0,0,40,0
19,3,4,7,1,1,0,0,50,0
24,13,2,11,0,1,0,0,45,1
39,10,2,4,0,1,0,0,65,0
37,11,0,6,1,0,0,0,30,0
40,9,0,2,4,1,0,0,40,0
27,12,4,11,3,0,0,0,40,0
22,9,4,0,2,0,0,0,40,0
21,10,4,5,3,1,0,0,12,0
32,9,2,3,5,0,0,0,40,0
20,9,5,6,3,1,0,0,40,0
45,14,0,13,1,1,14344,0,48,1
46,15,2,10,0,1,0,0,40,1
46,11,0,3,4,0,0,0,45,0
26,10,4,10,1,1,0,0,44,0
47,13,2,3,3,1,0,0,60,0
22,10,4,9,3,0,0,0,10,0
34,9,2,3,0,1,0,0,60,0
49,2,2,2,0,1,0,0,40,0
20,10,4,5,3,1,0,0,25,0
28,9,2,6,0,1,0,0,45,0
30,7,2,6,0,1,0,0,40,0
23,9,2,2,0,1,0,0,40,0
20,5,4,8,3,1,0,0,40,0
31,10,2,7,0,1,0,0,55,0
46,2,4,6,3,1,0,0,40,0
42,9,5,0,4,0,0,0,40,0
60,4,2,2,0,1,0,0,40,0
30,13,4,9,1,1,0,0,50,0
27,10,2,13,0,1,0,0,48,0
20,5,4,11,3,0,0,0,32,0
56,13,2,9,0,1,7688,0,40,1
41,10,2,3,0,1,0,0,60,1
61,9,2,6,0,1,0,0,40,0
47,9,0,3,4,0,0,0,40,1
60,5,2,6,0,1,2228,0,37,0
33,5,2,6,0,1,0,0,50,0
48,13,2,9,0,1,0,0,45,1
56,9,2,5,0,1,0,0,40,1
50,11,2,13,0,1,3103,0,55,1
57,14,2,9,0,1,0,0,40,1
20,10,4,0,3,0,0,0,40,0
46,11,0,12,2,0,0,0,36,0
21,10,4,9,1,0,0,0,40,0
37,9,2,3,0,1,0,0,40,0
42,10,2,12,0,1,0,0,40,0
20,9,4,7,3,0,0,0,30,0
54,16,2,9,0,1,0,1977,50,1
32,9,2,13,5,0,4064,0,22,0
50,10,2,2,0,1,0,0,40,1
49,10,4,0,4,0,0,0,40,0
48,12,2,13,0,1,0,0,50,0
24,10,4,11,2,0,0,0,40,0
46,14,2,12,0,1,0,0,40,1
42,9,0,7,1,0,0,0,40,0
52,10,2,2,0,1,0,0,40,0
58,12,6,0,1,0,0,0,40,0
37,10,0,12,1,0,0,0,40,0
34,9,2,2,0,1,0,0,40,0
26,10,2,0,0,1,0,2051,40,0
18,10,4,0,2,0,0,0,20,0
33,10,4,9,1,1,0,0,40,0
41,10,0,11,1,0,0,0,15,0
21,12,4,0,3,0,0,0,20,0
23,11,4,12,1,0,0,0,40,0
26,10,4,12,3,0,0,0,40,0
33,13,2,7,5,0,0,0,40,0
24,10,4,3,3,0,0,0,45,0
43,6,2,2,0,1,0,0,42,0
52,9,0,0,1,0,0,0,40,0
61,4,0,7,4,0,0,0,40,0
35,9,2,6,0,1,0,0,40,0
35,9,2,2,0,1,0,0,40,1
45,9,2,3,0,1,15024,0,55,1
43,9,2,3,0,1,0,0,40,1
51,9,2,10,0,1,0,0,40,1
35,13,2,13,0,1,0,0,40,0
47,13,2,0,0,1,0,0,45,1
22,10,4,0,3,1,0,0,40,0
49,11,2,3,0,1,0,0,60,1
20,9,4,2,3,1,0,0,20,0
19,6,0,7,1,0,0,0,40,0
27,9,4,2,1,1,0,0,40,0
42,12,0,9,4,0,0,0,45,0
23,10,4,4,3,1,0,0,35,0
20,10,4,12,1,0,0,0,10,0
47,9,2,13,0,1,0,0,50,0
17,8,4,7,3,1,0,0,18,0
39,10,0,11,4,0,0,0,40,0
25,5,2,6,0,1,0,0,40,0
31,11,2,3,5,0,0,0,43,0
44,9,0,13,1,1,0,0,20,0
53,11,2,3,0,1,0,0,40,1
34,10,5,2,1,1,0,0,45,0
45,10,2,3,0,1,0,0,60,0
34,9,2,11,0,1,0,0,45,0
35,14,2,11,0,1,0,0,40,1
36,10,4,7,1,1,0,0,48,0
45,10,6,7,4,0,0,0,45,0
37,10,2,3,0,1,0,0,60,0
53,12,2,6,0,1,0,0,40,1
35,14,2,9,5,0,15024,0,50,1
65,10,2,11,0,1,0,0,40,0
49,6,0,4,4,1,0,0,70,0
24,9,4,5,1,1,0,0,40,0
54,10,2,2,0,1,0,0,40,0
17,6,4,11,3,0,0,0,12,0
19,8,4,7,3,1,0,0,16,0
60,9,6,6,1,0,0,0,40,0
46,13,2,3,0,1,0,0,35,1
26,10,4,3,3,0,0,0,40,0
58,2,2,7,0,1,0,0,38,0
37,9,0,3,4,1,0,0,55,0
41,14,2,9,0,1,0,0,38,1
30,13,0,3,1,1,0,0,40,0
19,10,4,0,1,0,0,0,30,0
48,13,2,3,0,1,0,0,60,1
22,10,4,13,1,0,0,0,24,0
25,2,4,8,1,0,0,0,40,0
18,6,4,7,3,1,0,0,6,0
21,9,4,5,3,1,0,0,40,0
47,10,2,13,0,1,0,0,50,0
33,9,4,7,2,0,0,0,36,0
39,9,0,2,3,1,2174,0,40,0
67,13,2,3,0,1,0,0,8,1
19,10,4,7,3,1,0,1602,24,0
18,6,4,7,3,1,0,0,11,0
36,9,4,0,3,1,0,0,40,0
23,10,4,6,3,1,0,0,25,0
73,9,2,4,0,1,0,0,40,0
35,10,2,2,0,1,5013,0,40,0
31,12,2,2,0,1,0,0,40,1
20,6,4,6,1,1,0,0,40,0
20,9,4,0,3,0,0,0,40,0
27,9,2,5,0,1,0,0,40,0
66,6,2,11,0,1,0,0,30,0
66,14,2,11,0,1,0,0,50,0
64,14,4,9,1,0,0,0,35,0
48,10,0,13,1,1,3325,0,53,0
24,13,4,9,1,0,0,0,40,0
51,9,2,4,0,1,0,0,60,0
25,13,2,2,0,1,0,0,60,1
33,7,5,11,3,0,0,0,20,0
50,9,2,6,0,1,0,0,50,0
51,4,3,2,1,1,0,0,50,0
34,13,2,9,0,1,0,0,38,1
41,4,4,7,4,0,0,0,40,0
30,10,2,6,0,1,0,0,40,0
59,10,0,2,1,1,2907,0,40,0
41,10,2,6,0,1,3103,0,40,1
36,14,4,11,1,1,10520,0,45,1
37,2,2,4,0,1,0,0,85,0
28,9,4,7,1,1,0,0,30,0
19,9,4,2,3,1,0,0,40,0
28,10,2,13,0,1,0,0,45,0
62,6,2,6,0,1,0,0,40,0
36,14,2,11,0,1,15024,0,45,1
58,6,4,2,1,1,0,0,40,0
42,9,0,11,4,1,1151,0,50,0
43,9,2,2,0,1,0,0,40,0
29,9,2,2,0,1,0,0,40,0
32,9,4,3,1,1,0,0,50,0
64,5,4,0,2,1,0,0,40,0
39,13,2,9,5,0,0,0,20,1
26,13,4,11,3,0,0,0,20,0
19,9,4,7,1,1,0,0,30,0
21,9,4,0,3,0,0,0,45,0
32,10,4,0,1,0,0,0,40,0
30,12,2,10,0,1,5013,0,45,0
26,13,4,0,2,0,0,0,50,0
20,10,4,0,3,0,0,0,15,0
19,10,4,13,3,1,0,0,30,0
33,13,2,0,0,1,0,0,42,1
23,10,2,2,2,1,0,0,40,0
29,9,2,2,0,1,0,0,45,0
42,9,2,3,5,0,0,0,40,0
30,9,2,11,0,1,0,0,50,0
63,9,2,13,5,0,0,0,20,0
34,9,2,5,0,1,0,0,40,0
60,10,2,2,0,1,0,0,24,0
48,9,2,7,0,1,0,0,50,0
25,13,4,3,1,1,0,0,50,0
27,11,2,0,5,0,0,0,40,0
55,9,0,2,4,1,27828,0,55,1
32,10,4,6,3,0,0,0,40,0
22,10,4,0,3,1,0,0,25,0
25,9,4,3,1,1,0,0,50,0
18,7,4,7,3,0,0,0,16,0
24,10,2,0,5,0,0,0,44,0
29,13,4,3,1,0,0,0,40,0
39,9,2,2,0,1,0,0,40,1
33,14,2,2,0,1,0,0,40,0
57,9,0,6,1,0,0,0,40,1
22,6,5,7,4,0,0,0,40,0
33,9,2,13,0,1,0,0,60,0
42,9,2,2,0,1,0,0,40,0
43,13,5,9,4,1,0,0,45,0
57,10,2,12,0,1,0,0,38,1
42,14,0,9,1,1,4650,0,40,0
22,10,4,13,3,1,0,1719,30,0
42,13,2,11,0,1,0,0,50,1
39,10,2,11,0,1,0,0,55,0
41,10,2,9,5,0,0,0,32,1
20,9,4,5,3,1,0,0,40,0
47,10,2,2,0,1,0,0,40,0
44,10,0,0,4,0,0,0,40,0
29,13,4,0,1,0,0,0,40,0
52,10,3,0,1,0,14084,0,16,1
71,10,6,11,1,1,0,0,35,1
52,9,4,2,3,1,0,0,55,0
36,9,2,11,0,1,0,0,40,0
53,10,0,2,1,1,0,0,48,1
37,9,2,7,5,0,0,0,30,1
26,6,4,5,1,1,0,0,40,0
34,13,2,9,0,1,0,0,55,1
35,13,4,9,1,1,0,0,50,1
20,5,4,11,3,0,0,0,40,0
34,10,2,2,0,1,0,1740,40,0
56,13,2,3,0,1,0,0,60,0
39,13,2,9,5,0,0,0,36,1
24,10,4,12,3,0,0,0,20,0
24,7,0,11,4,0,0,0,35,0
23,13,4,9,1,1,0,0,50,0
27,13,4,9,1,1,0,0,45,0
25,9,4,0,4,0,0,0,40,0
29,10,4,0,1,0,0,0,40,0
42,10,2,6,5,0,0,0,37,1
51,9,2,2,0,1,0,0,40,0
31,11,2,2,0,1,0,1740,40,0
59,2,2,6,0,1,0,0,40,0
29,9,2,7,5,0,0,0,40,0
18,9,4,0,3,0,0,0,20,0
24,9,2,2,5,0,0,0,36,0
38,10,5,3,3,1,0,0,40,0
34,9,5,3,1,1,0,0,50,0
42,13,2,3,0,1,0,1977,70,1
45,8,0,2,2,1,0,0,35,0
21,11,4,13,3,1,0,0,40,0
64,16,2,9,0,1,7688,0,60,1
32,9,4,6,2,1,0,0,40,0
45,13,4,9,1,1,0,0,40,1
53,3,2,6,0,1,0,0,40,0
42,9,2,2,0,1,0,0,16,0
32,9,0,7,1,0,0,0,40,0
49,9,2,6,0,1,0,0,40,0
62,3,2,4,0,1,0,0,24,0
28,13,2,3,0,1,0,0,45,0
32,9,4,4,1,1,0,0,35,0
37,6,4,13,1,1,0,2559,50,1
38,13,2,3,0,1,0,0,50,1
44,9,0,13,3,1,0,0,25,0
19,9,4,13,3,1,0,0,40,0
24,13,4,9,1,0,0,0,40,0
58,9,2,3,0,1,0,0,50,1
56,13,6,7,1,0,0,0,40,0
37,6,0,2,4,0,0,0,40,0
43,10,0,6,1,1,0,0,40,0
32,9,2,2,0,1,0,0,40,0
34,13,4,11,3,0,0,0,40,0
44,5,0,7,3,0,0,0,50,0
28,9,4,5,4,1,0,0,40,0
35,9,0,7,1,0,0,0,35,0
38,9,2,6,0,1,0,0,40,0
26,10,4,12,3,0,0,0,40,0
20,7,4,13,3,1,0,0,60,0
24,9,2,2,0,1,0,0,60,1
40,9,0,2,1,1,0,0,45,0
23,9,4,2,2,1,0,0,40,0
79,7,2,3,0,1,0,0,7,0
44,6,0,0,4,0,0,0,42,0
51,14,2,9,5,0,99999,0,50,1
30,9,2,6,0,1,0,0,40,0
52,12,2,11,0,1,3103,0,48,1
33,3,2,4,0,1,0,0,40,0
50,13,0,3,4,1,0,0,45,1
51,11,2,12,0,1,7298,0,40,1
41,9,4,6,1,1,0,0,40,0
35,13,2,11,5,0,0,0,30,1
34,10,2,3,0,1,7298,0,40,1
28,13,4,9,1,1,0,0,45,0
31,11,0,11,1,1,0,0,40,0
22,9,4,5,3,1,0,0,40,0
65,9,2,11,0,1,9386,0,40,1
39,9,2,11,0,1,0,0,50,1
23,10,4,12,3,1,0,0,40,0
29,12,2,11,0,1,0,0,50,0
57,6,0,3,3,1,0,0,60,1
47,10,6,7,1,0,0,0,35,0
51,9,2,13,0,1,0,0,60,0
34,9,2,5,0,1,0,0,40,0
52,9,2,3,0,1,0,0,60,1
29,9,2,9,0,1,0,0,40,1
29,9,2,2,0,1,0,0,40,0
25,10,2,4,0,1,0,0,40,0
21,10,4,7,1,0,0,0,40,0
38,13,3,9,1,0,0,0,40,0
55,9,2,11,0,1,0,0,50,1
61,13,5,11,1,0,0,0,30,0
34,12,4,0,1,0,8614,0,60,1
41,13,2,0,0,1,0,0,40,0
27,11,4,0,3,1,0,0,43,0
78,13,4,3,1,1,99999,0,20,1
40,9,2,13,0,1,0,0,40,1
26,4,2,13,0,1,0,0,75,0
43,9,2,7,0,1,0,0,60,0
25,11,2,12,0,1,0,0,40,0
26,10,4,7,1,0,0,0,48,0
43,9,2,11,0,1,0,0,68,1
25,10,4,7,3,1,0,0,40,0
22,10,4,0,2,0,0,0,30,0
52,9,2,2,0,1,0,0,55,1
61,9,2,0,5,0,2414,0,5,0
42,13,4,11,4,1,0,0,40,0
21,11,4,0,1,0,0,0,40,0
44,9,2,13,0,1,0,0,40,0
65,9,2,2,0,1,2290,0,40,0
33,12,0,7,4,1,0,0,40,0
22,6,4,0,1,0,0,0,40,0
43,9,0,6,1,0,0,0,24,0
45,9,0,3,1,1,0,0,42,0
42,9,0,11,1,0,0,0,42,0
37,9,3,4,4,1,0,0,40,0
56,5,0,2,1,1,0,0,40,0
40,12,0,0,4,0,0,0,32,0
31,13,2,11,0,1,0,0,55,0
26,13,2,9,0,1,0,0,40,0
26,13,4,9,3,1,0,0,40,0
42,13,2,3,0,1,0,0,70,0
45,9,2,3,0,1,0,0,40,0
47,10,2,9,0,1,7688,0,50,1
22,10,2,6,0,1,0,0,40,0
33,13,4,3,3,1,0,0,40,0
37,9,4,13,1,1,0,0,50,0
48,9,2,4,0,1,0,0,98,0
57,6,2,2,0,1,0,0,8,0
47,10,0,0,1,0,0,0,60,0
58,5,2,13,0,1,0,0,40,0
55,7,6,0,4,0,0,0,40,0
52,10,2,2,0,1,0,0,55,0
29,13,4,9,1,1,0,0,40,0
42,14,4,9,1,0,0,0,40,0
23,9,0,2,1,1,0,0,60,0
23,8,4,7,1,0,0,0,30,0
46,11,2,3,0,1,0,0,60,0
30,10,4,6,1,1,0,0,40,0
43,13,2,9,5,0,0,1887,70,1
25,10,4,0,3,0,0,0,30,0
32,9,2,13,0,1,0,0,80,1
56,5,2,13,0,1,0,0,40,0
33,9,2,13,0,1,0,0,43,0
19,10,4,0,3,1,0,0,10,0
20,10,4,11,3,0,0,0,18,0
34,10,2,0,0,1,0,0,40,0
34,5,0,7,4,0,0,0,40,0
55,9,2,2,0,1,0,0,40,0
55,5,2,12,5,0,0,0,23,0
31,10,4,11,1,1,0,0,45,0
30,9,0,7,4,0,0,0,40,0
31,9,0,7,4,1,0,0,40,0
51,9,5,6,1,1,0,1876,40,0
59,9,2,2,0,1,0,0,40,0
58,9,0,0,4,0,0,0,36,0
40,5,2,5,0,1,0,0,40,0
54,9,2,2,0,1,0,0,40,0
25,13,2,9,0,1,0,1977,40,1
18,7,4,4,3,1,0,0,30,0
41,10,2,2,0,1,0,0,40,0
57,6,6,7,4,0,0,0,40,0
37,9,2,3,0,1,0,0,40,1
46,9,4,7,4,0,0,0,24,0
39,9,4,7,3,0,0,0,38,0
19,9,4,2,1,0,0,0,40,0
41,12,2,6,0,1,0,0,40,0
54,9,4,0,1,1,0,0,41,0
39,14,2,3,0,1,0,0,40,1
41,9,2,2,0,1,0,0,40,1
26,15,4,9,1,0,0,0,30,0
57,9,2,0,0,1,0,0,50,0
33,10,2,10,0,1,0,0,40,1
56,10,2,3,0,1,0,0,40,1
60,9,2,6,0,1,0,0,40,0
22,9,4,13,1,1,0,0,70,0
58,8,2,13,2,1,0,0,40,0
48,14,3,3,1,0,10520,0,50,1
45,14,2,9,0,1,7688,0,55,1
18,9,4,11,3,0,0,0,40,0
56,9,6,7,4,0,0,0,40,0
48,9,2,2,0,1,0,0,60,1
40,13,4,12,1,0,0,2258,48,0
38,9,0,7,1,1,0,0,32,0
58,10,0,0,4,0,0,0,40,0
23,10,4,3,3,1,0,0,50,0
51,13,0,9,1,1,0,0,45,0
44,9,2,4,0,1,0,0,70,0
46,10,0,12,1,1,0,0,40,0
64,13,2,0,0,1,0,0,40,0
32,13,2,3,0,1,0,0,40,1
31,10,2,0,0,1,0,0,40,0
36,11,2,11,0,1,0,0,50,1
21,9,4,7,1,0,0,0,50,0
30,10,2,2,0,1,0,0,40,0
31,11,4,7,1,0,0,0,40,0
54,9,2,13,0,1,0,2051,50,0
59,5,2,7,0,1,0,0,40,0
28,14,2,9,5,0,0,0,20,1
57,9,0,0,4,0,0,0,40,0
44,9,2,2,0,1,0,0,45,0
53,10,0,3,1,1,0,0,60,0
58,10,2,3,0,1,0,0,60,1
19,10,4,7,3,0,0,0,20,0
39,12,2,3,0,1,0,0,50,1
31,10,2,3,5,0,0,0,70,0
27,9,2,2,0,1,0,0,40,0
46,5,5,7,4,0,0,0,40,0
37,14,4,3,1,1,0,0,40,0
27,13,4,11,1,0,0,0,40,0
33,10,4,13,1,1,0,0,55,0
20,10,4,7,3,1,0,0,16,0
55,9,0,2,1,1,0,0,45,0
39,12,4,11,1,0,0,0,40,0
41,9,4,7,1,0,0,0,40,0
30,13,4,9,1,0,0,0,40,0
39,13,3,11,1,1,0,0,40,0
28,9,5,3,4,0,0,0,50,0
25,10,4,11,3,1,0,0,24,0
31,9,2,2,0,1,0,0,50,0
51,9,2,13,0,1,0,0,60,0
24,13,4,0,3,1,0,0,40,0
70,9,0,10,1,0,0,0,32,0
23,10,4,0,3,1,0,0,40,0
61,9,6,3,1,0,0,0,40,0
45,4,2,3,0,1,0,0,55,1
47,9,2,5,0,1,4064,0,60,0
56,10,0,7,1,0,0,0,50,0
79,16,2,9,0,1,20051,0,35,1
20,10,4,0,3,0,0,0,15,0
30,9,4,2,4,1,0,0,40,0
40,13,2,11,0,1,0,0,40,1
58,9,2,2,0,1,0,0,40,1
71,15,2,4,0,1,0,0,2,0
50,15,2,9,0,1,0,0,60,1
29,10,4,3,1,1,0,0,40,0
33,6,5,7,4,0,3418,0,35,0
60,9,2,10,0,1,0,0,40,1
33,12,4,0,1,1,0,0,50,0
33,6,4,5,4,1,0,0,40,0
33,9,2,0,5,0,0,0,52,0
32,9,2,10,0,1,0,0,45,0
21,10,4,7,3,0,0,0,9,0
38,9,2,9,5,0,0,0,40,0
38,10,2,0,5,0,0,0,35,1
39,10,5,3,4,0,0,0,30,0
17,7,4,11,3,0,0,0,15,0
21,10,2,0,0,1,0,0,40,0
42,10,2,12,0,1,0,0,20,1
42,9,2,3,5,0,0,0,40,1
36,7,0,7,1,0,0,0,40,0
32,10,0,3,1,0,0,0,50,1
37,13,2,9,0,1,0,0,40,1
28,13,4,11,1,1,0,0,40,0
37,11,2,2,0,1,0,0,40,0
50,9,5,9,4,0,0,0,60,0
49,7,2,2,0,1,0,0,40,0
40,14,2,3,0,1,0,0,40,1
40,10,2,7,0,1,0,0,40,0
49,10,2,2,0,1,0,0,40,0
35,14,4,3,1,1,8614,0,40,1
33,9,0,10,4,1,0,0,40,0
24,9,4,2,1,1,0,0,40,0
41,14,4,0,1,0,0,0,40,0
43,10,2,12,0,1,0,0,40,1
36,9,2,4,0,1,0,1902,60,1
84,13,2,4,0,1,0,0,20,0
23,9,4,11,3,1,0,0,40,0
41,13,2,9,0,1,0,0,50,1
55,9,2,3,0,1,0,1977,45,1
30,10,4,2,1,1,0,0,45,0
46,12,2,0,0,1,0,0,40,0
55,10,2,3,0,1,0,1902,40,1
34,10,4,0,1,1,0,0,40,0
54,14,0,11,1,1,0,0,60,0
27,10,4,0,3,1,0,0,40,0
52,14,2,9,5,0,0,0,40,1
36,10,2,0,5,0,99999,0,40,1
25,9,4,9,1,1,0,0,40,0
52,13,2,3,0,1,0,0,55,1
24,9,0,3,1,0,0,0,50,0
36,9,4,0,1,0,0,0,40,0
31,9,2,5,0,1,0,0,40,0
90,13,2,9,0,1,10566,0,50,0
67,14,2,9,0,1,20051,0,60,1
22,4,2,2,0,1,2580,0,40,0
47,10,0,0,1,0,0,0,35,0
32,13,2,3,0,1,0,1887,55,1
55,4,2,4,0,1,0,0,50,0
32,9,4,5,1,0,0,0,35,0
48,10,5,0,2,0,0,0,40,0
21,9,2,11,0,1,0,0,35,0
33,12,3,9,3,0,0,0,40,0
47,11,4,9,1,0,0,0,40,0
18,7,4,7,3,0,0,0,24,0
44,9,2,2,0,1,0,0,60,1
23,10,4,2,3,1,0,0,37,0
18,6,4,11,3,0,0,0,35,0
56,9,2,3,0,1,0,0,50,0
24,13,4,0,3,1,0,0,35,0
43,13,2,2,0,1,0,0,40,1
23,13,4,11,3,0,0,0,60,0
26,10,4,11,3,1,0,0,42,0
42,9,6,11,4,1,0,0,40,0
23,9,4,0,1,0,0,0,40,0
53,6,2,2,0,1,0,0,40,0
51,9,2,3,0,1,4386,0,55,1
40,9,4,7,3,1,0,0,25,0
27,13,4,9,1,1,0,0,50,0
24,10,5,10,1,1,0,0,60,0
42,9,0,2,2,0,0,0,40,0
41,9,5,0,4,0,0,0,40,0
23,10,4,5,3,1,0,0,10,0
42,14,2,9,0,1,0,0,65,0
38,9,2,2,0,1,0,0,40,1
63,4,2,4,0,1,0,0,30,0
31,9,2,2,0,1,0,0,40,0
18,7,4,7,3,0,0,0,4,0
21,10,4,7,3,1,0,0,30,0
24,13,2,9,2,0,0,0,40,0
55,10,2,2,0,1,0,0,40,0
20,5,4,0,4,0,114,0,20,0
31,10,0,11,3,0,0,0,30,0
23,10,4,0,3,0,0,0,20,0
35,9,2,2,0,1,0,0,40,0
51,10,2,11,0,1,0,0,60,0
19,10,4,10,3,0,0,0,30,0
38,9,0,10,1,1,0,0,56,0
52,9,2,2,0,1,0,2051,40,0
70,15,2,9,0,1,0,0,25,0
53,6,0,2,1,1,0,0,40,0
59,16,2,3,0,1,0,0,40,1
39,10,2,13,0,1,0,0,43,0
18,8,4,11,3,0,0,0,20,0
24,10,0,0,1,0,0,0,40,0
25,9,4,0,1,0,0,0,38,0
32,10,4,3,1,1,0,0,40,0
34,9,2,11,0,1,0,1902,60,1
35,9,4,11,1,0,0,0,40,0
50,9,2,0,0,1,7298,0,45,1
18,9,4,11,3,1,0,0,20,0
37,9,4,0,1,1,0,0,42,0
30,10,4,7,4,0,0,0,36,0
40,14,2,3,5,0,15024,0,30,1
22,9,4,9,1,0,0,0,40,0
50,10,5,7,4,0,0,0,28,0
70,9,0,7,1,0,0,0,23,0
43,14,2,9,0,1,0,0,40,1
77,10,4,2,1,1,0,0,40,0
30,9,2,2,0,1,0,0,40,0
33,10,2,6,0,1,0,0,39,0
51,10,2,11,0,1,0,1902,50,1
58,14,2,9,0,1,0,1977,50,1
22,10,4,0,3,1,0,0,12,0
33,9,2,13,0,1,0,0,40,0
27,7,2,11,0,1,0,0,40,0
35,10,4,3,1,1,0,0,60,0
32,10,0,11,1,0,0,0,55,0
41,13,2,12,5,0,0,0,25,1
37,10,2,2,0,1,0,0,40,0
17,7,4,11,3,1,0,0,15,0
50,13,0,3,1,1,0,0,55,1
54,9,5,3,4,0,0,0,38,0
23,9,4,7,3,1,0,0,40,0
40,13,0,0,4,0,0,0,20,0
29,13,2,9,0,1,5013,0,40,0
30,11,2,3,0,1,0,0,55,0
20,10,4,11,3,1,0,0,8,0
43,10,2,4,0,1,0,0,50,0
25,10,4,12,3,1,0,0,25,0
39,14,2,11,0,1,0,0,50,1
48,12,2,9,0,1,0,0,50,1
41,9,0,7,4,0,0,0,40,0
24,13,4,0,1,1,0,0,30,0
20,10,4,0,3,1,0,0,40,0
25,10,4,0,1,0,0,0,40,0
57,10,2,2,0,1,0,0,40,1
39,10,2,3,5,0,0,0,35,1
66,13,2,9,0,1,0,0,40,1
34,10,0,0,4,0,0,0,40,0
36,13,0,9,1,1,14084,0,40,1
46,9,2,11,5,0,0,0,40,0
42,14,0,9,4,0,0,0,45,0
46,9,2,13,0,1,0,1902,70,1
34,9,4,10,3,1,0,0,40,0
43,10,2,12,5,0,0,0,40,0
42,10,0,3,3,0,0,0,40,0
31,13,4,11,1,1,0,0,48,0
32,10,2,3,0,1,0,0,40,0
46,9,2,0,0,1,0,0,40,1
42,4,0,2,4,1,0,0,25,0
21,11,4,3,3,1,0,0,40,0
24,13,4,11,1,0,0,0,40,0
23,9,4,11,2,1,0,0,55,0
50,14,2,9,0,1,7298,0,40,1
37,10,0,0,4,0,0,0,45,0
44,12,2,2,0,1,0,0,40,1
29,9,2,13,0,1,0,0,40,0
30,11,2,0,5,0,0,0,24,0
36,10,2,11,0,1,0,0,44,0
49,13,4,11,1,1,0,0,45,0
29,9,0,2,1,1,0,0,40,0
45,9,4,0,1,0,0,0,40,0
75,16,2,9,0,1,0,0,20,1
37,12,0,3,1,0,0,0,40,0
51,13,2,6,0,1,0,0,25,0
61,9,2,4,0,1,0,0,48,0
50,9,2,0,0,1,0,0,40,0
59,9,4,6,1,1,0,0,40,0
25,9,4,0,4,0,0,0,30,0
22,9,4,5,3,1,0,0,16,0
56,10,2,13,0,1,0,0,40,1
44,13,4,0,4,0,0,0,40,0
35,11,2,2,0,1,0,0,50,0
57,9,4,3,1,1,0,0,40,0
47,9,2,4,0,1,15024,0,50,1
27,13,4,3,1,0,0,0,40,0
50,9,2,4,0,1,0,2051,20,0
46,7,2,13,0,1,0,0,40,0
48,15,2,9,0,1,0,0,60,1
61,13,0,0,1,1,0,0,40,1
33,9,4,13,1,1,0,0,87,0
40,9,2,7,0,1,0,0,40,0
58,10,2,3,0,1,0,0,65,1
46,14,2,3,0,1,0,2392,50,1
35,10,2,9,0,1,0,0,40,1
51,10,0,3,4,0,0,0,50,0
37,8,4,7,3,0,0,0,40,0
64,14,2,9,0,1,0,2057,60,0
41,9,4,2,1,1,0,0,54,0
18,7,4,5,3,1,594,0,30,0
44,7,2,4,0,1,0,0,88,0
41,13,2,9,5,0,0,0,48,1
33,10,5,9,1,1,10520,0,40,1
37,5,5,8,4,0,0,0,16,0
34,10,4,0,3,0,0,0,40,0
20,10,4,5,3,1,0,0,40,0
38,13,2,3,0,1,0,0,40,0
28,11,4,7,1,0,0,0,40,0
20,9,4,13,3,1,0,0,45,0
22,13,4,12,3,1,0,0,8,0
55,13,0,0,4,0,0,0,73,0
20,10,4,9,1,1,0,0,35,0
26,13,4,9,1,0,0,0,40,0
20,9,4,4,3,1,0,0,70,0
40,5,0,7,1,0,0,0,40,0
33,9,2,11,0,1,0,0,50,1
24,9,4,11,1,0,0,0,40,0
25,10,4,3,3,1,0,0,46,0
18,7,4,7,3,1,0,0,8,0
49,9,2,2,0,1,0,0,60,0
17,8,4,5,3,1,0,0,17,0
34,11,2,2,0,1,0,0,45,0
37,13,2,9,0,1,0,0,45,1
49,10,2,3,0,1,0,0,40,1
74,9,6,0,1,0,15831,0,40,1
37,9,0,4,1,1,0,0,40,0
20,7,2,5,0,1,0,1573,40,0
40,9,2,3,5,0,0,0,35,1
34,13,4,11,1,1,27828,0,40,1
30,15,2,9,0,1,0,1740,40,0
44,9,5,0,1,0,0,0,40,0
40,6,2,7,5,0,0,0,32,0
58,9,2,11,5,0,0,0,40,0
44,9,2,2,0,1,0,0,40,0
42,10,2,11,0,1,0,0,25,1
39,9,4,7,1,1,0,0,18,0
19,9,4,7,3,1,0,0,40,0
41,14,2,3,0,1,15024,0,70,1
29,14,4,9,1,1,0,0,40,0
34,10,4,2,2,1,0,0,40,0
27,1,2,4,2,1,41310,0,24,0
54,10,0,2,4,0,0,0,48,0
40,9,6,6,4,0,0,0,37,0
19,10,4,11,2,0,0,0,25,0
17,7,4,7,3,1,594,0,10,0
33,10,2,11,0,1,0,0,52,0
80,4,6,7,1,0,0,0,24,0
24,9,4,2,3,1,0,0,50,0
28,13,4,9,3,1,0,0,40,0
55,9,2,3,5,0,0,0,30,1
21,10,4,3,3,1,0,0,40,0
51,9,0,0,1,0,0,0,38,0
19,9,4,6,3,0,0,0,40,0
42,9,4,7,1,0,0,0,24,0
60,9,2,3,0,1,0,0,48,0
51,9,0,0,1,0,0,0,40,0
21,10,4,7,3,0,0,0,40,0
37,10,2,2,0,1,0,0,40,0
26,9,4,6,1,1,0,0,52,0
42,14,4,3,1,0,14084,0,60,1
40,10,2,5,0,1,0,0,40,0
55,14,2,9,0,1,0,0,40,1
33,9,4,7,1,1,0,0,32,0
62,9,2,13,0,1,0,1977,60,1
47,6,0,11,4,0,0,0,30,0
26,8,4,11,2,1,0,0,51,0
59,9,3,0,4,0,0,0,20,0
70,10,6,0,1,0,0,0,17,0
26,10,4,0,1,0,0,0,20,0
47,6,2,11,0,1,0,0,65,0
25,14,4,3,1,0,0,0,43,0
52,15,2,9,0,1,15024,0,60,1
46,9,2,2,0,1,0,0,40,0
67,6,2,13,0,1,0,0,20,0
34,14,2,3,0,1,0,0,50,1
53,10,0,0,2,0,4650,0,40,0
22,13,4,0,1,0,0,0,35,0
39,9,0,0,3,1,0,0,42,0
54,9,2,2,0,1,0,0,35,0
24,13,2,11,0,1,0,0,40,0
37,9,5,9,4,0,0,0,38,0
38,6,4,9,1,1,0,2559,90,1
41,14,4,9,1,0,0,0,40,0
36,9,2,13,0,1,0,0,33,0
43,11,2,3,0,1,15024,0,40,1
39,13,0,9,1,1,0,0,40,0
26,13,4,11,3,1,0,0,45,0
49,14,4,9,1,0,4650,0,40,0
37,13,2,9,0,1,0,0,55,1
43,10,2,3,0,1,0,0,50,1
54,9,2,9,0,1,0,0,40,1
53,3,2,11,0,1,0,0,40,1
57,14,2,9,0,1,0,0,60,0
28,13,2,9,0,1,0,0,40,1
29,13,2,7,0,1,0,0,40,0
21,9,4,11,3,1,0,0,40,0
51,9,2,2,0,1,0,0,40,0
46,9,2,13,0,1,0,0,40,0
50,15,2,9,0,1,0,0,75,1
50,9,6,3,4,0,0,0,48,0
36,9,0,3,4,0,0,0,40,0
31,13,2,9,0,1,0,0,40,0
20,9,4,0,3,0,0,0,10,0
36,9,2,5,0,1,0,0,40,0
38,9,0,2,3,1,0,0,40,0
37,13,2,2,0,1,0,0,45,1
39,14,2,9,0,1,7688,0,40,1
18,6,4,4,3,1,0,0,36,0
33,9,0,11,1,1,0,0,50,0
35,9,4,12,1,0,1151,0,40,0
23,10,4,5,3,1,0,0,40,0
37,13,5,7,4,0,0,0,36,0
25,9,2,7,0,1,0,0,30,0
51,12,2,12,0,1,0,0,40,0
35,9,2,2,0,1,0,0,40,0
54,7,2,6,0,1,0,0,40,0
32,9,4,7,4,0,0,0,13,0
37,13,4,10,1,1,0,0,55,1
29,13,2,11,0,1,0,0,40,1
45,13,2,5,0,1,0,0,37,0
61,10,2,11,0,1,0,0,40,0
40,10,0,0,4,0,0,0,40,0
24,9,4,13,1,0,0,0,49,0
49,4,2,6,0,1,0,0,38,0
51,14,0,3,4,1,25236,0,50,1
34,9,2,13,0,1,0,0,40,0
20,10,4,11,3,1,0,0,40,0
30,10,0,0,4,0,0,0,37,0
49,14,0,9,4,1,99999,0,80,1
26,10,4,11,1,1,0,0,40,0
63,6,2,0,0,1,0,0,45,0
36,12,4,13,1,1,0,0,55,0
63,13,2,9,0,1,0,0,40,1
22,9,4,0,1,0,0,0,10,0
40,9,2,11,0,1,0,0,40,1
31,4,6,0,1,0,0,0,35,0
49,10,2,2,0,1,0,0,50,0
23,13,4,9,3,0,0,0,20,0
25,11,4,11,1,1,27828,0,40,1
28,13,2,2,0,1,0,0,45,1
44,10,0,6,1,1,0,2205,35,0
33,9,5,13,1,1,0,0,40,0
21,10,4,0,1,1,2597,0,45,0
55,7,2,7,0,1,0,1672,40,0
75,9,0,11,1,1,2346,0,15,0
61,5,4,6,4,0,0,0,40,0
53,9,0,0,1,0,0,0,40,0
26,12,2,10,0,1,0,0,45,1
48,10,6,11,4,1,0,0,50,1
28,14,2,3,0,1,0,0,50,1
29,9,2,5,0,1,0,0,45,0
25,10,0,12,3,0,0,0,40,0
37,9,2,13,0,1,0,0,40,0
43,13,0,9,4,0,0,0,55,0
40,9,2,13,0,1,0,0,40,0
34,6,2,2,0,1,0,0,45,1
55,16,2,9,0,1,15024,0,30,1
31,12,4,12,1,1,0,0,20,0
32,9,2,4,0,1,0,0,40,0
26,15,4,9,1,1,2463,0,50,0
26,13,2,9,0,1,0,0,50,1
44,10,2,13,0,1,0,0,40,0
49,9,2,13,0,1,0,0,52,1
26,9,4,0,4,0,0,0,30,0
40,9,2,4,0,1,0,0,60,0
19,7,4,0,1,0,0,0,40,0
58,9,2,4,0,1,0,0,40,0
61,11,2,12,0,1,0,0,40,1
28,10,2,11,3,1,0,0,63,0
26,13,4,4,3,1,0,0,40,0
64,9,4,0,1,0,0,0,25,0
42,13,2,3,0,1,0,0,60,1
41,10,2,12,0,1,0,0,40,1
45,9,4,5,1,1,0,0,40,0
39,13,2,11,0,1,0,0,50,1
41,9,2,7,0,1,0,0,40,0
51,7,5,7,1,0,0,0,40,0
34,11,0,0,4,0,0,0,40,0
33,14,2,3,0,1,0,1902,45,1
23,10,5,7,1,1,0,2559,40,1
35,10,2,2,0,1,0,0,60,0
41,7,0,8,4,0,0,0,25,0
39,14,4,2,1,0,0,0,50,0
41,10,2,11,0,1,0,0,55,0
33,10,2,3,0,1,0,0,40,0
22,9,4,7,2,1,0,0,40,0
25,10,4,3,2,0,0,1504,45,0
25,10,0,6,3,0,0,0,40,0
77,4,3,0,1,1,0,0,20,1
66,9,6,11,1,0,0,0,40,0
19,10,4,11,3,1,0,0,35,0
44,9,4,7,4,0,0,0,38,0
45,14,0,11,4,0,25236,0,42,1
28,10,4,11,1,1,0,0,50,0
19,9,4,5,2,1,2597,0,40,0
43,9,2,6,0,1,4386,0,40,1
39,13,2,12,0,1,15024,0,40,1
33,13,2,11,0,1,0,0,50,0
44,9,3,7,1,0,0,0,40,0
62,4,6,6,1,0,0,0,40,0
40,10,2,11,0,1,0,0,50,1
41,9,4,7,1,1,0,0,6,0
23,10,4,7,1,1,0,0,30,0
48,9,2,2,0,1,0,0,40,1
38,14,2,9,0,1,0,0,45,0
37,14,2,3,0,1,0,0,50,1
45,14,2,9,0,1,0,0,55,1
29,9,2,10,0,1,0,0,40,0
66,9,6,0,4,0,0,0,25,0
19,9,4,7,1,0,0,0,50,0
23,5,4,5,2,1,0,0,39,0
34,13,2,12,0,1,0,0,40,1
39,14,4,3,1,0,0,0,45,0
33,9,4,13,1,1,0,0,60,0
43,10,5,11,4,0,0,0,10,0
27,9,2,13,0,1,0,0,99,0
33,10,5,0,3,1,0,0,35,0
26,3,2,4,0,1,0,0,30,0
56,14,0,3,1,1,27828,0,60,1
46,9,2,11,0,1,0,0,36,0
38,12,0,2,4,0,0,0,40,0
90,7,2,2,0,1,0,0,40,0
72,10,2,3,0,1,0,0,25,1
20,9,4,0,4,0,0,0,15,0
29,9,2,2,0,1,0,0,48,0
49,7,2,13,0,1,0,0,75,0
23,9,4,7,4,0,0,0,35,0
20,10,3,11,3,0,0,0,18,0
57,13,2,3,0,1,4508,0,40,0
46,12,0,9,4,0,0,0,40,0
33,13,2,9,0,1,0,0,40,1
24,13,4,11,1,1,0,0,55,0
49,11,2,2,0,1,0,0,45,0
54,9,2,13,0,1,0,0,65,0
46,16,4,9,1,0,0,1564,50,1
31,11,2,2,0,1,0,0,50,0
43,15,2,9,0,1,0,1977,40,1
19,9,4,6,3,1,0,0,40,0
46,12,4,0,1,1,0,0,40,0
43,13,0,9,1,1,0,0,40,0
58,9,6,2,4,1,0,0,40,0
43,9,2,11,0,1,0,0,45,0
21,8,4,0,3,1,0,0,25,0
52,14,4,0,1,1,0,0,70,1
34,11,2,2,0,1,0,0,32,1
28,11,4,5,3,0,0,0,40,0
34,9,0,13,1,1,0,0,40,0
29,9,2,6,0,1,0,0,40,1
39,9,2,4,0,1,0,0,65,0
49,7,0,6,4,0,0,0,35,0
35,10,2,2,0,1,0,0,50,1
31,10,0,7,3,0,0,0,20,0
18,10,4,5,3,1,0,0,30,0
47,9,2,7,0,1,4386,0,40,1
46,9,2,11,0,1,5013,0,50,0
43,13,2,11,0,1,0,0,40,1
51,9,2,2,0,1,4386,0,40,1
21,10,4,0,1,0,0,0,40,0
31,13,2,9,5,0,0,1902,35,1
39,9,2,10,0,1,0,1887,40,1
58,7,2,0,0,1,0,0,48,0
36,14,4,9,1,0,0,0,40,0
38,9,2,6,5,0,0,0,40,0
31,13,2,3,5,0,0,1902,35,1
19,7,4,5,1,1,0,0,40,0
38,11,0,12,1,0,0,0,36,0
26,11,4,9,3,0,0,0,60,0
38,12,0,0,1,0,0,0,16,0
36,10,2,2,0,1,0,0,45,0
40,9,2,3,0,1,0,0,45,1
41,13,2,12,5,0,0,0,25,1
33,9,4,11,1,1,0,0,45,0
51,9,2,6,0,1,0,0,40,0
34,9,2,11,0,1,0,0,40,0
33,11,0,11,1,1,0,0,40,0
25,6,2,2,0,1,0,0,45,0
30,9,4,11,4,1,0,0,66,0
19,10,4,0,3,1,0,0,25,0
47,9,2,3,5,0,0,0,40,1
26,13,4,0,1,0,0,0,40,0
21,10,4,7,3,0,0,0,14,0
36,9,2,7,0,1,0,0,60,1
60,6,2,6,0,1,0,0,40,0
28,9,4,9,4,1,0,0,40,0
19,9,4,0,3,0,0,0,14,0
42,13,2,9,0,1,0,0,90,0
36,9,5,6,1,0,0,0,36,0
35,9,2,7,5,0,0,0,38,0
22,10,4,0,3,0,0,0,25,0
54,9,2,2,0,1,0,0,40,1
36,13,2,9,0,1,0,0,45,0
55,9,2,13,0,1,0,0,65,0
57,14,2,0,0,1,0,0,40,0
56,4,2,13,0,1,0,0,36,0
24,9,2,3,0,1,0,0,50,0
35,13,2,9,0,1,0,0,40,1
51,7,0,11,1,1,0,0,40,0
34,9,0,3,3,1,0,0,44,0
36,12,0,0,4,0,0,0,42,0
51,5,5,7,2,0,0,0,40,0
46,16,2,9,0,1,0,0,60,1
42,9,0,3,1,0,5455,0,50,0
25,13,4,9,1,0,0,0,40,0
22,9,4,5,2,1,0,0,50,0
37,9,2,2,0,1,0,0,40,0
48,13,0,11,4,1,0,0,40,1
61,13,2,9,0,1,15024,0,50,1
40,8,2,13,0,1,0,0,40,0
58,9,2,3,5,0,0,0,20,1
52,9,3,4,2,1,0,0,20,0
18,7,4,7,3,1,0,0,20,0
27,6,2,6,0,1,0,0,40,0
48,10,2,9,0,1,5013,0,45,0
63,5,2,2,0,1,0,0,16,0
38,9,2,2,0,1,0,0,60,0
31,10,2,0,0,1,0,2051,40,0
40,10,2,9,0,1,0,0,60,0
41,9,0,3,1,1,0,0,40,0
28,13,4,9,1,0,2174,0,40,0
31,15,0,9,1,1,14084,0,50,1
32,11,2,2,0,1,0,0,55,1
30,9,4,5,4,1,0,0,72,0
39,9,0,2,1,1,0,1876,40,0
28,13,2,11,0,1,0,0,50,0
31,9,4,5,2,0,0,0,35,0
44,14,2,9,0,1,0,0,40,1
22,10,4,4,3,1,0,0,25,0
36,12,2,2,0,1,0,0,35,0
39,14,4,3,1,1,0,1974,40,0
61,10,2,3,0,1,0,1672,40,0
31,9,0,13,3,1,0,0,40,0
21,10,4,7,1,0,0,0,25,0
39,10,2,4,0,1,2829,0,90,0
34,9,2,4,0,1,0,0,80,0
21,10,4,7,3,1,0,0,15,0
75,13,6,9,4,1,0,0,48,1
21,10,4,7,3,1,0,0,24,0
81,10,2,11,0,1,0,0,15,0
54,9,0,7,1,1,0,0,40,0
34,13,2,9,0,1,0,0,65,0
54,15,2,9,0,1,99999,0,50,1
41,9,2,7,0,1,0,0,45,0
63,9,2,7,0,1,2580,0,20,0
24,10,4,6,1,1,0,0,40,0
20,9,2,0,5,0,0,0,40,0
44,13,0,9,3,0,0,0,60,0
47,13,2,11,0,1,0,0,40,1
31,10,2,2,0,1,0,0,40,0
41,4,0,2,1,1,0,1590,40,0
53,9,2,2,0,1,0,0,60,0
63,9,2,0,5,0,3471,0,40,0
44,14,2,9,0,1,0,0,45,1
37,9,2,2,0,1,0,0,46,1
28,10,2,2,0,1,0,0,50,1
57,9,0,0,1,0,0,0,40,0
22,10,4,4,3,1,0,0,10,0
33,13,2,0,0,1,0,1848,45,1
30,10,0,0,3,0,0,0,55,0
20,9,4,2,3,1,0,0,40,0
28,13,4,0,1,0,0,0,45,0
54,7,0,8,4,0,0,0,10,0
20,9,4,5,3,1,0,0,35,0
34,9,2,3,0,1,0,0,40,0
21,10,4,0,3,1,0,0,40,0
29,10,4,7,4,0,0,0,40,0
51,10,0,3,4,0,0,0,40,0
39,9,0,6,1,0,0,0,70,0
19,10,4,0,2,0,0,0,38,0
22,9,4,4,3,1,0,0,40,0
59,10,0,0,1,0,0,0,38,0
18,7,4,11,3,1,0,0,13,0
22,9,4,7,1,1,0,0,20,0
42,10,2,2,0,1,0,0,40,1
39,12,4,2,1,1,0,0,40,0
31,13,2,11,0,1,0,0,40,1
28,7,5,2,4,0,0,0,40,0
22,13,4,3,3,0,0,0,7,0
67,14,4,7,1,0,0,0,40,0
17,7,4,11,3,0,0,0,25,0
47,12,2,0,0,1,0,0,40,1
23,13,4,0,1,0,0,0,5,0
20,9,2,7,5,0,0,0,40,0
22,9,4,11,4,0,0,0,40,0
47,4,2,13,0,1,0,0,40,0
49,10,2,11,5,0,0,0,40,1
35,10,0,3,1,0,0,0,40,0
52,10,0,3,1,0,0,0,40,0
29,9,4,11,1,0,0,0,40,0
73,6,6,11,4,0,0,0,40,0
38,9,2,9,0,1,0,0,50,1
59,9,2,3,0,1,0,1902,52,1
35,10,2,2,0,1,4064,0,35,0
18,10,4,11,3,0,0,0,15,0
24,9,2,0,5,0,0,0,40,0
33,13,2,9,0,1,0,0,50,0
40,10,0,3,2,0,0,0,55,0
55,9,6,0,1,0,0,0,40,0
44,9,0,9,1,1,0,0,40,0
40,13,4,9,3,0,0,0,60,0
22,9,0,5,3,1,0,0,40,0
55,10,2,3,5,0,0,0,40,1
45,9,5,12,1,0,0,0,26,0
47,13,4,9,1,0,0,0,50,1
56,9,2,2,0,1,0,0,40,0
44,9,2,6,0,1,0,0,40,0
32,10,4,0,1,1,0,0,38,0
17,6,4,7,3,1,0,0,20,0
44,10,0,3,1,1,0,0,50,0
32,12,4,11,1,1,0,0,80,0
35,13,2,11,0,1,0,0,60,1
27,9,2,7,0,1,0,0,40,0
32,9,2,9,0,1,0,0,50,0
68,7,0,13,1,1,0,0,70,0
20,10,4,7,3,0,0,0,20,0
33,10,0,0,1,0,0,0,40,0
24,5,4,5,3,1,0,0,12,0
48,9,2,2,0,1,0,0,45,0
45,14,0,9,4,0,0,0,50,0
48,10,6,0,1,0,0,0,40,0
28,14,2,9,0,1,0,0,45,1
39,14,0,9,4,0,0,0,40,0
23,10,4,7,3,1,0,0,30,0
23,8,4,3,1,1,0,0,40,0
36,10,5,0,2,0,0,0,40,0
25,13,2,9,5,0,0,0,40,0
52,9,4,7,4,1,0,0,40,0
35,9,2,2,0,1,0,0,40,0
41,9,2,3,0,1,0,0,40,0
45,13,2,11,5,0,0,0,42,1
58,11,6,9,1,0,0,0,40,0
67,9,2,0,5,0,0,0,2,0
48,9,2,9,5,0,0,0,8,0
63,9,2,2,0,1,0,0,48,0
24,10,2,10,0,1,0,0,72,1
43,10,2,2,0,1,0,0,40,1
36,9,0,13,3,1,0,0,60,0
32,9,2,13,3,1,0,0,72,0
36,10,4,2,1,1,0,0,40,0
43,10,4,0,1,0,0,0,50,0
27,9,4,0,1,0,0,0,40,0
17,7,4,7,3,1,0,0,12,0
45,13,0,11,1,0,0,0,46,0
41,9,2,2,0,1,0,0,40,0
41,9,2,3,0,1,0,0,38,0
48,12,5,0,1,0,0,0,40,0
26,10,4,7,3,0,0,0,24,0
54,1,2,4,0,1,0,0,60,0
22,10,0,11,3,0,0,0,48,0
19,9,4,13,3,1,0,0,35,0
47,4,0,5,2,1,0,0,40,0
32,9,3,7,4,0,0,0,20,0
46,13,2,3,0,1,15024,0,60,1
30,13,4,12,1,0,0,0,40,1
35,14,4,3,1,1,0,0,40,0
52,11,2,12,0,1,5013,0,40,0
73,8,2,4,0,1,0,0,18,0
17,6,4,7,3,1,0,0,10,0
32,13,5,9,4,0,0,0,32,0
43,14,2,9,0,1,0,0,40,1
26,9,4,6,4,0,0,0,40,0
41,14,2,3,0,1,0,0,40,1
49,12,2,11,0,1,15024,0,60,1
52,10,5,10,4,1,0,0,40,0
35,9,5,0,4,0,0,0,32,0
57,7,2,7,0,1,0,0,52,0
35,11,3,9,4,0,0,0,44,0
33,13,4,9,1,1,0,0,40,0
56,4,0,13,4,1,0,0,40,0
42,13,4,11,3,1,0,0,60,0
17,10,4,0,3,1,0,0,20,0
49,9,0,0,1,0,0,0,35,0
39,15,2,9,0,1,0,0,45,1
34,10,0,0,4,0,0,0,50,0
37,10,4,9,1,1,0,0,40,0
22,8,4,7,1,1,0,0,35,0
27,11,2,2,0,1,0,0,40,0
21,10,4,11,3,0,0,0,25,0
44,13,2,0,0,1,3103,0,40,1
53,6,3,13,1,1,0,0,99,0
26,7,4,2,1,1,0,0,40,0
48,13,2,3,0,1,0,0,45,1
39,13,2,3,0,1,0,0,70,0
34,9,4,7,4,0,0,0,32,0
54,13,2,3,0,1,0,0,38,0
36,9,2,13,0,1,7298,0,50,1
60,9,2,9,0,1,5013,0,40,0
50,9,2,10,0,1,0,0,40,1
48,13,2,9,0,1,0,0,45,0
35,10,4,0,3,0,0,2205,40,0
40,12,0,9,1,0,0,0,50,0
30,13,2,3,0,1,0,0,70,0
65,10,2,6,0,1,6514,0,40,1
31,9,2,2,0,1,0,0,60,0
46,12,2,0,0,1,0,0,40,0
62,11,2,3,0,1,0,0,50,0
38,13,4,3,4,0,0,0,40,0
24,13,4,7,3,0,0,0,30,0
24,10,4,11,1,0,0,0,50,0
27,13,4,9,1,0,0,0,48,0
43,12,3,7,4,0,0,0,30,0
48,9,0,5,4,0,0,0,40,0
41,9,5,2,1,1,0,0,40,0
30,10,2,12,5,0,0,0,45,0
38,13,2,11,0,1,0,0,40,1
45,15,4,9,1,1,0,0,40,1
45,13,4,9,3,1,0,0,40,0
55,10,0,0,1,0,0,0,38,0
46,4,2,3,0,1,0,0,75,0
24,13,4,9,3,1,0,0,40,0
31,10,4,0,3,0,0,0,25,0
35,9,2,2,0,1,0,0,35,0
37,10,5,0,1,0,0,0,40,0
29,10,2,9,0,1,0,0,45,0
56,13,2,3,0,1,0,0,50,1
25,13,4,3,1,1,0,1590,60,0
33,6,2,6,0,1,0,0,40,0
44,9,4,11,1,0,0,0,40,0
21,9,4,2,3,1,0,0,40,0
21,9,4,0,1,1,0,0,40,0
46,14,2,3,0,1,0,0,40,1
44,10,2,3,0,1,0,0,50,1
63,13,0,3,1,0,0,0,40,0
44,9,2,0,5,0,0,0,30,0
31,10,2,2,0,1,0,0,45,0
26,10,2,3,0,1,0,0,42,0
37,9,4,13,1,1,0,0,50,0
33,13,2,2,0,1,0,0,45,0
38,13,2,3,0,1,0,0,40,0
26,11,4,11,3,0,0,0,35,0
46,11,0,3,4,0,0,0,63,0
24,9,4,7,4,0,0,0,35,0
47,14,2,9,0,1,0,0,35,1
27,10,4,12,1,0,0,0,30,0
46,10,2,2,0,1,0,0,40,0
47,12,2,0,0,1,0,0,40,1
47,9,0,0,4,1,0,0,40,0
69,9,6,6,4,1,2538,0,40,0
32,9,2,11,0,1,7298,0,40,1
51,9,2,13,0,1,0,0,40,0
36,9,2,11,0,1,0,0,40,1
50,14,2,9,5,0,0,0,40,0
29,16,2,9,0,1,0,0,60,0
32,15,2,9,0,1,3908,0,40,0
27,6,0,13,1,1,0,0,75,0
60,4,0,0,1,0,0,0,35,0
31,9,2,7,0,1,0,0,40,0
46,12,2,2,0,1,0,0,40,0
40,9,4,0,3,0,0,0,40,0
39,10,2,2,0,1,0,0,52,1
69,4,2,11,0,1,0,0,55,0
54,13,2,3,0,1,0,0,40,1
56,9,0,0,1,0,0,0,40,0
47,10,0,0,1,0,0,0,40,0
25,12,4,12,1,0,0,0,45,0
34,9,2,13,0,1,0,0,60,0
24,4,4,4,3,1,0,0,50,0
63,10,2,2,0,1,10566,0,45,0
29,14,2,9,0,1,0,0,50,0
64,10,2,0,0,1,0,0,40,0
44,13,4,9,1,1,0,0,40,0
26,9,4,2,2,1,0,0,60,0
36,6,0,7,1,0,0,0,40,0
55,13,2,0,0,1,7688,0,38,1
37,9,2,5,5,0,0,0,40,1
37,6,4,6,1,1,0,0,65,0
63,13,2,9,5,0,7688,0,36,1
33,9,2,13,0,1,0,0,60,0
19,10,4,0,3,0,0,0,10,0
57,14,2,9,5,0,0,1977,40,1
31,12,2,11,0,1,4386,0,45,1
58,9,2,3,0,1,7298,0,40,1
25,10,2,11,0,1,0,0,40,0
40,9,0,0,4,0,0,0,40,0
18,7,4,7,3,1,1055,0,20,0
26,9,4,0,1,1,0,0,40,0
29,16,2,9,0,1,0,0,50,1
45,13,2,9,0,1,0,0,40,0
35,10,4,0,3,0,0,0,38,0
32,10,0,6,4,1,0,0,45,0
61,9,6,7,2,0,0,0,40,0
26,13,4,9,1,1,0,0,15,0
56,9,2,2,0,1,3103,0,40,1
22,10,3,0,3,0,0,0,39,0
49,13,2,6,0,1,0,0,48,0
40,9,2,7,5,0,0,0,12,0
37,9,5,3,3,1,0,0,40,0
28,13,2,11,0,1,0,0,60,1
27,9,2,6,0,1,0,0,40,0
34,11,0,11,4,0,0,0,40,0
49,5,2,5,0,1,0,0,45,0
41,10,4,2,3,1,0,0,40,0
28,13,4,0,1,1,0,0,21,0
38,10,2,3,0,1,0,0,55,1
47,12,2,10,0,1,0,1740,40,0
28,9,2,10,0,1,0,0,40,0
44,14,2,9,0,1,7688,0,50,1
41,13,0,9,1,1,0,0,40,0
50,15,2,9,0,1,0,0,36,1
73,9,6,2,1,1,0,0,24,0
21,10,4,7,3,1,0,0,40,0
38,9,0,0,4,0,0,0,40,0
47,10,0,12,4,0,0,0,40,0
52,10,2,13,0,1,15024,0,60,1
24,13,4,11,1,1,0,0,45,0
44,13,2,3,0,1,0,0,40,1
27,4,0,6,4,1,0,974,40,0
61,10,2,11,0,1,0,0,60,1
58,13,2,11,0,1,15024,0,40,1
51,13,4,11,1,0,0,1564,43,1
49,10,0,11,4,0,0,0,55,0
23,10,4,0,3,1,0,0,20,0
19,11,4,0,3,0,0,0,40,0
21,9,4,4,1,1,0,0,53,0
56,7,0,11,1,0,0,0,40,0
35,8,2,2,0,1,0,0,40,0
37,10,0,12,4,0,0,0,20,0
41,16,0,11,4,0,0,0,50,1
30,7,2,11,0,1,0,0,40,0
47,10,2,2,0,1,0,0,40,0
59,6,6,3,4,0,0,2559,50,1
55,7,2,6,0,1,0,0,32,0
31,6,4,0,4,0,0,0,40,0
30,14,2,0,0,1,4386,0,40,1
24,13,4,3,3,1,0,0,48,0
49,10,2,2,0,1,0,0,40,0
23,4,4,2,1,1,0,0,25,0
50,9,0,0,4,0,0,0,35,0
38,13,4,0,1,1,0,0,40,0
20,10,4,9,2,0,0,0,20,0
49,10,2,2,0,1,0,0,50,1
45,9,6,7,2,0,0,0,50,0
46,13,2,9,0,1,0,0,50,1
19,9,4,7,3,0,0,0,30,0
31,13,4,3,3,0,0,0,40,0
38,9,0,7,4,0,0,0,40,0
56,14,2,2,0,1,0,0,50,1
24,13,4,3,3,1,0,0,40,0
58,9,2,3,0,1,0,0,50,0
28,9,2,7,0,1,0,0,40,0
22,9,2,7,0,1,0,0,40,0
46,9,0,13,1,1,0,0,40,0
30,1,4,4,1,1,0,0,40,0
56,13,2,0,0,1,0,0,45,1
56,9,2,13,0,1,0,0,44,1
50,10,2,3,0,1,0,0,40,0
30,13,4,0,1,0,0,0,40,0
24,9,4,6,3,1,0,0,40,0
42,11,0,9,4,0,0,0,40,0
31,9,2,2,0,1,0,0,40,1
46,6,4,7,1,0,0,0,25,0
31,13,4,11,1,0,0,0,65,1
38,13,2,9,5,0,7688,0,40,1
44,14,2,9,0,1,0,0,40,1
55,13,2,3,0,1,0,2415,50,1
19,9,4,7,3,1,0,0,20,0
45,14,0,3,1,0,0,0,40,1
50,10,2,2,0,1,0,0,70,0
53,5,2,7,0,1,0,0,40,0
41,13,2,11,0,1,99999,0,65,1
45,10,0,7,4,0,0,0,40,0
21,6,4,0,1,0,0,0,39,0
37,13,2,12,5,0,0,0,40,1
42,9,5,0,4,0,0,0,40,0
37,9,2,12,0,1,0,0,30,0
45,11,2,4,0,1,0,0,60,0
32,10,4,12,1,0,0,0,20,0
30,15,2,9,0,1,0,0,50,0
37,9,0,6,1,0,0,0,56,0
32,10,2,11,0,1,0,0,40,1
43,13,2,9,0,1,0,0,40,1
46,14,0,9,4,0,6497,0,50,0
33,14,4,3,1,0,0,0,40,0
48,9,4,0,1,0,0,0,40,0
34,9,2,11,0,0,0,0,40,0
34,10,4,10,1,1,0,0,50,1
33,9,0,4,1,1,0,0,40,0
36,13,2,3,5,0,0,0,60,0
23,9,4,11,1,1,0,1669,55,0
39,9,2,3,0,1,0,0,40,0
22,12,4,11,3,0,0,0,25,0
19,9,4,4,3,1,0,0,20,0
47,9,2,11,0,1,7298,0,45,1
46,11,4,13,1,1,0,0,50,0
47,14,0,11,1,0,0,0,6,0
47,16,2,9,0,1,0,0,35,1
52,10,0,13,1,0,0,0,40,0
38,5,2,2,0,1,0,0,40,0
58,9,2,11,0,1,0,0,40,1
32,3,2,7,0,1,0,0,40,0
54,11,2,12,2,0,0,0,10,0
20,10,4,0,1,1,0,0,25,0
25,12,4,11,1,1,0,0,48,0
25,5,4,2,1,1,0,0,15,0
36,13,0,9,1,1,0,1876,44,0
69,9,2,12,0,1,0,0,30,0
28,13,2,9,5,0,0,0,45,1
20,10,4,0,3,0,0,0,20,0
21,4,4,4,4,1,0,0,40,0
37,13,2,12,0,1,0,0,40,1
21,9,4,6,3,1,0,0,32,0
39,9,2,7,2,0,0,0,40,0
34,11,2,7,0,1,0,0,40,1
33,9,2,2,0,1,0,0,40,0
47,9,2,13,0,1,0,0,50,1
29,11,4,0,1,0,0,0,40,0
48,9,2,12,0,1,0,0,89,0
42,16,2,9,0,1,0,1977,60,1
29,7,0,6,4,0,0,0,40,0
34,9,4,5,3,1,0,0,40,0
20,10,4,7,3,1,0,0,25,0
41,14,2,9,0,1,0,0,40,1
45,10,0,3,1,1,0,1876,50,0
23,9,0,5,3,1,0,0,44,0
19,10,4,0,3,0,0,0,38,0
24,10,4,2,3,1,0,0,40,0
32,9,0,2,1,1,0,0,40,0
52,14,0,9,4,1,15020,0,50,1
36,9,4,11,4,1,0,0,60,1
18,6,4,6,3,1,0,0,30,0
27,9,0,11,3,0,0,0,40,0
26,10,2,11,0,1,0,0,60,0
52,12,0,9,4,0,0,0,32,0
24,10,4,2,4,1,0,0,40,0
42,9,0,0,1,1,0,0,40,0
39,15,2,9,5,0,7688,0,60,1
20,10,4,0,3,0,0,0,10,0
35,9,4,6,4,0,0,0,48,0
54,13,2,7,0,1,0,0,40,0
24,13,4,3,3,1,0,0,40,0
24,13,4,9,1,0,0,0,8,0
20,10,4,0,3,0,0,0,15,0
28,13,4,9,1,0,0,0,35,0
36,9,2,2,0,1,0,0,47,0
38,10,5,6,1,1,0,2258,55,1
22,9,4,0,1,0,0,0,60,0
56,9,2,6,0,1,0,0,40,0
24,13,2,9,0,1,0,0,45,0
24,10,4,7,1,0,0,0,75,0
22,12,4,0,1,0,0,0,40,0
21,10,4,3,3,0,0,0,30,0
42,13,2,3,0,1,0,0,40,1
41,14,0,9,4,0,0,0,55,0
19,9,4,7,3,0,34095,0,20,0
67,10,2,4,0,1,0,0,44,0
20,10,4,11,3,0,0,0,30,0
32,9,2,2,0,1,0,0,40,0
46,9,5,6,3,0,0,0,40,0
52,9,4,11,1,0,0,0,36,0
44,13,0,9,4,1,0,0,40,0
37,13,2,9,0,1,0,1887,40,1
27,10,2,4,0,1,0,0,50,0
35,9,2,6,5,0,0,0,35,0
30,9,4,0,1,0,0,0,45,0
64,9,2,2,0,1,3137,0,40,0
48,9,0,0,1,0,0,0,37,1
35,4,0,12,4,0,0,0,40,0
28,13,4,12,1,1,0,0,45,0
63,13,2,9,0,1,0,1977,32,1
40,15,2,9,0,1,0,0,55,1
33,10,4,11,1,1,0,0,40,0
40,10,2,2,0,1,0,0,50,1
25,4,4,11,2,1,0,0,45,0
45,13,2,3,0,1,0,0,38,1
30,10,2,6,0,1,0,0,40,1
53,10,4,0,4,0,0,0,40,0
63,9,2,0,0,1,2105,0,40,0
27,10,2,10,0,1,0,0,60,0
31,7,4,2,1,1,0,0,40,0
33,9,2,13,0,1,0,0,60,0
39,13,0,10,1,1,0,0,40,1
42,10,2,2,0,1,0,0,45,1
19,9,4,7,3,1,0,0,30,0
31,13,2,9,0,1,0,0,40,0
53,9,2,2,0,1,0,0,40,0
47,10,2,9,0,1,0,0,20,0
27,16,4,0,3,0,0,0,40,0
22,9,4,12,1,0,0,0,40,0
29,9,2,11,5,0,0,0,40,1
52,9,6,11,4,0,0,1762,40,0
32,11,0,2,3,1,0,0,46,0
23,9,4,11,1,1,0,0,40,0
27,10,4,0,3,1,0,0,20,0
53,9,6,6,1,0,0,0,40,0
18,9,4,5,3,1,0,0,20,0
41,13,5,11,4,0,0,0,30,0
27,9,2,6,5,0,0,0,40,0
30,10,0,11,3,1,0,0,40,0
41,9,0,12,4,0,0,0,40,0
21,10,4,0,1,0,0,0,30,0
58,9,3,7,4,0,0,0,40,0
45,13,0,10,1,0,0,0,40,0
40,6,0,13,3,1,0,0,40,0
21,10,4,0,1,0,0,0,40,0
29,13,4,9,1,0,0,1590,40,0
50,11,2,7,5,0,0,0,40,0
26,9,2,2,0,1,0,0,40,0
23,9,5,5,2,0,0,0,40,0
27,13,4,12,3,1,0,0,40,0
36,13,4,0,1,0,0,0,40,0
22,9,4,0,2,1,0,0,40,0
37,10,4,7,3,1,0,0,40,0
54,13,2,13,0,1,0,0,40,0
36,9,0,4,4,1,0,0,50,0
44,11,2,3,0,1,0,0,40,0
38,10,2,10,0,1,0,0,40,1
49,10,0,2,1,0,0,0,40,0
18,7,4,5,3,1,0,0,12,0
26,13,4,11,1,1,0,0,48,0
32,7,2,6,5,0,0,0,40,0
35,9,4,12,3,1,0,0,40,0
40,9,4,0,1,0,0,0,45,0
40,9,2,2,0,1,3411,0,40,0
42,15,2,9,0,1,0,0,72,1
30,9,2,11,0,1,0,0,40,0
19,10,4,11,3,0,0,0,20,0
36,12,2,11,0,1,0,0,60,1
31,9,4,11,1,0,0,0,40,0
50,12,2,3,0,1,0,0,60,0
38,9,0,2,1,1,0,0,40,0
35,10,2,9,0,1,0,0,50,1
45,13,2,9,0,1,0,0,40,1
29,6,5,11,4,0,0,0,40,0
41,10,0,2,1,1,0,0,46,1
33,15,4,9,1,0,0,0,50,1
49,10,4,7,1,0,0,0,60,0
28,10,2,3,0,1,0,0,40,1
49,13,2,10,0,1,15024,0,40,1
27,9,5,6,3,0,0,0,40,0
47,9,2,3,0,1,2885,0,32,0
42,16,4,3,1,0,0,0,40,1
30,9,4,3,1,1,0,0,60,0
37,9,2,2,0,1,0,0,40,0
37,16,2,9,5,0,0,0,35,0
51,9,3,11,1,0,0,0,38,0
27,9,2,7,0,1,0,0,40,0
53,9,4,11,1,0,0,0,40,0
45,9,4,2,1,1,0,0,40,0
37,13,2,9,0,1,0,0,45,0
54,14,2,9,0,1,0,0,40,1
47,9,2,3,0,1,0,0,42,1
35,9,2,7,0,1,0,0,40,1
33,9,2,6,0,1,0,0,40,0
28,10,4,0,2,1,0,0,40,0
39,13,2,3,5,0,0,0,55,1
33,13,2,11,0,1,0,0,40,0
34,7,4,7,1,0,0,0,40,0
53,9,2,13,0,1,0,0,40,1
21,12,4,0,3,1,0,0,35,0
31,16,2,3,0,1,7298,0,55,1
63,9,2,9,0,1,0,0,45,0
21,10,4,7,3,1,0,0,30,0
59,9,2,2,0,1,0,0,40,1
50,2,5,9,4,0,0,0,40,0
19,9,4,13,3,1,0,0,30,0
31,13,4,12,1,1,0,0,45,0
23,13,2,9,5,0,0,0,40,0
45,11,2,3,5,0,0,0,40,1
35,13,2,9,0,1,0,0,40,0
32,13,4,2,3,1,0,0,40,0
20,4,4,6,2,0,0,0,60,0
38,9,2,3,2,1,0,0,40,1
49,9,2,7,5,0,0,0,8,0
64,9,0,6,1,0,0,0,40,0
60,7,2,13,0,1,0,0,20,0
25,13,4,9,1,0,0,0,50,0
21,9,4,2,1,1,0,0,35,0
26,9,4,8,2,0,0,1602,15,0
23,10,4,0,1,1,0,0,20,0
67,14,2,11,0,1,0,0,48,1
24,9,0,11,4,0,0,0,30,0
46,2,5,6,3,0,0,0,40,0
38,16,2,9,0,1,0,0,40,0
20,4,4,6,2,1,0,0,40,0
26,13,4,9,1,1,0,0,48,0
58,9,2,6,0,1,0,0,40,0
31,10,4,7,1,1,0,0,40,0
37,12,0,10,1,1,0,0,38,0
45,4,0,6,1,0,0,0,35,0
33,9,4,0,1,0,0,0,50,0
33,14,2,10,0,1,0,0,40,0
35,9,0,5,1,1,0,0,25,0
60,9,2,3,0,1,0,0,40,0
21,10,4,11,3,0,0,0,20,0
38,6,2,2,0,1,0,0,45,0
40,11,0,2,4,0,0,0,40,0
40,10,2,11,5,0,0,0,40,1
44,15,2,9,0,1,0,0,70,1
27,10,2,3,0,1,0,0,60,0
34,10,2,2,0,1,0,0,55,1
49,10,2,10,0,1,0,0,40,0
37,10,2,2,0,1,0,0,50,1
52,6,2,13,0,1,0,0,30,1
46,10,2,6,0,1,0,0,40,0
43,9,2,2,0,1,0,0,40,0
46,13,0,0,1,0,99999,0,40,1
25,10,2,7,5,0,0,0,15,0
48,13,0,0,1,1,0,0,40,0
36,10,0,10,4,1,0,0,55,0
37,9,0,2,1,1,14344,0,40,1
42,14,2,9,0,1,0,0,50,1
60,12,2,0,0,1,0,0,24,0
37,10,2,13,0,1,0,0,55,1
44,12,0,12,1,1,0,0,40,0
32,6,2,2,0,1,0,0,40,0
29,13,4,0,3,0,0,0,40,0
42,14,2,9,0,1,0,0,35,1
17,7,4,5,3,1,0,0,12,0
41,8,2,7,5,0,0,0,10,0
34,10,2,3,5,0,0,1887,40,1
56,6,5,7,4,0,0,0,32,0
28,10,4,0,3,1,0,0,40,0
28,7,4,11,3,1,0,0,40,0
19,4,4,13,4,1,0,0,25,0
49,10,2,12,0,1,0,0,40,1
36,10,2,7,5,0,0,0,50,0
25,10,2,13,0,1,0,0,35,0
42,13,0,9,1,1,0,0,40,0
47,15,2,9,0,1,0,1977,50,1
26,10,2,10,0,1,0,0,40,0
35,10,2,3,0,1,0,0,58,0
37,9,2,2,0,1,0,0,45,0
39,9,4,10,3,1,4650,0,48,0
42,9,2,3,0,1,0,0,35,1
41,10,0,7,1,0,0,0,36,1
23,10,0,7,3,0,0,0,24,0
31,9,2,12,0,1,0,0,40,0
36,10,2,10,0,1,0,0,57,1
20,10,4,9,4,0,0,0,25,0
36,10,4,6,4,1,0,0,45,0
50,9,2,6,0,1,0,0,50,1
37,9,4,6,3,1,0,0,40,0
25,13,4,4,3,1,27828,0,50,1
39,10,0,7,4,0,0,0,60,0
32,9,2,4,5,0,0,0,40,0
59,10,6,0,1,0,0,0,35,0
29,13,2,2,0,1,3411,0,45,0
50,9,2,13,0,1,0,0,40,0
42,11,2,11,0,1,0,0,37,0
32,10,0,9,1,1,0,0,40,0
48,12,2,11,0,1,0,1902,40,1
20,9,2,2,0,1,3781,0,35,0
50,6,0,2,1,1,0,0,45,0
18,10,4,2,1,1,0,0,30,0
60,14,4,9,1,1,0,0,50,0
42,14,4,9,1,1,0,0,22,0
49,9,0,7,4,0,0,0,35,0
35,10,2,11,5,0,0,0,40,0
30,12,2,11,0,1,0,0,60,0
59,10,2,3,0,1,0,0,40,1
24,9,4,7,1,1,13550,0,50,1
55,12,0,0,4,0,0,0,40,0
19,9,4,0,3,0,0,0,20,0
39,9,2,2,0,1,0,0,40,0
48,10,0,3,4,0,0,0,40,0
44,13,2,9,0,1,7688,0,40,1
21,10,4,5,3,1,0,0,30,0
23,13,4,12,3,1,0,0,40,0
22,10,4,7,3,1,0,0,30,0
55,14,2,9,0,1,0,0,55,1
19,10,4,11,1,0,0,0,40,0
23,10,4,5,1,1,0,0,25,0
46,9,2,13,0,1,15024,0,44,1
23,13,4,0,1,0,0,0,23,0
47,14,2,3,0,1,15024,0,50,1
23,10,4,11,3,0,0,0,15,0
42,10,2,7,0,1,0,0,40,1
22,13,4,0,3,0,0,0,10,0
18,9,4,0,3,1,0,0,20,0
37,13,2,3,0,1,0,1977,50,1
34,5,2,2,0,1,0,0,50,0
30,12,5,7,4,0,0,0,40,0
62,10,6,4,4,0,0,0,50,0
51,10,2,5,0,1,0,0,40,0
34,9,2,7,0,1,0,0,30,0
28,14,4,9,3,1,0,0,40,0
56,6,4,5,1,1,0,0,40,0
46,9,0,12,1,0,0,0,30,0
46,10,2,12,0,1,0,1887,45,1
23,10,3,0,3,0,0,0,40,0
33,13,2,0,5,0,0,0,30,0
27,9,4,7,3,1,0,0,40,0
21,10,4,0,3,0,0,0,20,0
36,3,2,6,0,1,7298,0,40,1
37,13,0,9,1,0,0,0,36,0
39,7,2,7,0,1,0,0,40,0
36,9,2,13,0,1,7298,0,60,1
24,12,4,2,1,1,2354,0,40,0
26,12,4,3,3,0,0,0,40,0
37,9,0,11,1,0,0,0,60,0
34,9,2,2,0,1,0,0,50,0
33,9,0,3,4,0,0,0,40,0
33,9,2,10,0,1,0,0,30,0
20,9,4,11,3,0,0,0,8,0
26,10,0,0,4,0,0,0,38,0
47,9,2,0,5,0,0,0,20,1
17,7,4,11,3,0,0,0,20,0
53,11,2,3,0,1,0,1485,40,0
31,10,0,11,3,0,0,0,35,0
34,7,2,6,0,1,0,0,40,0
23,3,2,7,0,1,0,0,40,0
39,13,2,2,0,1,0,0,45,1
21,10,4,0,3,0,0,0,20,0
40,9,4,0,4,0,0,0,35,0
54,14,2,0,0,1,7298,0,40,1
32,13,2,9,0,1,0,2002,40,0
29,9,2,7,5,0,2635,0,40,0
27,13,2,10,0,1,0,0,45,1
54,10,4,3,1,1,0,0,40,1
23,9,0,8,4,0,0,0,40,0
38,14,2,3,0,1,0,0,48,1
54,9,2,7,5,0,0,0,35,0
21,10,4,9,3,1,0,1974,40,0
40,11,4,9,1,1,0,0,42,0
19,6,4,7,1,0,0,0,40,0
35,13,2,0,5,0,0,0,40,0
39,10,4,0,3,0,2174,0,45,0
41,8,2,5,0,1,0,0,40,1
26,10,4,0,1,0,0,0,40,0
35,9,0,7,1,0,0,0,45,0
70,10,2,2,0,1,0,0,25,0
45,6,2,11,0,1,0,0,40,0
83,9,6,10,1,1,0,0,55,0
59,9,5,7,1,0,0,0,40,0
18,5,4,7,3,1,0,0,15,0
31,9,2,0,0,1,0,0,40,0
43,14,2,9,5,0,0,0,45,1
24,13,4,9,1,0,0,0,40,0
33,11,2,6,0,1,0,0,50,0
48,14,4,9,1,0,0,0,52,0
27,13,2,3,0,1,0,0,40,0
41,9,2,2,0,1,0,0,40,0
25,9,2,7,5,0,0,0,25,0
53,9,0,13,1,1,0,0,40,1
66,15,2,9,0,1,0,0,50,0
31,10,2,2,0,1,0,0,40,1
30,13,3,0,1,1,0,0,40,0
22,9,0,13,1,1,0,0,40,0
47,13,2,11,0,1,15024,0,60,1
74,9,2,3,0,1,0,0,40,1
37,10,2,0,0,1,0,1485,70,1
35,10,5,4,1,1,4101,0,60,0
51,13,2,3,0,1,0,1672,70,0
40,10,5,7,1,0,0,0,40,0
51,16,2,9,0,1,0,1887,40,1
26,6,2,5,5,0,0,0,40,0
53,12,4,0,4,0,0,0,40,0
32,9,2,2,0,1,3781,0,40,0
29,10,2,2,0,1,0,0,40,0
42,9,5,0,1,1,0,0,40,0
22,10,4,13,1,1,0,0,32,0
33,9,0,0,1,0,0,0,40,0
21,9,4,13,3,1,0,0,20,0
46,13,2,9,0,1,0,0,45,1
25,7,4,5,1,1,0,0,40,0
29,3,2,7,0,1,0,0,40,0
29,13,4,9,1,1,0,0,48,0
33,16,0,11,1,1,99999,0,60,1
50,12,0,2,1,1,0,0,40,0
22,9,4,0,1,0,0,0,40,0
40,9,0,2,1,1,0,0,40,0
28,9,2,6,0,1,0,0,45,0
54,9,2,0,0,1,0,0,40,0
29,9,2,2,0,1,0,0,40,0
49,9,6,6,4,0,0,0,40,0
46,7,6,7,1,0,0,0,27,0
71,6,2,2,0,1,0,0,8,0
27,10,2,4,0,1,0,0,80,0
56,9,4,0,1,0,0,0,40,0
64,9,2,12,0,1,0,0,60,1
23,10,2,3,5,0,0,0,25,0
36,13,2,9,0,1,0,0,40,1
39,14,2,9,0,1,0,0,45,1
26,9,4,3,1,1,0,0,40,0
31,12,2,12,0,1,0,0,40,0
36,13,0,0,4,0,0,0,40,0
43,9,2,2,0,1,0,0,40,1
25,10,4,0,1,0,0,0,50,0
27,9,2,6,0,1,0,0,40,0
24,8,4,11,1,1,0,0,40,0
50,12,2,10,0,1,0,0,20,0
30,9,2,2,0,1,0,0,40,0
24,7,4,5,1,1,0,0,40,0
41,14,0,9,4,0,7430,0,36,1
29,10,4,3,1,1,0,0,45,0
31,10,2,3,0,1,0,0,40,0
54,10,0,3,1,0,0,0,40,0
20,7,2,11,2,0,0,0,50,0
37,9,4,7,3,1,0,0,40,0
28,9,4,7,3,1,0,0,30,0
39,9,2,0,5,0,0,0,40,1
46,10,4,3,1,0,0,0,40,0
35,13,5,3,4,0,0,0,42,0
36,10,2,11,0,1,99999,0,20,1
44,14,2,3,0,1,0,0,40,1
34,13,0,3,1,1,0,0,50,0
28,9,2,11,0,1,0,0,50,1
38,15,2,9,0,1,0,0,45,1
35,13,2,11,0,1,0,0,52,1
61,9,4,0,1,0,0,0,40,0
45,10,0,11,4,0,0,0,40,0
36,9,2,13,0,1,0,0,40,0
34,9,4,13,4,1,0,0,30,0
27,11,2,11,0,1,0,0,60,0
22,6,4,2,4,1,0,0,40,0
26,13,4,12,1,0,0,0,40,0
19,7,4,7,2,0,0,0,15,0
36,9,0,4,1,1,0,0,40,0
51,13,0,3,1,1,14084,0,50,1
63,9,2,2,0,1,99999,0,40,1
51,9,2,0,0,1,0,0,40,0
20,10,4,0,3,0,0,0,25,0
42,11,2,9,0,1,0,0,50,0
25,10,2,2,0,1,0,0,40,0
40,11,0,0,4,0,0,0,50,0
49,9,4,5,3,1,0,0,80,0
46,9,5,6,3,0,0,0,40,0
32,9,5,11,1,1,0,0,50,0
28,10,2,5,0,1,0,0,40,0
19,9,4,0,3,0,0,0,25,0
18,7,4,0,3,1,0,0,20,0
39,9,4,11,1,1,0,0,55,0
60,13,0,9,1,0,0,0,30,0
46,13,0,9,1,0,0,1408,40,0
38,4,2,6,5,0,0,0,50,1
36,9,2,6,0,1,0,0,44,1
45,10,2,11,0,1,0,0,40,0
60,13,0,9,1,0,0,2339,40,0
30,7,2,2,0,1,0,0,40,0
22,10,4,12,1,0,0,0,43,0
23,10,4,3,1,1,0,0,45,0
48,10,4,9,1,0,0,0,24,0
46,9,2,7,3,0,0,0,15,0
43,14,2,3,0,1,0,0,45,1
25,9,2,13,3,1,0,0,40,0
50,10,4,9,1,1,0,0,40,0
61,9,0,11,1,1,0,0,55,0
35,13,4,11,1,1,0,0,50,0
65,10,0,3,1,0,0,0,40,0
56,9,2,13,0,1,0,0,45,0
43,13,2,6,5,0,0,0,80,0
55,9,2,13,0,1,0,0,50,0
22,10,4,0,3,0,0,0,40,0
40,10,0,6,3,1,0,0,32,0
35,9,2,4,0,1,0,1672,50,0
20,5,2,6,0,1,0,0,40,0
46,8,2,7,0,1,0,0,35,1
43,9,5,13,4,1,0,0,40,0
39,7,2,7,0,1,2635,0,37,0
34,9,4,3,4,0,0,0,20,0
35,9,0,7,1,0,0,0,35,0
30,9,4,0,4,1,0,0,41,0
25,9,4,6,1,1,0,0,28,0
44,14,2,3,0,1,0,0,35,1
35,9,0,0,4,0,0,0,40,0
41,9,2,5,0,1,0,0,40,0
43,13,2,0,0,1,7298,0,40,1
32,10,4,0,1,0,0,0,40,0
50,4,2,2,0,1,0,0,40,0
20,10,4,0,3,0,0,0,15,0
29,9,2,0,5,0,0,0,20,0
38,15,2,9,0,1,99999,0,70,1
20,6,4,5,4,1,0,0,50,0
41,9,4,11,4,0,0,0,40,0
27,10,4,3,1,0,0,0,65,0
37,5,2,2,0,1,0,0,40,0
31,6,0,7,1,1,0,0,40,0
49,10,0,0,1,0,0,0,40,0
33,13,4,9,1,0,0,0,50,0
31,9,2,2,0,1,0,1848,40,1
19,10,4,7,2,0,0,0,35,0
44,4,2,6,0,1,0,0,40,0
31,10,4,3,1,1,0,0,65,1
62,9,6,4,4,0,0,0,40,0
65,10,2,3,0,1,0,2174,10,1
17,5,2,7,0,1,0,0,40,0
60,9,2,13,0,1,0,0,44,1
31,7,2,2,0,1,0,0,40,0
29,10,4,7,4,0,0,0,40,0
53,9,2,6,0,1,0,0,40,1
44,10,2,11,0,1,0,0,40,1
43,7,2,11,0,1,0,0,60,0
40,10,2,2,0,1,0,1579,40,0
18,7,4,11,3,0,0,0,10,0
47,9,0,2,4,0,0,0,43,0
38,13,2,9,0,1,4064,0,40,0
37,12,2,7,5,0,0,0,25,0
40,10,5,11,1,0,0,0,40,0
57,9,2,9,0,1,0,0,60,1
43,9,5,7,1,0,4101,0,40,0
32,13,2,9,0,1,0,0,40,0
64,10,2,11,0,1,0,0,40,0
18,8,4,11,3,0,0,0,20,0
40,13,4,3,1,1,0,0,50,0
23,9,4,6,1,1,0,0,40,0
45,11,0,0,4,0,0,0,40,0
45,14,0,9,1,0,0,0,15,0
27,6,4,7,1,1,0,0,60,0
23,10,3,5,4,1,0,0,40,0
58,9,2,4,0,1,0,0,30,0
35,9,0,12,4,0,0,0,75,0
47,14,0,9,1,1,0,0,40,1
33,9,2,3,0,1,0,0,50,0
27,13,5,9,1,1,0,0,40,1
46,12,2,6,0,1,0,0,40,1
24,10,2,2,0,1,0,0,56,0
40,10,2,2,0,1,0,0,44,1
44,9,4,7,3,0,0,0,24,0
31,13,2,10,0,1,0,0,97,1
37,11,2,0,0,1,7688,0,40,1
23,11,5,3,3,0,0,0,40,0
30,13,2,11,0,1,0,0,52,1
31,10,2,7,0,1,0,0,35,0
32,10,2,3,0,1,3464,0,40,0
27,9,4,13,3,1,0,0,40,0
35,9,4,0,4,1,0,0,55,0
27,13,4,3,1,1,0,1876,40,0
33,9,4,4,3,1,0,0,70,0
34,16,2,9,0,1,0,0,45,1
29,10,2,2,0,1,0,0,50,0
26,14,4,9,1,0,2174,0,40,0
39,9,4,2,3,1,0,0,40,0
37,10,2,3,0,1,3103,0,50,1
51,10,0,3,1,0,0,0,50,1
40,10,5,2,4,1,4934,0,47,1
53,4,2,2,0,1,0,0,40,0
58,10,2,12,0,1,0,1485,40,1
29,13,2,12,0,1,0,0,40,1
33,9,2,6,0,1,0,0,40,0
57,14,2,3,0,1,0,0,60,1
69,9,2,10,0,1,0,0,40,0
20,10,4,0,3,0,0,0,12,0
56,9,6,11,4,0,0,0,25,0
49,3,2,2,0,1,0,0,40,0
34,9,2,6,0,1,0,0,40,0
70,9,2,2,0,1,0,0,37,0
44,13,0,3,4,0,0,0,45,0
37,13,4,9,1,1,10520,0,40,1
58,13,2,9,0,1,0,0,58,0
42,10,2,9,3,0,0,0,25,0
41,9,2,11,0,1,0,0,40,0
28,9,4,0,1,0,0,0,40,0
47,14,2,9,0,1,7688,0,60,1
24,9,2,6,5,0,0,0,40,0
58,9,2,7,0,1,7688,0,55,1
18,9,4,0,3,0,0,0,25,0
50,10,2,3,0,1,0,0,50,1
69,10,6,0,1,0,2050,0,24,0
84,14,4,9,1,1,0,0,66,0
47,13,2,3,0,1,0,0,60,1
19,8,4,5,3,1,0,0,20,0
24,10,4,9,1,1,0,0,40,0
53,9,0,6,1,1,0,0,50,0
58,10,2,11,0,1,0,0,45,0
22,10,4,5,2,1,0,0,24,0
36,10,2,3,0,1,0,0,52,0
34,8,4,0,4,0,0,0,40,0
43,2,6,9,4,0,0,0,21,0
37,9,2,5,0,1,0,0,24,0
43,15,5,12,1,1,0,0,50,1
42,10,2,12,5,0,0,0,40,1
21,10,4,7,3,1,0,0,30,0
49,9,2,11,0,1,0,0,60,0
35,9,2,7,2,1,0,0,40,0
49,10,6,2,4,0,0,0,30,0
28,10,4,7,1,1,0,0,40,0
51,2,2,2,0,1,0,0,40,0
19,4,4,7,1,1,0,0,60,1
56,5,2,7,0,1,0,0,40,0
20,9,4,7,1,1,0,0,8,0
22,10,4,0,3,0,0,0,37,0
33,9,2,6,0,1,99999,0,56,1
22,10,4,2,1,1,0,0,50,0
68,10,0,8,2,0,0,0,30,0
56,13,0,3,4,0,0,0,40,0
69,5,2,0,0,1,0,0,40,0
41,13,4,12,1,1,0,0,40,0
33,9,4,6,4,0,0,0,40,0
18,7,4,11,3,0,0,0,8,0
17,7,4,7,3,1,0,0,16,0
31,7,0,5,2,1,0,1721,40,0
50,10,2,12,0,1,0,0,60,1
62,6,6,5,1,0,0,0,40,0
41,9,0,0,4,0,0,0,52,0
20,9,4,7,1,0,0,0,40,0
23,12,4,11,3,1,0,0,30,0
18,9,4,7,1,1,0,0,20,0
42,5,2,2,0,1,0,0,40,0
23,13,4,9,1,1,0,0,40,0
43,9,0,0,2,0,0,0,40,0
47,9,2,11,0,1,0,0,55,0
53,3,2,7,0,1,0,0,40,0
28,6,4,5,1,1,0,0,40,0
28,10,2,10,0,1,0,0,40,0
44,10,2,9,0,1,0,0,45,0
58,9,2,6,0,1,0,0,40,0
26,9,4,6,4,0,0,0,40,0
36,10,2,4,0,1,3456,0,8,0
27,9,0,7,1,0,0,0,40,0
39,16,2,3,0,1,0,0,45,1
25,13,2,3,0,1,0,0,40,0
17,7,4,7,3,0,0,0,15,0
39,13,0,3,1,1,0,0,50,0
52,9,2,6,0,1,0,0,40,0
24,13,4,11,1,0,0,0,50,0
26,11,2,4,0,1,0,0,55,0
32,9,2,5,0,1,0,0,40,1
49,14,2,10,0,1,0,0,40,1
40,7,2,4,0,1,0,0,40,0
52,15,0,3,1,1,0,2559,60,1
33,9,4,0,1,1,0,0,40,0
19,9,2,6,2,1,0,0,20,0
37,11,2,9,0,1,0,0,40,0
21,10,4,12,3,0,0,0,20,0
33,10,4,0,1,1,0,0,36,0
28,12,0,9,1,0,0,0,40,0
48,9,2,2,0,1,0,1579,40,0
43,13,5,12,1,1,0,0,40,0
32,9,2,6,0,1,0,0,40,0
28,9,4,7,3,1,0,0,30,0
47,13,2,9,0,1,0,0,40,0
37,13,2,0,0,1,0,0,50,1
26,10,5,11,2,1,0,0,30,0
55,9,2,7,0,1,0,0,60,0
40,12,0,11,4,0,0,0,40,0
31,13,2,3,0,1,0,0,40,1
39,9,2,7,0,1,0,0,40,1
54,10,2,11,0,1,0,0,54,1
38,10,2,11,0,1,0,0,40,0
53,9,2,4,0,1,0,0,85,0
27,12,4,9,1,0,0,0,78,0
42,13,2,3,0,1,0,0,40,1
62,10,0,0,1,0,0,0,40,0
47,7,2,0,0,1,0,1485,58,0
26,13,4,3,1,0,0,0,50,0
59,10,0,7,1,1,0,0,40,0
42,9,0,9,1,0,0,0,45,0
25,13,2,9,0,1,0,0,45,1
58,9,0,11,1,1,0,0,36,0
30,10,4,11,1,0,0,0,60,0
21,10,4,2,3,0,0,0,40,0
61,9,2,10,0,1,0,0,40,0
33,12,2,5,0,1,0,0,40,0
51,14,2,12,0,1,0,0,40,1
70,10,6,3,1,0,0,0,12,0
29,10,0,2,1,1,2202,0,50,0
46,14,6,9,1,0,0,0,44,0
35,10,0,3,4,0,0,0,40,0
31,9,2,2,0,1,0,0,43,1
37,10,2,3,0,1,0,0,42,1
43,10,2,11,0,1,0,0,43,1
23,9,4,11,1,1,0,0,40,0
41,9,0,2,1,1,13550,0,44,1
42,13,2,9,5,0,0,0,50,1
26,6,4,0,1,0,2907,0,40,0
45,10,2,3,0,1,0,0,40,1
25,12,2,11,0,1,0,0,40,0
38,13,2,6,0,1,0,0,50,1
28,9,4,3,1,0,0,0,50,0
68,11,2,9,0,1,0,2149,40,0
42,9,2,2,0,1,0,0,40,1
35,14,2,11,0,1,0,0,40,0
36,10,0,0,4,0,0,0,40,0
33,9,2,2,0,1,0,0,35,0
22,10,4,0,1,0,0,0,30,0
45,13,2,10,0,1,0,0,50,1
24,10,4,7,1,0,0,0,40,0
36,9,2,9,0,1,15024,0,40,1
41,9,4,0,1,0,0,0,40,0
26,10,4,9,3,0,0,0,35,0
25,10,4,4,3,0,0,0,50,0
53,10,2,4,0,1,0,0,50,0
28,12,6,9,4,1,0,0,40,0
30,14,4,9,1,0,0,0,40,0
38,7,2,2,0,1,0,0,40,0
37,10,0,10,4,1,0,0,48,0
30,14,2,9,0,1,0,0,38,0
31,10,0,2,1,1,0,0,80,0
36,9,2,2,0,1,3908,0,55,0
59,9,2,3,0,1,0,0,60,0
33,9,2,2,0,1,0,0,35,0
29,9,2,11,0,1,0,1887,55,1
49,10,2,6,0,1,0,0,40,1
50,6,5,2,1,1,0,0,56,0
33,13,2,3,0,1,0,1902,45,1
28,4,2,5,0,1,0,0,40,0
24,10,4,12,1,0,0,0,16,0
32,10,2,2,0,1,0,0,50,0
47,9,2,13,0,1,0,0,40,1
24,10,4,3,3,1,0,0,40,0
37,10,2,12,5,0,7298,0,36,1
51,13,2,11,0,1,0,0,40,1
52,9,2,13,0,1,0,0,50,0
22,10,4,0,1,0,0,0,40,0
28,12,4,7,1,1,0,0,40,0
47,10,2,2,0,1,0,0,40,0
43,9,2,2,0,1,0,0,40,0
25,9,4,3,1,1,0,0,45,0
43,10,2,13,0,1,0,0,60,1
25,13,4,3,3,0,0,0,20,0
59,14,2,9,0,1,0,0,60,0
29,12,0,9,4,0,0,0,35,0
30,5,2,6,5,0,0,0,40,0
24,10,2,6,5,0,0,0,40,0
38,13,4,7,1,1,0,0,40,0
37,9,2,3,0,1,0,0,60,1
26,1,3,6,1,1,0,1719,40,0
30,9,4,7,4,0,0,0,40,0
73,14,2,9,0,1,0,0,10,1
30,9,2,6,0,1,0,0,40,0
33,9,2,7,0,1,0,0,40,0
46,10,2,13,0,1,0,0,58,0
18,7,4,7,3,1,0,0,40,0
22,9,4,0,3,0,0,0,40,0
50,9,2,11,0,1,0,0,60,0
39,13,2,3,0,1,7298,0,40,1
22,10,4,11,3,1,0,0,40,0
33,9,4,0,4,0,0,0,40,0
31,9,4,5,3,0,0,0,40,0
29,13,4,0,3,1,0,0,40,0
38,10,2,6,0,1,0,0,45,1
24,13,4,11,3,0,0,0,35,0
29,9,5,10,2,0,0,0,40,0
49,14,2,0,0,1,0,0,40,1
33,4,2,6,0,1,0,0,40,0
28,9,4,6,1,1,0,0,48,0
22,13,4,0,3,0,0,0,60,0
37,9,2,6,0,1,0,0,40,0
30,9,2,2,0,1,0,0,50,0
49,4,2,2,0,1,0,0,40,0
29,9,2,3,0,1,0,0,40,0
25,9,5,3,4,0,0,0,40,0
36,9,3,0,4,0,0,0,40,0
36,16,4,9,1,1,0,0,45,0
21,9,4,7,3,1,0,0,22,0
18,10,4,7,3,0,0,0,30,0
30,11,4,10,1,1,0,0,40,0
44,10,4,0,3,0,0,0,40,0
40,10,2,13,0,1,0,0,50,0
43,9,2,3,0,1,0,0,44,0
45,13,2,3,0,1,0,0,50,1
29,10,3,11,3,0,0,0,26,0
40,10,2,0,5,0,0,0,40,0
43,10,2,7,0,1,0,0,48,0
20,10,4,7,1,0,0,0,20,0
32,13,2,12,0,1,0,0,20,0
19,10,4,7,3,0,0,0,16,0
21,9,4,6,3,1,0,0,40,0
23,11,2,5,0,1,0,0,40,0
24,7,4,7,1,0,0,0,40,0
52,11,0,7,1,1,0,0,32,0
19,10,4,7,1,1,0,0,35,0
54,10,2,11,0,1,0,0,45,1
50,9,0,6,2,0,0,0,48,0
29,10,0,6,1,1,0,0,40,0
17,6,4,12,3,1,0,0,10,0
47,9,0,7,4,0,0,0,37,0
46,13,0,9,4,0,0,0,32,0
30,10,2,5,0,1,0,0,44,0
58,10,2,7,5,0,0,0,30,0
48,13,0,9,1,0,0,0,40,0
23,10,4,10,3,1,0,0,40,0
23,11,4,0,3,0,0,0,36,0
45,9,2,2,0,1,0,0,40,0
20,10,4,11,3,1,0,0,20,0
26,4,4,6,3,1,0,0,48,0
50,13,4,9,3,0,0,0,40,1
49,9,2,11,0,1,0,0,48,1
26,10,4,7,2,1,0,0,40,0
47,15,0,0,1,1,0,0,40,0
31,8,4,11,1,1,4650,0,50,0
35,9,2,2,0,1,0,1740,40,0
46,10,2,2,0,1,0,1902,50,1
28,7,4,2,1,1,0,0,40,0
58,10,2,3,0,1,7688,0,45,1
21,9,4,0,3,0,0,0,40,0
50,6,0,11,1,0,0,0,50,0
31,13,4,9,1,0,0,0,40,0
31,13,2,0,5,0,0,0,20,0
35,9,2,2,0,1,3103,0,40,1
33,16,2,9,0,1,0,0,60,1
34,14,2,9,0,1,7688,0,55,1
37,9,2,5,0,1,0,0,45,1
48,14,2,9,0,1,0,0,40,1
34,13,4,3,4,1,1471,0,40,0
24,10,4,3,3,1,0,0,40,0
55,9,0,8,1,0,0,0,40,0
50,9,2,12,0,1,0,1848,40,1
40,13,2,11,0,1,0,1977,60,1
33,13,4,5,1,1,0,0,30,0
51,10,2,2,0,1,0,0,40,0
30,10,4,6,1,1,0,0,40,0
41,9,2,6,0,1,0,0,40,0
47,11,2,3,0,1,0,0,40,1
37,13,5,9,4,0,4934,0,32,1
40,11,2,2,0,1,0,0,40,0
36,9,2,6,0,1,0,0,40,0
37,9,2,6,0,1,0,0,40,0
38,15,5,9,1,1,0,0,35,1
40,10,2,2,0,1,0,0,50,0
35,13,0,3,4,0,0,0,40,0
47,9,2,6,5,0,0,0,20,1
33,14,2,9,0,1,0,0,45,1
45,10,0,0,1,0,0,0,40,0
35,9,4,11,4,0,0,0,38,0
32,7,2,0,0,1,0,0,45,0
23,10,2,7,0,1,0,0,50,0
19,9,4,7,3,0,0,0,15,0
20,9,4,5,3,1,0,0,35,0
44,13,2,11,0,1,0,0,30,0
41,9,2,0,0,1,3464,0,40,0
19,10,4,0,2,0,0,0,40,0
48,9,0,7,1,0,0,0,35,0
45,10,2,11,0,1,0,0,65,1
40,4,2,7,0,1,0,0,42,0
34,9,2,2,0,1,0,0,55,1
20,10,4,11,2,0,0,0,40,0
33,10,5,0,4,0,0,0,40,0
30,9,2,0,3,0,0,0,20,0
23,10,4,5,3,1,0,0,32,0
34,6,0,7,4,0,0,0,38,0
48,10,2,2,0,1,0,0,40,1
42,10,2,2,0,1,0,0,40,1
22,9,4,0,3,1,0,0,40,0
60,9,2,2,0,1,0,0,42,1
42,13,2,3,0,1,0,0,55,1
45,13,5,3,1,0,0,0,55,0
47,9,0,7,3,0,0,0,32,0
29,14,2,3,5,0,0,0,40,1
34,13,4,11,1,1,0,0,38,0
34,13,0,9,4,0,0,0,40,1
39,9,2,0,0,1,0,0,40,0
29,10,0,9,4,0,0,0,24,0
42,10,4,11,1,1,0,0,60,0
48,7,5,7,1,0,0,0,35,0
53,13,2,3,0,1,0,1902,40,1
51,10,6,0,4,0,0,0,45,0
44,13,2,4,0,1,0,0,90,0
46,11,2,3,0,1,0,0,60,1
51,16,0,2,1,0,4787,0,60,1
32,10,4,2,1,0,0,0,40,0
24,10,4,7,1,1,0,0,45,0
33,11,4,9,4,0,0,0,26,0
47,9,1,2,0,1,0,0,90,0
64,14,0,9,1,1,0,0,50,0
62,13,2,3,0,1,0,0,50,1
52,9,2,3,0,1,0,0,40,1
39,9,4,11,1,0,0,0,40,0
42,9,2,9,0,1,0,0,48,0
38,13,2,11,0,1,7688,0,42,1
55,4,2,13,0,1,0,0,50,0
42,12,0,9,1,0,0,0,24,0
30,12,2,3,5,0,0,0,50,1
32,5,2,2,0,1,0,0,40,0
50,7,4,11,1,0,3674,0,40,0
27,9,4,6,3,1,0,0,40,0
47,9,2,3,0,1,0,0,60,0
33,5,0,6,1,1,0,0,35,0
48,10,4,0,1,1,0,0,40,0
23,4,4,7,3,1,0,0,35,0
31,13,2,3,0,1,0,0,40,1
26,10,2,6,0,1,0,0,40,0
61,9,2,11,0,1,0,0,63,0
50,13,0,11,4,1,0,0,40,0
49,11,2,9,0,1,0,0,40,1
19,9,4,7,2,1,0,0,24,0
18,7,4,5,3,1,0,0,15,0
44,12,2,7,5,0,0,0,99,0
54,11,2,11,0,1,0,0,50,0
35,9,2,10,0,1,0,0,40,1
27,14,4,9,1,1,0,0,20,0
50,9,2,4,0,1,0,0,50,0
43,9,2,2,0,1,0,0,40,0
28,10,0,0,4,1,0,0,40,0
47,9,2,3,0,1,0,0,40,0
21,1,4,4,1,1,0,0,50,0
30,15,4,9,1,0,0,0,45,0
19,9,4,2,3,1,0,0,45,0
40,10,2,7,0,1,0,1485,40,0
55,14,2,11,0,1,0,0,50,1
31,11,0,6,4,1,0,0,43,0
30,11,0,3,1,1,0,0,40,0
51,13,4,9,1,0,0,0,43,0
34,9,0,13,3,0,0,0,40,0
59,14,2,3,0,1,0,0,45,1
50,9,0,3,4,0,0,0,38,0
29,9,0,6,4,1,0,0,40,0
17,6,4,4,3,1,0,0,40,0
24,9,4,7,3,0,0,0,30,0
39,14,2,9,5,0,0,1902,18,1
32,10,0,5,4,1,0,0,40,0
34,9,4,6,1,0,0,0,45,0
44,9,2,9,0,1,0,1902,40,1
37,10,0,0,4,0,0,0,40,0
39,14,2,3,5,0,0,2415,65,1
32,15,2,9,0,1,0,0,40,1
23,10,4,7,1,0,0,0,28,0
45,10,0,0,4,1,0,0,42,0
30,7,0,5,3,1,0,0,40,0
20,8,0,7,1,0,0,0,10,0
41,9,2,2,0,1,0,0,4,0
21,9,4,11,3,0,0,0,30,0
48,4,2,7,0,1,0,0,30,0
31,9,2,9,0,1,5178,0,45,1
34,11,4,5,1,1,0,0,40,0
25,9,5,7,4,1,0,0,40,0
41,13,5,2,1,1,0,0,35,0
35,15,2,9,0,1,0,0,50,1
42,13,0,3,4,0,0,0,40,0
34,9,2,13,0,1,0,0,75,1
44,6,2,6,0,1,4386,0,60,0
32,13,2,3,0,1,0,0,40,1
25,10,4,11,3,1,0,0,40,0
23,7,2,13,0,1,0,0,50,0
36,15,4,9,1,1,0,0,40,1
53,13,4,11,4,1,0,0,60,1
27,16,4,9,1,1,0,0,52,0
27,13,4,0,1,0,0,0,65,0
57,9,4,3,1,0,0,0,45,0
17,7,4,11,3,0,0,0,20,0
59,9,0,0,4,0,0,0,38,0
34,9,4,7,3,0,0,0,40,0
30,6,2,13,0,1,0,0,55,0
31,12,4,0,3,0,0,0,45,0
23,10,4,11,1,1,0,0,30,0
19,9,4,13,3,1,0,0,40,0
20,11,4,4,3,1,0,0,40,0
52,9,0,11,1,1,0,0,40,0
39,13,2,9,0,1,0,0,50,1
27,9,5,7,4,0,0,0,50,0
19,10,4,11,1,0,0,0,35,0
38,13,2,9,5,0,0,0,15,0
19,9,4,5,3,1,0,0,16,0
34,13,2,9,5,0,0,1887,40,1
23,9,2,6,3,0,2105,0,40,0
24,13,4,0,1,0,0,0,40,0
22,6,4,13,1,1,0,0,84,0
45,15,2,9,0,1,0,0,60,1
45,9,2,3,0,1,0,0,60,1
48,13,2,3,0,1,0,0,40,1
42,13,2,11,0,1,0,0,60,0
35,10,2,11,0,1,0,0,50,0
32,9,0,7,4,0,0,0,40,0
51,9,2,3,5,0,0,0,32,0
59,10,2,3,0,1,0,0,40,1
31,9,4,13,3,1,0,0,40,0
27,13,4,12,1,1,0,0,50,0
57,12,6,0,1,0,0,0,35,0
40,9,4,7,1,1,0,0,40,0
31,9,0,6,1,1,0,0,40,0
23,4,4,6,3,1,0,0,40,0
42,9,5,0,4,0,0,0,35,0
60,9,2,11,0,1,0,0,40,0
53,14,4,3,1,0,14344,0,50,1
27,9,4,5,3,1,0,0,40,0
31,9,2,13,0,1,0,0,45,0
29,13,4,2,1,1,0,0,40,0
22,13,4,4,3,1,0,0,40,0
42,13,4,9,1,0,0,1564,38,1
63,15,2,9,0,1,15024,0,50,1
28,9,2,11,0,1,0,0,40,0
79,10,2,0,0,1,0,0,20,0
39,9,2,2,0,1,7298,0,40,1
29,8,4,7,1,1,0,0,40,0
60,4,0,7,1,1,0,0,40,0
58,8,2,7,5,0,0,0,24,0
20,12,4,7,3,0,0,2205,18,0
44,9,2,13,0,1,0,0,65,1
47,9,2,13,0,1,0,0,48,0
59,9,2,10,0,1,0,0,24,1
37,14,0,3,1,1,0,0,65,0
21,9,5,6,2,1,0,0,40,0
68,11,6,3,1,0,0,0,40,0
43,10,2,0,0,1,5013,0,40,0
23,9,4,2,4,0,0,0,33,0
40,14,4,0,1,0,0,1876,35,0
45,10,4,11,3,0,0,0,35,0
22,10,4,12,3,1,0,0,40,0
38,13,2,9,0,1,0,0,50,1
24,10,4,11,1,1,0,0,49,0
23,9,2,11,5,0,0,0,40,0
39,10,2,0,2,1,0,0,45,1
26,10,4,2,1,1,0,0,40,0
24,9,4,5,4,1,0,0,40,0
22,10,4,0,3,1,0,0,25,0
36,13,2,9,0,1,0,0,55,0
20,10,4,8,3,0,0,0,20,0
18,7,4,7,3,1,0,0,8,0
38,13,2,3,0,1,0,0,40,1
43,13,0,4,1,1,0,0,35,0
42,14,2,3,0,1,0,0,40,1
35,13,2,3,0,1,0,0,50,1
31,10,0,0,1,0,0,0,45,0
73,2,2,13,0,1,0,1735,20,0
32,10,0,3,4,0,0,0,42,0
37,14,2,3,0,1,15024,0,45,1
66,9,2,5,0,1,0,0,10,0
22,9,4,7,3,0,0,0,35,0
51,11,2,11,0,1,0,0,40,0
31,9,4,7,3,1,0,0,35,0
65,9,0,0,4,0,0,2206,59,0
39,9,2,2,5,0,0,0,45,0
48,10,2,0,5,0,0,0,37,0
20,10,4,7,1,0,0,0,40,0
48,13,2,11,0,1,4386,0,50,1
29,15,2,9,0,1,0,0,80,0
35,13,2,3,0,1,0,0,45,1
31,10,2,13,0,1,0,0,40,1
48,9,2,10,0,1,0,0,40,0
36,11,4,12,1,1,0,0,45,0
40,9,2,4,0,1,0,0,50,0
57,9,2,9,0,1,0,0,15,0
26,13,4,9,1,0,4865,0,35,0
37,9,4,7,3,0,0,0,40,0
65,16,2,3,0,1,0,0,40,1
26,6,4,9,1,0,0,0,32,0
42,10,2,12,0,1,0,0,40,0
47,14,2,3,0,1,0,0,40,1
62,4,0,2,3,1,0,0,40,0
27,11,4,3,3,1,0,0,50,0
76,10,6,11,1,1,0,0,8,0
29,13,4,0,3,0,0,0,40,0
29,8,2,13,0,1,0,0,40,1
32,6,4,6,3,1,0,0,40,0
22,10,2,2,0,1,0,0,40,0
30,9,4,0,1,0,0,0,50,0
43,10,0,0,1,0,0,0,40,0
23,13,2,7,0,1,0,0,20,0
44,15,2,9,0,1,0,0,40,1
41,13,0,7,1,1,0,0,40,0
49,14,0,9,4,0,7430,0,40,1
30,9,4,13,1,1,0,0,45,1
23,10,4,5,3,1,0,0,35,0
39,9,6,0,3,0,0,0,40,0
32,13,2,11,0,1,0,0,60,1
50,10,2,2,0,1,0,1887,35,1
19,10,4,0,3,0,0,0,40,0
35,13,2,11,0,1,0,0,52,1
23,9,4,2,1,1,0,0,40,0
25,10,4,2,1,1,0,0,40,0
40,9,0,11,1,0,0,0,40,0
30,13,2,3,0,1,0,0,42,1
52,10,2,2,0,1,0,0,40,1
49,10,2,6,0,1,0,0,60,0
24,13,4,0,3,0,0,0,40,0
46,13,2,3,0,1,15024,0,40,1
39,13,2,11,0,1,0,0,50,1
45,13,2,3,0,1,0,0,50,1
62,13,2,0,5,0,0,1258,38,0
43,13,2,9,0,1,0,1977,50,1
45,10,0,6,4,0,0,0,40,0
62,9,2,11,0,1,0,0,40,0
48,3,4,5,1,1,0,0,40,0
56,9,0,7,4,0,0,0,40,0
28,9,4,4,4,0,0,0,35,0
23,9,4,2,3,1,0,0,40,0
43,9,0,7,1,0,0,0,35,0
26,13,2,2,0,1,0,0,40,1
36,9,2,11,0,1,0,0,50,1
55,16,4,9,1,0,0,0,60,0
48,13,4,3,1,0,0,0,50,0
38,11,2,3,0,1,0,0,45,1
18,9,4,11,1,1,0,0,30,0
56,9,3,3,1,1,0,0,70,0
39,14,4,9,1,1,0,0,40,0
46,3,5,5,1,1,0,0,50,0
36,7,4,13,4,1,0,0,65,0
42,9,2,2,0,1,0,2002,40,0
50,9,2,13,0,1,0,0,50,1
17,7,4,5,3,1,0,0,20,0
57,4,6,6,4,0,0,0,40,0
73,9,6,7,2,0,0,0,12,0
50,10,4,0,1,1,0,0,40,0
35,10,4,13,3,1,0,0,45,0
27,10,2,6,0,1,0,0,45,0
27,10,4,2,3,1,0,0,40,0
23,9,4,2,3,1,0,0,40,0
25,9,4,0,3,0,0,0,40,0
51,13,2,3,0,1,0,0,40,1
26,6,2,0,5,0,0,0,40,0
47,10,2,0,0,1,0,0,45,0
40,9,0,7,1,1,0,0,40,0
58,5,0,7,4,0,0,0,40,0
25,10,4,11,3,0,0,0,40,0
29,9,2,11,5,0,0,0,18,0
36,7,2,13,0,1,0,0,43,0
46,9,0,3,1,0,0,0,60,0
69,2,6,8,1,0,0,0,4,0
69,9,6,0,1,0,1848,0,40,0
28,9,4,7,3,0,0,0,40,0
20,9,4,0,3,1,0,0,48,0
54,9,5,0,4,0,3887,0,35,0
25,10,4,13,3,1,0,0,40,0
64,9,2,5,0,1,3471,0,40,0
17,9,4,11,3,0,0,0,20,0
53,9,2,0,0,1,0,0,40,0
50,5,0,13,1,1,0,0,50,0
57,9,2,3,5,0,0,0,38,0
51,10,2,13,0,1,0,2603,40,0
47,10,2,2,0,1,0,0,40,0
25,9,4,13,4,1,0,0,52,0
50,15,2,3,0,1,0,0,52,1
20,9,4,0,3,0,0,0,30,0
43,15,2,9,0,1,0,1977,70,1
46,13,4,9,1,0,0,0,40,0
54,9,5,0,4,0,0,0,38,0
53,10,5,3,4,0,0,0,15,0
21,9,4,2,3,1,0,0,30,0
58,10,0,7,1,1,0,0,40,0
30,13,2,11,0,1,0,0,55,1
61,9,2,0,5,0,0,0,40,0
56,10,0,0,1,0,0,0,35,0
59,9,0,7,4,0,0,0,40,0
72,9,2,5,0,1,0,0,20,0
33,9,4,0,1,1,0,0,40,0
46,9,2,0,5,0,0,0,40,1
46,10,2,10,0,1,0,0,38,1
48,9,4,9,4,0,0,0,28,0
33,9,2,3,0,1,0,0,40,0
21,10,4,5,3,0,0,0,40,0
27,9,0,0,4,0,0,0,45,0
31,9,0,13,1,1,0,0,40,0
28,13,4,6,1,1,0,0,40,0
45,10,0,0,1,0,0,0,38,0
51,9,2,6,0,1,4386,0,40,1
46,9,4,7,1,0,0,0,40,0
25,10,2,11,0,1,0,0,25,0
61,10,2,0,0,1,7688,0,40,1
17,7,4,11,3,0,0,0,30,0
26,13,4,2,1,1,3325,0,40,0
35,6,0,2,1,1,0,0,60,0
33,7,2,3,0,1,0,0,70,0
39,9,4,0,3,0,0,0,35,0
42,9,0,7,4,0,0,0,30,0
35,13,2,3,0,1,4386,0,47,1
45,9,0,12,1,0,0,0,50,1
47,13,4,11,3,1,0,0,40,1
64,7,2,2,0,1,0,0,48,0
39,15,2,3,5,0,15024,0,47,1
62,13,2,9,0,1,3103,0,40,1
53,10,2,9,0,1,15024,0,40,1
31,13,2,3,0,1,0,0,40,0
26,9,2,11,0,1,0,0,40,0
56,4,2,2,0,1,0,0,50,1
43,10,4,7,1,0,0,0,40,0
33,10,4,11,1,1,0,0,35,0
45,10,2,2,0,1,0,1485,40,1
46,10,5,11,1,1,0,0,55,0
26,11,2,5,0,1,0,0,80,0
24,9,4,7,3,0,0,0,40,0
43,13,2,4,0,1,0,0,50,1
40,11,4,6,3,1,0,0,40,0
61,4,0,7,1,1,0,0,35,0
34,10,4,0,1,0,0,0,72,0
85,9,6,11,4,1,0,0,35,0
41,9,4,0,1,0,0,0,40,0
31,12,4,0,1,0,3325,0,35,0
22,10,4,11,3,0,0,0,30,0
60,9,6,7,4,0,0,0,40,0
29,12,0,9,1,0,0,0,36,0
35,13,4,3,1,0,2977,0,45,0
24,9,4,11,1,1,0,0,30,0
45,14,0,9,1,1,0,0,40,0
21,8,4,7,3,1,0,0,20,0
30,12,2,13,5,0,0,1485,37,1
50,10,2,3,0,1,0,0,99,1
41,9,2,3,0,1,0,0,40,1
21,9,4,11,1,0,0,0,33,0
45,9,2,2,0,1,0,0,45,0
34,13,2,3,0,1,0,0,40,1
28,9,0,5,3,1,0,0,40,0
19,9,4,7,4,1,0,0,40,0
26,13,4,9,1,1,13550,0,50,1
48,13,2,13,0,1,0,0,45,1
69,13,6,9,1,1,0,2282,40,1
41,10,0,0,4,0,0,0,40,0
43,13,0,0,1,0,0,0,40,0
28,9,4,2,4,1,0,0,40,0
65,10,0,0,1,0,0,0,28,0
31,13,4,3,1,1,0,1741,38,0
28,13,4,0,1,0,0,0,40,0
51,13,2,9,0,1,0,0,40,1
45,10,4,2,1,0,0,0,80,0
43,9,0,0,2,1,0,0,38,0
31,12,2,11,0,1,0,0,60,0
31,10,2,2,0,1,0,0,55,1
45,10,2,2,2,1,0,0,40,0
20,13,4,11,2,0,0,0,30,0
25,13,4,12,4,1,0,0,40,0
36,9,6,5,4,0,0,0,30,0
31,13,4,11,1,1,4101,0,50,0
56,10,2,2,0,1,0,0,45,0
26,13,4,11,3,1,0,0,18,0
47,10,0,3,1,0,0,0,65,0
40,9,2,3,0,1,0,0,50,0
32,9,2,3,5,0,0,0,48,0
34,14,4,9,4,0,0,0,24,0
37,9,2,3,0,1,0,0,55,0
38,9,2,2,0,1,0,0,45,0
19,11,4,7,3,1,0,0,16,0
49,5,0,5,1,0,0,0,40,0
26,12,4,9,1,0,0,0,40,0
82,4,2,5,0,1,0,0,2,0
40,9,0,2,1,1,0,0,40,0
28,10,4,2,3,1,0,0,50,0
23,9,2,11,0,1,0,0,37,0
19,10,4,0,3,1,0,0,40,0
67,9,6,5,2,1,0,0,32,0
43,13,2,3,0,1,3103,0,40,1
41,12,4,0,1,0,0,0,50,0
37,11,0,9,4,0,0,0,40,0
20,9,4,13,3,1,0,0,40,0
40,9,0,2,4,1,0,0,40,0
47,14,5,3,1,1,99999,0,50,1
40,9,2,12,0,1,0,0,40,0
39,13,4,3,1,0,0,0,40,0
24,10,4,0,3,0,0,0,20,0
49,13,2,11,0,1,0,0,45,1
66,9,0,6,1,1,0,0,10,0
52,9,4,9,4,0,0,323,40,0
59,9,0,3,1,1,0,0,60,0
72,9,6,8,4,0,0,0,12,0
35,9,4,0,1,1,0,0,40,0
30,13,1,3,5,0,0,0,40,1
36,10,4,7,1,1,0,0,40,0
26,9,5,12,3,0,0,0,40,0
23,13,4,7,1,1,0,0,35,0
39,13,2,9,0,1,0,0,40,1
40,15,2,9,0,1,0,0,40,0
29,13,4,9,1,1,0,0,40,0
38,13,4,7,1,1,0,0,20,0
63,13,4,0,1,1,0,0,40,0
58,9,2,3,0,1,0,0,40,1
30,9,0,3,4,0,0,0,40,0
38,9,4,7,4,0,0,0,40,0
25,3,4,0,1,0,0,0,33,0
44,14,2,9,0,1,0,0,40,1
43,11,2,0,5,0,0,0,40,1
21,10,4,13,3,1,0,0,30,0
41,12,4,3,1,1,0,0,40,0
38,13,2,11,0,1,0,0,50,1
29,10,2,2,0,1,0,1672,40,0
52,9,2,4,0,1,0,0,70,0
47,9,0,3,4,0,0,0,45,0
28,11,2,9,0,1,99999,0,50,1
30,14,2,9,0,1,0,0,10,0
30,10,2,3,0,1,15024,0,60,1
40,12,0,3,1,1,0,0,40,1
27,10,4,7,3,0,0,0,30,0
26,9,4,10,4,1,0,0,44,0
32,9,4,7,1,1,0,0,37,0
36,13,4,0,1,0,0,0,40,0
26,8,4,13,3,1,0,0,40,0
25,10,4,13,1,1,0,0,40,0
39,10,0,12,1,0,0,0,40,0
27,11,2,12,0,1,0,0,40,0
24,9,2,4,0,1,0,0,50,0
38,13,2,11,0,1,7688,0,40,1
35,9,2,4,0,1,0,0,55,0
29,11,4,12,1,1,0,0,40,0
49,9,0,7,1,0,0,0,40,0
36,5,2,6,0,1,0,0,40,0
47,16,2,2,0,1,0,0,50,0
21,10,4,7,3,1,0,0,40,0
35,13,4,9,1,0,0,0,40,1
38,2,2,5,0,1,0,0,40,0
45,14,2,3,0,1,0,1902,50,1
19,10,4,7,3,0,0,0,15,0
18,9,4,5,3,1,0,0,22,0
37,15,2,3,0,1,0,0,40,0
49,13,4,9,4,0,0,0,40,0
33,11,2,10,0,1,0,0,48,1
27,10,2,11,0,1,0,0,40,1
34,10,0,0,4,0,0,0,35,0
54,14,3,9,1,0,0,0,40,0
24,10,4,13,3,1,0,0,40,0
44,15,2,9,0,1,0,0,60,1
48,13,5,2,1,1,0,0,50,0
23,9,4,0,4,0,0,0,40,0
29,9,4,7,3,1,0,0,38,0
21,12,4,7,3,0,0,0,9,0
18,8,4,7,3,0,0,0,32,0
18,5,4,11,3,0,0,0,32,0
29,9,0,2,1,1,0,0,40,0
29,9,4,13,1,1,0,0,40,0
41,9,5,6,2,0,0,0,40,0
32,9,4,5,1,1,0,0,40,0
61,6,0,7,1,0,0,0,24,0
79,9,3,9,1,1,0,0,6,0
34,12,0,6,1,1,0,0,40,0
46,13,2,3,0,1,0,0,40,1
50,11,2,11,0,1,0,0,60,1
29,9,2,6,0,1,0,0,40,0
23,10,4,0,1,0,3674,0,40,0
64,10,4,0,1,0,0,0,40,0
70,14,4,9,4,0,7896,0,50,1
28,12,4,0,1,0,0,1980,40,0
51,11,2,5,0,1,0,0,40,0
34,13,0,9,1,1,4865,0,55,0
29,9,4,5,3,1,0,0,40,0
49,13,3,7,1,1,0,0,40,0
77,10,2,3,0,1,0,0,40,0
32,9,4,7,3,0,0,0,35,0
27,13,2,12,5,0,0,0,40,1
22,10,4,11,1,0,0,0,40,0
35,9,2,2,0,1,0,0,40,1
42,13,2,10,0,1,0,1902,40,1
35,9,0,6,3,1,0,0,40,0
33,9,2,10,0,1,2635,0,16,0
45,10,6,3,4,0,0,0,55,0
19,10,3,11,3,0,0,1602,40,0
38,9,0,2,1,1,0,0,40,0
26,9,2,6,0,1,0,0,45,0
29,13,4,3,1,0,0,0,45,0
33,13,2,9,0,1,0,0,40,1
35,9,0,4,1,1,0,0,80,0
42,10,2,2,0,1,0,0,40,0
20,11,4,7,3,0,0,0,20,0
43,14,2,9,0,1,0,0,40,1
69,7,2,9,0,1,0,0,45,0
39,9,4,13,3,1,0,0,40,0
37,9,2,6,0,1,0,0,40,0
28,10,2,2,0,1,0,0,40,0
26,13,4,12,1,1,0,0,40,0
32,10,0,11,3,1,0,0,30,0
43,13,0,3,1,1,0,0,40,1
49,9,2,3,0,1,0,0,30,0
28,4,5,7,3,1,0,0,60,0
35,9,2,6,0,1,2885,0,40,0
35,9,2,2,0,1,0,0,40,1
57,9,2,0,5,0,0,0,40,0
45,5,2,13,0,1,0,0,40,0
23,9,4,11,1,1,0,1590,48,0
45,9,2,2,0,1,0,0,40,0
42,9,2,0,5,0,0,0,40,0
35,13,2,7,0,1,0,0,40,0
45,13,2,9,0,1,0,0,50,1
28,13,4,3,1,1,0,0,40,0
64,11,2,2,0,1,0,0,10,0
44,15,5,9,4,0,0,0,40,0
59,9,2,4,0,1,0,0,40,1
41,9,4,6,1,1,0,0,40,0
21,10,4,11,3,1,0,0,25,0
29,11,4,0,1,0,2174,0,40,0
51,9,4,4,1,1,8614,0,40,1
22,9,4,0,3,1,0,0,40,0
49,9,0,7,4,0,0,0,40,0
53,12,2,11,0,1,0,0,80,1
38,10,0,0,4,0,5721,0,44,0
23,10,5,2,3,1,0,0,40,0
20,9,4,7,3,0,0,0,40,0
40,13,0,2,3,0,0,0,40,0
25,13,4,9,1,0,0,0,40,0
27,10,0,12,1,0,0,0,40,0
20,9,4,7,3,1,0,0,30,0
37,9,2,7,5,0,0,0,20,0
40,9,4,7,3,1,0,0,40,0
28,13,2,3,0,1,3103,0,40,1
38,9,5,7,4,0,0,0,40,0
42,13,0,3,4,0,0,0,40,0
32,12,0,10,1,1,2174,0,40,0
20,9,2,11,0,1,0,0,45,0
62,13,2,0,0,1,0,0,38,0
31,10,4,0,1,1,0,0,40,0
31,9,2,2,0,1,0,0,60,0
24,9,4,0,3,1,0,0,40,0
62,4,6,7,1,0,0,0,35,0
43,10,2,2,0,1,0,0,40,1
21,10,4,13,3,1,0,0,50,0
30,9,0,3,1,1,4650,0,40,0
18,6,4,5,1,1,0,0,40,0
59,14,0,9,1,0,0,0,40,0
24,4,2,13,0,1,0,1902,40,1
49,9,2,2,0,1,0,0,40,0
19,7,4,7,3,1,0,0,30,0
48,9,2,6,0,1,4386,0,40,1
32,15,2,11,0,1,15024,0,60,1
33,6,4,6,1,0,0,0,45,0
23,13,4,11,1,1,0,0,15,0
33,15,4,9,1,0,0,0,65,1
50,10,2,3,0,1,0,0,40,1
30,13,2,3,0,1,0,0,43,0
32,12,2,9,0,1,0,2002,42,0
39,10,2,11,0,1,2829,0,65,0
21,10,4,11,3,0,0,0,20,0
23,13,4,9,3,0,0,0,21,0
32,13,4,3,1,0,0,0,40,0
57,9,2,5,0,1,0,0,40,0
22,10,4,9,1,1,0,0,10,0
70,9,6,0,4,0,0,0,5,0
34,10,2,12,0,1,0,0,84,1
53,14,0,11,1,0,0,0,40,0
21,10,4,11,3,1,0,0,45,0
37,9,0,6,1,1,0,0,40,0
60,9,2,2,0,1,0,1485,50,1
23,7,4,2,3,1,14344,0,40,1
32,6,2,13,0,1,0,0,80,1
57,9,2,6,0,1,0,0,40,0
25,10,4,0,1,1,0,0,30,0
30,9,2,2,0,1,0,0,46,0
31,9,0,0,1,0,0,0,40,0
19,10,4,7,3,1,0,0,35,0
23,13,2,12,0,1,0,0,38,0
44,9,2,11,0,1,0,0,40,0
42,10,4,6,4,0,0,0,40,0
34,7,2,6,0,1,0,0,40,0
32,9,2,2,0,1,0,0,40,1
25,11,4,12,4,0,0,0,40,0
21,10,4,3,3,0,0,0,40,0
31,9,3,8,2,0,0,0,60,0
36,11,4,9,1,0,0,0,40,0
49,10,2,2,0,1,0,0,65,0
44,13,0,0,4,0,0,0,32,0
42,11,2,11,0,1,0,0,40,1
30,9,4,10,1,1,0,0,99,0
33,6,2,6,0,1,0,0,40,0
36,13,0,7,4,1,0,0,45,1
17,6,4,7,3,1,0,0,30,0
20,10,4,11,1,1,0,0,25,0
32,9,4,2,3,1,0,0,50,0
33,9,2,2,0,1,0,0,40,0
37,10,0,3,4,0,0,0,60,0
60,6,0,4,1,1,0,0,48,0
35,10,0,0,4,0,0,0,15,0
43,13,0,0,4,0,0,0,40,0
46,10,2,12,0,1,0,0,40,1
29,9,2,13,0,1,5178,0,40,1
36,13,2,11,0,1,0,0,42,1
27,9,2,2,0,1,0,0,40,1
50,10,2,3,0,1,0,0,84,1
22,10,2,0,5,0,0,0,44,0
33,14,4,9,1,1,0,0,60,0
61,6,0,11,4,0,0,0,40,0
41,11,2,4,0,1,0,0,70,1
22,10,4,13,3,1,0,0,40,0
27,13,4,9,1,0,0,0,40,0
25,9,2,13,0,1,0,0,40,0
32,9,4,6,3,0,0,1602,20,0
28,14,4,9,1,1,0,0,50,0
25,13,4,2,3,1,0,1590,35,0
28,10,2,2,0,1,0,0,40,0
37,13,2,9,5,0,0,0,30,1
58,9,6,0,1,0,0,0,37,0
39,9,2,5,0,1,0,0,40,0
33,10,0,7,4,0,0,0,40,0
59,6,2,2,0,1,0,0,40,1
58,13,0,2,3,0,0,0,20,0
38,11,2,9,0,1,0,0,36,1
34,10,2,2,0,1,0,0,40,0
31,10,0,2,3,1,0,0,40,0
48,9,2,2,0,1,0,0,40,1
45,9,0,5,1,1,0,0,50,0
23,9,4,7,3,0,0,0,40,0
33,14,2,9,0,1,0,0,37,1
38,10,0,4,1,1,0,0,40,0
44,14,2,4,0,1,0,0,40,1
48,14,0,3,4,0,9562,0,40,1
40,9,2,2,0,1,0,0,40,0
19,9,4,2,2,0,0,0,40,0
45,13,0,3,3,0,0,0,40,0
34,10,4,9,1,0,0,0,40,0
70,10,0,7,1,1,0,0,80,0
32,14,4,9,1,1,0,0,60,0
33,11,0,7,4,0,0,0,40,0
24,13,4,3,1,0,0,0,40,0
30,13,4,9,3,0,0,0,15,0
22,10,4,11,3,1,0,0,25,0
52,15,2,9,0,1,99999,0,65,1
67,6,2,4,0,1,2414,0,80,0
40,9,2,3,0,1,0,1672,45,0
55,11,2,9,5,0,0,0,20,0
29,9,0,3,1,0,0,0,40,0
62,9,2,11,0,1,0,0,16,0
22,9,0,6,3,0,0,0,40,0
64,5,2,2,0,1,0,0,40,0
29,13,4,3,2,1,0,0,50,0
28,10,2,3,0,1,0,0,40,0
25,9,4,3,2,1,0,0,40,0
47,16,2,9,0,1,15024,0,50,1
26,13,2,13,0,1,0,0,40,1
18,8,4,7,3,1,0,0,27,0
52,6,2,11,0,1,4064,0,45,0
48,13,2,9,5,0,0,0,50,1
36,9,2,6,0,1,0,0,40,0
23,11,0,0,1,0,0,0,30,0
41,9,2,13,0,1,0,0,40,0
56,9,2,13,0,1,0,0,38,1
53,9,0,9,1,1,0,0,40,0
26,10,0,3,1,0,0,0,40,0
22,10,4,7,1,1,3325,0,40,0
25,14,4,9,3,0,2597,0,31,0
31,10,2,7,0,1,0,0,40,0
36,12,2,6,0,1,2829,0,40,0
46,10,2,6,0,1,0,0,40,0
46,12,0,0,4,1,0,2258,38,1
32,10,2,7,5,0,0,0,36,0
43,9,4,4,1,1,0,0,60,0
30,13,2,3,0,1,99999,0,50,1
41,13,2,11,0,1,7688,0,45,1
50,14,2,3,0,1,99999,0,60,1
37,14,2,3,0,1,0,0,38,0
22,9,4,5,2,1,0,0,50,0
51,9,2,13,0,1,0,0,80,0
47,10,2,3,5,0,0,0,40,1
40,9,2,0,0,1,0,0,40,0
46,10,2,6,0,1,0,0,40,0
30,10,4,12,4,0,0,0,40,0
27,9,2,11,0,1,0,0,65,1
31,10,4,0,3,0,0,0,35,0
31,2,2,5,0,1,0,0,40,0
30,9,0,2,3,1,0,0,40,0
50,13,5,9,1,1,0,0,40,1
27,13,4,9,1,0,0,0,50,0
29,9,2,6,0,1,0,0,50,1
28,9,0,13,1,1,0,0,60,0
54,13,0,3,1,0,0,0,45,1
47,11,2,12,0,1,0,0,48,1
34,9,3,6,4,0,0,0,40,0
26,10,4,5,1,1,0,0,40,0
23,10,4,10,3,1,0,0,60,0
42,14,0,9,1,1,0,0,40,0
36,9,2,3,0,1,0,0,50,0
52,13,2,10,0,1,0,0,45,1
27,14,4,9,1,0,0,0,40,0
42,9,6,7,4,0,0,0,40,0
39,9,0,7,4,0,5455,0,40,0
49,9,2,9,0,1,0,0,40,1
36,9,2,11,0,1,7688,0,40,1
20,1,4,7,3,1,0,0,32,0
55,9,2,3,0,1,0,0,60,0
47,5,2,6,0,1,0,0,40,0
33,14,2,9,0,1,0,0,33,1
36,10,2,11,0,1,0,0,40,0
39,16,0,9,4,0,0,0,80,0
55,13,2,3,0,1,15024,0,48,1
48,12,2,13,0,1,0,0,45,0
30,11,4,5,3,1,0,0,45,0
24,9,2,2,0,1,0,0,50,0
57,9,6,2,1,0,0,0,38,0
20,10,4,4,3,1,0,0,60,0
56,9,0,9,1,0,4101,0,40,0
36,9,2,0,5,0,0,0,40,1
44,6,2,6,0,1,0,0,40,1
57,9,2,2,0,1,15024,0,40,1
57,9,2,2,0,1,0,0,52,0
33,9,2,12,0,1,0,0,40,0
39,13,2,13,0,1,15024,0,99,1
28,9,4,2,3,1,0,0,40,0
31,10,4,7,3,1,0,1721,16,0
60,12,0,7,1,0,0,0,40,0
36,11,4,10,1,1,0,0,40,1
58,9,6,11,1,0,0,0,35,1
50,10,4,5,1,1,0,0,38,0
23,13,4,3,3,0,0,0,12,0
30,9,4,7,1,1,0,0,40,0
90,15,2,9,0,1,20051,0,72,1
49,13,4,9,1,0,0,0,50,0
47,13,2,9,0,1,3137,0,40,0
34,16,4,9,1,1,0,0,40,1
37,9,0,12,4,0,0,0,40,0
25,6,2,10,5,0,0,0,50,0
37,12,4,0,1,0,0,0,40,0
47,9,2,0,0,1,0,0,40,0
34,9,2,3,0,1,0,0,60,1
34,10,4,7,1,1,0,0,40,0
35,9,2,3,0,1,7688,0,50,1
39,10,5,6,3,1,0,0,40,0
32,4,2,5,0,1,0,0,19,0
24,9,2,7,5,0,0,0,30,0
28,15,4,9,1,1,0,0,60,0
41,4,2,2,0,1,0,2179,40,0
32,9,2,10,0,1,0,0,90,0
58,9,0,11,4,0,0,0,40,1
47,9,2,11,0,1,0,0,75,1
41,13,2,3,0,1,4386,0,50,1
35,9,2,3,0,1,0,0,50,1
24,10,4,7,3,1,0,0,20,0
46,9,2,11,0,1,0,0,60,1
69,13,2,3,0,1,6418,0,45,1
22,13,4,3,3,0,0,0,40,0
36,14,4,9,1,0,0,0,40,0
31,13,2,11,0,1,0,0,40,1
23,13,4,9,3,1,0,0,30,0
35,10,4,9,1,0,0,0,40,0
37,13,2,10,0,1,5178,0,40,1
35,13,4,9,1,0,0,0,40,0
18,7,4,13,3,1,0,0,16,0
43,5,0,5,4,0,0,0,40,0
53,9,2,10,0,1,0,0,40,0
54,10,2,10,0,1,0,0,52,0
29,9,2,0,5,0,0,0,40,0
46,12,4,0,1,0,0,0,47,0
24,10,4,5,3,1,0,0,30,0
30,10,5,7,4,0,0,0,40,0
23,10,4,8,1,0,0,0,6,0
36,9,2,6,0,1,0,0,40,0
38,13,2,2,0,1,0,0,35,0
33,14,2,12,0,1,0,0,15,0
66,10,2,10,0,1,0,0,40,0
45,9,2,3,0,1,0,0,40,0
37,9,2,11,0,1,15024,0,60,1
17,6,4,7,3,0,0,0,10,0
31,9,2,0,0,1,0,0,40,1
46,13,4,3,1,1,0,0,55,1
40,13,2,9,0,1,0,0,40,0
34,10,2,5,0,1,0,0,40,0
56,6,0,2,1,1,0,0,45,0
42,10,5,0,4,0,0,0,41,0
46,14,2,3,0,1,0,0,55,1
30,9,5,2,1,1,0,0,50,0
33,13,2,2,0,1,0,0,40,1
47,9,2,6,5,0,0,0,40,0
57,12,3,4,4,1,0,0,40,0
34,7,0,2,4,1,0,0,40,0
40,9,0,2,3,1,0,0,40,0
33,9,2,11,0,1,0,0,40,1
22,9,4,6,3,1,0,0,40,0
53,9,2,0,5,0,7688,0,35,1
36,9,5,0,3,0,0,0,40,0
45,9,0,2,1,1,10520,0,40,1
36,10,0,11,4,0,0,0,40,0
18,9,4,4,3,1,0,0,11,0
27,9,4,0,1,0,0,0,40,0
30,9,2,6,0,1,0,0,40,0
34,13,2,9,0,1,0,0,40,1
36,13,2,11,0,1,0,0,40,1
36,4,4,4,3,1,0,0,75,0
48,14,2,3,0,1,0,0,40,0
41,15,2,9,0,1,0,1977,60,1
21,3,4,8,1,0,0,0,40,0
47,14,2,9,0,1,0,0,38,1
41,2,2,4,0,1,0,0,40,0
61,2,2,2,0,1,0,0,20,0
64,4,2,2,0,1,0,0,40,0
35,10,5,0,1,1,0,0,40,0
44,9,0,13,4,1,0,0,50,0
20,10,4,11,3,0,0,0,20,0
23,10,0,0,4,0,0,0,70,0
52,6,2,7,5,0,0,0,35,0
43,14,4,3,1,0,0,0,25,0
32,13,2,5,0,1,0,0,40,0
63,13,2,2,0,1,0,0,40,0
29,10,4,7,1,0,0,0,41,1
42,10,2,3,0,1,0,0,60,0
65,6,0,5,1,0,0,0,28,0
24,9,2,2,0,1,0,0,40,0
42,10,4,7,3,0,0,0,40,0
35,9,2,13,0,1,0,0,40,0
38,10,0,0,4,0,0,0,40,0
26,9,0,0,1,0,0,0,50,0
46,9,2,4,0,1,0,1672,50,0
39,10,4,0,3,0,0,0,20,0
42,16,4,9,1,1,0,0,36,1
36,13,2,9,0,1,0,0,45,1
26,10,0,5,1,1,0,0,45,0
57,13,2,11,0,1,0,1902,40,1
55,9,4,5,1,1,0,0,40,0
35,10,2,11,0,1,0,0,55,1
24,10,4,7,1,0,0,0,30,0
47,9,2,2,0,1,0,0,40,0
34,10,2,11,0,1,0,0,60,1
44,13,2,3,0,1,0,0,35,1
27,13,4,0,1,1,0,0,35,0
36,13,4,0,1,0,0,0,50,0
21,13,4,11,3,1,0,0,30,0
29,9,2,13,0,1,0,0,55,0
25,9,2,5,0,1,0,0,40,0
73,9,2,4,0,1,0,0,50,0
45,11,2,6,0,1,0,0,40,1
28,13,2,3,5,0,0,0,50,1
43,13,2,3,0,1,0,0,50,0
47,9,0,2,1,1,0,0,42,0
20,10,4,0,3,0,0,0,15,0
22,10,4,13,3,1,0,0,20,0
76,4,2,2,0,1,0,0,10,0
24,10,4,13,1,1,0,0,40,0
54,10,2,11,0,1,0,0,50,0
30,10,2,6,0,1,0,0,40,1
33,10,2,2,0,1,0,0,58,0
30,10,0,6,1,1,0,0,50,0
40,12,2,3,0,1,0,0,50,1
49,11,0,11,4,0,0,0,40,0
30,9,4,2,1,1,0,0,40,0
22,9,4,0,1,0,0,0,40,0
19,9,2,5,0,1,0,0,58,0
46,9,2,10,0,1,0,0,40,0
51,9,2,0,0,1,0,0,50,0
56,4,6,6,4,0,0,0,40,0
53,10,6,11,1,0,0,0,40,0
27,13,4,9,1,0,0,0,40,0
46,10,4,3,4,0,0,0,45,0
37,9,2,13,0,1,0,0,40,1
41,13,2,7,0,1,0,0,30,0
30,10,2,0,5,0,0,0,55,1
57,9,2,4,0,1,0,0,72,0
44,10,2,3,0,1,0,0,50,0
32,9,2,4,0,1,4064,0,40,0
27,9,2,13,0,1,0,0,40,0
57,10,6,0,4,0,0,0,40,0
59,13,2,4,0,1,0,0,30,0
32,15,2,9,5,0,15024,0,50,1
22,13,4,3,1,0,0,0,30,0
39,9,4,0,1,0,0,0,40,0
43,11,2,3,0,1,3103,0,48,1
38,13,2,3,0,1,0,0,50,1
61,5,0,11,1,1,0,0,25,0
24,10,4,11,3,1,0,0,43,0
25,10,4,11,1,1,0,0,45,0
44,11,2,2,0,1,0,0,40,0
55,9,0,0,1,0,0,0,40,1
90,13,2,11,0,1,9386,0,15,1
30,9,0,0,4,0,0,0,35,0
44,9,2,2,0,1,0,0,40,1
36,6,0,2,2,1,0,0,40,0
63,10,2,3,0,1,0,0,45,1
60,3,2,13,0,1,0,0,40,0
34,15,4,9,1,0,0,0,60,1
49,7,2,3,0,1,0,0,65,0
47,14,2,3,0,1,0,0,65,1
42,9,2,11,0,1,0,0,43,1
53,3,2,2,0,1,0,0,45,0
23,10,4,12,1,0,4101,0,40,0
20,10,2,11,0,1,0,0,35,0
43,9,2,5,0,1,3908,0,40,0
32,15,2,9,0,1,0,1977,60,1
43,13,0,11,4,1,0,0,44,1
31,9,2,13,0,1,0,0,60,0
24,10,4,0,3,1,0,0,20,0
39,11,5,0,1,1,0,0,40,0
29,10,2,2,0,1,0,0,40,1
20,3,4,5,1,1,0,0,25,0
42,7,5,7,4,0,0,0,38,0
53,9,2,2,0,1,0,0,40,0
20,9,2,5,0,1,0,0,48,0
58,2,2,13,0,1,0,2179,18,0
51,9,0,11,1,1,0,0,40,0
25,9,4,5,1,1,0,0,48,0
38,12,4,9,4,0,0,0,36,0
41,10,2,2,0,1,0,0,40,1
58,13,2,6,0,1,0,0,40,1
25,6,4,6,1,1,0,0,40,0
50,9,2,2,0,1,0,0,40,0
32,13,2,3,0,1,0,0,45,1
31,16,4,9,3,1,0,0,40,0
22,10,4,7,3,0,0,0,20,0
37,9,0,5,2,1,0,0,40,0
32,10,4,11,2,0,0,0,40,0
46,15,4,9,1,0,0,1564,55,1
62,9,2,13,0,1,0,0,40,1
56,13,2,11,0,1,7688,0,45,1
37,10,0,3,1,0,0,0,40,1
41,2,3,4,4,1,0,0,40,0
56,4,2,6,0,1,0,0,48,0
20,10,4,5,1,1,0,0,30,0
34,13,2,11,0,1,0,0,60,1
45,9,2,11,0,1,0,0,50,1
30,10,2,6,0,1,0,0,40,1
51,9,2,3,0,1,0,0,45,1
27,7,2,6,0,1,0,0,42,0
38,11,2,11,0,1,0,0,40,1
39,10,2,5,0,1,0,0,50,0
47,10,2,3,0,1,0,0,50,1
43,9,2,2,0,1,0,0,40,1
46,9,2,3,0,1,0,0,65,0
41,10,2,2,0,1,0,0,40,1
20,9,4,0,1,0,0,0,30,0
30,6,2,0,0,1,0,0,40,0
30,9,2,7,0,1,0,0,25,0
22,10,4,5,3,1,0,0,35,0
25,9,2,13,0,1,0,0,44,1
18,9,4,11,3,0,0,0,22,0
50,13,2,12,0,1,15024,0,40,1
28,9,4,7,1,0,0,0,48,0
21,10,4,8,3,0,0,0,40,0
37,11,0,12,3,1,0,0,40,0
28,13,4,9,3,0,0,0,40,0
23,3,2,7,0,1,0,0,35,0
32,11,4,3,1,0,0,0,35,0
27,8,4,6,3,1,0,0,50,0
55,9,0,9,4,0,0,0,40,0
44,9,2,2,0,1,0,0,40,1
25,13,4,9,3,1,0,0,40,0
29,9,0,11,4,0,0,0,32,0
50,9,3,3,1,0,0,0,55,0
18,9,4,5,3,1,0,0,40,0
74,13,6,7,1,0,0,0,8,0
22,5,4,11,1,1,0,0,40,0
27,13,2,9,0,1,0,0,40,0
27,10,4,12,3,0,0,0,80,0
41,15,2,9,0,1,15024,0,50,1
24,10,2,0,0,1,7298,0,40,1
23,9,4,0,3,0,0,0,40,0
34,15,2,9,0,1,7688,0,60,1
46,13,2,3,0,1,0,0,40,1
32,15,4,9,1,1,0,0,60,0
41,9,2,2,0,1,0,0,40,0
29,11,2,4,0,1,0,0,40,1
48,5,2,6,2,0,0,0,45,0
51,9,4,7,1,1,0,0,40,0
34,8,4,0,1,0,0,0,40,0
58,13,2,3,0,1,0,0,45,1
52,9,2,5,0,1,0,0,40,0
37,13,2,3,0,1,7298,0,50,1
53,10,5,0,1,0,0,0,40,0
54,11,2,13,0,1,0,0,20,0
36,9,2,11,0,1,0,0,60,0
25,11,4,0,3,0,0,0,60,0
20,10,4,9,3,0,0,0,48,0
23,12,4,0,1,1,0,0,40,0
39,13,2,3,0,1,0,0,60,1
20,6,4,6,3,1,0,0,40,0
28,11,4,7,2,1,0,0,40,0
73,9,6,0,1,0,0,0,40,0
67,9,2,10,0,1,0,0,24,0
56,13,0,3,1,1,0,0,45,1
32,11,2,2,0,1,0,0,40,0
42,10,0,6,1,1,0,1590,40,0
33,9,2,7,0,1,0,0,40,0
37,9,4,7,1,1,0,0,40,0
33,10,2,3,0,1,0,0,45,0
31,6,4,0,4,0,0,0,40,0
59,14,2,3,0,1,0,0,40,1
21,9,4,0,4,1,0,0,40,0
58,10,2,3,0,1,0,0,50,1
24,6,4,7,1,1,0,0,40,0
26,10,2,10,0,1,0,0,40,0
26,7,2,13,0,1,0,0,40,0
33,14,4,9,1,0,0,0,40,0
25,13,4,11,1,1,0,0,40,0
21,6,2,6,0,1,0,0,50,0
24,9,4,6,1,1,0,0,40,0
39,12,2,0,5,0,0,0,40,1
68,10,0,0,4,0,0,0,40,0
66,10,4,11,1,0,0,0,20,0
38,13,4,4,1,1,0,0,40,0
41,14,2,3,0,1,0,0,50,1
37,9,2,2,0,1,0,0,40,0
54,14,2,11,0,1,4386,0,45,1
27,13,4,9,1,1,0,0,40,0
49,13,4,9,1,0,0,0,40,0
19,10,4,9,3,1,0,0,10,0
25,10,4,13,1,1,0,0,50,0
47,10,2,0,0,1,0,0,40,1
40,10,2,11,2,1,0,0,40,0
38,13,0,3,1,1,3325,0,40,0
25,9,4,7,1,1,0,0,40,0
25,10,4,2,3,0,0,0,50,0
23,6,4,5,2,1,0,0,40,0
28,14,0,11,3,0,0,0,40,0
29,9,3,2,1,1,0,0,40,0
32,7,2,2,0,1,0,0,40,0
34,9,4,7,4,0,0,0,40,0
52,13,2,9,0,1,0,0,40,1
33,9,2,4,0,1,0,0,94,0
19,10,4,11,3,1,0,0,35,0
68,16,2,9,0,1,20051,0,55,1
41,6,4,5,4,1,0,0,50,0
18,9,4,7,4,0,0,0,30,0
29,10,2,2,0,1,0,1485,40,1
40,14,2,3,0,1,0,0,50,1
51,14,0,9,4,1,0,0,60,1
49,10,0,0,1,1,0,0,40,0
20,10,4,7,3,0,0,0,20,0
38,9,2,2,0,1,0,0,50,1
57,3,4,7,1,1,0,0,40,0
35,10,2,11,0,1,4064,0,40,0
66,7,2,11,0,1,0,0,26,0
25,11,4,0,1,0,0,0,40,0
70,9,2,5,0,1,0,2174,40,1
59,4,2,4,0,1,0,0,48,0
25,13,2,9,0,1,0,0,40,0
44,15,4,9,1,1,10520,0,40,1
37,14,2,3,0,1,0,0,55,1
21,9,4,11,3,0,4101,0,40,0
47,9,2,2,0,1,0,0,40,1
20,9,4,0,1,0,0,1721,30,0
32,9,2,10,0,1,0,0,40,0
28,9,4,0,4,0,0,0,20,0
53,9,0,13,1,1,0,0,40,0
58,10,2,11,5,0,0,0,36,0
22,9,4,11,1,0,0,0,30,0
23,7,2,3,0,1,0,0,55,0
21,9,4,5,1,1,3325,0,60,0
36,9,2,2,0,1,0,0,70,0
39,10,2,7,5,0,0,0,15,0
34,13,4,9,1,0,0,0,40,0
41,14,4,9,1,0,0,0,40,0
72,13,2,11,0,1,1455,0,6,0
34,9,2,7,5,0,0,0,40,1
51,13,2,9,0,1,0,1902,40,1
32,11,4,2,1,1,0,0,40,0
38,10,6,3,1,0,0,0,40,1
37,10,2,2,0,1,0,0,40,0
21,10,4,9,3,0,0,0,10,0
26,10,4,0,1,1,0,0,40,0
34,10,2,5,0,1,0,1887,40,1
18,10,4,11,3,0,0,0,15,0
27,7,4,3,4,0,0,0,45,0
20,10,4,0,3,0,0,0,38,0
36,11,2,0,0,1,0,0,40,1
32,13,2,3,0,1,0,0,60,1
54,9,2,2,0,1,0,0,44,1
34,14,6,9,1,0,0,0,40,0
46,10,2,11,0,1,0,0,48,1
33,7,5,6,2,1,0,0,30,0
32,13,2,9,0,1,99999,0,50,1
42,11,4,12,1,1,0,0,40,0
30,9,2,2,0,1,0,0,50,0
37,10,2,7,0,1,0,0,40,1
28,9,2,6,0,1,0,0,40,0
25,13,4,3,1,1,4101,0,35,0
44,10,2,7,0,1,0,0,40,1
40,9,2,6,0,1,0,0,40,0
36,10,2,3,0,1,0,0,45,0
21,10,4,0,4,1,0,0,40,0
39,16,2,9,0,1,0,0,50,1
24,13,4,9,1,1,0,0,39,0
46,9,4,13,1,1,0,0,40,0
47,13,2,11,0,1,0,1977,40,1
35,15,2,9,0,1,0,0,75,1
60,4,2,13,0,1,0,0,40,1
35,13,2,7,5,0,0,0,24,0
33,9,5,7,4,0,0,0,40,0
21,12,4,9,1,0,0,0,40,0
37,13,2,12,0,1,0,0,50,1
48,9,2,0,0,1,0,0,50,1
58,4,6,4,2,0,0,0,45,0
21,9,4,5,1,0,0,0,40,0
22,9,4,5,3,1,0,0,40,0
22,9,4,7,4,0,0,0,40,0
28,14,2,3,5,0,0,0,30,1
23,9,4,9,1,1,0,0,40,0
58,9,2,0,0,1,0,0,40,1
38,13,2,2,0,1,0,0,40,0
49,9,2,11,0,1,0,0,15,0
47,13,2,3,0,1,0,0,45,1
50,13,2,3,0,1,0,1902,40,1
21,9,4,9,4,0,0,0,55,0
55,9,5,0,1,0,0,0,40,0
47,7,0,5,1,1,0,0,40,0
19,9,4,9,1,0,0,0,40,0
47,9,4,12,2,1,0,0,50,0
36,7,2,2,0,1,0,0,40,0
28,12,2,10,0,1,0,2002,40,0
42,9,6,11,4,0,0,0,40,0
41,14,4,9,1,0,27828,0,35,1
46,13,2,11,0,1,99999,0,40,1
32,9,2,11,0,1,0,0,50,0
34,6,4,7,4,0,0,0,40,0
33,4,2,2,0,1,0,0,40,0
60,13,2,3,0,1,0,0,40,1
53,9,2,13,0,1,0,0,40,0
24,13,4,12,1,0,0,0,50,0
39,10,2,5,0,1,0,1977,60,1
23,10,4,2,1,1,0,0,40,0
36,9,0,0,4,0,0,0,40,0
19,8,5,9,3,0,1055,0,40,0
26,9,4,0,3,0,0,0,40,0
38,9,2,11,0,1,0,0,40,1
41,13,2,2,0,1,7688,0,55,1
22,10,4,11,2,0,0,0,18,0
38,12,4,6,1,0,10520,0,50,1
39,9,2,2,0,1,0,0,40,0
35,9,2,2,0,1,7298,0,40,1
38,10,0,3,4,0,0,0,45,0
19,9,2,7,5,0,0,0,16,0
26,9,4,13,3,1,0,0,45,0
52,13,0,2,4,1,0,0,25,0
41,3,2,7,0,1,0,1579,40,0
45,9,0,0,1,0,0,0,40,0
58,10,2,0,0,1,0,0,40,1
34,13,4,11,1,1,0,0,45,0
36,9,2,6,0,1,0,0,40,0
19,9,4,4,3,1,0,0,20,0
26,7,0,7,4,0,0,0,40,0
60,6,2,13,0,1,0,0,40,0
35,9,2,3,0,1,0,0,50,0
39,6,0,7,1,0,0,0,60,0
27,9,5,5,4,0,0,0,40,0
26,14,4,9,1,1,0,0,40,0
17,8,4,7,3,1,0,0,12,0
59,9,2,11,0,1,0,0,40,1
53,9,2,3,0,1,0,0,48,0
35,7,0,13,1,1,0,0,40,0
34,10,2,3,0,1,0,0,40,1
36,9,2,12,0,1,0,0,45,1
36,9,2,11,0,1,0,0,40,0
21,9,4,7,3,1,0,0,40,0
29,10,4,11,3,0,0,0,40,0
35,13,2,9,0,1,0,0,50,1
59,13,2,3,0,1,0,0,40,1
22,10,4,7,1,1,0,1602,10,0
50,14,2,9,0,1,0,0,50,0
24,13,4,9,1,0,0,0,40,0
36,13,0,12,1,0,0,0,40,0
31,9,2,6,5,0,4386,0,40,1
42,10,2,2,0,1,0,0,40,0
38,4,0,11,4,0,0,0,40,0
52,9,2,3,0,1,0,0,40,0
46,6,0,2,1,1,0,0,40,0
23,10,2,2,0,1,0,0,60,0
54,3,2,11,0,1,0,0,51,0
27,9,4,0,1,0,0,0,40,0
42,13,5,7,1,0,0,0,50,0
33,9,2,2,0,1,0,0,40,0
19,12,4,3,1,0,0,0,50,0
59,7,2,7,5,0,3908,0,28,0
54,9,6,7,4,0,0,0,32,0
48,4,2,13,0,1,0,1672,55,0
45,9,0,0,1,0,0,0,40,0
36,13,4,3,1,1,0,0,70,0
35,12,2,2,0,1,0,0,40,0
47,10,0,0,1,0,0,0,36,0
33,13,4,3,1,1,0,0,40,0
48,13,2,9,0,1,0,0,40,0
42,9,5,2,4,0,0,0,40,0
19,10,4,7,3,1,0,0,24,0
64,13,2,9,0,1,0,0,40,0
51,13,2,4,0,1,0,0,8,0
20,9,4,0,2,1,0,0,20,0
28,9,4,7,1,1,0,0,40,0
52,14,2,3,0,1,0,1902,50,1
29,10,4,2,1,1,0,0,45,0
51,13,5,11,1,1,0,0,40,0
36,9,2,9,0,1,0,2377,60,0
43,13,2,11,0,1,15024,0,45,1
52,10,2,3,0,1,0,0,40,0
50,9,0,2,1,1,0,0,40,1
25,10,0,7,1,1,0,0,30,0
36,12,4,0,4,0,0,0,40,0
44,10,2,3,5,0,0,0,60,0
47,6,3,13,1,1,0,0,45,0
32,9,0,2,3,1,0,0,40,0
37,14,4,9,4,1,0,0,40,0
40,9,2,0,0,1,2829,0,40,0
34,9,2,11,0,1,0,0,60,0
35,10,2,11,0,1,0,0,50,1
26,10,4,9,3,1,0,0,3,0
49,13,2,4,0,1,0,0,50,0
46,13,3,9,1,1,0,0,25,0
31,10,4,0,3,1,0,0,40,0
22,11,4,2,1,1,0,0,30,0
20,10,4,7,1,0,0,0,12,0
52,16,4,3,1,1,0,0,40,1
26,10,4,0,1,0,0,0,40,0
34,13,2,3,0,1,0,0,50,1
31,5,4,6,1,1,0,0,40,0
46,9,0,11,4,0,0,0,30,0
22,4,2,6,0,1,0,0,40,0
38,11,4,2,3,1,0,0,40,0
35,9,2,11,0,1,0,0,40,0
27,10,4,10,1,1,0,0,40,0
27,12,2,3,0,1,0,0,40,0
46,10,0,11,4,0,0,0,40,0
19,10,4,0,3,1,0,0,10,0
20,10,4,7,3,1,0,0,35,0
34,13,2,10,0,1,0,0,60,0
49,14,2,3,0,1,0,0,45,1
27,10,2,4,0,1,0,0,50,0
59,10,2,0,5,0,0,0,14,1
45,13,2,3,0,1,15024,0,60,1
21,10,4,11,3,0,0,0,15,0
51,11,0,9,4,0,0,0,40,0
41,16,2,9,0,1,0,0,40,1
49,14,3,9,1,1,0,0,40,0
51,9,0,6,3,1,0,0,40,0
20,10,4,5,3,0,0,0,20,0
69,9,2,11,0,1,0,0,48,0
43,9,2,5,0,1,0,0,50,0
50,9,0,6,4,0,0,0,44,0
32,9,2,6,0,1,0,0,40,0
27,9,4,4,3,1,0,0,40,0
38,9,2,7,0,1,0,0,40,0
62,9,2,6,0,1,0,0,40,1
46,9,0,3,1,1,0,0,44,0
21,9,4,6,4,0,0,0,40,0
36,13,4,0,1,0,0,0,50,0
36,8,0,5,1,1,0,0,40,0
23,9,4,6,3,1,0,0,40,0
58,13,2,9,0,1,0,0,40,1
40,13,2,9,0,1,0,0,45,0
64,10,2,3,5,0,10566,0,35,0
66,7,2,2,0,1,0,0,20,0
42,9,2,11,0,1,0,0,40,0
55,10,6,0,4,0,0,0,40,0
53,10,2,3,0,1,0,1977,40,1
25,9,2,5,0,1,0,0,40,0
39,10,4,12,4,0,0,0,40,0
20,9,4,7,3,1,0,0,40,0
32,9,2,7,0,1,0,0,54,0
28,13,4,11,4,1,0,0,65,0
23,12,4,3,3,0,0,0,40,0
18,9,4,7,3,1,0,0,25,0
43,9,2,3,0,1,0,0,35,1
29,9,2,2,0,1,0,0,40,0
32,10,2,10,0,1,0,0,46,0
31,9,0,2,4,1,0,0,40,0
60,3,2,2,0,1,0,0,40,0
42,10,2,13,0,1,0,0,50,0
46,14,2,3,0,1,0,0,50,1
38,9,2,2,0,1,0,0,40,1
18,7,4,7,3,0,0,0,19,0
31,9,4,11,3,0,0,0,40,0
54,9,2,11,0,1,4064,0,55,0
46,10,2,11,0,1,0,2042,50,0
27,9,4,4,3,1,0,0,80,0
50,13,2,9,0,1,0,0,45,1
38,4,2,4,0,1,0,0,56,0
36,14,4,9,3,0,0,0,40,0
25,9,0,7,1,1,0,0,40,0
19,9,4,4,3,1,0,0,25,0
60,10,2,7,0,1,0,0,60,0
45,5,4,7,3,1,0,0,40,0
21,10,4,12,3,1,0,1602,16,0
42,9,0,13,1,1,0,1980,46,0
38,9,2,2,0,1,0,0,50,0
19,9,4,3,1,1,0,0,32,0
23,10,4,0,3,1,0,0,40,0
24,10,4,5,3,0,0,0,30,0
30,12,0,11,1,1,0,0,52,0
62,10,2,3,0,1,0,0,40,0
26,15,4,9,3,1,0,0,20,0
42,13,2,3,0,1,0,0,52,1
33,9,2,2,0,1,0,0,40,0
35,13,0,9,4,0,0,0,32,0
33,9,0,11,1,1,0,0,40,0
45,9,0,11,1,0,0,0,55,0
62,13,2,0,5,0,0,0,30,1
24,9,4,3,3,1,0,0,40,0
50,10,0,0,1,0,0,0,40,0
54,13,2,9,0,1,0,0,40,1
58,4,0,6,3,1,0,0,40,0
39,9,2,2,0,1,0,0,50,0
32,9,0,2,4,1,0,0,40,0
27,13,2,9,0,1,0,0,40,0
27,9,2,13,0,1,3908,0,35,0
20,10,4,7,3,1,0,0,60,0
64,4,2,2,0,1,0,0,40,0
55,14,6,11,1,0,0,0,40,0
46,9,0,12,1,0,0,0,43,0
45,10,2,13,0,1,0,0,55,0
26,9,4,13,1,1,0,0,40,0
36,9,2,2,0,1,0,0,40,0
25,13,4,11,1,0,0,1876,40,0
58,6,2,13,0,1,0,1887,40,1
39,13,2,3,0,1,0,0,45,0
47,9,6,8,1,0,0,0,45,0
35,14,2,6,0,1,0,0,48,0
38,9,2,3,0,1,0,0,40,0
50,7,2,2,0,1,0,0,40,0
36,9,0,0,4,0,0,0,38,0
28,3,4,2,2,1,0,0,40,0
44,9,2,6,5,0,0,0,45,0
40,9,0,10,4,0,0,0,40,0
55,10,2,2,0,1,0,0,40,1
29,9,4,4,1,1,0,0,45,0
33,9,2,2,0,1,0,0,45,0
32,13,2,3,0,1,7688,0,40,1
45,14,2,9,0,1,0,0,10,1
23,9,4,5,3,1,0,0,25,0
31,11,4,10,3,1,0,0,40,0
22,10,4,7,1,0,0,0,40,0
59,9,0,5,1,1,0,0,40,0
32,10,4,2,1,1,0,0,38,0
49,10,4,0,1,0,0,0,40,0
22,10,4,0,3,1,0,0,30,0
26,10,4,0,1,1,0,0,30,0
23,10,2,0,0,1,0,0,40,0
55,10,2,11,5,0,0,0,50,0
47,9,2,3,0,1,0,0,49,1
44,9,2,13,0,1,0,0,40,0
27,10,4,7,1,1,0,0,24,0
40,14,2,9,5,0,15024,0,37,1
32,13,2,9,5,0,0,0,8,1
20,10,4,6,2,1,0,0,40,0
84,9,6,3,1,0,0,0,33,0
40,10,0,2,2,1,0,0,50,0
37,13,4,11,1,0,0,0,40,0
44,10,0,13,3,1,0,1380,40,0
47,10,0,3,4,0,0,0,40,0
62,10,2,11,0,1,0,0,25,0
47,9,4,13,1,1,0,0,45,0
44,9,0,2,4,1,0,0,40,0
26,13,2,0,0,1,0,0,41,0
36,10,2,2,0,1,0,0,40,0
52,7,2,7,0,1,0,0,40,0
33,10,0,0,4,0,0,0,40,0
33,9,2,13,0,1,0,0,40,0
25,13,2,3,0,1,0,0,20,0
62,13,2,6,0,1,0,0,40,0
38,10,2,2,0,1,0,0,40,0
46,9,3,4,1,1,0,0,65,0
46,13,2,3,0,1,0,0,44,1
38,9,0,7,4,0,0,0,70,0
52,10,2,0,0,1,0,0,40,1
63,4,2,3,0,1,0,0,15,0
49,10,2,6,0,1,0,0,43,0
17,7,4,0,3,0,0,0,12,0
33,9,4,7,1,0,0,0,35,0
70,9,6,7,2,0,2329,0,20,0
19,10,4,7,3,0,0,0,15,0
61,10,2,11,0,1,0,0,40,0
33,13,2,9,0,1,0,0,25,1
29,6,5,4,4,0,0,0,40,0
40,10,0,13,4,1,6849,0,40,0
43,9,2,13,0,1,0,0,38,1
24,9,4,11,1,1,0,0,40,0
29,10,2,2,0,1,0,0,60,0
61,9,2,7,5,0,0,0,17,0
48,7,0,7,1,0,0,0,34,0
19,10,4,5,3,1,0,0,20,0
30,10,4,6,1,0,0,0,40,0
24,10,4,7,1,1,0,0,30,0
39,14,4,9,4,0,0,0,43,0
46,10,0,3,4,0,2036,0,60,0
40,9,2,11,0,1,0,0,72,1
27,13,4,9,3,0,0,0,40,0
25,14,4,9,3,0,0,0,40,0
31,7,4,2,1,1,0,2001,40,0
58,13,0,13,1,1,0,0,45,0
33,9,2,3,5,0,0,0,42,1
40,9,6,7,4,0,0,0,25,0
40,14,2,11,0,1,0,0,70,1
31,9,2,2,0,1,0,0,40,0
33,9,5,7,4,0,0,0,48,0
49,12,2,11,0,1,0,0,45,0
24,11,4,12,3,1,0,0,40,0
46,9,4,2,4,1,0,0,40,0
58,14,2,9,0,1,0,0,40,1
20,10,4,11,3,0,0,0,20,0
43,10,2,0,5,0,0,0,40,0
48,14,2,11,0,1,0,0,50,0
41,10,2,13,0,1,0,0,54,0
27,10,5,7,1,0,0,0,30,0
52,9,2,2,0,1,0,0,40,0
52,10,0,3,1,0,0,0,38,0
19,9,4,7,3,1,0,0,30,0
39,10,0,9,3,0,0,0,45,0
47,10,0,7,4,0,0,0,40,0
27,9,0,2,2,1,0,0,40,0
48,10,0,2,1,1,0,0,40,0
50,9,5,7,4,0,0,0,35,0
60,10,2,13,0,1,0,0,60,0
28,12,2,12,0,1,0,0,45,1
47,9,0,7,4,0,0,0,40,0
40,9,2,2,0,1,0,0,66,0
37,9,4,5,4,0,3887,0,40,0
41,14,4,9,1,1,0,0,40,0
38,9,2,0,0,1,0,0,48,0
46,11,5,12,1,0,0,0,30,0
21,10,4,0,3,1,0,0,30,0
44,14,5,11,4,0,0,0,48,0
47,10,2,0,5,0,0,0,35,1
42,10,0,2,1,1,0,0,40,0
56,13,4,3,1,0,0,0,45,1
32,13,4,9,3,1,0,0,40,0
24,13,2,7,0,1,0,0,33,0
26,10,2,11,0,1,0,0,40,0
36,13,4,11,1,0,2174,0,50,0
49,7,4,7,1,1,0,0,60,0
65,9,2,3,0,1,0,0,40,1
73,4,0,7,1,0,0,0,40,0
34,7,2,5,0,1,0,0,40,0
22,13,4,0,3,0,0,0,40,0
49,10,4,7,4,0,0,0,30,0
25,7,4,7,4,0,0,0,32,0
39,5,2,13,0,1,0,0,25,0
19,7,4,2,1,1,0,0,56,0
24,6,2,6,5,0,0,0,40,0
34,9,0,0,4,0,0,0,35,0
21,9,4,6,2,1,0,0,40,0
43,14,0,7,4,0,0,0,40,0
39,10,0,0,4,0,0,0,40,0
33,12,4,7,1,1,0,0,32,0
19,10,4,7,3,0,0,0,26,0
17,6,4,11,4,0,0,0,12,0
43,10,2,4,0,1,0,0,50,0
62,9,6,0,1,0,0,0,42,0
53,14,0,9,1,0,0,0,40,1
45,14,2,9,0,1,0,0,60,1
47,9,0,0,1,0,0,0,40,0
30,10,4,7,3,0,0,0,40,0
53,9,5,11,1,0,0,0,33,0
24,9,5,6,3,0,0,0,40,0
41,10,2,5,0,1,0,0,40,0
58,3,0,7,2,0,0,0,40,0
27,9,0,0,1,1,4865,0,50,0
63,9,0,0,1,0,0,0,38,0
50,10,0,7,3,1,0,0,28,0
43,14,4,12,1,0,8614,0,47,1
29,10,4,3,1,1,0,0,60,0
41,10,2,11,0,1,3942,0,40,0
55,9,2,7,0,1,0,0,40,0
36,9,4,13,1,1,0,0,45,0
23,9,4,0,3,1,0,0,40,0
22,13,4,2,1,1,13550,0,55,1
58,10,0,2,1,1,0,0,45,0
25,7,4,0,3,0,0,0,40,0
40,9,2,11,5,0,0,0,30,0
38,11,4,9,1,0,0,0,39,0
37,13,2,9,0,1,0,0,40,1
19,10,4,7,3,0,0,0,35,0
55,6,4,7,1,1,0,0,29,0
55,13,2,11,0,1,15024,0,50,1
28,13,4,0,1,1,0,0,45,0
53,9,2,2,0,1,0,0,40,0
60,10,0,9,4,1,3325,0,42,0
32,10,0,0,4,0,0,0,38,0
34,9,2,11,0,1,0,0,50,0
49,10,0,9,1,1,0,0,45,1
21,10,4,7,2,0,0,0,30,0
24,13,4,0,1,0,0,0,20,0
53,11,0,0,1,0,2202,0,40,0
34,13,3,9,1,0,0,0,40,0
41,3,2,4,5,0,0,0,40,0
21,9,4,7,1,0,0,0,40,0
43,14,2,3,0,1,0,0,35,1
31,9,4,10,3,1,0,0,40,0
38,9,2,5,0,1,0,2042,40,0
42,13,2,3,0,1,0,2415,60,1
62,13,4,4,1,1,0,0,30,0
51,4,6,6,1,0,0,0,40,0
30,9,4,11,4,0,0,0,25,0
24,13,2,6,0,1,0,0,40,0
36,9,0,2,1,1,0,0,40,0
57,6,2,2,0,1,0,0,40,0
46,13,2,3,0,1,0,0,55,1
33,16,2,9,0,1,0,0,40,0
42,10,4,11,1,1,0,0,45,0
62,9,2,2,0,1,0,0,40,0
64,10,2,11,0,1,0,0,20,0
18,10,4,11,3,0,0,0,25,0
43,3,3,4,4,1,0,0,35,0
62,4,6,7,1,0,0,0,66,0
29,12,2,9,0,1,0,0,50,0
43,13,2,5,0,1,0,0,40,1
39,9,2,3,0,1,7298,0,40,1
34,13,2,3,5,0,0,0,40,0
44,12,2,3,0,1,4386,0,45,1
25,13,4,0,1,1,0,0,30,0
47,10,0,13,4,1,0,0,40,0
17,6,4,7,3,1,0,0,8,0
41,13,0,9,4,1,0,0,65,0
19,10,4,11,3,1,0,0,20,0
57,2,2,7,0,1,0,0,40,0
25,9,4,0,4,1,0,0,35,0
37,10,2,0,0,1,0,0,40,1
29,11,2,6,0,1,0,0,40,0
32,10,4,11,3,1,0,0,35,0
35,15,2,9,0,1,0,0,45,1
52,8,4,6,1,1,0,0,40,0
41,9,4,6,3,0,1831,0,40,0
29,9,3,6,1,0,0,0,38,0
23,14,4,9,3,0,0,0,36,0
31,7,2,2,0,1,0,0,40,0
40,9,2,13,0,1,0,0,50,0
19,9,4,0,3,0,0,0,20,0
21,10,4,13,3,1,0,0,10,0
37,13,4,0,1,0,8614,0,40,1
49,15,2,9,0,1,99999,0,35,1
64,9,2,0,5,0,0,0,35,0
37,11,4,0,1,0,0,0,43,0
70,13,2,2,0,1,0,2377,12,1
22,6,4,13,3,1,0,0,30,0
29,9,2,11,0,1,0,0,40,0
37,9,2,2,0,1,0,0,40,0
29,13,4,12,1,1,0,0,40,0
38,7,0,6,1,1,0,0,65,0
27,9,4,2,1,1,0,0,50,0
58,13,2,0,0,1,0,0,35,1
60,10,2,0,5,0,0,0,35,0
20,10,4,11,1,1,0,0,25,0
51,10,2,11,0,1,0,0,40,1
37,5,2,13,0,1,0,0,65,0
22,8,4,3,1,1,0,0,50,1
56,6,2,13,0,1,0,0,60,0
26,13,2,11,5,0,5178,0,42,1
19,10,5,11,4,0,0,0,25,0
37,11,2,9,5,0,0,0,30,0
27,10,4,12,1,0,0,0,40,0
27,9,4,11,3,1,0,0,20,0
52,10,2,11,0,1,0,0,50,0
45,9,5,6,4,0,0,0,40,0
28,10,4,2,3,1,0,0,40,0
20,9,0,0,1,0,0,0,40,0
28,14,4,9,1,0,0,0,50,0
44,11,2,5,0,1,0,0,40,0
30,13,2,2,0,1,0,0,40,0
26,12,4,0,3,0,0,0,8,0
46,9,4,11,1,0,0,0,40,0
51,13,2,2,0,1,0,0,50,0
25,13,4,9,1,0,0,0,40,0
43,9,5,7,1,1,0,0,40,0
36,9,0,2,1,1,0,0,40,0
36,10,4,3,1,1,0,0,40,0
48,13,4,7,4,0,0,0,40,0
24,13,2,9,0,1,0,0,44,1
30,9,0,7,4,0,0,0,36,0
24,13,2,3,5,0,7688,0,45,1
62,13,2,6,0,1,0,0,40,0
41,9,0,13,1,1,0,1590,40,0
49,15,2,9,0,1,0,0,85,1
36,9,2,13,0,1,0,0,50,0
47,14,0,9,4,0,5455,0,45,0
49,14,0,9,1,0,0,0,40,0
52,10,4,3,1,1,0,0,40,0
52,12,2,12,0,1,0,0,40,1
26,9,4,0,1,1,0,0,53,0
51,9,4,13,1,1,0,0,40,0
18,6,4,7,3,1,0,0,20,0
30,9,4,5,2,1,0,0,40,0
46,9,0,6,1,1,0,0,20,0
28,9,4,5,3,0,0,0,40,0
48,13,2,3,0,1,7298,0,50,1
62,10,2,0,5,0,0,0,38,1
49,13,2,11,0,1,4064,0,44,0
69,9,6,0,1,0,0,0,24,0
35,13,4,3,1,1,8614,0,45,1
78,14,6,2,4,1,0,0,40,0
61,10,2,3,0,1,0,0,45,1
24,13,4,9,1,0,0,0,40,0
29,10,4,0,3,0,0,0,40,0
17,6,4,4,3,1,0,0,40,0
27,9,2,5,0,1,0,0,80,1
64,9,2,13,0,1,0,0,40,0
33,9,4,3,1,1,0,0,55,0
32,8,2,2,2,1,0,0,40,0
19,10,4,7,3,0,0,0,20,0
42,7,2,4,0,1,0,0,40,0
24,13,4,11,3,0,0,0,15,0
23,9,4,3,1,1,0,0,45,0
51,15,4,9,1,1,3325,0,40,0
31,13,4,12,1,1,3325,0,60,0
44,15,2,9,0,1,0,0,29,1
38,14,4,3,1,0,10520,0,50,1
44,12,0,10,1,0,0,0,56,1
44,3,2,4,0,1,0,0,40,0
38,9,2,2,0,1,0,0,44,0
36,5,0,0,4,0,0,0,40,0
29,2,4,7,1,1,0,0,20,0
46,12,0,11,1,0,0,0,25,0
47,9,2,0,0,1,0,0,40,0
30,9,2,13,0,1,99999,0,40,1
37,9,2,10,0,1,7688,0,35,1
27,13,4,3,1,1,0,0,45,0
43,9,0,6,4,0,0,0,50,0
44,15,2,9,0,1,0,0,40,1
31,10,4,3,4,1,0,0,60,0
34,13,2,3,0,1,0,1977,45,1
39,13,4,11,3,1,0,1092,40,0
36,10,0,2,4,0,0,0,40,0
57,13,2,9,0,1,3103,0,40,1
78,4,4,6,1,0,0,0,35,0
24,10,2,2,0,1,0,0,40,0
39,10,4,0,1,0,0,0,40,0
21,12,4,11,3,1,0,0,40,0
34,9,5,0,1,1,0,0,40,1
22,10,4,11,4,0,0,0,32,0
36,10,0,0,4,0,0,0,40,0
61,10,2,11,0,1,0,0,40,1
42,10,5,7,4,0,0,0,21,0
49,11,2,2,0,1,0,0,40,1
58,11,2,2,0,1,0,0,40,0
37,10,2,10,0,1,0,0,60,0
39,9,4,12,1,1,4650,0,44,0
25,10,5,0,2,0,0,0,40,0
30,13,2,0,0,1,0,0,40,0
36,9,2,2,0,1,2885,0,40,0
23,9,4,2,1,1,0,0,65,0
51,10,2,0,5,0,0,0,35,0
55,9,2,13,0,1,0,0,60,0
35,13,4,11,1,1,0,0,50,0
45,14,2,0,0,1,0,0,40,0
36,13,2,9,0,1,0,0,48,1
32,9,2,2,0,1,0,0,40,0
39,9,2,3,0,1,0,0,55,0
47,10,2,2,0,1,0,0,40,0
49,10,2,3,0,1,0,0,45,1
44,10,5,6,1,1,0,0,40,0
36,10,2,3,0,1,0,0,50,1
40,10,0,2,4,0,0,0,30,0
17,6,4,7,3,0,0,0,6,0
18,9,4,11,3,0,0,0,38,0
30,10,2,3,5,0,0,0,25,0
66,9,6,8,1,0,0,0,50,0
59,13,4,2,1,1,0,0,50,0
30,9,2,0,0,1,0,0,40,0
50,9,2,4,0,1,0,0,50,0
24,9,4,7,3,0,0,0,25,0
28,15,2,9,0,1,0,0,99,0
44,14,2,9,5,0,0,0,40,1
25,11,4,9,1,1,0,0,40,0
45,14,2,3,0,1,0,0,50,1
20,9,4,13,1,1,0,0,40,0
67,11,0,9,4,0,0,0,40,0
40,15,2,9,0,1,0,0,45,1
52,9,2,0,0,1,0,0,40,0
34,16,4,9,1,1,0,0,50,1
37,12,2,9,0,1,0,0,45,1
17,6,4,7,3,1,0,0,4,0
25,11,2,11,5,0,0,0,42,1
35,13,0,9,1,1,0,0,40,0
63,14,0,3,1,0,0,0,40,1
38,10,4,0,3,0,0,0,40,0
33,13,2,0,0,1,0,0,60,1
51,14,2,9,5,0,0,0,40,1
64,16,2,9,0,1,0,0,50,1
50,10,0,10,1,1,0,0,40,0
18,6,4,13,1,1,0,0,56,0
67,14,4,9,1,1,0,0,99,0
46,9,2,2,0,1,0,0,40,0
60,13,2,4,0,1,0,0,50,0
29,9,4,6,1,0,0,0,40,0
30,10,4,7,3,0,0,0,40,0
56,16,2,9,1,1,2885,0,40,0
29,9,2,5,5,0,0,0,40,1
37,13,4,0,4,0,0,0,27,0
55,2,0,8,4,0,0,0,30,0
24,9,4,0,1,0,0,0,30,0
21,9,4,2,1,1,0,0,35,0
46,13,2,11,0,1,0,0,70,1
25,8,2,6,2,1,0,0,40,0
40,9,4,2,3,1,0,0,28,0
23,10,5,11,3,0,0,0,40,0
43,10,4,13,1,1,0,0,30,0
29,10,2,2,0,1,0,1485,60,1
59,6,6,7,2,0,0,0,40,0
28,9,4,3,3,1,0,0,32,0
17,7,4,0,3,0,0,0,15,0
53,9,2,6,0,1,0,0,40,1
22,3,4,8,2,0,0,0,40,0
63,9,3,2,1,1,0,0,40,0
32,14,2,11,5,0,0,0,45,1
40,9,4,0,4,0,0,0,35,0
61,15,2,9,0,1,0,0,50,1
35,9,4,2,1,1,0,1408,40,0
43,13,2,3,0,1,0,0,50,0
48,10,0,2,1,1,0,0,40,0
56,13,6,9,1,0,0,0,40,0
51,9,2,0,0,1,0,0,40,0
34,10,4,2,1,1,0,0,40,0
44,10,2,11,0,1,0,1902,40,1
37,10,2,11,0,1,0,0,44,1
36,13,2,3,0,1,0,1977,40,1
34,10,5,6,1,1,0,0,40,0
23,10,4,11,3,0,0,0,25,0
63,14,0,9,1,1,0,0,40,1
47,14,2,3,0,1,0,1977,41,1
55,9,0,11,4,0,0,0,50,1
31,13,4,10,3,1,0,0,48,0
27,10,0,7,1,1,0,0,40,0
58,13,0,0,1,0,14084,0,40,1
28,10,2,10,0,1,0,0,48,0
52,4,0,6,1,0,0,0,64,0
31,9,2,0,0,1,0,0,50,0
53,10,0,0,4,0,0,0,38,0
43,10,0,12,1,0,0,0,50,0
43,9,3,4,4,1,0,0,40,0
50,14,0,3,1,1,0,0,80,1
37,7,2,7,0,1,0,0,40,0
26,9,0,6,1,1,0,0,40,0
22,7,4,11,1,0,0,0,40,0
22,10,2,11,0,1,0,0,55,0
59,10,2,2,0,1,15024,0,50,1
30,10,2,6,0,1,0,0,40,0
24,9,5,7,1,0,0,0,55,0
30,9,2,2,0,1,0,0,40,0
50,13,0,10,1,1,0,0,40,1
38,8,2,7,0,1,3942,0,40,0
29,9,2,0,0,1,0,0,40,0
76,9,2,11,0,1,1424,0,24,0
21,11,4,2,4,1,0,0,40,0
65,10,6,7,4,0,0,0,24,0
43,9,2,3,0,1,0,0,45,1
29,13,2,9,5,0,0,0,24,0
32,13,4,11,1,1,0,0,45,0
37,12,2,3,0,1,0,0,65,1
64,9,2,3,0,1,0,0,16,0
49,10,2,2,0,1,0,0,40,1
44,13,2,3,0,1,0,0,40,1
34,13,2,3,0,1,7688,0,40,1
35,10,2,3,0,1,0,0,36,0
53,10,0,0,1,0,0,0,43,0
24,11,4,11,4,1,0,0,50,0
31,10,0,0,4,0,0,0,40,0
25,10,2,13,0,1,0,0,38,0
36,9,2,6,0,1,0,0,45,0
29,10,4,11,1,1,0,0,60,0
37,9,2,13,0,1,0,0,50,1
42,16,4,9,1,0,0,0,45,0
30,9,0,2,1,0,0,0,40,0
32,10,4,3,1,1,0,0,70,0
47,13,4,3,1,1,10520,0,45,1
44,9,0,2,1,1,0,0,40,1
19,9,4,11,3,1,0,0,40,0
22,9,2,3,0,1,0,0,48,0
51,5,2,2,0,1,0,0,50,1
69,9,2,2,0,1,0,0,16,0
33,9,4,9,1,1,0,0,40,0
22,10,4,0,1,0,0,0,55,0
33,13,4,12,1,0,0,0,45,1
20,10,4,0,2,0,0,0,40,0
28,10,2,2,0,1,0,0,40,0
25,9,4,5,1,0,0,0,40,0
27,9,4,7,1,1,0,0,48,0
22,9,4,13,3,1,0,0,40,0
67,9,2,4,0,1,0,0,35,0
31,9,2,3,0,1,0,0,40,0
43,15,2,9,0,1,0,0,50,1
33,13,4,9,1,0,0,0,40,0
37,9,2,9,5,0,0,0,35,1
27,9,2,13,0,1,0,0,60,0
36,10,4,13,1,1,0,0,40,0
33,12,0,11,1,0,0,0,45,0
63,13,2,11,0,1,15024,0,40,1
48,13,0,7,4,0,0,0,56,1
25,9,4,5,2,1,0,0,45,0
41,9,2,7,0,1,0,0,10,0
26,9,4,7,1,1,0,0,40,0
23,10,4,0,3,0,0,0,40,0
33,9,4,7,4,0,1831,0,40,0
30,14,2,9,0,1,0,0,17,0
67,9,6,7,1,0,0,0,20,0
32,9,2,11,0,1,0,0,55,1
48,9,0,2,1,1,0,0,60,1
51,9,6,7,1,0,0,0,24,0
39,14,4,11,1,1,0,0,40,0
40,13,2,9,0,1,0,0,60,0
40,9,2,13,0,1,0,0,40,1
19,9,4,6,2,1,0,0,40,0
28,9,0,5,4,0,0,0,36,0
47,13,2,9,0,1,0,0,60,1
20,10,4,9,1,0,0,0,20,0
41,9,6,3,2,1,914,0,40,0
29,10,2,7,5,0,0,0,40,0
40,13,2,3,0,1,0,0,50,1
61,9,6,3,1,0,0,0,40,0
25,7,4,2,1,1,0,0,40,0
26,9,2,6,0,1,0,0,40,0
43,13,4,0,1,0,0,0,40,0
17,4,4,2,1,1,0,0,45,0
43,14,0,9,4,0,9562,0,40,1
73,9,2,6,0,1,3471,0,40,0
46,10,0,6,3,0,0,0,40,0
19,10,4,7,3,1,0,0,20,0
37,9,0,6,1,1,0,0,40,0
26,10,2,0,0,1,0,0,40,0
47,9,0,11,3,1,0,1876,40,0
47,14,4,9,1,1,0,0,40,0
29,13,4,9,1,1,0,0,40,0
29,9,4,0,1,0,0,0,40,0
33,13,2,3,3,1,0,0,55,0
20,9,4,13,2,1,0,0,40,0
28,6,2,2,5,0,0,0,48,0
41,14,2,9,0,1,0,0,40,0
43,13,2,11,0,1,0,0,50,0
35,5,2,5,0,1,0,0,46,0
18,8,4,7,3,0,0,0,25,0
55,10,0,0,1,1,0,0,40,0
44,9,0,6,3,0,0,0,40,0
64,9,6,8,1,0,0,0,15,0
34,11,2,2,0,1,0,0,75,0
38,10,2,11,0,1,0,0,60,1
25,9,4,7,3,0,0,0,8,0
21,10,4,13,3,1,0,0,40,0
37,2,2,7,0,1,0,0,53,0
39,10,0,11,4,0,0,0,40,0
34,10,0,0,1,0,0,0,50,0
23,13,4,3,1,0,0,0,45,0
54,10,2,2,0,1,0,0,40,1
49,14,5,3,1,1,0,0,70,1
25,9,2,0,5,0,0,0,40,0
51,12,2,11,0,1,0,0,50,0
29,9,4,4,4,1,0,0,35,0
27,13,2,10,5,0,0,0,48,0
53,9,2,8,2,0,0,0,40,0
68,13,2,9,0,1,0,0,55,1
56,9,2,11,0,1,0,0,40,1
24,9,0,11,4,0,0,0,48,0
24,10,4,11,3,0,0,0,40,0
41,14,2,3,0,1,0,0,55,0
45,9,4,11,3,0,0,0,19,0
35,9,2,6,0,1,0,0,40,0
21,9,4,5,1,1,0,0,40,0
45,7,5,0,4,0,0,0,25,0
18,7,4,11,1,0,0,0,30,0
49,13,4,8,1,1,0,0,25,0
49,11,5,9,3,0,0,0,36,0
45,13,2,9,0,1,0,0,37,0
27,9,4,5,2,1,0,0,40,0
28,10,2,3,0,1,0,0,40,0
35,13,2,9,0,1,0,0,45,1
33,10,4,6,1,1,0,0,40,0
35,7,2,11,0,1,0,0,35,0
19,9,4,2,2,1,0,0,40,0
33,10,4,7,1,0,0,0,28,0
28,9,0,11,1,1,14084,0,40,1
49,10,3,0,1,0,0,0,40,0
39,10,2,9,0,1,0,0,25,0
22,9,5,0,4,0,0,0,40,0
42,6,2,2,0,1,0,0,40,0
22,10,4,0,3,1,0,0,40,0
18,9,4,2,3,1,0,0,40,0
49,5,6,5,4,1,0,2231,40,1
33,16,2,9,0,1,0,0,40,1
28,9,2,2,0,1,0,0,45,0
42,4,3,9,2,1,0,0,35,0
20,10,4,7,3,1,2176,0,25,0
50,10,2,10,0,1,0,0,48,0
32,10,2,3,0,1,0,0,40,1
31,9,5,5,4,0,0,0,40,0
29,11,4,7,1,1,0,0,40,0
46,10,2,7,0,1,0,0,40,0
32,16,4,9,1,1,0,0,77,0
61,9,6,0,4,0,0,0,24,0
43,7,2,2,0,1,0,0,55,0
35,9,4,5,1,0,0,0,40,0
39,13,2,9,0,1,0,0,40,0
42,10,2,4,0,1,0,0,60,0
23,13,4,9,1,0,0,0,40,0
32,13,2,11,0,1,0,0,45,0
52,9,2,13,0,1,0,0,85,1
36,12,2,12,0,1,0,0,40,1
50,9,6,11,1,0,0,2444,72,1
71,15,2,9,0,1,0,0,12,1
27,9,4,7,2,0,0,0,30,0
56,9,2,2,0,1,0,0,60,0
28,10,4,9,4,1,0,0,40,0
45,9,2,2,0,1,0,0,40,0
28,9,2,6,5,0,0,0,40,0
28,10,2,10,0,1,0,0,40,0
18,10,4,6,1,0,0,0,15,0
62,4,0,5,1,1,0,0,40,0
35,8,5,6,4,0,0,0,40,0
39,6,2,6,0,1,0,0,60,0
24,10,4,0,1,1,0,0,20,0
58,5,0,4,1,1,0,0,40,0
48,9,0,11,1,1,0,0,40,0
57,13,2,3,0,1,0,0,50,1
31,13,2,11,0,1,0,0,60,0
25,9,2,11,0,1,0,0,40,0
34,13,2,9,5,0,15024,0,36,1
29,4,2,4,0,1,0,0,72,0
38,12,0,3,4,0,0,0,40,0
21,10,4,7,3,0,0,0,40,0
34,9,2,4,0,1,0,0,70,0
50,13,4,11,4,0,0,0,32,0
50,9,0,9,4,0,0,0,40,0
49,11,0,3,4,0,0,0,45,0
30,13,4,9,1,1,0,0,70,0
29,14,2,9,0,1,0,0,20,0
22,10,4,0,1,1,0,0,20,0
42,9,2,13,0,1,0,0,50,0
31,10,0,7,4,0,0,0,48,0
42,13,2,9,0,1,0,0,21,0
20,10,4,7,3,1,0,0,20,0
50,6,2,2,0,1,0,0,40,1
27,5,4,2,3,1,0,0,40,0
26,7,4,7,1,1,0,0,40,0
20,10,4,10,3,1,0,0,40,0
51,10,2,2,0,1,0,0,40,1
52,9,2,6,0,1,0,0,40,0
33,9,0,0,1,1,0,0,38,0
31,13,2,0,0,1,0,0,60,0
24,10,2,7,5,0,0,0,40,0
56,13,2,6,0,1,0,0,40,0
29,7,2,2,0,1,3942,0,50,0
18,9,4,11,2,0,1055,0,30,0
43,10,2,6,0,1,0,0,50,0
43,16,3,9,4,1,25236,0,64,1
21,9,2,0,0,1,0,0,40,0
51,9,2,0,5,0,0,0,40,0
41,10,2,13,0,1,0,0,65,1
45,10,2,9,0,1,0,0,40,1
20,9,4,7,1,0,0,0,30,0
28,13,2,3,5,0,0,0,60,1
50,14,2,9,5,0,15024,0,40,1
47,13,0,2,1,1,0,0,40,0
80,4,6,4,1,1,0,0,35,0
47,9,2,0,5,0,0,0,35,0
45,9,2,11,0,1,0,0,50,0
17,7,4,5,3,1,0,0,12,0
37,9,2,2,0,1,0,0,50,0
27,10,4,6,1,0,0,0,40,0
17,8,4,7,3,1,0,0,16,0
18,9,4,4,3,1,0,0,40,0
57,9,2,5,0,1,0,0,40,0
26,9,5,0,4,0,0,0,40,0
26,14,4,3,3,0,0,0,40,0
36,13,2,9,0,1,0,0,45,1
51,9,2,4,0,1,0,0,80,1
38,10,4,7,1,1,0,0,40,0
51,9,4,2,1,1,0,0,40,1
24,7,4,5,1,1,0,0,40,0
35,9,0,4,1,1,0,0,65,0
51,13,2,3,0,1,15024,0,40,1
28,13,2,3,0,1,0,0,40,1
37,9,2,13,0,1,0,0,40,0
43,9,2,3,0,1,0,0,40,0
23,9,4,5,1,1,0,0,30,0
42,13,2,11,5,0,0,0,40,0
58,10,2,0,5,0,0,0,40,1
52,9,2,7,5,0,0,0,20,0
29,9,0,11,1,0,0,0,50,0
27,10,2,2,0,1,0,0,60,0
28,10,4,0,3,0,0,0,40,0
59,12,2,2,0,1,7298,0,20,1
28,9,4,5,3,1,0,0,40,0
24,10,4,2,1,1,0,0,40,0
20,6,3,5,1,1,0,0,40,0
54,13,2,3,0,1,0,0,40,1
65,9,0,7,1,1,0,0,25,0
38,10,2,2,0,1,0,0,40,1
29,9,2,6,0,1,0,0,40,0
27,9,4,0,3,0,0,0,40,0
36,14,2,7,0,1,0,0,40,0
55,9,2,10,0,1,0,0,40,0
22,3,4,6,1,1,0,0,30,0
28,13,4,9,1,0,0,0,40,0
20,10,4,11,3,0,0,0,30,0
24,13,2,9,0,1,3908,0,40,0
36,14,2,3,0,1,15024,0,50,1
68,9,2,11,0,1,0,0,40,0
49,9,0,11,1,1,0,0,50,1
18,4,4,6,3,1,0,0,40,0
50,16,0,9,1,0,0,0,60,1
37,8,5,8,4,0,0,0,40,0
60,14,2,3,0,1,0,0,50,1
43,10,2,2,0,1,0,0,40,0
43,16,2,9,5,0,0,0,70,1
17,7,4,8,3,0,0,0,9,0
43,10,4,3,1,0,0,0,50,0
21,10,4,0,3,0,0,0,15,0
48,10,2,4,0,1,7298,0,60,1
56,13,4,3,1,1,14084,0,45,1
21,12,4,7,3,0,0,0,30,0
28,12,2,10,0,1,0,0,40,1
39,9,2,2,0,1,0,0,40,1
40,4,2,11,0,1,4064,0,40,0
38,12,4,9,1,1,0,0,40,0
59,10,2,9,0,1,0,0,36,1
51,9,2,12,0,1,0,0,40,0
19,9,4,5,3,1,0,0,16,0
23,9,4,6,1,0,0,0,40,0
31,13,0,9,1,0,0,0,40,0
42,12,2,9,0,1,0,0,40,0
43,9,2,2,0,1,0,0,40,1
45,10,2,2,0,1,0,0,55,1
34,10,2,6,0,1,0,0,35,0
21,9,4,6,3,1,0,0,30,0
34,10,2,3,0,1,0,0,40,1
55,10,2,11,0,1,0,0,40,1
30,11,4,9,1,0,0,0,40,0
29,9,2,6,0,1,3137,0,48,0
19,10,4,0,3,0,0,0,20,0
45,13,0,9,1,1,0,0,35,0
42,13,2,7,0,1,0,0,72,1
32,13,4,11,1,0,0,1590,40,0
90,10,2,4,0,1,0,0,40,0
44,13,2,10,0,1,0,0,44,1
34,9,2,9,0,1,0,0,40,1
35,8,5,7,1,0,0,0,30,0
39,10,4,2,1,1,0,0,25,0
29,13,4,9,1,1,0,0,40,0
24,9,4,7,4,0,0,0,32,0
49,10,2,7,0,1,0,0,17,0
54,13,2,3,0,1,15024,0,60,1
31,5,0,13,1,1,0,0,40,0
44,10,0,3,1,0,0,0,50,0
27,9,2,11,0,1,0,0,40,0
24,9,4,5,3,1,0,0,40,0
30,9,2,5,0,1,0,0,60,0
27,10,0,3,3,0,0,0,40,0
34,13,2,0,0,1,0,0,20,0
25,10,2,3,5,0,0,0,19,0
39,9,0,3,4,0,0,0,40,0
28,10,2,12,0,1,0,0,40,1
51,9,2,2,0,1,0,0,70,0
33,10,4,11,1,1,0,0,26,0
27,11,4,5,3,0,0,0,38,0
29,9,4,3,1,1,0,0,40,0
33,6,2,5,0,1,0,0,40,0
37,9,2,11,0,1,0,0,50,1
20,9,4,5,3,1,0,0,40,0
24,13,4,3,1,0,0,0,40,0
29,9,4,7,3,0,0,0,35,0
31,13,2,3,0,1,0,2246,45,1
41,10,2,2,0,1,0,0,40,0
42,10,2,2,0,1,0,0,40,0
20,10,4,11,1,0,0,0,30,0
54,5,5,2,4,1,0,0,40,0
55,13,3,2,4,0,0,0,55,0
21,9,2,5,0,1,0,0,32,0
52,11,2,3,0,1,0,1977,45,1
19,9,4,0,3,1,0,0,40,0
33,11,2,2,0,1,0,0,40,0
22,9,5,7,4,0,0,0,35,0
59,9,4,3,4,0,0,625,38,0
31,8,4,11,3,1,0,0,32,0
74,9,2,11,0,1,0,0,40,1
45,6,0,7,4,0,0,0,40,0
36,9,4,0,1,0,0,0,40,0
35,10,0,3,1,1,0,0,60,0
45,10,0,2,1,1,0,0,40,0
42,9,4,4,3,1,0,0,85,0
50,14,0,9,4,0,0,0,40,0
39,9,0,3,2,0,0,0,40,0
44,10,5,3,1,1,0,1980,45,0
52,2,2,4,0,1,0,0,56,1
24,13,4,9,1,1,0,0,43,0
56,5,2,13,0,1,0,0,99,0
27,9,2,6,0,1,0,0,50,1
47,13,2,3,0,1,0,1902,45,1
40,15,2,9,0,1,0,1977,60,1
38,9,4,9,1,1,0,0,40,0
27,11,0,11,1,0,0,0,40,0
52,9,0,0,4,0,0,0,38,0
22,9,0,11,3,1,0,0,40,0
41,10,2,2,0,1,0,0,40,0
30,9,0,0,4,0,0,0,20,0
55,13,2,7,2,1,0,0,35,0
25,10,4,0,3,1,0,1590,40,0
32,13,2,9,2,1,0,0,40,0
28,10,5,7,1,0,0,0,60,0
33,9,2,3,0,1,0,0,50,0
17,9,4,4,3,1,0,0,40,0
27,9,2,13,0,1,0,0,40,0
55,11,2,6,0,1,0,0,20,0
63,10,2,12,0,1,0,0,18,1
39,9,2,7,5,0,5013,0,40,0
51,16,2,9,0,1,4386,0,52,1
67,4,2,2,0,1,0,0,40,0
27,9,6,2,4,0,0,1594,26,0
54,14,2,3,0,1,0,0,45,1
59,6,2,13,0,1,0,0,40,1
18,9,4,0,1,0,0,0,25,0
19,9,4,2,3,1,0,0,20,0
31,9,2,6,0,1,0,0,50,0
17,7,4,7,3,0,0,0,7,0
42,9,2,12,0,1,15024,0,40,1
37,10,3,9,1,0,0,0,30,0
51,9,2,2,0,1,0,0,40,0
48,9,4,0,1,0,2463,0,40,0
23,9,4,13,3,1,0,0,40,0
27,11,2,11,0,1,0,0,45,0
25,9,4,5,3,1,0,0,40,0
69,12,0,0,1,0,2964,0,6,0
30,13,4,3,1,1,0,0,44,0
33,9,2,5,0,1,0,0,35,0
28,9,4,5,3,1,0,0,48,0
45,3,2,6,0,1,0,0,40,0
25,10,4,0,3,1,0,0,15,0
37,11,2,2,0,1,0,0,45,1
59,1,4,6,1,1,0,0,40,0
26,9,4,7,3,0,0,0,30,0
48,10,5,7,1,0,0,0,25,0
64,9,2,0,0,1,0,0,40,0
39,13,2,12,0,1,0,0,50,0
24,13,4,0,1,1,0,0,40,0
40,14,4,3,1,0,0,0,35,0
46,14,3,3,1,1,0,0,70,1
35,10,2,10,0,1,0,0,40,1
43,9,2,0,5,0,0,0,40,1
31,9,5,13,1,1,0,0,40,0
22,10,4,0,1,0,0,0,25,0
35,10,4,7,1,1,0,0,30,0
35,9,5,13,1,1,0,0,50,0
35,10,0,12,4,0,0,0,40,0
40,15,2,9,0,1,0,0,40,1
50,14,4,9,4,0,0,0,40,0
48,15,0,9,4,1,14084,0,63,1
46,9,0,0,1,0,0,0,40,0
36,9,0,6,4,0,0,0,38,0
37,13,2,9,0,1,0,0,36,1
24,5,2,11,0,1,0,0,45,0
47,13,5,9,1,0,0,0,70,0
35,9,0,2,1,1,0,0,50,0
43,13,2,0,0,1,0,0,40,0
18,7,4,7,3,1,0,0,20,0
54,9,2,7,0,1,0,0,50,0
62,9,4,7,2,0,0,0,38,0
36,13,2,2,0,1,0,0,48,1
27,5,2,4,0,1,0,0,40,0
23,10,4,0,2,1,0,0,14,0
33,3,2,2,0,1,0,0,50,1
28,2,4,6,1,0,0,0,40,0
22,9,4,0,3,1,0,0,20,0
31,11,2,4,0,1,0,0,60,1
26,13,4,7,1,1,0,0,30,0
44,13,0,3,1,1,0,0,50,1
73,13,2,9,0,1,0,0,30,0
44,13,0,11,4,0,0,0,35,0
35,11,0,3,1,1,0,0,45,0
27,13,4,0,1,0,0,0,40,0
47,13,2,10,0,1,0,0,50,1
29,9,2,2,0,1,0,0,45,1
33,10,2,7,5,0,0,0,26,0
50,10,0,7,1,0,0,0,15,0
32,9,2,5,0,1,2829,0,40,0
41,14,0,5,4,1,0,0,40,0
45,9,2,11,0,1,0,0,60,1
65,9,6,0,1,0,0,810,36,0
42,10,5,12,4,0,0,0,40,0
33,13,2,9,0,1,0,0,25,1
32,13,2,11,0,1,99999,0,60,1
42,10,2,9,0,1,0,0,40,1
49,10,5,3,1,0,0,0,45,1
38,9,2,10,3,1,0,0,45,0
38,10,2,3,0,1,0,0,50,0
37,10,2,2,0,1,0,0,52,0
24,10,4,6,1,1,0,0,30,0
27,10,4,11,1,1,0,0,50,0
25,5,3,0,4,0,0,0,40,0
29,9,2,11,0,1,0,0,50,0
46,9,2,13,0,1,0,0,70,0
44,9,2,13,0,1,0,0,96,0
26,13,4,11,1,0,0,0,40,0
46,12,2,10,0,1,0,0,49,1
38,10,5,3,4,1,0,0,40,0
38,10,2,2,0,1,0,0,40,0
22,13,2,3,0,1,0,0,20,0
33,10,0,11,1,1,0,0,40,0
50,12,0,0,1,1,0,0,40,0
31,9,2,10,0,1,0,0,41,1
26,10,4,9,1,0,0,0,4,0
42,10,2,5,0,1,0,0,38,0
27,9,2,2,0,1,0,0,40,0
34,14,2,9,0,1,0,0,45,1
64,9,2,10,0,1,0,0,40,0
43,10,2,2,0,1,0,0,40,0
39,9,2,2,0,1,0,0,40,0
47,15,4,9,1,1,0,0,40,1
56,14,4,9,1,1,0,0,66,0
25,14,4,9,3,1,0,0,20,0
60,13,0,3,1,0,0,0,35,0
52,9,2,11,0,1,0,0,44,0
43,9,0,5,1,1,594,0,16,0
46,13,4,0,4,0,0,0,40,0
19,10,4,0,3,0,0,0,30,0
56,4,4,4,4,0,0,0,20,0
22,13,4,9,1,1,0,0,40,0
39,3,5,11,4,0,0,0,30,0
28,10,0,9,1,1,0,0,40,0
31,13,2,11,0,1,0,0,50,1
22,9,4,7,3,0,0,0,35,0
39,13,2,3,0,1,0,0,40,1
28,7,4,2,1,1,0,0,40,0
31,9,4,0,4,0,0,0,35,0
50,13,2,11,0,1,0,0,40,0
34,9,2,2,0,1,3908,0,46,0
48,9,2,0,5,0,0,0,40,1
51,13,0,0,1,0,0,0,40,0
54,9,2,11,0,1,0,0,40,0
44,11,0,13,1,1,0,0,40,0
20,10,4,11,3,0,0,0,20,0
37,9,2,7,0,1,0,0,40,0
38,10,2,9,0,1,0,0,40,0
59,12,2,4,0,1,0,0,40,0
59,13,2,9,0,1,0,0,50,0
51,10,0,2,1,1,0,0,48,1
29,10,2,9,0,1,0,0,40,0
37,10,4,6,1,0,0,0,40,0
42,6,2,2,0,1,0,0,35,0
28,13,2,9,0,1,0,0,50,1
34,9,4,11,3,0,0,0,40,0
50,13,2,3,0,1,0,0,40,1
22,9,4,6,3,1,0,0,24,0
27,9,4,7,1,0,0,0,52,0
45,15,0,9,4,0,0,0,43,0
39,9,0,0,4,0,0,0,38,0
25,13,4,9,1,0,0,0,35,0
24,13,2,3,0,1,0,0,40,1
18,9,4,6,1,0,0,0,30,0
23,8,4,7,4,1,0,0,38,0
20,3,4,7,2,1,0,0,40,0
17,6,4,7,3,0,0,0,24,0
63,13,2,4,0,1,0,0,40,1
28,13,2,5,0,1,0,0,65,1
51,13,2,9,0,1,0,0,50,1
29,13,4,11,1,0,3325,0,45,0
64,10,6,0,4,0,0,0,12,0
17,6,4,7,3,1,0,0,25,0
45,10,0,0,4,0,6497,0,35,0
18,8,4,7,3,1,0,0,20,0
31,9,4,0,3,0,0,0,40,0
48,13,3,11,3,1,0,0,50,1
41,10,4,9,1,0,0,0,45,0
65,15,2,9,0,1,20051,0,60,1
27,11,0,6,1,1,0,0,40,0
39,11,2,3,0,1,0,0,40,0
51,10,0,2,1,1,0,0,8,1
49,14,2,3,0,1,0,0,45,1
36,13,2,11,0,1,0,1902,45,1
25,9,4,6,1,0,0,0,40,0
41,10,0,0,4,0,0,0,37,0
31,5,0,0,1,0,0,0,40,0
63,7,2,10,0,1,4386,0,37,1
50,13,0,3,1,0,0,0,40,0
63,10,0,7,1,1,0,0,40,0
44,14,4,4,3,1,0,0,99,0
48,9,0,13,1,1,0,0,65,0
51,10,2,11,0,1,0,0,50,0
18,9,4,0,3,0,0,0,15,0
23,10,4,7,3,1,0,0,25,0
31,9,2,6,0,1,5013,0,40,0
38,9,2,2,0,1,0,0,40,0
56,10,2,4,0,1,0,0,60,1
31,4,0,13,4,1,0,0,20,0
46,10,2,0,0,1,0,0,40,0
39,14,2,3,0,1,0,0,50,1
56,9,2,7,0,1,0,0,40,0
31,9,4,3,4,0,0,0,40,0
42,13,2,9,0,1,0,1977,40,1
53,9,2,3,0,1,0,0,35,1
18,7,4,7,3,0,0,0,15,0
27,9,2,9,0,1,0,1848,45,1
31,13,4,4,1,1,0,0,40,0
52,14,2,3,0,1,5013,0,40,0
46,9,2,7,0,1,0,0,40,0
30,10,4,7,1,1,0,0,24,0
26,13,4,7,1,0,0,0,40,0
48,14,2,9,0,1,0,0,50,1
37,10,2,2,0,1,0,0,40,1
29,5,2,2,0,1,0,0,40,0
49,9,2,3,0,1,7688,0,55,1
24,9,0,6,1,1,0,0,40,0
74,9,2,11,0,1,0,2149,20,0
56,3,2,3,0,1,0,1887,67,1
39,13,4,0,1,1,0,1741,40,0
21,9,4,13,3,1,0,0,40,0
29,13,4,3,1,0,0,2258,45,1
43,9,0,7,4,1,0,0,45,0
23,13,4,10,1,0,2907,0,40,0
26,9,4,3,1,0,0,0,50,0
47,9,2,13,0,1,0,0,60,0
27,9,2,6,0,1,0,0,55,0
45,9,2,6,0,1,0,0,45,1
30,9,4,10,3,1,0,0,70,0
35,10,2,0,5,0,7688,0,20,1
33,9,2,2,0,1,0,0,40,0
37,9,2,2,0,1,0,0,40,1
21,9,4,4,3,1,0,0,20,0
42,9,2,11,0,1,0,0,40,0
48,9,2,0,0,1,0,0,36,0
46,9,4,2,1,0,0,0,48,0
36,3,5,6,1,0,0,0,40,0
54,9,4,9,1,1,0,0,40,0
25,9,2,0,5,0,0,0,40,0
26,9,0,0,4,0,0,0,25,0
36,9,2,13,0,1,0,0,57,0
56,13,4,9,1,1,0,0,20,0
37,9,2,2,0,1,0,0,40,0
26,13,4,9,1,0,0,0,40,1
23,13,4,7,3,0,0,0,25,0
23,13,4,9,1,0,0,0,40,0
41,13,4,0,1,1,0,0,40,0
55,13,2,3,0,1,0,0,50,1
39,13,2,3,0,1,0,0,40,1
67,12,2,3,0,1,0,0,35,0
60,9,6,11,1,0,0,0,50,0
54,9,6,11,4,0,0,0,40,0
38,14,2,9,0,1,0,0,40,1
47,10,2,6,0,1,3103,0,40,1
49,13,2,9,0,1,0,0,42,1
19,9,4,11,3,0,0,0,24,0
20,10,4,2,4,1,0,0,40,0
66,9,6,11,2,0,0,0,35,0
51,14,2,3,0,1,0,0,42,1
19,10,4,3,1,1,0,0,40,0
36,10,0,0,4,0,0,0,40,0
33,9,2,13,0,1,0,0,60,1
41,13,0,11,1,1,0,1980,56,0
90,9,2,2,0,1,9386,0,50,1
36,9,0,3,1,0,0,0,40,0
30,15,0,11,3,1,0,0,55,0
35,10,0,3,1,1,0,0,40,0
46,14,2,3,0,1,0,0,45,1
38,9,4,6,2,1,0,0,40,0
24,13,2,9,0,1,0,0,40,0
40,13,2,7,5,0,0,0,40,0
49,4,2,6,0,1,0,0,40,0
19,9,4,7,3,1,0,0,30,0
77,10,6,8,1,0,0,0,20,0
46,9,2,5,0,1,0,0,56,1
41,10,5,2,1,1,0,0,40,0
28,2,4,4,4,1,0,0,77,0
21,9,2,2,0,1,0,0,40,0
24,8,4,4,3,1,0,0,40,0
36,9,2,13,0,1,0,0,45,0
23,10,4,0,3,1,0,0,25,0
38,9,2,13,0,1,0,2051,40,0
29,9,2,2,0,1,0,0,40,0
38,10,2,3,2,1,0,0,50,1
47,13,4,0,4,1,0,0,40,1
39,14,0,9,1,0,0,0,40,0
40,13,2,9,0,1,0,0,48,0
32,9,0,0,3,0,0,0,40,0
23,9,4,3,3,1,0,0,40,0
44,9,2,10,0,1,0,0,40,0
70,13,6,9,4,0,0,0,20,0
51,14,2,10,0,1,0,1977,40,1
66,5,5,7,1,0,0,0,30,0
57,10,2,3,0,1,0,0,40,0
36,10,2,6,0,1,0,0,40,1
48,13,0,11,1,1,0,0,60,1
51,14,2,9,5,0,0,0,40,1
43,13,2,3,0,1,0,0,50,1
27,9,2,2,0,1,0,0,60,0
32,13,4,0,3,0,0,0,40,0
20,10,4,0,3,0,0,0,35,0
33,10,0,0,1,0,0,0,40,0
19,10,4,0,1,1,0,0,40,0
32,10,2,2,0,1,0,0,60,1
35,15,4,9,1,1,0,0,40,1
26,9,2,2,0,1,5013,0,60,0
39,9,4,11,4,0,0,0,60,0
24,13,4,7,3,0,0,0,75,0
45,10,2,3,0,1,0,0,40,1
20,10,4,0,3,1,0,0,40,0
49,13,2,9,2,0,0,0,45,0
35,14,4,9,1,0,0,0,40,0
30,9,4,0,1,0,0,0,40,0
23,10,4,0,3,0,0,1617,25,0
33,13,2,3,0,1,0,0,45,0
35,9,2,13,0,1,0,0,50,0
31,14,2,9,0,1,0,0,50,0
20,7,4,2,1,1,0,0,25,0
44,9,2,2,0,1,0,0,40,0
33,9,2,7,0,1,0,0,40,0
50,10,2,6,0,1,0,0,40,0
25,9,4,0,4,0,0,0,40,0
28,9,2,10,0,1,0,0,40,0
60,13,2,0,0,1,0,0,40,1
38,11,2,2,0,1,0,0,40,0
38,10,2,2,0,1,0,0,40,0
57,13,4,0,1,1,0,2258,40,0
50,9,2,2,0,1,0,0,40,1
39,7,0,0,4,0,0,0,40,0
69,9,2,2,0,1,1424,0,6,0
51,11,0,12,1,1,0,2444,39,1
42,9,2,5,0,1,0,0,40,0
53,13,2,3,0,1,0,0,50,1
37,13,2,5,0,1,0,0,40,0
37,6,2,2,0,1,0,0,40,0
38,9,2,2,0,1,7298,0,50,1
20,10,4,7,3,0,0,0,24,0
38,10,5,0,4,0,0,0,38,0
52,11,2,2,0,1,0,0,48,1
48,11,2,3,0,1,0,0,50,1
30,11,2,6,0,1,0,0,40,1
37,9,2,3,0,1,0,1848,65,1
47,9,2,11,0,1,0,0,45,0
33,13,0,10,4,0,0,0,60,0
33,9,3,7,1,0,0,0,35,0
20,10,4,7,3,1,0,0,15,0
41,13,0,3,1,1,0,0,40,0
32,10,2,13,0,1,0,1485,45,1
36,13,2,3,5,0,0,0,40,0
46,13,4,9,1,0,0,0,40,0
45,13,2,3,0,1,0,0,40,1
18,10,4,7,3,0,0,0,16,0
62,10,2,13,0,1,0,0,60,0
33,9,2,6,0,1,0,0,40,0
42,9,0,2,4,1,0,0,40,0
18,10,4,9,3,0,0,0,40,0
32,11,0,0,4,0,0,0,40,0
43,4,2,13,0,1,0,0,40,0
20,9,4,7,4,0,0,0,25,0
50,13,0,11,1,1,0,0,45,0
36,9,2,2,0,1,0,0,40,0
22,9,4,2,3,1,0,0,40,0
30,9,2,2,0,1,0,0,40,0
33,9,4,2,1,1,0,0,40,0
43,12,2,12,0,1,0,0,43,0
38,10,2,6,0,1,0,0,40,0
34,13,4,7,1,1,0,0,14,0
40,10,5,0,4,0,0,0,45,0
40,9,2,6,0,1,0,0,40,0
41,15,2,9,0,1,0,0,50,1
57,10,2,11,0,1,0,0,50,1
65,14,2,9,0,1,0,1648,4,0
52,10,2,7,0,1,0,0,50,0
59,15,2,9,0,1,99999,0,40,1
18,9,4,5,3,1,2176,0,25,0
48,12,2,9,0,1,0,0,45,0
45,3,0,13,4,1,0,0,40,0
24,9,2,10,0,1,0,0,40,0
27,12,4,10,1,1,0,0,40,0
40,14,2,3,0,1,15024,0,50,1
44,13,2,0,0,1,5013,0,40,0
24,9,4,4,3,1,0,0,50,0
71,15,2,9,0,1,0,0,16,0
17,8,4,11,3,1,0,0,40,0
57,10,2,2,0,1,3137,0,40,0
33,9,2,5,0,1,0,0,40,0
41,9,2,7,0,1,0,0,40,0
25,13,4,0,3,0,0,0,40,0
42,9,2,4,0,1,0,0,15,0
34,9,4,5,1,1,0,0,40,0
27,13,4,9,1,0,0,0,45,0
24,13,4,9,3,1,0,0,20,0
23,13,4,5,3,1,0,0,30,0
33,10,2,9,0,1,0,0,40,0
58,11,0,11,1,1,2202,0,56,0
25,5,2,5,0,1,0,0,40,0
44,14,4,9,1,0,0,0,55,0
53,9,2,9,0,1,0,0,40,1
38,9,2,0,5,0,0,0,35,1
36,13,4,9,1,0,0,0,45,1
25,9,4,3,1,1,0,0,40,0
54,13,0,3,4,0,0,0,40,0
31,8,5,13,4,1,0,0,40,0
18,9,4,0,3,1,0,0,40,0
40,9,0,7,1,1,0,0,40,0
26,10,2,11,5,0,0,0,40,0
33,13,4,9,1,1,2202,0,50,0
22,12,4,3,1,1,0,0,55,0
50,10,2,2,0,1,0,0,40,0
44,9,0,0,1,0,0,0,40,0
37,9,4,7,4,1,0,0,40,0
34,13,2,2,0,1,0,0,40,0
45,10,6,12,1,0,0,0,45,1
25,6,2,7,3,0,0,0,35,0
20,10,5,11,4,0,0,0,40,0
46,9,4,0,1,1,0,0,40,0
26,12,4,12,3,1,0,0,40,0
45,2,2,7,5,0,0,0,25,0
57,9,2,13,0,1,0,0,40,1
28,11,4,11,1,1,0,0,40,0
36,10,2,11,0,1,7688,0,45,1
32,9,4,5,1,0,0,0,40,0
29,13,4,11,1,1,0,0,50,1
36,13,0,9,4,1,0,0,45,0
19,9,4,5,3,1,0,0,30,0
27,13,4,12,4,0,0,0,20,0
48,14,2,13,0,1,0,0,55,1
49,13,2,2,0,1,0,0,50,0
55,14,2,12,0,1,0,1977,20,1
61,9,0,4,1,0,0,0,82,0
42,10,2,3,0,1,15024,0,40,1
42,12,0,0,1,0,0,0,40,0
30,11,2,10,0,1,0,0,40,0
32,9,2,6,0,1,0,0,40,0
37,10,2,13,0,1,0,0,40,1
35,10,2,2,0,1,0,0,45,0
30,11,3,0,1,0,0,0,40,0
30,15,2,9,0,1,0,0,20,1
55,10,2,3,0,1,0,0,70,1
36,10,2,13,0,1,0,0,40,0
33,9,4,7,3,1,0,0,48,0
56,13,2,9,0,1,0,0,40,1
26,11,2,2,0,1,0,2002,40,0
37,9,2,6,0,1,0,0,40,0
28,9,4,11,3,1,0,0,60,0
38,9,2,13,0,1,0,0,50,0
48,10,6,0,4,0,0,0,43,0
35,12,2,2,0,1,0,0,40,0
39,13,2,2,0,1,0,0,40,0
64,9,2,7,0,1,0,0,40,0
22,9,4,0,4,0,0,0,40,0
45,13,2,11,0,1,0,0,40,1
27,3,2,13,0,1,0,0,40,0
43,9,0,0,4,0,0,0,50,1
23,10,4,7,3,0,0,0,37,0
25,6,4,5,3,1,0,1602,40,0
39,14,2,9,0,1,0,0,50,1
63,9,2,11,5,0,0,0,35,0
37,15,2,9,0,1,0,0,40,1
26,9,2,0,0,1,0,0,40,0
33,13,4,9,1,1,0,0,40,0
28,10,4,0,1,0,0,0,40,0
20,10,4,7,3,0,0,0,20,0
34,9,2,0,5,0,0,0,20,0
34,10,2,13,0,1,0,0,40,0
41,9,2,3,0,1,0,0,40,1
38,10,2,11,0,1,0,0,50,1
36,13,2,3,0,1,7688,0,40,1
38,10,2,7,0,1,0,0,40,0
46,13,2,11,0,1,99999,0,72,1
43,13,2,11,5,0,0,0,60,0
49,10,6,11,4,0,0,0,30,0
26,13,4,9,3,0,0,0,35,0
28,9,0,0,1,0,0,0,35,0
54,9,2,2,0,1,0,0,40,1
24,10,4,5,3,1,0,0,50,0
23,10,4,3,3,1,0,0,30,0
55,9,0,0,1,0,0,0,40,0
58,5,5,2,1,1,0,0,40,0
19,6,4,7,2,0,0,0,20,0
45,10,4,11,1,1,0,0,52,0
30,10,2,2,0,1,0,0,45,1
76,9,6,7,4,0,0,0,33,0
47,9,5,0,4,0,0,0,40,0
34,10,0,13,1,1,2174,0,40,0
40,10,2,0,5,0,0,0,35,1
24,9,5,7,4,0,0,0,25,0
30,13,2,9,5,0,7688,0,50,1
67,10,2,13,0,1,10605,0,10,1
24,9,2,6,5,0,0,0,40,0
43,10,0,0,4,0,0,0,40,0
29,8,4,2,4,1,0,0,40,0
40,9,2,6,0,1,0,0,40,0
61,10,2,9,0,1,0,0,40,0
45,16,2,3,0,1,7688,0,45,1
21,10,4,12,1,0,0,0,50,0
58,9,2,3,0,1,7688,0,40,1
52,10,2,12,0,1,0,0,40,0
34,9,4,0,3,1,0,0,40,0
20,10,4,9,2,0,594,0,20,0
46,9,2,6,0,1,0,0,40,0
54,10,0,3,1,0,0,0,40,0
43,14,2,9,0,1,0,0,40,1
25,5,2,6,0,1,0,0,40,0
21,12,4,0,1,0,0,0,25,0
65,10,0,9,1,1,11678,0,50,1
37,9,0,7,1,1,0,0,40,0
29,9,0,7,1,1,10520,0,40,1
44,13,2,3,0,1,0,0,40,1
37,10,2,0,0,1,7688,0,40,1
38,10,2,7,5,0,0,0,40,0
35,10,2,11,0,1,5013,0,70,0
32,9,2,0,0,1,0,0,40,0
44,10,5,11,4,1,0,0,60,0
23,10,4,7,2,0,0,0,25,0
25,13,4,11,1,1,0,0,45,1
23,10,4,11,3,0,0,0,28,0
47,10,2,2,0,1,0,0,40,0
47,7,0,2,1,0,0,0,45,0
25,9,4,5,1,1,0,0,40,0
35,10,2,2,0,1,0,0,45,0
50,11,2,12,0,1,3103,0,40,1
47,9,0,6,4,0,0,0,40,0
35,16,2,3,0,1,0,0,45,1
24,9,4,0,1,1,0,0,40,0
21,9,4,6,3,1,2176,0,40,0
35,13,0,9,1,0,0,0,40,1
30,13,2,7,5,0,0,0,40,0
17,7,4,7,3,1,0,0,20,0
27,3,4,7,1,1,0,0,60,0
22,9,4,11,3,0,0,0,15,0
22,10,4,0,3,0,0,0,40,0
50,9,2,2,0,1,0,0,2,0
51,11,2,12,0,1,0,0,38,1
27,13,2,12,0,1,0,0,30,0
27,13,4,9,1,0,0,0,20,0
20,9,4,7,1,0,0,0,40,0
42,9,2,3,0,1,0,0,48,0
32,9,2,2,0,1,99999,0,40,1
45,13,2,3,0,1,0,0,38,1
35,4,6,7,4,0,0,0,80,0
22,9,2,2,3,1,0,0,40,0
34,10,4,0,4,0,0,0,38,0
28,13,4,0,1,0,0,0,40,0
38,13,0,8,4,0,0,0,24,0
48,10,2,10,0,1,0,0,42,1
34,14,2,2,0,1,0,0,40,0
25,9,2,0,5,0,0,0,50,1
23,9,4,9,1,0,0,0,40,0
38,10,2,11,0,1,0,0,60,1
43,9,4,7,4,0,0,0,40,0
49,9,2,6,0,1,0,0,40,1
23,10,0,0,1,1,0,0,40,0
57,9,0,0,1,0,0,0,40,0
24,13,4,12,3,1,0,0,40,0
44,10,2,2,0,1,0,0,58,1
34,12,0,2,1,1,0,0,50,0
29,10,2,9,0,1,0,0,40,0
29,7,4,7,4,0,0,0,40,0
35,9,2,13,0,1,0,0,50,1
48,9,2,2,0,1,0,0,40,0
38,9,4,2,1,1,0,0,36,0
42,9,0,10,4,0,0,0,50,0
53,10,6,3,4,0,0,0,40,0
29,15,4,9,1,0,0,0,55,0
59,13,2,11,0,1,0,0,72,0
31,9,4,2,4,1,0,0,40,0
34,9,2,2,0,1,0,0,40,0
51,13,0,3,1,1,0,2559,50,1
25,9,4,6,3,1,4416,0,40,0
30,9,2,2,0,1,0,1848,40,1
46,9,0,5,1,0,0,0,48,0
45,9,4,7,4,0,0,0,40,0
23,10,4,3,2,0,0,0,40,0
33,12,0,6,1,0,0,0,42,0
44,13,2,12,5,0,0,0,20,1
25,9,4,7,3,1,0,0,40,0
48,10,0,7,3,1,0,0,40,0
23,9,4,11,1,0,0,0,40,0
33,11,2,9,5,0,3103,0,50,1
20,10,2,11,2,0,0,0,30,0
23,13,4,9,1,0,0,0,40,0
71,9,6,0,1,0,0,0,40,0
22,13,4,9,1,0,0,0,40,0
36,13,2,9,0,1,15024,0,50,1
27,7,4,2,2,1,0,0,60,0
40,9,4,7,1,0,0,0,35,0
30,10,0,6,4,1,0,0,50,0
30,11,2,10,0,1,0,0,40,0
30,10,2,6,0,1,0,0,40,0
35,13,2,9,0,1,5013,0,40,0
39,9,4,0,4,0,0,0,40,0
39,9,2,0,0,1,0,0,50,0
74,3,2,13,0,1,0,0,40,0
32,10,2,3,0,1,15024,0,50,1
25,9,2,13,0,1,0,0,40,0
64,10,0,3,4,0,0,0,40,0
47,9,2,6,0,1,7298,0,40,1
37,13,2,3,5,0,0,0,37,1
47,9,2,2,0,1,0,0,40,1
33,9,2,6,0,1,0,0,40,1
40,11,0,9,4,0,0,0,40,1
22,9,4,7,1,1,0,0,80,0
56,9,2,6,0,1,0,0,40,0
37,9,4,0,3,0,0,0,55,0
30,10,2,3,0,1,0,0,70,0
20,8,4,9,1,0,0,0,35,0
53,14,2,3,0,1,15024,0,38,1
43,13,2,2,0,1,0,0,48,1
23,9,2,13,0,1,0,0,40,0
43,9,2,2,0,1,0,0,30,0
30,9,4,5,3,1,0,0,40,0
20,10,4,0,3,0,0,0,46,0
22,11,4,2,3,1,0,0,40,0
38,13,4,3,1,1,0,0,50,0
54,10,2,11,0,1,0,0,40,0
23,9,4,2,1,1,0,0,40,0
46,9,2,13,0,1,0,0,40,0
59,6,2,6,0,1,0,0,40,0
41,11,4,7,1,1,0,0,40,0
42,11,2,13,0,1,0,0,48,0
58,10,2,3,0,1,0,0,40,1
24,9,2,11,0,1,0,0,50,0
39,13,2,0,0,1,0,0,45,1
28,13,4,12,1,0,0,1980,35,0
25,14,4,11,1,1,0,0,55,0
29,10,0,11,4,0,0,0,54,0
53,3,2,2,0,1,0,0,40,0
63,9,2,10,0,1,0,0,40,0
26,11,0,3,1,0,0,0,38,0
21,9,4,5,1,1,3674,0,50,0
45,10,2,2,0,1,0,0,40,1
29,11,4,0,3,0,0,0,40,0
72,16,2,3,0,1,0,1258,40,0
51,6,3,2,2,1,0,0,40,0
21,5,3,5,3,1,0,0,40,0
38,10,0,11,4,0,0,0,40,0
38,13,2,9,5,0,0,0,40,1
46,14,2,9,0,1,0,0,41,0
31,13,0,3,4,1,0,0,60,1
68,6,5,7,1,0,0,0,90,0
21,9,4,11,3,1,0,0,40,0
44,13,2,9,0,1,0,0,3,0
56,16,2,9,0,1,0,0,40,1
36,9,2,2,0,1,5178,0,40,1
21,9,4,0,1,0,0,0,25,0
21,10,4,10,1,0,99999,0,40,1
52,10,2,2,0,1,0,0,40,0
56,16,2,9,0,1,99999,0,70,1
52,13,6,7,1,0,0,2824,20,1
51,13,2,3,0,1,0,0,25,0
29,9,0,6,4,1,0,0,40,0
36,10,4,2,1,1,0,0,55,0
29,9,2,4,0,1,0,0,55,0
21,9,4,11,3,0,0,0,30,0
58,2,2,4,0,1,0,0,40,0
37,9,4,6,1,1,0,0,40,0
50,10,0,2,1,0,0,0,45,0
30,9,4,5,1,1,0,0,50,0
29,9,4,4,3,1,0,0,30,0
48,9,2,2,0,1,0,0,40,0
50,4,2,4,0,1,0,0,40,0
39,12,2,0,5,0,0,0,25,1
35,15,2,9,0,1,0,0,55,0
54,9,2,12,0,1,7688,0,25,1
24,9,2,7,5,0,0,0,25,0
20,9,4,5,2,1,0,0,45,0
30,10,2,11,0,1,0,0,55,1
19,9,4,0,3,0,0,0,30,0
26,9,4,11,1,1,0,0,40,0
38,9,2,11,0,1,0,1977,99,1
25,10,4,7,1,0,0,0,40,0
33,10,0,2,4,1,0,0,50,0
60,13,2,9,0,1,7298,0,40,1
30,10,4,5,1,1,0,0,40,0
30,13,4,9,1,1,0,0,40,0
19,4,4,7,1,0,0,0,40,0
23,9,4,2,3,1,0,0,40,0
27,10,2,9,0,1,0,0,40,1
39,12,2,10,0,1,0,0,52,0
33,4,2,4,0,1,0,0,45,0
65,9,2,4,0,1,0,0,24,0
34,13,2,3,0,1,0,0,50,1
20,9,4,11,3,0,0,0,25,0
25,6,4,2,3,1,0,0,40,0
28,13,4,3,1,0,0,1564,50,1
31,7,4,5,3,1,0,0,25,0
28,13,4,9,3,1,6849,0,40,0
37,9,0,7,1,0,0,0,40,0
52,10,2,3,0,1,0,1977,50,1
66,11,6,7,4,0,3273,0,40,0
31,9,4,7,1,1,0,0,40,0
37,13,2,3,0,1,0,0,50,1
45,13,2,0,0,1,5013,0,45,0
45,12,0,3,4,1,0,0,40,0
44,9,2,11,0,1,0,0,60,0
32,13,0,9,1,1,0,0,40,0
35,9,2,6,0,1,0,0,60,1
53,7,0,13,1,1,0,0,40,0
54,10,2,2,0,1,3103,0,40,1
43,11,2,2,0,1,0,0,40,0
30,10,4,2,4,1,0,0,40,0
49,10,0,3,1,1,3325,0,50,0
52,16,2,3,0,1,0,0,57,1
20,10,4,0,3,0,0,0,4,0
60,9,2,12,0,1,0,1977,40,1
45,12,0,6,3,1,0,0,40,0
48,13,2,3,0,1,7298,0,60,1
28,13,2,11,0,1,0,0,60,1
48,10,2,3,0,1,0,0,40,0
32,10,2,12,0,1,0,0,45,0
27,9,4,2,1,1,0,0,30,0
38,13,2,7,0,1,0,0,35,0
33,3,3,13,4,1,0,0,20,0
43,14,0,3,1,0,0,0,50,1
36,9,5,13,2,1,0,0,60,0
38,7,2,13,0,1,0,0,40,0
24,9,4,12,1,0,0,0,40,0
22,6,4,2,3,1,0,0,40,0
30,13,4,7,1,1,0,0,40,0
46,15,2,3,0,1,15024,0,55,1
39,9,2,10,0,1,0,0,50,0
50,9,2,6,0,1,0,1485,40,0
34,11,3,0,4,0,0,974,40,0
47,13,2,9,0,1,0,0,60,1
46,9,2,11,0,1,0,0,40,0
43,10,0,12,3,0,0,1617,72,0
45,9,0,6,4,1,0,0,40,0
55,13,2,2,2,1,0,0,40,0
68,9,2,2,0,1,0,0,8,0
39,11,2,6,0,1,0,0,40,0
39,9,0,4,1,0,0,0,40,0
37,13,4,2,1,1,0,0,40,0
19,10,4,13,3,1,0,0,40,0
20,7,4,2,3,1,0,0,20,0
33,10,2,2,0,1,0,0,40,0
21,9,4,7,1,1,0,0,35,0
58,14,6,9,4,1,0,0,35,1
43,9,4,3,1,1,0,0,55,0
62,7,5,7,1,0,0,0,21,0
21,10,4,4,3,1,0,0,20,0
26,10,2,3,0,1,0,0,60,0
27,5,2,2,0,1,0,0,40,0
34,10,2,9,0,1,0,1902,38,1
49,9,0,7,4,0,0,0,40,0
28,9,4,9,2,0,0,0,40,0
34,13,2,9,0,1,0,1887,48,1
29,10,2,0,5,0,0,0,40,1
58,6,2,13,0,1,0,0,50,1
45,9,0,3,1,0,0,0,40,0
47,13,4,2,1,0,0,0,40,0
53,9,2,2,0,1,0,0,40,1
52,6,2,2,0,1,5013,0,40,0
47,7,0,7,4,0,0,0,15,0
36,13,2,9,0,1,0,1887,40,1
48,13,2,3,0,1,7688,0,65,1
35,10,2,3,0,1,0,0,40,1
49,13,2,3,0,1,0,1902,50,1
43,10,2,13,0,1,0,0,45,0
33,13,2,3,0,1,0,0,50,1
49,12,2,0,0,1,0,0,40,0
17,6,4,7,1,1,0,0,20,0
25,13,4,12,1,1,0,0,40,0
41,11,0,11,1,1,0,0,60,0
31,13,2,0,0,1,0,0,40,1
57,14,0,3,4,1,0,0,40,1
49,10,2,9,0,1,0,1848,44,1
40,13,2,9,0,1,0,0,40,1
55,11,2,9,0,1,0,1977,50,1
47,10,0,3,1,1,0,0,60,0
50,8,0,13,1,1,0,0,40,0
36,13,4,9,3,1,0,0,50,0
17,7,4,5,3,1,0,0,25,0
30,9,2,10,0,1,0,0,40,1
42,9,2,6,0,1,0,0,40,1
67,9,2,4,0,1,0,0,50,0
36,9,2,6,0,1,0,0,45,1
35,14,2,3,0,1,0,0,50,1
27,13,4,9,1,0,0,0,40,0
21,4,4,6,3,1,0,0,40,0
46,9,2,9,0,1,0,0,40,0
45,13,2,11,0,1,0,1902,45,1
20,7,4,12,2,1,0,0,40,0
17,7,4,7,3,1,0,0,20,0
40,10,0,7,1,1,4787,0,50,1
28,13,2,3,0,1,0,0,40,1
33,7,4,2,3,1,0,0,40,0
55,9,0,11,1,0,0,0,40,0
55,10,2,2,0,1,0,0,50,0
47,9,5,2,4,0,0,0,40,0
52,14,2,9,0,1,15024,0,60,1
29,10,4,11,4,0,0,0,40,0
36,3,4,7,1,1,0,0,35,0
37,13,5,7,1,1,0,0,70,0
41,9,4,0,1,0,0,1980,40,0
43,10,2,6,0,1,0,0,48,1
24,4,2,4,0,1,2105,0,50,0
39,13,4,9,1,0,0,0,60,0
47,13,2,3,0,1,0,0,50,0
42,9,0,3,4,0,0,0,45,0
39,9,4,2,3,1,0,2258,42,1
48,13,0,9,4,0,0,0,60,0
47,14,2,3,0,1,0,1977,50,1
27,6,2,5,0,1,0,0,40,0
29,9,2,2,0,1,0,0,40,0
22,11,4,7,1,0,0,0,30,0
37,9,5,2,1,1,0,0,44,0
38,13,2,3,0,1,0,0,60,0
32,1,2,6,5,0,4508,0,40,0
48,14,0,9,4,0,0,0,80,0
46,9,2,3,5,0,0,0,50,0
51,9,4,7,1,0,0,0,38,0
28,13,2,3,0,1,5013,0,55,0
35,9,2,0,0,1,0,0,40,0
18,7,4,2,3,1,0,0,30,0
45,9,5,2,4,0,0,0,40,0
36,9,4,13,3,1,0,0,40,0
73,10,6,8,4,0,0,0,10,0
52,13,2,3,0,1,0,0,40,0
17,6,4,7,3,0,0,0,40,0
29,11,2,2,0,1,0,0,40,1
20,10,4,4,3,1,0,0,10,0
42,9,2,2,0,1,5178,0,40,1
37,10,5,7,2,0,0,0,40,0
40,9,2,13,0,1,0,0,40,0
32,12,2,0,0,1,0,0,45,1
29,14,2,9,0,1,0,0,55,1
20,10,4,6,3,0,0,0,40,0
26,7,2,0,0,1,0,0,40,1
25,13,4,9,1,1,3674,0,30,0
37,9,2,12,0,1,0,0,80,1
26,10,2,2,0,1,0,0,40,0
24,9,4,11,3,0,0,0,30,0
33,9,2,7,3,0,0,0,25,0
23,9,4,2,3,1,0,0,40,0
36,10,4,11,1,1,0,0,50,0
37,13,6,9,1,0,0,0,50,0
24,11,4,6,3,1,0,0,35,0
38,12,2,2,0,1,0,0,50,1
50,13,0,9,4,0,0,0,45,0
44,7,2,0,0,1,0,0,40,1
46,9,2,6,0,1,0,1887,40,1
57,10,4,2,1,0,0,0,40,0
37,9,2,2,0,1,0,0,70,0
44,9,0,6,1,1,0,0,55,0
21,10,4,7,3,0,0,0,30,0
31,9,2,2,0,1,0,0,40,1
32,11,2,9,0,1,7298,0,42,1
45,9,3,7,4,0,0,0,60,1
20,9,4,5,3,1,0,0,40,0
52,9,5,8,1,0,0,0,50,0
47,9,2,3,0,1,0,0,25,0
41,10,2,0,5,0,0,0,40,0
40,10,2,11,0,1,0,0,60,1
41,13,2,9,5,0,0,0,40,1
46,13,2,3,0,1,0,1902,50,1
49,9,2,6,5,0,0,0,40,0
50,9,2,6,2,0,0,0,40,0
59,9,2,13,0,1,0,0,40,1
18,10,4,0,3,0,0,0,25,0
47,14,2,9,0,1,7688,0,45,1
45,9,2,6,0,1,0,0,45,1
17,7,4,11,3,0,0,0,40,0
45,9,2,11,0,1,0,0,32,1
73,7,2,6,0,1,0,0,40,0
48,6,2,6,0,1,0,0,40,0
38,12,4,3,1,1,0,0,60,0
37,9,2,0,0,1,0,0,50,1
62,9,2,3,0,1,20051,0,72,1
26,9,4,0,1,1,0,0,40,0
46,14,2,3,5,0,0,0,50,1
46,14,2,12,0,1,0,1977,40,1
51,9,0,0,4,0,4787,0,24,1
54,10,0,0,1,0,0,0,40,0
65,10,2,3,0,1,0,0,40,0
29,12,2,2,0,1,0,0,45,0
37,9,2,7,0,1,0,0,40,0
36,16,5,9,4,0,0,0,10,0
60,9,0,2,1,1,0,0,50,1
33,13,4,5,1,1,0,2001,40,0
62,9,6,0,1,0,0,0,20,0
20,9,4,0,1,0,0,0,40,0
37,9,4,12,1,0,14084,0,35,1
66,14,2,9,0,1,2936,0,20,0
29,10,2,0,0,1,0,0,40,0
70,10,2,11,0,1,10566,0,40,0
74,9,2,7,0,1,0,0,15,0
51,9,2,2,0,1,0,0,40,0
50,10,2,13,0,1,0,0,50,0
42,9,4,11,1,1,0,0,60,1
26,13,4,9,1,1,0,0,70,0
27,10,4,10,1,1,0,2231,40,1
58,9,0,3,1,1,0,0,70,0
32,13,4,9,1,1,0,1876,50,0
66,9,2,11,0,1,0,1825,10,1
23,10,4,11,3,1,0,0,45,0
35,9,2,6,0,1,0,0,44,0
50,13,2,2,0,1,0,0,50,0
35,9,0,2,4,0,0,0,48,0
31,9,4,0,1,0,0,0,50,0
30,7,4,5,3,1,0,0,49,0
84,10,2,11,0,1,0,0,35,1
35,9,4,2,1,1,0,0,40,0
45,11,2,4,0,1,0,0,50,1
46,9,4,2,3,1,0,0,40,0
50,10,2,4,0,1,0,0,40,0
37,7,4,6,1,1,0,0,40,0
32,9,0,7,3,0,0,0,40,0
53,13,2,3,0,1,0,1902,48,1
27,10,2,12,0,1,0,0,40,1
22,9,2,13,0,1,0,0,40,0
29,13,2,12,0,1,0,0,40,0
35,9,2,11,0,1,0,0,44,0
38,10,2,5,5,0,0,0,35,0
29,4,2,4,0,1,0,0,40,0
26,10,4,5,2,1,0,0,44,0
34,15,4,9,1,0,0,0,40,0
31,11,2,2,0,1,0,0,40,1
30,10,2,2,0,1,0,2051,40,0
20,10,4,7,3,1,0,0,40,0
37,14,0,9,4,1,0,0,48,0
32,9,2,0,5,0,0,0,20,0
36,12,0,11,4,0,0,0,40,0
54,14,2,9,0,1,7298,0,40,1
46,10,0,3,4,0,0,0,50,0
18,9,4,11,3,0,0,0,20,0
57,10,2,10,0,1,0,0,50,0
37,9,2,5,0,1,0,0,40,0
43,9,2,2,0,1,0,0,40,1
45,9,4,3,1,0,0,0,40,0
32,10,0,0,4,0,0,0,40,0
38,9,2,0,0,1,0,0,40,0
25,12,4,12,1,0,0,2001,30,0
70,10,0,4,1,1,0,0,40,0
40,10,2,6,0,1,0,0,50,1
40,9,0,2,1,1,0,0,40,0
20,9,4,2,4,1,0,0,40,0
29,9,2,3,0,1,0,0,40,1
24,11,4,2,1,1,0,0,55,0
28,11,4,3,3,0,0,0,40,0
58,6,0,13,1,1,0,0,50,0
38,13,0,0,4,0,0,213,40,0
59,10,6,4,1,0,6849,0,40,0
18,7,4,0,3,0,0,0,15,0
40,9,2,6,0,1,0,0,40,0
39,14,2,3,0,1,0,0,50,0
45,9,3,2,1,1,0,0,72,0
24,9,4,0,4,0,0,0,20,0
22,10,4,0,3,1,0,0,30,0
23,13,2,3,0,1,0,0,40,0
39,10,5,2,1,1,0,0,60,1
28,11,4,12,3,0,0,0,38,0
51,7,2,11,0,1,4386,0,30,1
44,13,4,0,3,0,0,0,37,0
24,9,2,4,0,1,0,0,35,0
24,7,2,11,0,1,0,0,40,0
52,2,2,2,0,1,0,0,50,0
43,9,4,5,1,1,0,0,40,0
67,8,2,3,0,1,0,0,20,0
36,9,2,2,0,1,7688,0,50,1
43,12,2,13,0,1,0,0,40,0
31,4,0,5,2,1,0,0,70,0
23,10,4,0,3,1,0,0,20,0
26,13,4,5,3,1,0,0,40,0
48,10,2,9,0,1,0,0,40,0
40,10,2,2,0,1,0,0,44,0
55,15,0,9,1,0,0,0,39,0
49,9,2,2,0,1,0,0,45,1
34,13,4,7,1,0,0,0,15,0
29,9,4,0,3,0,0,0,60,0
50,13,0,0,1,0,0,0,8,0
19,10,4,11,3,0,0,0,9,0
63,16,2,3,0,1,0,1902,50,1
66,13,2,2,0,1,0,0,30,0
60,11,0,7,1,1,0,0,20,0
60,9,0,7,4,0,0,0,38,0
19,9,4,12,3,1,0,0,40,0
26,9,2,3,0,1,0,0,60,0
75,10,2,2,0,1,0,1735,40,0
58,10,6,9,1,0,0,0,20,0
18,10,4,3,1,0,0,0,50,0
65,12,2,3,0,1,3818,0,40,0
50,9,2,3,0,1,0,1887,40,1
26,10,4,7,3,1,0,0,40,0
45,14,2,11,0,1,0,0,50,1
29,9,2,12,0,1,0,0,40,1
52,10,2,11,5,0,0,0,52,1
23,13,4,3,3,0,0,0,40,0
21,9,4,7,3,1,0,0,40,0
48,9,4,3,3,0,0,0,40,0
50,13,2,3,0,1,0,0,40,1
41,13,4,10,1,1,0,1590,40,0
32,9,0,11,4,0,0,0,30,0
40,9,2,4,0,1,0,0,40,0
19,9,4,5,1,1,0,0,30,0
42,9,5,0,4,1,0,0,39,0
23,13,4,0,3,0,0,0,50,0
37,9,0,4,1,1,27828,0,40,1
21,7,4,9,1,0,0,0,24,0
28,13,2,12,0,1,0,0,40,1
20,10,4,11,3,1,0,0,25,0
21,7,4,2,1,1,0,0,35,0
21,10,4,7,2,1,0,0,16,0
45,13,4,9,1,1,0,0,40,0
49,9,2,2,0,1,0,0,40,0
53,10,0,11,1,1,8614,0,50,1
41,9,0,6,3,1,0,0,40,0
48,13,3,0,4,0,0,0,40,0
34,10,5,3,4,0,0,0,40,0
24,9,4,0,3,0,0,0,40,0
58,9,4,0,1,0,0,0,16,0
41,13,2,11,0,1,0,0,50,1
53,1,2,7,0,1,0,0,40,0
40,9,2,2,0,1,0,0,40,0
28,10,2,2,0,1,7298,0,40,1
32,10,2,11,0,1,0,1740,47,0
44,10,4,3,1,1,2202,0,45,0
18,7,4,7,2,0,0,0,40,0
37,9,5,7,4,0,0,0,40,0
43,12,4,0,1,0,0,0,45,0
22,9,4,7,3,0,0,0,40,0
28,6,4,5,2,1,0,0,40,0
51,10,0,3,4,0,0,0,40,0
63,9,0,9,1,0,0,0,72,0
29,10,2,10,0,1,0,0,45,0
44,13,2,3,0,1,7298,0,48,1
44,4,5,7,4,0,0,0,38,0
37,10,2,7,0,1,0,0,40,0
62,9,2,0,0,1,0,0,40,0
31,9,2,2,0,1,0,0,52,0
20,9,4,5,3,1,0,0,30,0
48,6,0,6,4,0,0,1594,32,0
24,10,4,7,1,0,0,0,50,0
56,13,2,3,0,1,0,0,40,0
36,10,2,0,0,1,0,0,35,0
29,9,4,2,3,1,0,0,40,0
34,15,4,12,1,1,0,1564,40,1
39,10,4,2,3,1,0,0,40,0
29,10,4,5,1,1,0,0,45,0
38,9,2,3,0,1,0,0,65,0
23,5,4,7,3,1,0,0,20,0
37,9,2,7,0,1,0,0,40,0
30,10,0,7,4,0,0,0,30,0
42,12,2,12,0,1,0,0,40,0
59,9,6,7,1,0,0,1504,19,0
45,9,2,5,0,1,7298,0,40,1
46,10,2,11,0,1,0,0,40,0
25,14,4,9,1,0,4650,0,37,0
41,9,0,2,1,1,0,0,55,0
49,9,2,13,0,1,0,0,50,1
37,10,2,7,0,1,0,0,40,0
31,9,4,2,1,1,0,0,45,0
22,12,2,3,0,1,0,0,6,0
22,9,0,11,3,0,0,0,33,0
17,7,4,8,3,0,0,0,20,0
47,16,2,9,0,1,0,0,50,1
17,6,4,7,2,1,0,0,15,0
39,3,2,5,0,1,0,0,40,0
23,10,4,0,3,1,0,0,20,0
41,13,2,9,0,1,0,0,40,1
36,14,2,9,0,1,0,0,45,1
52,13,2,9,0,1,0,1902,40,1
21,9,4,2,1,0,0,0,30,0
33,6,0,5,1,0,0,0,36,0
41,9,4,2,1,1,0,0,44,0
19,9,4,11,3,0,0,0,35,0
38,9,4,0,1,1,0,0,45,1
24,10,4,2,1,1,0,0,40,0
38,13,0,11,4,0,1151,0,40,0
39,13,2,9,0,1,0,0,45,1
19,10,4,11,3,0,0,0,15,0
42,10,2,0,5,0,0,0,40,0
29,10,2,5,0,1,0,0,40,0
17,8,4,5,3,1,0,0,20,0
47,13,2,2,0,1,0,0,50,1
24,10,0,0,1,0,0,0,60,0
61,10,2,3,0,1,0,0,40,1
40,10,2,2,0,1,0,0,60,0
59,9,2,9,5,0,0,0,38,0
29,10,0,12,1,1,0,0,55,0
26,9,5,7,1,1,0,0,40,0
46,9,2,13,0,1,0,0,40,1
56,9,2,0,0,1,0,0,40,1
25,13,4,0,1,0,0,0,40,0
17,8,4,11,3,0,0,0,18,0
29,11,4,3,1,0,0,0,40,0
23,3,4,5,4,1,0,0,30,0
67,9,4,3,1,0,0,0,35,0
29,14,4,9,1,0,0,0,50,0
33,12,0,0,1,0,0,880,40,0
32,9,4,13,3,1,0,0,40,0
34,10,2,7,0,1,0,0,62,0
49,9,2,6,0,1,0,0,40,0
39,9,0,7,1,1,0,0,40,0
41,13,4,2,1,1,0,0,40,0
31,10,0,0,4,0,0,0,38,0
47,16,2,9,0,1,0,0,40,1
27,9,4,6,2,1,0,0,1,0
23,7,2,13,0,1,4508,0,25,0
44,4,2,13,0,1,0,0,80,1
25,12,2,3,0,1,0,0,45,0
23,10,4,0,3,0,0,0,16,0
52,9,2,2,0,1,0,0,50,1
62,9,6,3,1,0,0,0,36,0
31,13,4,9,1,0,0,0,40,0
19,7,2,2,0,1,0,0,60,0
53,10,2,2,0,1,0,0,40,0
25,9,4,2,1,0,0,0,40,0
45,9,4,13,1,1,0,0,40,0
69,5,4,2,2,1,2993,0,40,0
49,9,2,2,0,1,0,0,40,1
42,13,2,9,5,0,0,0,27,1
44,9,2,4,0,1,0,0,40,1
56,10,2,2,0,1,0,0,41,1
37,9,2,6,0,1,0,0,40,1
37,13,2,3,0,1,0,0,45,1
22,10,4,7,1,0,0,0,40,0
34,13,2,9,0,1,0,0,40,1
36,9,4,6,1,1,0,0,40,0
28,10,2,3,0,1,0,0,65,0
28,13,2,9,0,1,0,0,50,0
73,3,2,10,0,1,0,0,20,0
37,9,2,4,0,1,0,0,60,0
24,13,4,3,3,0,0,0,65,0
30,9,1,0,3,0,0,0,38,0
38,11,2,7,0,1,0,0,40,0
50,10,2,0,0,1,0,0,40,1
43,15,3,9,1,1,99999,0,40,1
42,9,2,5,0,1,0,0,40,0
54,10,0,0,1,0,0,0,38,0
27,12,4,3,1,0,0,0,58,0
39,10,0,11,1,1,0,0,45,0
27,10,4,0,1,0,0,0,40,0
30,9,2,5,0,1,0,0,66,0
30,9,2,13,0,1,0,2057,40,0
37,10,2,2,0,1,0,0,40,0
50,13,0,9,1,1,0,0,60,1
36,10,0,2,4,0,0,0,40,0
22,10,4,5,3,1,0,0,10,0
21,10,4,2,1,1,0,0,40,0
33,13,2,0,0,1,0,1579,42,0
76,4,6,7,1,0,0,0,25,0
37,13,2,0,0,1,0,0,40,0
34,10,2,11,0,1,0,0,60,0
29,9,2,4,0,1,0,0,97,0
29,9,2,13,0,1,0,0,40,0
28,13,2,11,0,1,0,0,40,0
73,10,2,3,0,1,0,0,35,0
43,10,0,3,1,0,0,0,40,0
39,10,2,2,0,1,0,0,40,0
74,6,6,7,1,0,0,0,6,0
27,13,4,9,1,1,0,0,30,0
47,9,2,13,0,1,0,0,60,0
90,9,4,7,3,0,0,0,24,0
47,13,2,9,0,1,0,0,60,1
42,13,2,3,0,1,0,0,40,1
69,13,0,5,1,1,0,0,40,0
23,13,4,12,1,0,0,0,20,0
44,9,2,9,0,1,0,0,30,0
41,9,2,11,0,1,2829,0,40,0
47,10,4,0,1,1,0,0,40,0
43,13,2,3,0,1,7688,0,40,1
33,10,4,7,1,1,0,0,40,0
48,7,4,7,1,0,0,0,30,0
39,13,0,11,4,1,0,0,60,0
43,14,0,3,4,0,0,2547,40,1
52,9,6,8,2,0,0,0,40,0
18,9,4,11,3,0,0,0,20,0
27,9,4,11,3,1,0,0,45,0
27,13,2,3,0,1,0,1887,45,1
45,9,4,0,1,0,0,0,40,0
24,11,2,7,0,1,0,0,20,0
25,10,3,11,4,0,0,0,40,0
42,6,6,13,4,1,0,0,35,0
63,4,2,2,0,1,0,0,40,0
40,9,2,0,5,0,0,0,46,1
47,15,2,3,0,1,7688,0,60,1
42,9,2,2,0,1,0,0,50,1
42,10,0,3,4,0,0,0,45,0
63,13,2,9,0,1,0,0,40,1
37,13,0,9,4,0,0,0,55,0
65,9,2,0,0,1,0,0,20,0
62,13,2,2,0,1,7688,0,50,1
46,9,0,2,1,1,0,0,40,0
23,9,4,11,2,0,0,0,25,0
47,13,2,9,5,0,0,0,45,0
20,10,4,7,3,1,0,0,20,0
28,9,4,5,3,1,0,0,40,0
61,9,2,7,0,1,0,0,40,0
30,9,2,7,5,0,0,0,72,0
30,13,2,10,0,1,0,0,72,1
29,13,4,11,1,1,0,0,50,1
39,9,6,6,4,0,0,0,40,0
23,7,0,7,4,0,0,0,35,0
32,7,4,8,4,0,0,0,40,0
63,9,6,7,1,0,0,0,34,0
19,10,4,2,1,0,0,0,15,0
57,16,0,9,1,1,0,0,60,1
41,13,2,2,0,1,0,0,40,1
23,11,4,11,3,1,0,0,40,0
30,16,4,9,3,1,0,0,20,0
43,12,2,3,0,1,0,0,50,0
64,4,2,7,0,1,0,0,25,0
56,3,5,6,1,1,0,0,40,0
32,9,2,0,0,1,0,0,40,0
55,9,2,2,0,1,0,0,45,0
17,7,4,7,3,0,0,0,12,0
17,6,4,7,3,1,0,0,20,0
29,10,2,0,5,0,0,0,65,0
37,9,0,2,1,1,0,0,50,0
39,9,0,8,4,0,0,0,22,0
36,13,2,3,5,0,0,0,40,1
50,13,0,3,1,1,0,0,55,1
31,10,4,6,1,0,0,0,50,0
56,10,6,3,1,0,0,0,32,0
51,10,2,2,0,1,7298,0,40,1
20,10,5,7,3,0,0,0,30,0
53,13,0,9,1,1,14344,0,55,1
33,14,4,9,1,0,0,0,35,0
27,10,2,0,5,0,0,2377,20,0
40,10,2,2,0,1,5178,0,40,1
45,10,0,0,4,0,0,0,32,0
54,11,2,2,0,1,5013,0,40,0
33,9,5,2,2,1,0,0,50,0
36,6,4,4,3,1,0,0,60,0
42,14,2,9,0,1,0,0,55,1
33,10,4,0,3,0,0,0,40,0
52,13,2,3,0,1,0,0,45,1
41,14,2,9,5,0,0,0,40,1
30,10,2,2,0,1,0,0,40,0
22,10,4,0,3,1,0,0,40,0
47,13,2,3,0,1,3103,0,60,1
26,3,4,13,1,1,0,0,40,0
36,7,5,6,1,1,0,0,40,0
35,9,5,6,4,1,0,0,40,0
46,10,2,10,0,1,0,0,40,1
24,13,4,9,3,0,0,0,8,0
30,11,2,9,0,1,5178,0,52,1
38,9,0,6,3,1,0,0,40,0
50,9,0,11,4,0,0,0,45,0
41,10,0,0,4,0,0,0,40,0
38,9,2,3,0,1,0,0,60,1
36,13,4,11,1,1,0,0,48,0
47,9,2,11,0,1,0,0,50,1
59,10,2,0,2,0,0,0,16,1
59,16,2,9,0,1,0,0,60,1
52,10,2,3,0,1,0,0,45,1
37,11,2,11,0,1,0,0,60,1
52,13,3,7,2,0,0,0,40,0
51,12,2,2,0,1,0,0,45,1
67,13,2,3,0,1,0,0,55,0
68,6,6,7,4,0,0,0,20,0
71,5,0,8,1,0,0,0,6,0
49,14,2,0,0,1,0,0,40,0
35,9,2,7,0,1,0,0,40,0
18,9,4,0,3,1,0,0,40,0
29,6,2,4,5,0,0,0,40,0
47,13,2,9,0,1,0,0,60,0
31,5,4,4,1,1,0,0,40,0
22,10,4,3,1,1,0,0,40,0
20,10,4,12,1,0,0,0,10,0
57,9,0,11,1,0,0,0,26,0
18,10,4,7,3,0,0,0,15,0
32,9,2,9,0,1,0,0,40,0
39,9,0,7,3,1,0,0,40,0
37,13,0,9,1,0,0,0,40,0
51,9,2,11,0,1,0,0,50,0
48,10,2,0,0,1,0,0,40,1
39,9,2,13,0,1,0,0,55,1
35,13,2,11,0,1,0,0,45,0
40,3,2,7,0,1,4064,0,40,0
19,9,4,11,3,1,0,0,25,0
28,9,0,0,1,1,0,0,40,0
23,10,4,11,1,0,0,1974,40,0
18,10,4,11,3,1,0,0,35,0
23,13,4,9,1,1,0,0,40,0
47,7,2,13,0,1,3411,0,40,0
42,13,0,0,3,1,0,0,40,0
25,10,4,11,3,1,0,0,40,0
17,6,4,11,3,0,0,0,12,0
34,13,4,3,1,0,0,0,45,0
29,12,4,3,3,1,0,0,40,0
22,10,2,0,5,0,0,0,40,0
46,9,4,5,1,1,0,0,40,0
69,9,2,11,0,1,0,0,24,0
50,9,2,2,0,1,0,0,60,1
45,10,2,9,0,1,0,0,40,1
41,14,4,0,1,0,0,0,40,0
47,13,0,9,4,1,0,0,40,0
64,7,6,4,4,0,0,0,40,0
29,10,2,7,0,1,0,0,35,0
29,15,0,9,3,0,2174,0,72,0
17,7,4,9,3,0,0,0,20,0
24,9,4,0,4,1,0,0,60,0
28,9,2,2,0,1,0,0,40,0
35,9,4,7,1,1,3325,0,50,0
48,13,2,11,0,1,0,0,60,0
36,11,4,9,4,0,0,0,38,0
38,11,4,2,1,0,0,0,40,0
49,9,0,2,1,1,0,1669,40,0
42,14,2,9,0,1,0,0,40,1
36,11,2,11,0,1,0,0,60,0
25,6,4,6,1,0,0,0,40,0
41,14,2,6,0,1,0,0,40,0
35,9,2,4,0,1,0,0,30,0
32,11,0,3,1,0,0,0,50,0
41,14,2,9,0,1,0,0,40,1
48,10,2,13,0,1,0,0,60,0
56,9,2,11,5,0,0,0,50,0
47,10,2,7,0,1,0,0,40,0
30,9,4,11,4,0,0,0,40,0
51,7,2,2,0,1,0,0,40,1
22,13,4,0,3,1,0,0,40,0
49,13,2,3,0,1,0,0,60,1
26,9,2,6,0,1,3464,0,48,0
35,13,3,2,4,1,0,0,40,0
34,10,4,0,1,1,0,0,40,0
51,9,2,3,0,1,0,0,40,0
26,13,2,3,0,1,0,0,40,0
28,10,4,0,4,0,3887,0,40,0
32,4,2,2,0,1,0,0,35,0
55,7,5,0,4,0,0,0,40,0
17,7,4,11,3,0,0,0,20,0
40,10,5,3,4,0,0,0,40,0
38,13,0,11,3,1,0,0,50,0
67,9,6,3,1,0,15831,0,40,1
44,9,0,6,3,1,0,0,40,0
26,10,2,3,0,1,7688,0,40,1
25,9,0,5,3,0,0,0,40,0
45,9,0,0,4,0,0,0,40,0
38,9,2,0,0,1,0,0,45,1
62,10,2,2,0,1,0,0,45,0
20,9,4,7,1,1,0,2001,40,0
45,10,3,7,2,1,0,0,40,0
47,14,2,9,5,0,0,0,20,1
49,13,0,0,1,1,0,0,40,0
36,9,2,2,0,1,0,0,40,1
29,9,5,7,4,0,0,0,30,0
23,7,4,4,2,0,0,0,40,0
50,9,2,2,0,1,0,0,40,0
44,13,2,3,0,1,0,1902,40,1
44,13,2,9,0,1,0,0,40,1
32,9,2,12,5,0,0,0,36,0
73,9,2,7,0,1,0,0,30,0
24,14,4,9,1,0,0,0,40,0
46,9,2,7,5,0,0,0,40,0
61,10,2,11,0,1,7688,0,36,1
37,14,4,3,3,0,0,0,40,0
29,11,2,2,0,1,0,0,40,1
40,12,2,3,0,1,0,0,40,1
17,7,4,6,3,1,0,0,12,0
30,9,0,0,4,0,0,0,40,0
19,9,4,7,1,0,0,1719,40,0
30,16,4,9,1,1,0,0,60,0
47,9,0,0,4,0,0,1504,35,0
25,10,4,0,3,1,0,0,40,0
41,13,0,9,3,0,0,0,40,0
47,9,2,13,0,1,0,0,40,0
27,12,4,0,4,0,0,0,40,0
42,9,2,2,0,1,0,0,44,0
49,9,0,7,1,0,0,0,20,0
37,13,2,11,0,1,0,1902,40,1
19,10,4,0,3,1,0,0,15,0
24,9,2,2,0,1,0,0,38,0
34,15,2,9,0,1,0,0,40,1
33,13,4,0,1,1,0,0,40,0
44,10,0,3,1,0,0,0,40,0
37,13,2,0,0,1,7298,0,40,1
45,9,4,2,3,1,0,0,40,0
35,13,4,5,1,1,0,0,40,0
58,9,2,11,0,1,0,0,50,0
45,10,0,7,1,0,0,0,50,0
54,10,2,2,0,1,0,0,40,1
45,14,2,3,0,1,0,0,40,1
69,10,2,3,0,1,20051,0,50,1
24,9,4,2,3,1,0,0,40,0
36,9,2,2,0,1,0,0,40,0
61,6,4,7,1,0,0,0,38,0
57,13,2,3,0,1,7688,0,60,1
56,9,0,2,2,1,0,0,40,0
35,14,2,9,0,1,0,1977,45,1
51,13,2,3,0,1,0,0,50,1
50,7,4,6,2,0,0,0,40,0
25,10,4,12,3,0,0,0,43,0
46,14,2,3,0,1,0,0,50,1
23,13,4,0,3,0,0,0,25,0
44,9,2,13,0,1,0,0,40,0
38,9,0,0,4,0,0,0,40,0
25,10,4,12,1,0,0,0,40,0
18,6,4,7,3,0,0,0,15,0
40,9,3,5,1,1,2174,0,60,0
31,8,2,7,5,0,0,0,40,0
33,9,2,4,0,1,0,0,45,0
35,11,0,9,4,0,0,0,40,0
55,14,2,3,0,1,0,0,45,1
19,9,4,0,3,1,0,0,30,0
31,10,2,2,0,1,0,1579,40,0
43,14,2,3,0,1,0,0,40,1
49,14,2,3,0,1,0,0,47,1
48,15,2,9,0,1,0,0,45,1
27,9,4,6,3,0,0,0,34,0
38,14,2,3,0,1,7298,0,60,1
35,9,2,0,5,0,4386,0,35,1
29,9,4,6,2,1,0,0,40,0
27,13,4,11,3,1,0,0,2,0
31,5,2,2,0,1,0,0,43,0
26,13,2,9,0,1,0,0,40,0
53,9,2,11,0,1,0,0,35,0
23,9,4,0,1,0,0,0,30,0
32,9,5,6,1,1,0,0,46,0
36,13,0,11,3,0,0,0,40,0
22,9,4,4,1,1,0,0,50,0
62,10,2,0,5,0,0,0,40,0
41,9,2,2,0,1,0,1485,44,1
59,13,2,3,0,1,0,1977,50,1
43,9,2,0,5,0,0,0,40,1
34,9,2,3,0,1,0,0,40,1
27,10,4,0,1,0,0,0,40,0
35,10,2,9,0,1,0,0,60,0
41,9,2,13,0,1,0,0,60,0
42,13,4,9,1,1,0,0,32,0
24,10,0,2,1,1,0,0,48,0
35,9,4,13,4,1,0,0,72,0
40,10,2,0,5,0,0,0,40,1
46,4,2,9,5,0,0,0,45,0
45,10,2,2,0,1,0,0,40,1
33,9,4,2,1,1,0,1092,40,0
68,9,6,7,4,0,0,0,7,0
33,13,5,3,1,0,0,0,45,0
23,10,2,7,0,1,0,0,20,0
42,13,2,4,0,1,0,0,60,1
30,10,4,11,1,1,0,0,45,1
35,10,0,0,4,0,0,0,40,0
40,9,0,0,4,0,0,0,50,0
36,14,0,9,4,1,5455,0,30,0
46,5,2,0,5,0,0,0,50,0
49,9,2,13,0,1,0,0,40,0
41,9,2,3,0,1,0,0,60,0
26,14,4,3,3,1,0,0,38,0
37,9,0,7,1,0,0,0,20,0
50,10,2,10,0,1,0,0,40,1
20,10,4,7,3,1,0,0,20,0
59,16,0,9,4,1,25236,0,45,1
30,10,2,11,0,1,0,0,40,0
23,9,2,2,0,1,0,0,45,0
44,13,2,10,0,1,0,0,40,1
28,13,4,0,1,1,0,0,40,0
48,10,4,3,1,0,0,0,40,1
34,9,5,5,4,0,0,0,40,0
58,13,4,9,1,1,0,0,99,0
33,10,2,10,0,1,0,0,40,0
38,13,3,13,1,1,0,0,84,0
49,13,2,3,0,1,7298,0,40,1
67,2,6,7,1,0,0,0,20,0
23,6,4,6,1,0,0,0,40,0
42,10,2,9,0,1,0,0,40,1
54,9,2,0,5,0,0,0,40,0
49,14,2,3,0,1,0,0,40,1
35,14,2,3,0,1,0,0,60,1
26,9,4,2,3,1,0,0,40,0
31,9,4,3,1,1,3325,0,40,0
36,9,2,5,0,1,0,0,40,0
25,6,2,6,0,1,0,0,40,0
35,14,4,9,1,1,0,0,60,1
40,14,2,9,0,1,0,0,40,0
52,12,5,9,1,0,0,0,50,0
42,13,2,9,0,1,0,0,40,1
50,14,2,9,5,0,0,0,40,1
52,10,2,12,0,1,0,0,40,1
51,14,2,9,0,1,0,0,40,0
19,10,4,5,3,1,0,0,40,0
43,11,2,4,0,1,0,0,40,1
57,8,2,13,0,1,0,0,40,1
35,9,0,3,1,1,0,0,60,0
30,13,4,11,1,0,0,0,30,0
38,9,2,2,0,1,0,0,40,0
45,10,0,0,1,0,0,0,40,0
23,9,4,5,3,1,0,0,40,0
22,10,5,7,3,0,0,0,40,0
60,10,2,10,0,1,0,0,38,0
45,13,0,9,4,0,0,0,48,1
26,9,4,6,4,1,5721,0,40,0
49,6,2,7,0,1,0,0,40,0
29,10,0,7,1,0,0,0,35,0
47,10,2,12,0,1,7298,0,40,1
40,9,2,13,0,1,0,0,35,0
34,9,5,0,4,0,7443,0,35,0
42,14,2,9,0,1,0,0,40,0
33,2,2,2,0,1,0,0,35,0
63,9,2,2,0,1,0,0,40,0
53,9,2,2,0,1,0,0,40,0
38,11,2,2,0,1,0,0,40,1
44,10,2,11,0,1,0,0,45,1
43,6,2,13,0,1,0,0,40,0
26,14,4,3,1,1,0,0,32,0
56,9,2,13,0,1,0,0,40,0
39,11,0,0,4,0,0,0,40,0
44,4,0,5,1,1,0,0,48,0
34,9,5,0,1,1,0,0,48,1
40,12,4,0,1,0,0,0,40,0
38,10,2,7,0,1,0,0,40,0
44,10,0,0,4,0,0,0,40,0
34,10,0,10,3,1,0,0,72,0
22,13,4,9,1,1,0,0,20,0
58,10,6,11,1,0,0,0,20,1
43,10,0,12,4,0,0,0,30,0
23,9,4,2,3,1,0,0,40,0
41,10,5,3,1,0,0,0,40,0
44,10,4,7,1,1,0,0,35,0
32,9,2,0,0,1,0,0,40,0
38,12,2,10,0,1,0,0,56,1
47,10,2,11,0,1,0,0,50,1
24,9,4,7,3,0,0,0,30,0
39,14,2,3,0,1,0,0,40,0
32,8,0,10,3,1,0,0,54,0
40,9,2,6,0,1,0,0,50,0
34,9,0,7,4,0,0,3770,45,0
34,9,4,2,4,1,2036,0,30,0
57,14,2,9,0,1,0,1977,45,1
71,3,2,13,0,1,0,0,40,0
45,14,4,9,1,1,0,0,50,1
54,9,0,13,1,1,0,0,45,0
26,11,4,11,4,0,0,0,54,0
37,10,2,3,5,0,0,0,45,1
28,10,2,4,0,1,0,0,55,0
42,13,0,9,4,0,0,0,15,0
45,9,2,2,0,1,0,0,40,0
37,9,2,11,0,1,0,0,50,0
57,9,2,11,0,1,0,0,50,0
39,13,2,9,1,1,0,0,60,0
45,10,2,0,5,0,0,0,40,1
30,11,0,0,1,0,0,0,46,0
27,9,1,2,0,1,0,0,40,1
44,16,2,9,0,1,0,0,40,1
44,16,2,9,0,1,0,1902,40,1
38,9,2,3,5,0,0,0,60,1
19,9,4,4,3,1,0,0,40,0
39,10,0,11,1,0,0,0,38,0
55,6,6,13,1,1,0,0,40,0
17,6,4,7,3,0,0,0,20,0
43,10,0,0,4,0,0,0,40,0
36,9,2,7,5,0,0,0,35,0
45,13,2,4,0,1,0,0,60,0
44,14,2,3,0,1,0,0,38,1
26,10,2,13,0,1,0,0,52,1
32,12,2,2,0,1,0,1887,40,1
21,9,4,7,3,0,0,0,40,0
43,13,2,11,0,1,0,0,60,0
34,9,2,2,0,1,0,0,40,0
33,13,4,9,1,1,0,0,20,0
40,9,4,11,1,1,0,0,51,0
46,3,4,6,3,0,0,0,40,0
54,9,6,3,1,0,0,0,40,0
23,10,4,3,3,1,0,0,40,0
58,9,2,3,0,1,0,0,45,0
25,10,2,10,0,1,3137,0,40,0
50,14,2,9,0,1,7688,0,50,1
42,9,2,2,0,1,0,0,45,0
25,9,4,7,1,0,0,0,38,0
60,7,2,6,5,0,0,0,30,0
43,9,4,0,1,0,0,0,40,0
25,13,4,11,3,0,0,0,40,0
31,9,2,2,5,0,0,0,45,0
35,9,0,2,1,1,0,0,40,0
48,10,0,6,4,1,0,0,40,0
43,9,2,0,5,0,0,0,20,1
27,9,0,3,4,0,0,0,40,0
24,9,4,2,1,1,0,1590,40,0
44,9,2,3,0,1,0,1887,70,1
52,9,2,13,0,1,0,0,22,0
49,10,2,0,5,0,0,0,40,1
31,9,4,0,3,0,0,0,40,0
59,7,0,4,1,1,0,0,40,0
27,13,2,7,0,1,0,0,40,0
38,14,4,9,1,1,0,0,40,1
51,13,2,9,0,1,0,0,40,1
24,9,4,2,1,1,0,0,40,0
58,13,2,3,0,1,0,0,45,1
46,10,0,0,4,0,0,0,40,0
55,3,6,6,4,0,0,0,40,0
76,9,0,0,1,0,0,0,8,0
25,10,0,0,4,0,0,0,40,0
51,10,2,6,0,1,7298,0,40,1
33,9,2,2,0,1,0,0,40,0
46,9,2,13,0,1,0,0,40,0
51,10,2,0,5,0,0,0,40,0
42,11,6,9,4,0,0,0,40,0
53,13,4,7,1,1,8614,0,50,1
33,14,2,9,5,0,7688,0,35,1
30,13,2,9,0,1,99999,0,35,1
41,10,0,2,1,1,0,0,40,0
42,12,0,7,1,0,0,0,40,0
34,9,2,13,0,1,0,0,40,1
31,11,4,7,4,0,0,0,40,0
46,10,2,9,0,1,0,1977,50,1
35,2,3,7,1,1,0,0,40,0
46,10,2,10,0,1,0,0,40,1
43,14,2,9,5,0,0,0,40,1
35,9,2,7,0,1,0,0,40,0
23,13,4,0,3,0,0,0,20,0
43,9,0,6,2,1,0,0,40,0
61,9,2,13,0,1,0,0,40,1
29,15,4,9,3,1,0,0,50,0
21,9,4,11,1,1,0,0,40,0
36,13,2,9,0,1,0,1672,50,0
40,9,4,7,4,0,0,0,40,0
23,13,4,9,3,1,0,0,40,0
90,13,4,3,1,1,0,0,55,0
24,13,4,3,3,1,0,0,40,0
20,10,4,9,3,0,2176,0,12,0
40,14,2,3,0,1,0,0,60,1
37,11,2,2,0,1,0,0,55,0
31,9,4,2,1,0,0,0,40,0
22,9,4,13,3,1,0,0,40,0
25,10,2,3,0,1,0,0,40,0
47,14,2,9,0,1,0,0,60,1
48,11,2,2,0,1,0,0,40,0
28,5,2,6,5,0,0,0,40,0
20,10,4,4,1,1,0,0,40,0
51,10,0,5,1,0,0,0,40,0
32,9,2,0,5,0,0,0,40,1
55,6,2,7,0,1,0,0,40,0
41,13,0,10,4,0,0,0,40,0
46,14,2,9,5,0,7688,0,35,1
45,9,2,7,0,1,0,0,40,1
65,9,2,2,0,1,0,0,40,0
45,16,2,9,0,1,7688,0,50,1
22,10,4,0,3,0,0,0,40,0
42,15,2,9,0,1,0,0,50,1
37,13,2,3,0,1,5178,0,40,1
24,13,2,3,5,0,0,0,40,0
67,10,0,7,4,0,0,0,41,0
28,9,3,12,1,0,0,0,37,0
56,6,2,7,0,1,0,0,35,1
31,11,2,10,0,1,0,0,38,0
33,10,5,3,4,0,0,0,40,0
45,10,2,5,0,1,0,0,40,1
53,13,2,9,0,1,0,1902,40,1
47,4,2,5,0,1,0,0,40,0
40,9,0,11,4,0,0,0,30,0
35,10,4,11,3,1,0,0,48,0
65,4,2,4,0,1,0,0,40,0
42,10,2,7,5,0,0,0,30,0
23,13,4,9,1,0,0,0,15,0
39,10,0,0,1,0,0,0,40,0
39,9,2,2,0,1,0,0,30,0
37,9,2,13,0,1,0,0,40,0
25,11,4,0,1,0,0,0,40,0
31,9,4,7,4,0,0,0,40,0
39,9,0,3,1,1,0,0,45,0
39,13,2,11,0,1,0,0,30,1
25,13,4,0,3,1,0,0,35,0
30,7,2,13,0,1,0,0,40,0
37,5,2,6,5,0,0,0,48,0
22,9,4,2,4,0,0,0,36,0
46,14,2,3,0,1,0,1977,40,1
54,13,0,11,1,0,0,1408,38,0
33,12,4,2,1,1,0,0,45,0
70,13,4,3,1,1,0,0,40,0
36,10,0,0,1,1,0,0,45,0
53,14,0,9,4,0,0,0,50,0
55,9,0,0,1,0,0,1617,40,0
17,7,4,10,3,0,0,0,30,0
36,10,0,5,1,1,0,0,40,0
36,15,4,9,1,1,0,0,55,1
40,9,3,4,3,1,0,0,40,0
36,9,2,13,0,1,0,0,50,1
28,9,2,13,0,1,0,0,55,0
39,14,2,9,0,1,99999,0,40,1
49,3,4,6,1,1,0,0,45,0
63,9,2,3,0,1,0,0,40,0
61,10,2,5,0,1,0,0,20,0
48,9,2,2,0,1,0,0,60,1
55,9,3,6,1,1,0,0,40,0
20,9,2,11,2,1,0,0,20,0
49,9,2,7,0,1,0,0,40,0
27,9,2,5,0,1,0,0,40,0
37,6,0,7,4,0,0,0,33,0
32,9,2,10,0,1,0,0,40,0
33,16,2,9,0,1,0,0,60,0
47,11,2,7,0,1,0,0,26,0
34,9,2,6,0,1,0,0,40,0
61,9,0,0,2,0,0,0,35,0
25,9,4,2,3,1,0,0,40,0
26,12,4,11,3,1,0,0,30,0
18,9,4,11,3,0,0,0,30,0
35,9,2,11,0,1,0,0,50,0
56,9,2,2,0,1,0,0,35,1
40,11,4,2,1,1,0,0,40,0
24,8,4,7,3,0,0,0,38,0
66,9,6,11,1,0,0,0,40,1
42,9,2,6,5,0,0,0,40,0
28,9,4,13,3,1,0,0,20,0
39,10,0,0,4,0,0,0,35,0
65,11,2,4,0,1,0,0,25,0
20,10,4,7,3,0,0,0,20,0
52,9,2,6,0,1,4386,0,40,1
39,10,0,11,1,0,0,0,40,0
18,9,4,6,1,0,0,0,30,0
49,4,2,6,5,0,0,0,40,0
21,10,4,9,3,1,0,0,48,0
38,9,2,0,0,1,0,0,40,1
55,9,2,2,0,1,0,0,40,0
27,6,2,2,2,1,0,0,55,0
34,9,5,0,4,0,0,0,40,0
54,10,4,9,1,0,0,0,40,0
38,9,4,0,4,0,0,0,40,0
32,9,0,0,2,0,0,0,40,0
33,10,5,12,1,1,0,0,12,0
32,12,2,10,0,1,0,0,50,0
34,14,2,3,0,1,0,0,50,0
46,13,2,7,0,1,0,0,30,1
48,14,2,3,0,1,0,0,40,1
23,10,4,3,3,1,0,0,40,0
48,4,3,5,4,1,0,0,40,0
67,9,2,3,0,1,0,0,37,1
25,13,4,7,1,0,0,0,20,0
43,10,2,2,0,1,4064,0,38,0
27,12,4,9,1,0,0,0,40,0
56,2,5,6,4,1,0,0,40,0
54,10,2,2,0,1,0,1579,48,0
39,9,2,11,0,1,0,1887,46,1
60,9,2,11,5,0,0,0,25,0
27,10,4,0,1,0,0,0,40,0
21,10,4,11,3,1,0,0,40,0
24,10,4,9,3,0,0,0,40,0
31,10,2,2,0,1,0,0,40,0
22,6,4,2,3,1,0,0,15,0
26,13,4,3,1,0,0,0,45,0
45,9,2,2,0,1,0,0,48,0
33,9,4,13,2,1,0,0,40,0
29,5,0,6,4,0,0,0,40,0
72,9,6,0,1,0,6360,0,40,0
35,9,2,2,0,1,0,0,60,1
53,9,2,2,0,1,0,0,40,0
40,10,4,3,3,0,0,0,40,0
20,9,4,7,3,1,0,0,30,0
69,9,6,0,4,0,1848,0,12,0
41,9,4,7,4,0,0,0,25,0
45,14,2,0,0,1,0,0,45,1
27,9,2,5,0,1,0,0,40,0
46,15,2,9,0,1,99999,0,60,1
55,10,2,13,0,1,0,0,35,0
31,10,2,3,0,1,0,0,40,1
45,10,0,11,1,0,0,0,55,0
64,9,2,3,0,1,0,0,5,0
38,10,2,3,0,1,0,0,45,0
17,6,4,7,3,1,0,0,40,0
33,9,2,0,5,0,0,1887,20,1
22,8,3,7,4,0,0,0,50,0
23,10,4,7,3,0,0,0,30,0
25,9,4,2,4,1,0,0,40,0
33,13,2,9,0,1,3103,0,43,1
37,9,4,7,4,0,0,0,35,0
53,9,5,0,4,0,0,1876,38,0
28,10,4,10,3,1,0,0,40,0
33,13,2,9,5,0,0,0,40,1
41,9,2,0,0,1,0,0,40,0
61,13,2,11,0,1,0,0,50,0
25,10,4,7,3,0,0,0,25,0
35,9,0,3,4,0,0,0,40,1
64,11,2,3,0,1,0,0,40,1
28,9,2,5,0,1,0,0,38,0
39,10,4,9,1,1,0,1564,12,1
53,9,0,13,4,1,0,0,40,0
28,9,4,0,1,0,0,0,40,0
38,10,0,5,4,0,0,0,40,0
25,13,4,9,1,1,0,0,35,0
19,10,4,7,1,0,0,0,30,0
20,12,4,0,1,0,0,0,30,0
55,9,2,9,2,0,0,2246,40,1
52,14,2,9,5,0,0,1848,40,1
30,9,4,0,3,0,0,0,40,0
47,9,0,3,1,0,0,1974,40,0
22,6,4,2,2,1,0,0,30,0
24,9,2,5,0,1,4386,0,40,1
26,13,4,11,1,0,0,0,40,0
27,9,2,6,0,1,0,0,45,0
57,5,2,6,0,1,0,0,40,0
18,14,4,9,3,0,0,0,60,0
30,13,4,9,1,1,0,0,45,0
34,13,0,9,4,0,0,0,50,0
40,10,2,0,0,1,5178,0,60,1
60,9,0,7,4,0,0,0,38,0
25,8,2,2,0,1,0,0,40,1
39,13,2,11,0,1,0,0,55,0
48,9,2,0,5,0,0,0,40,1
27,10,2,3,0,1,0,0,30,0
33,9,0,2,1,1,0,0,65,1
65,9,2,3,0,1,0,0,40,0
52,9,2,2,0,1,0,1977,40,1
27,13,4,12,3,1,0,0,40,0
32,10,4,2,4,1,0,0,40,0
45,10,5,11,4,1,0,0,50,0
27,13,4,3,1,1,0,0,45,0
57,10,2,3,5,0,0,0,60,0
44,10,0,11,4,1,0,0,55,1
30,14,2,9,0,1,0,0,44,1
26,10,0,0,1,0,0,0,40,0
28,10,2,0,0,1,0,0,40,1
61,9,2,13,0,1,0,0,40,1
49,9,2,2,0,1,0,0,50,0
33,14,2,9,0,1,15024,0,40,1
50,12,2,6,0,1,0,0,50,1
53,4,2,12,0,1,0,0,99,0
33,9,2,2,0,1,0,0,40,1
22,10,4,0,3,1,0,0,10,0
45,13,0,10,1,1,0,0,40,1
47,9,2,2,0,1,0,0,40,1
52,13,2,9,0,1,0,0,40,1
57,9,6,0,1,0,0,0,36,0
58,9,0,0,4,0,2174,0,40,0
50,14,0,9,1,0,0,0,50,1
33,10,4,0,3,0,0,0,40,0
34,7,2,2,0,1,0,0,40,0
20,10,4,7,3,0,0,0,20,0
37,14,2,10,0,1,7688,0,50,1
57,12,0,0,1,0,0,0,40,0
57,9,2,11,0,1,0,0,48,0
21,12,4,0,3,0,0,0,8,0
40,10,0,11,1,1,0,0,40,0
23,10,5,2,1,1,0,0,40,0
54,9,2,0,0,1,0,0,20,0
38,10,2,3,0,1,0,0,40,1
32,10,2,3,0,1,15024,0,60,1
22,10,4,0,1,0,0,0,40,0
27,9,4,0,1,0,0,0,42,0
42,3,2,7,0,1,0,0,40,0
36,9,4,0,1,0,0,0,47,0
22,9,2,11,0,1,0,0,40,0
40,5,5,6,1,1,0,0,40,0
26,9,2,6,0,1,0,0,45,0
46,9,4,13,1,1,0,0,40,0
28,7,2,2,1,1,0,0,60,1
46,13,4,3,1,1,0,0,45,0
55,9,0,5,1,0,0,0,40,0
76,10,0,0,1,0,0,0,20,0
27,13,4,9,1,1,0,0,60,0
50,9,2,13,0,1,0,0,40,1
75,9,2,2,0,1,0,0,20,0
42,14,2,3,0,1,0,0,40,1
36,14,4,9,1,0,0,0,40,0
51,9,2,10,0,1,0,0,40,0
43,15,2,9,0,1,15024,0,55,1
44,13,2,13,0,1,0,0,40,0
60,3,2,2,0,1,0,0,45,0
47,13,2,9,0,1,0,0,45,1
73,7,2,6,0,1,0,0,15,0
27,9,2,5,0,1,0,0,40,0
50,9,2,2,0,1,15024,0,50,1
35,4,2,2,0,1,0,0,40,0
45,13,2,2,0,1,0,0,40,1
57,9,2,2,0,1,0,0,40,1
34,9,2,2,0,1,0,0,40,0
19,10,4,7,3,0,0,0,16,0
25,9,4,5,3,1,0,0,40,0
39,13,2,9,5,0,0,0,50,1
28,9,2,2,0,1,0,0,40,1
48,14,0,9,4,0,0,0,40,0
38,9,2,2,0,1,0,0,44,0
53,3,2,8,5,0,0,0,10,0
19,9,4,5,1,1,0,0,40,0
41,9,2,0,5,0,0,0,60,0
23,12,4,11,3,0,0,0,36,0
32,9,4,2,1,1,0,0,40,0
35,10,0,6,1,1,0,0,40,0
21,11,4,4,1,0,0,1602,30,0
24,13,4,12,3,1,0,0,40,0
34,9,2,2,0,1,0,0,40,0
29,13,2,9,5,0,0,0,25,1
55,9,6,0,1,0,0,0,40,0
28,9,3,6,3,1,0,0,40,0
46,9,4,2,3,1,0,0,40,0
38,9,2,6,0,1,0,0,40,0
29,10,0,0,1,0,0,0,40,0
35,13,2,2,0,1,0,0,50,1
29,9,4,5,1,1,0,0,40,0
41,16,2,9,0,1,0,0,50,1
40,9,2,2,0,1,0,0,32,0
30,9,0,0,3,0,0,0,40,0
72,7,0,7,1,0,0,0,35,0
17,7,4,5,3,1,0,0,40,0
46,9,2,10,0,1,0,0,70,0
38,13,4,7,1,1,0,0,48,0
36,13,4,9,1,0,0,0,45,0
24,12,4,2,3,1,0,0,40,0
28,9,0,7,4,0,0,0,35,0
28,9,2,6,0,1,0,0,40,0
42,10,2,10,0,1,0,0,40,1
48,13,2,3,0,1,0,0,40,1
37,9,2,2,0,1,0,0,40,0
32,16,4,9,1,1,0,0,40,1
55,10,2,2,0,1,7688,0,40,1
30,10,2,5,0,1,0,0,40,0
68,4,6,6,1,0,0,0,10,0
45,9,0,7,1,0,0,0,30,0
26,9,0,5,3,0,0,0,40,0
22,10,4,3,3,0,0,0,40,0
22,10,4,2,3,1,0,0,40,0
36,10,2,3,0,1,7298,0,40,1
52,4,4,6,1,0,0,0,40,0
68,15,6,9,4,0,0,0,16,0
26,13,2,9,5,0,0,0,40,1
46,9,2,4,0,1,0,1672,50,0
53,14,2,9,0,1,7298,0,40,1
17,7,4,11,3,0,0,0,8,0
29,13,2,9,3,1,0,0,75,0
41,10,2,11,0,1,0,0,50,1
45,10,0,12,1,0,0,0,40,0
57,10,0,3,1,0,0,0,50,1
30,13,2,0,0,1,0,0,30,0
46,9,2,11,0,1,0,0,45,1
45,12,2,5,0,1,0,0,40,0
40,12,2,11,0,1,0,0,52,0
38,9,0,7,4,0,2036,0,20,0
59,4,2,11,0,1,0,0,85,0
36,10,4,2,1,1,0,0,40,0
40,4,4,4,3,1,0,0,40,0
18,6,4,11,2,0,0,0,40,0
63,9,0,11,1,0,0,0,40,0
29,14,4,9,1,0,0,0,80,0
27,13,2,3,5,0,0,0,45,1
47,16,0,9,4,1,0,0,50,1
20,9,4,0,3,1,0,0,40,0
48,12,2,2,0,1,0,0,45,0
29,9,2,0,0,1,0,0,30,0
22,9,4,12,1,0,0,0,40,0
42,12,6,12,4,0,0,0,24,0
36,11,0,2,1,1,0,0,40,0
60,6,0,7,1,0,0,0,40,0
41,9,5,3,1,0,0,0,40,0
43,9,2,11,0,1,0,0,40,1
33,13,2,9,0,1,0,0,38,1
34,4,2,7,5,0,0,0,40,0
32,9,4,13,3,0,0,0,35,0
52,5,6,7,1,0,0,0,25,0
27,12,4,11,1,1,0,0,40,0
60,14,2,9,0,1,0,0,40,1
41,13,2,0,5,0,7688,0,40,1
34,13,4,11,1,1,0,0,62,0
30,9,2,3,0,1,0,0,40,1
35,10,5,7,4,0,0,0,25,0
39,13,0,3,4,0,0,0,40,0
64,10,6,0,1,0,0,0,40,0
17,7,4,4,3,1,0,0,20,0
37,11,2,10,0,1,0,0,40,1
43,9,2,13,0,1,0,0,45,0
30,9,2,9,0,1,0,0,25,0
17,6,4,11,3,0,0,0,12,0
29,9,4,2,1,1,0,0,40,0
24,10,4,0,3,1,0,0,40,0
27,13,4,11,1,1,0,0,50,0
69,13,5,3,1,1,0,0,40,0
30,9,3,0,1,1,0,0,40,0
29,9,2,6,0,1,0,0,40,0
61,4,2,13,0,1,0,1651,40,0
70,4,6,7,4,0,0,0,38,0
32,13,2,12,0,1,0,1902,40,1
27,9,4,2,4,1,9562,0,50,1
27,13,4,7,1,0,0,0,40,0
19,10,4,11,3,0,0,0,25,0
44,14,2,9,0,1,0,0,60,1
36,10,4,0,1,0,0,0,40,0
45,14,2,3,0,1,7298,0,50,1
29,13,4,9,1,0,0,0,60,0
34,13,2,10,0,1,7298,0,54,1
28,13,4,9,2,1,0,0,50,0
34,3,4,5,3,1,0,0,40,0
18,9,4,0,3,0,0,0,20,0
39,10,0,4,4,0,0,0,45,0
34,10,4,5,1,1,0,0,40,0
35,14,0,0,4,0,0,0,41,0
24,9,4,5,3,1,0,0,40,0
41,13,2,11,0,1,0,0,70,0
50,16,2,9,0,1,0,1902,45,1
68,10,0,3,1,1,0,0,30,0
35,7,4,6,1,1,0,0,50,0
47,11,2,5,0,1,0,0,40,0
43,14,0,9,4,0,0,0,40,0
35,9,2,4,0,1,0,0,40,0
34,10,4,3,1,0,0,0,17,0
26,9,4,2,3,1,0,0,40,0
50,10,0,11,1,0,0,0,40,0
22,9,4,2,3,0,0,0,40,0
20,9,4,4,3,1,0,0,40,0
52,9,2,2,0,1,0,0,40,0
71,9,2,10,0,1,0,0,28,0
55,9,0,0,1,0,0,0,40,0
17,7,4,11,3,0,0,0,8,0
36,10,6,9,3,0,0,0,40,0
39,8,2,13,0,1,0,1848,40,1
27,13,4,7,1,1,0,0,40,0
42,9,0,0,4,0,0,0,40,0
22,9,3,11,1,1,0,1719,40,0
57,11,4,2,1,1,0,0,40,1
34,10,4,2,1,1,0,0,28,0
31,14,4,9,1,0,0,0,60,0
24,13,4,11,3,1,0,0,40,0
41,9,4,7,1,1,0,0,60,0
30,10,0,9,1,0,6849,0,40,0
17,7,4,0,3,0,0,0,32,0
26,9,5,11,4,0,0,0,20,0
32,2,4,4,1,1,0,0,50,0
55,6,2,3,0,1,0,0,45,0
19,8,3,7,3,0,0,0,20,0
28,14,0,9,1,0,0,0,50,0
49,15,2,9,0,1,0,0,60,1
23,13,4,3,1,1,0,0,40,0
43,9,2,2,0,1,0,0,40,0
40,10,2,2,0,1,0,0,40,0
41,13,2,9,0,1,0,0,40,1
23,10,4,2,3,1,0,0,40,0
59,9,2,2,0,1,0,1887,40,1
20,9,4,5,3,1,0,0,35,0
21,9,4,2,3,1,0,0,40,0
44,10,2,3,0,1,0,0,50,0
31,13,2,11,0,1,0,0,48,0
50,13,4,2,1,1,4416,0,45,0
54,9,2,6,0,1,0,0,45,1
28,9,2,13,0,1,0,0,50,0
34,9,0,13,1,1,0,0,40,0
46,14,2,3,0,1,0,0,40,1
28,13,2,3,0,1,0,0,60,1
23,9,4,0,3,1,0,2001,40,0
29,13,2,12,0,1,0,0,40,1
35,9,2,2,0,1,0,0,40,0
41,10,2,4,0,1,7688,0,50,1
35,14,2,3,0,1,7688,0,55,1
20,9,2,5,0,1,0,0,40,0
42,14,0,9,1,0,2354,0,16,0
56,4,2,6,5,0,5013,0,45,0
31,13,4,11,3,1,0,0,45,0
23,9,4,12,3,1,0,0,50,0
60,9,4,5,1,1,0,0,40,0
28,10,4,2,3,1,0,0,40,0
32,10,2,13,0,1,0,0,60,1
36,14,4,3,1,0,14084,0,40,1
44,13,2,3,0,1,0,0,60,0
34,10,2,2,0,1,0,0,48,1
27,9,4,11,3,1,0,0,40,0
49,9,0,3,4,1,0,0,50,0
48,9,0,7,4,0,0,0,40,0
47,9,2,2,0,1,0,0,50,1
34,13,2,3,0,1,0,0,65,1
27,12,4,11,1,1,0,0,40,0
24,10,2,2,0,1,0,0,40,0
24,9,0,5,1,1,0,0,30,0
25,10,2,6,0,1,0,0,40,0
36,11,0,11,4,0,0,0,40,0
38,9,2,0,0,1,0,0,45,0
57,3,2,13,0,1,0,0,40,0
24,10,2,4,0,1,0,0,50,1
41,9,2,12,0,1,0,0,40,0
56,11,2,2,0,1,0,0,60,1
19,9,4,0,3,0,0,0,40,0
44,9,4,7,2,1,0,0,32,0
34,11,4,2,1,0,0,0,40,0
25,13,4,3,3,1,0,0,40,0
27,9,2,12,0,1,0,0,40,0
22,9,4,9,1,1,0,0,40,0
59,10,2,2,0,1,0,1887,55,1
34,7,2,13,0,1,0,0,50,0
30,9,2,13,0,1,0,0,65,1
21,10,4,0,1,0,0,0,38,0
24,10,4,5,2,1,0,0,40,0
35,13,2,11,0,1,0,0,50,1
32,11,2,2,0,1,0,0,40,0
45,10,0,0,4,0,0,0,45,0
30,9,4,0,4,0,0,0,40,0
28,13,2,2,0,1,0,0,55,0
28,13,2,11,5,0,0,0,5,0
29,9,4,0,1,0,0,0,44,0
60,10,2,2,0,1,0,0,40,0
28,11,4,11,1,0,0,0,40,0
38,10,0,3,1,0,0,0,40,0
31,9,2,2,0,1,0,0,50,1
28,10,2,7,0,1,0,0,35,1
42,10,2,7,5,0,0,0,23,0
40,5,2,7,5,0,0,0,40,1
24,10,4,7,1,1,0,0,40,0
37,10,2,3,0,1,0,0,60,1
36,9,2,2,0,1,0,0,40,0
39,13,4,3,1,1,0,0,40,0
22,5,3,7,2,1,0,0,35,0
46,10,2,6,0,1,0,1628,40,0
28,13,2,9,0,1,0,0,43,0
34,10,0,0,4,0,0,0,40,0
42,10,0,11,4,0,0,0,43,0
43,9,2,2,0,1,0,0,40,0
35,9,4,11,3,0,0,0,40,0
60,15,2,9,0,1,3781,0,16,0
33,10,4,2,1,1,8614,0,40,1
22,9,2,13,2,1,0,0,80,0
39,11,2,2,0,1,0,0,40,0
33,13,2,3,0,1,5178,0,40,1
39,9,2,2,0,1,0,0,40,0
37,7,2,13,0,1,0,0,45,0
63,4,2,4,0,1,0,0,60,1
46,10,2,3,0,1,7688,0,38,1
48,9,5,6,4,0,0,0,40,0
33,9,4,0,3,0,0,0,40,0
65,10,6,9,1,0,1848,0,20,0
39,9,4,0,3,0,0,0,40,1
43,13,0,3,1,0,0,0,40,1
28,6,2,2,0,1,0,0,40,0
50,9,0,3,1,0,99999,0,35,1
24,13,4,9,1,1,0,0,20,0
48,9,0,13,1,1,0,0,40,0
35,10,4,7,1,1,0,0,40,0
62,9,2,13,0,1,0,0,40,0
42,10,4,3,1,1,0,0,40,0
60,9,2,3,0,1,99999,0,40,1
50,9,2,3,0,1,0,0,50,1
40,15,4,3,1,0,0,0,40,0
39,9,2,2,0,1,0,0,40,0
43,9,0,10,4,0,0,0,40,0
35,9,2,2,0,1,0,0,38,0
39,13,2,3,0,1,0,0,45,1
30,13,2,10,0,1,0,0,40,1
32,10,2,11,0,1,0,0,65,0
18,10,4,0,1,1,0,0,40,0
37,12,4,11,4,0,0,0,40,0
26,13,4,0,3,0,0,0,40,0
51,9,2,2,0,1,0,0,42,0
33,13,2,11,0,1,0,0,45,0
46,13,2,2,0,1,0,0,44,1
40,11,2,3,0,1,0,0,50,1
34,11,2,2,0,1,0,0,48,0
29,9,2,6,0,1,0,0,40,0
47,10,6,7,4,0,0,0,35,0
45,9,3,0,4,0,0,0,30,0
53,9,5,2,1,1,0,0,35,0
52,14,2,3,0,1,0,0,40,0
64,4,2,4,0,1,0,0,40,1
42,14,4,3,1,1,0,0,45,1
44,10,2,12,0,1,0,0,44,1
41,9,2,11,0,1,7298,0,50,1
53,14,2,3,0,1,0,0,43,1
25,9,4,2,1,1,0,0,35,0
20,7,5,7,3,0,0,0,40,0
29,11,4,8,3,0,0,0,40,0
56,9,2,2,0,1,0,0,40,0
45,16,2,9,5,0,0,1977,30,1
56,9,2,11,5,0,0,0,35,0
38,10,2,3,0,1,7298,0,40,1
62,9,2,11,0,1,0,0,40,0
28,13,4,9,1,1,0,0,60,0
31,9,2,11,0,1,3908,0,40,0
24,13,4,11,3,1,0,0,40,0
65,13,2,0,0,1,0,0,34,0
40,9,5,5,1,1,0,0,30,0
31,13,4,9,1,1,0,0,40,0
35,9,0,13,1,1,0,1741,60,0
42,14,2,9,0,1,0,1902,40,1
20,9,4,11,1,0,0,0,30,0
30,10,0,0,1,0,0,0,40,0
25,13,4,3,3,1,0,0,45,0
22,9,4,7,3,1,0,0,40,0
31,10,2,9,5,0,3908,0,40,0
56,10,2,3,0,1,0,0,50,1
51,9,0,7,2,1,0,0,32,0
36,6,2,4,0,1,0,0,60,0
44,10,0,0,1,0,0,1590,40,0
49,14,0,3,4,1,0,1755,45,1
28,9,2,2,0,1,0,0,40,0
57,13,2,9,0,1,7298,0,40,1
33,10,4,11,1,1,0,0,65,0
49,13,2,0,0,1,5178,0,40,1
74,16,4,9,2,0,0,3683,20,1
48,13,2,3,0,1,5013,0,45,0
38,13,2,3,0,1,15024,0,40,1
39,9,4,6,1,0,0,0,40,0
46,13,2,3,0,1,7298,0,65,1
56,13,2,9,0,1,0,0,40,1
27,13,2,3,0,1,0,0,40,1
17,7,4,8,3,0,0,0,40,0
28,5,0,9,1,0,0,0,40,0
42,14,0,0,1,0,0,0,25,0
39,10,5,0,4,0,0,0,40,0
29,9,2,4,0,1,3464,0,40,0
21,10,4,9,3,1,0,0,10,0
36,10,4,0,4,0,0,0,40,0
56,6,6,6,4,0,0,0,40,0
49,3,2,2,0,1,0,0,40,0
47,10,2,11,0,1,0,0,80,0
44,10,5,0,4,0,0,0,40,0
40,2,4,7,1,1,0,0,45,0
43,13,2,3,0,1,15024,0,40,1
62,8,2,4,0,1,0,0,48,0
52,15,2,9,5,0,3103,0,30,1
25,9,4,7,4,0,0,0,40,0
63,14,0,9,1,1,0,0,70,1
51,16,2,9,0,1,0,0,99,0
25,9,4,0,3,0,0,0,40,0
27,9,4,11,1,0,0,0,40,0
48,10,4,0,1,1,0,0,30,0
32,9,2,13,0,1,0,0,40,0
36,10,2,11,0,1,0,0,45,0
30,9,0,2,1,1,0,0,40,0
45,14,0,3,4,0,0,0,40,0
27,9,2,13,0,1,0,0,50,0
41,13,0,7,1,1,0,0,37,0
61,9,2,7,0,1,0,0,40,0
70,13,0,3,4,0,0,0,55,0
55,7,4,6,1,0,0,0,40,0
35,13,4,7,1,0,0,0,45,0
36,11,2,5,0,1,0,0,38,0
29,10,4,12,3,1,0,0,60,0
30,13,2,7,5,0,0,0,40,0
39,13,0,9,4,0,5455,0,60,0
18,9,4,7,3,1,0,0,20,0
28,9,2,13,0,1,0,0,40,0
27,13,2,3,0,1,0,0,45,0
38,9,4,6,1,1,0,0,40,0
33,9,2,2,0,1,0,0,40,0
25,9,2,13,0,1,0,0,40,1
38,7,4,7,3,0,0,0,40,0
23,10,4,4,4,1,0,0,45,0
40,11,0,9,4,1,0,0,40,0
20,10,4,11,3,0,0,0,20,0
41,9,2,6,0,1,0,0,48,0
44,10,5,0,4,0,0,0,38,0
49,13,2,0,0,1,0,0,40,1
22,12,4,0,1,0,0,0,40,0
26,10,4,0,1,0,0,0,40,0
47,12,2,2,0,1,0,0,40,0
48,9,6,7,4,0,0,0,25,0
28,9,4,3,3,1,0,0,40,0
37,10,5,3,1,1,8614,0,55,1
44,13,2,9,0,1,0,0,40,0
53,13,2,0,0,1,7298,0,40,1
36,14,4,3,1,1,0,0,15,0
77,4,2,6,0,1,0,0,30,0
21,9,4,7,3,1,0,0,35,0
24,13,4,0,1,0,0,0,40,0
30,12,4,12,1,0,0,0,40,0
51,11,0,0,4,0,0,0,50,0
22,10,0,11,3,0,0,0,30,0
23,10,4,11,3,1,0,0,25,0
47,16,2,3,0,1,99999,0,50,1
17,8,4,11,3,1,0,0,20,0
48,13,4,7,1,1,0,0,50,1
43,10,2,3,0,1,0,0,40,1
34,8,2,2,0,1,0,0,40,0
19,9,4,0,3,0,0,0,35,0
42,10,4,3,1,0,0,0,40,0
23,13,4,3,3,1,0,0,40,0
61,15,2,9,0,1,0,0,50,1
63,7,2,7,0,1,0,0,30,0
65,9,6,11,4,0,0,0,40,0
37,11,2,0,0,1,7298,0,40,1
41,12,2,12,0,1,0,0,40,1
21,9,0,11,2,0,0,0,40,0
48,13,4,0,4,0,0,0,35,0
51,10,2,11,0,1,0,1887,40,1
43,13,2,11,0,1,0,0,55,0
56,10,2,2,0,1,0,0,60,0
47,9,0,0,1,0,0,0,40,0
26,13,4,0,3,1,0,0,24,0
39,10,2,7,5,0,0,0,24,0
45,10,4,4,3,1,0,0,75,0
49,9,0,7,4,1,0,0,40,0
23,9,4,5,1,1,0,0,30,0
69,9,2,0,0,1,0,0,36,0
41,14,2,3,0,1,0,0,60,1
40,9,5,3,2,1,0,0,40,0
25,9,4,6,1,1,0,0,40,0
52,9,4,5,4,1,0,0,40,0
28,10,4,9,1,0,3325,0,50,0
50,12,2,2,0,1,0,0,40,1
21,11,4,12,3,0,0,0,30,0
48,10,2,11,0,1,0,0,40,1
27,15,2,9,0,1,0,0,42,1
63,9,2,2,0,1,0,0,30,0
47,16,2,9,0,1,0,0,40,1
37,16,4,9,1,1,14084,0,45,1
58,9,0,0,1,0,0,0,40,0
41,10,2,11,0,1,0,0,51,0
67,10,2,11,0,1,0,0,40,0
62,9,2,11,5,0,0,0,48,0
28,10,2,5,0,1,0,0,40,1
26,8,4,5,3,1,0,0,40,0
46,15,2,9,0,1,0,0,65,1
29,9,2,2,0,1,0,0,40,0
39,13,2,2,0,1,0,0,40,1
25,14,4,9,3,0,0,0,35,0
20,10,4,11,1,0,0,0,35,0
21,10,4,0,3,1,0,0,40,0
25,13,4,9,1,1,0,0,50,0
44,15,2,9,0,1,0,0,50,1
37,9,4,0,3,1,0,0,38,0
50,14,2,3,0,1,7298,0,40,1
29,9,5,0,4,0,0,0,40,0
18,10,4,11,3,0,0,0,21,0
32,13,4,3,4,0,0,0,40,0
58,11,0,0,1,0,0,0,60,0
50,9,2,2,0,1,0,0,40,1
29,10,4,7,1,0,0,0,18,0
58,9,2,3,0,1,0,0,60,1
29,10,4,7,3,0,0,0,40,0
36,9,2,13,0,1,0,0,45,1
21,9,4,2,1,1,0,0,35,0
49,9,0,3,4,0,0,0,40,0
60,14,0,9,1,0,0,0,50,0
39,10,2,11,0,1,3103,0,50,1
50,12,2,2,0,1,0,1902,40,1
30,10,4,11,1,0,0,0,48,0
64,9,0,13,4,1,0,0,20,0
29,12,4,9,2,0,0,0,40,0
40,13,2,3,0,1,7298,0,40,1
42,9,2,2,0,1,0,0,50,0
55,9,6,11,4,0,0,0,40,0
43,9,0,13,1,1,0,0,45,0
28,8,4,11,1,1,0,0,40,0
46,12,2,12,0,1,0,0,38,1
34,9,4,6,4,1,0,0,40,0
47,14,2,0,5,0,7688,0,38,1
43,14,4,3,1,0,0,0,40,0
24,10,4,0,3,0,0,0,25,0
21,7,2,2,0,1,0,0,40,0
65,13,2,2,0,1,0,0,40,1
20,10,4,7,1,1,0,0,40,0
31,14,0,0,1,0,0,0,25,0
38,9,2,0,0,1,3464,0,40,0
22,10,4,11,1,1,0,0,40,0
20,10,4,9,1,0,0,0,20,0
44,10,2,11,0,1,0,0,60,0
44,14,2,9,5,0,0,0,40,0
41,16,2,9,0,1,0,0,60,1
38,9,0,2,1,1,0,2205,40,0
21,10,4,7,3,0,0,0,25,0
24,10,3,11,4,0,0,0,30,0
24,14,4,9,1,0,0,0,45,0
28,9,2,0,3,0,0,0,40,0
39,13,4,3,1,0,0,0,35,0
48,10,0,2,1,1,3325,0,40,0
24,9,4,10,1,1,0,0,40,0
50,9,2,9,0,1,0,0,35,1
50,10,2,2,0,1,4064,0,55,0
68,10,2,0,0,1,0,0,40,0
31,14,2,9,0,1,0,0,50,0
22,2,4,2,1,1,0,0,40,0
25,9,3,6,1,1,0,0,40,0
28,10,4,11,1,0,0,0,40,0
17,7,4,0,3,0,0,0,15,0
24,16,4,9,1,0,0,0,99,0
20,6,5,11,1,0,0,0,36,0
45,12,2,0,0,1,0,0,40,1
44,10,3,2,4,0,1506,0,45,0
57,4,2,2,0,1,0,0,40,0
33,13,2,11,0,1,0,1902,55,1
22,10,4,10,3,1,0,0,24,0
41,9,0,7,1,0,0,0,40,0
51,13,2,3,0,1,0,0,40,0
46,13,5,9,4,1,0,0,40,0
52,9,0,6,1,0,0,0,38,0
50,13,2,11,0,1,0,0,40,1
26,13,4,0,3,0,0,0,50,0
17,6,4,11,2,0,0,0,12,0
64,10,2,3,0,1,0,0,40,0
51,9,2,12,0,1,0,0,40,1
28,9,2,9,0,1,0,0,35,0
51,13,0,0,1,0,0,0,40,0
39,13,0,0,1,1,0,1762,40,0
48,10,0,7,4,0,0,0,32,0
44,10,2,7,3,0,0,0,40,1
47,7,2,7,0,1,0,0,40,0
52,9,6,2,3,0,0,0,40,0
58,10,4,0,1,0,0,0,39,0
19,7,4,7,1,0,0,0,40,0
40,13,2,12,0,1,0,0,40,1
23,10,4,0,3,1,0,0,40,0
31,13,2,7,0,1,0,0,40,0
40,12,2,3,0,1,0,0,40,1
48,10,2,11,0,1,0,0,38,1
46,14,0,3,1,0,0,0,50,1
32,9,2,5,5,0,3908,0,40,0
50,9,2,2,0,1,0,0,40,0
18,9,4,6,1,1,0,0,37,0
26,14,4,3,1,0,0,0,30,0
36,13,4,11,1,0,0,0,20,0
26,11,0,11,3,0,594,0,35,0
19,10,4,11,3,0,0,0,15,0
53,12,2,3,0,1,15024,0,40,1
54,10,4,11,1,1,0,0,41,0
29,10,2,0,3,0,0,0,6,0
37,14,4,9,1,0,0,0,38,1
40,11,0,13,1,1,0,0,50,1
36,10,6,0,4,0,0,0,40,0
18,8,4,0,3,0,0,0,30,0
44,7,5,12,1,1,0,0,40,0
36,9,5,7,4,0,0,0,35,0
69,16,2,9,0,1,0,0,50,1
17,8,4,9,3,1,0,0,7,0
38,11,2,2,0,1,0,0,40,1
27,9,4,6,4,1,0,0,40,0
52,12,2,3,0,1,0,0,40,0
24,12,4,11,1,1,0,0,35,0
57,13,2,3,5,0,0,0,40,0
19,6,4,6,3,0,0,0,40,0
38,9,0,2,1,1,0,0,50,0
46,4,3,8,4,0,0,1594,24,0
21,9,2,9,3,1,0,0,40,1
29,10,4,0,1,0,0,0,40,0
26,9,2,4,0,1,0,0,70,0
28,9,5,4,1,1,0,0,55,0
26,10,2,11,5,0,0,0,40,0
49,13,2,7,0,1,0,0,40,0
28,13,2,3,0,1,0,0,55,0
57,10,0,7,1,1,0,0,40,0
60,4,2,13,0,1,0,0,40,0
38,9,2,0,0,1,0,0,42,0
51,9,2,2,0,1,3137,0,60,0
60,10,0,0,1,0,0,0,40,0
37,13,2,3,2,1,3411,0,47,0
44,9,4,2,3,0,0,0,40,0
19,10,4,7,3,0,0,0,25,0
59,14,2,2,5,0,0,0,35,0
50,9,2,7,0,1,0,0,40,0
35,13,2,2,0,1,0,0,40,1
46,10,0,6,4,1,0,0,40,0
18,10,4,11,3,1,0,0,35,0
32,3,2,6,0,1,0,0,40,0
32,11,0,7,4,0,0,0,40,0
39,9,2,2,0,1,0,0,40,1
25,9,4,2,2,0,0,0,40,0
30,14,2,3,0,1,15024,0,60,1
37,13,2,12,0,1,0,1977,40,1
38,10,2,3,0,1,0,0,80,1
36,12,0,7,4,0,0,0,37,0
56,10,2,11,0,1,0,0,40,1
35,13,6,0,1,1,0,0,40,1
56,9,0,0,1,1,0,0,41,0
17,6,4,7,3,1,0,0,14,0
46,14,2,3,0,1,0,1977,45,1
56,9,0,0,1,0,0,0,40,0
61,8,2,2,0,1,0,0,40,0
25,10,2,11,0,1,0,0,43,0
27,9,4,6,4,0,0,0,40,0
50,9,2,4,0,1,0,0,30,0
33,11,2,4,0,1,0,0,62,0
33,11,2,2,0,1,7298,0,40,1
38,10,4,4,4,1,0,0,60,0
51,7,2,6,0,1,0,0,40,0
27,12,4,11,1,1,0,0,42,0
49,14,6,9,4,0,0,0,16,0
26,9,5,6,4,0,0,0,40,0
42,14,2,3,0,1,0,0,60,1
37,13,4,6,1,1,0,1719,32,0
38,10,4,0,3,0,0,0,40,0
48,9,2,7,0,1,0,0,40,1
33,9,2,3,0,1,4386,0,60,0
30,9,4,7,1,1,0,0,40,0
25,13,4,9,1,0,0,0,50,0
50,13,2,11,0,1,0,0,40,1
54,9,2,3,0,1,0,0,36,1
37,7,0,2,1,1,0,0,40,0
59,13,2,11,0,1,15024,0,55,1
17,6,4,11,3,0,0,0,24,0
56,9,6,0,4,0,99999,0,40,1
57,9,0,7,1,1,0,0,38,0
33,6,4,7,3,1,0,0,20,0
41,14,2,2,0,1,0,0,65,0
45,13,6,7,3,0,0,0,40,0
50,9,2,11,0,1,0,0,48,0
18,9,4,11,2,1,0,0,25,0
19,10,4,0,3,0,0,0,20,0
26,10,2,9,5,0,0,0,40,0
41,10,2,9,0,1,0,0,40,1
29,9,4,2,1,1,0,0,50,0
27,10,4,2,1,1,0,0,40,0
35,9,0,0,4,0,0,0,38,0
37,13,4,2,1,1,0,0,90,1
22,7,4,0,1,1,0,0,40,0
25,6,4,8,3,0,0,0,24,0
26,9,2,11,0,1,0,0,50,0
27,9,0,10,3,1,0,0,40,0
26,13,4,0,1,1,6849,0,65,0
51,9,2,2,0,1,0,0,40,0
45,9,2,3,0,1,0,0,40,1
60,9,2,11,0,1,0,0,40,0
35,10,2,3,0,1,0,0,55,1
24,9,4,6,3,1,0,0,40,0
40,9,0,2,3,0,0,0,40,0
44,13,2,9,0,1,0,1977,50,1
65,9,0,3,2,0,1848,0,50,0
52,10,2,0,5,0,0,0,40,1
38,9,5,2,4,0,0,0,35,0
18,7,4,11,3,0,0,0,49,0
24,11,4,6,3,1,0,0,40,0
52,10,2,3,0,1,0,0,60,0
21,9,4,6,1,1,0,0,44,0
67,16,2,11,0,1,20051,0,40,1
64,10,6,2,1,0,0,0,8,0
25,10,4,3,3,1,0,0,40,0
34,14,2,0,0,1,0,0,50,1
39,9,2,4,0,1,0,0,50,0
26,9,4,5,3,1,0,0,52,0
19,6,4,4,3,1,0,0,25,0
35,9,2,3,0,1,0,0,50,1
26,14,4,9,1,0,0,0,40,0
38,9,5,7,3,1,0,0,35,0
45,10,2,6,0,1,0,0,65,0
18,7,4,7,4,0,0,0,28,0
51,10,0,0,1,0,0,0,63,0
36,9,5,7,4,0,0,0,28,0
37,11,4,10,1,1,4650,0,40,0
37,13,2,3,0,1,0,0,60,1
39,9,2,0,5,0,0,0,40,1
21,10,4,7,3,1,0,0,40,0
46,16,2,9,0,1,7688,0,45,1
33,9,5,11,1,0,0,0,35,0
23,13,4,0,4,0,0,0,40,0
52,9,0,11,4,1,0,0,40,0
28,9,4,0,3,0,0,0,40,0
23,10,4,9,1,1,0,0,40,0
48,10,2,3,0,1,0,0,40,1
17,7,4,11,3,0,0,0,20,0
22,10,4,9,3,0,0,0,3,0
40,9,2,2,0,1,0,0,40,0
90,6,2,3,0,1,0,0,40,0
28,9,0,11,3,0,0,0,40,0
44,9,2,13,0,1,0,0,40,0
29,13,2,7,0,1,7298,0,42,1
45,11,2,3,0,1,0,1977,50,1
43,9,2,6,0,1,0,0,40,1
49,13,2,3,0,1,0,0,40,1
27,13,4,12,3,1,0,0,50,0
60,9,0,2,4,0,0,0,40,0
33,9,2,6,5,0,0,0,40,0
53,6,2,2,0,1,0,0,50,1
19,10,4,11,1,1,0,0,40,0
28,9,0,4,1,1,0,0,40,0
22,12,4,5,3,1,0,0,20,0
48,9,2,13,0,1,0,0,60,0
19,10,4,7,3,0,0,0,25,0
28,11,2,7,2,0,3137,0,40,0
58,10,2,11,0,1,0,0,40,0
19,10,4,2,3,0,0,0,25,0
22,10,4,2,3,1,0,0,40,0
52,15,2,9,0,1,0,0,50,1
31,13,2,6,0,1,0,0,50,0
50,16,2,9,0,1,3781,0,40,0
62,9,6,2,4,1,0,0,40,0
26,13,4,9,1,1,0,0,50,0
64,9,6,0,1,0,0,0,24,0
38,10,2,2,0,1,0,0,40,0
44,15,2,9,0,1,15024,0,80,1
28,9,0,3,1,0,0,0,40,0
19,9,4,7,3,0,0,0,52,0
39,9,4,6,1,0,0,0,10,0
50,6,2,2,0,1,0,0,40,1
39,14,2,9,5,0,0,0,40,1
36,13,4,12,3,1,0,0,40,0
39,11,2,5,0,1,0,0,49,0
51,12,4,11,1,0,0,0,25,0
28,9,4,7,3,0,0,0,32,0
57,15,2,9,0,1,0,0,30,1
40,15,5,9,3,0,0,0,40,0
27,10,0,11,4,0,0,0,40,0
32,10,4,11,3,1,0,1876,60,0
49,9,0,3,4,0,0,0,44,0
34,6,4,7,3,0,0,0,40,0
24,9,4,6,3,1,0,0,40,0
54,4,0,6,1,1,0,0,40,0
52,8,2,2,0,1,0,0,45,0
43,7,2,5,5,0,0,0,25,0
35,10,2,6,0,1,0,0,46,0
56,9,0,13,1,1,0,0,30,0
30,9,4,2,1,1,0,0,40,0
54,9,6,7,4,0,0,0,40,0
35,13,4,11,1,1,0,0,50,0
32,10,4,0,3,0,0,0,40,0
44,13,2,3,0,1,0,0,60,1
32,9,1,7,2,0,0,0,10,0
60,8,2,0,0,1,0,0,40,0
40,10,0,7,1,1,0,0,45,0
50,4,2,6,0,1,0,0,40,0
58,5,2,5,0,1,0,0,50,1
41,9,2,2,0,1,0,0,45,1
28,9,2,11,0,1,0,0,40,1
53,9,4,0,2,1,0,0,35,0
45,9,0,11,1,0,0,0,40,0
23,9,4,5,3,0,0,0,30,0
25,10,2,11,0,1,0,0,50,0
40,10,4,2,1,1,0,0,35,1
28,13,4,3,1,0,0,0,60,0
27,8,4,13,1,1,0,0,40,0
19,10,4,0,3,1,0,0,15,0
24,9,4,5,3,1,0,0,25,0
38,13,5,9,4,1,0,0,40,0
24,14,4,0,1,0,0,0,40,0
18,7,4,7,3,1,0,0,7,0
58,9,0,3,4,0,0,0,40,0
35,14,4,9,3,1,0,0,44,1
43,5,4,6,1,0,0,0,20,0
45,9,2,6,0,1,3137,0,35,0
24,9,2,11,0,1,0,0,40,0
63,5,2,4,0,1,0,0,40,0
40,5,2,6,0,1,0,0,40,0
21,13,4,7,2,1,0,0,20,0
20,10,2,7,0,1,0,0,40,0
42,9,2,6,5,0,7298,0,40,1
47,9,2,2,0,1,0,0,40,0
48,9,2,2,0,1,0,0,36,0
61,4,2,13,0,1,0,1651,40,0
35,13,2,3,0,1,0,0,40,1
46,10,2,4,5,0,0,0,20,0
18,8,4,7,3,1,0,0,25,0
28,13,4,9,1,1,0,0,50,1
20,9,4,7,3,0,0,0,20,0
28,9,2,13,0,1,0,0,40,0
57,9,2,11,0,1,0,0,40,0
56,4,2,2,0,1,0,0,40,0
33,9,2,2,0,1,0,0,40,0
19,9,4,5,3,1,0,0,40,0
29,9,2,6,0,1,0,0,40,0
30,10,4,2,2,1,0,0,55,0
53,13,0,9,4,0,0,0,57,0
25,2,4,8,1,0,0,0,40,0
44,9,2,10,0,1,0,0,38,0
22,10,2,5,0,1,0,0,28,0
40,9,0,2,1,1,0,0,40,0
30,4,2,4,0,1,0,0,40,0
51,11,0,0,4,0,0,0,38,0
17,7,4,8,3,0,0,0,24,0
46,13,2,10,0,1,0,0,40,1
50,10,2,0,0,1,0,0,40,1
34,10,4,3,1,0,0,0,50,0
41,13,2,0,0,1,0,0,40,0
32,13,4,7,4,1,0,0,40,0
32,9,2,6,0,1,0,0,40,0
47,10,2,9,0,1,0,0,70,0
50,10,2,11,0,1,0,0,40,0
77,4,6,8,4,0,0,0,23,0
33,9,0,3,1,1,0,0,40,0
47,9,2,6,0,1,0,0,48,0
64,7,2,13,0,1,0,0,40,0
34,9,2,3,0,1,0,0,50,0
34,9,4,9,4,0,0,0,35,0
67,14,4,3,2,0,15831,0,72,1
37,9,4,7,1,1,0,0,40,0
34,13,2,9,0,1,0,0,40,1
50,16,0,11,1,1,0,0,64,0
60,13,2,3,0,1,0,0,45,1
46,13,0,9,4,0,0,0,43,0
44,13,2,2,0,1,7298,0,40,1
43,9,2,11,2,0,0,0,44,0
48,14,2,9,0,1,0,0,40,1
36,9,4,0,2,0,2907,0,40,0
48,10,4,0,1,0,0,0,43,0
37,10,2,0,0,1,0,0,40,0
51,14,2,11,0,1,0,0,40,1
52,14,2,9,0,1,0,0,45,1
27,3,4,11,3,0,0,0,20,0
43,14,2,3,0,1,0,0,40,1
23,9,4,7,3,1,0,0,25,0
66,12,2,6,0,1,5556,0,40,1
37,6,2,7,5,0,2635,0,40,0
35,10,4,0,1,0,0,0,40,0
42,13,2,9,0,1,5178,0,40,1
49,6,4,7,4,0,0,0,38,0
51,13,2,9,5,0,0,0,40,1
71,9,6,3,1,1,0,0,9,0
50,14,2,9,5,0,0,1902,40,1
63,9,6,0,4,0,0,0,40,0
41,14,4,9,3,0,0,0,35,0
24,10,4,6,3,0,0,0,40,0
41,10,0,7,4,0,0,0,45,0
33,12,2,0,0,1,0,0,40,0
42,10,2,2,0,1,0,0,40,0
23,13,4,11,3,1,0,0,40,0
49,11,0,9,1,0,0,0,38,0
28,8,2,2,1,1,0,0,40,0
31,3,2,5,0,1,0,0,56,0
28,13,4,0,3,1,0,0,35,0
37,7,2,2,0,1,0,0,25,0
19,10,4,3,3,1,0,0,40,0
51,13,2,9,0,1,0,0,26,0
25,11,2,11,0,1,0,0,41,0
49,9,2,3,0,1,0,0,50,0
47,9,0,11,4,0,0,0,45,0
48,9,2,7,0,1,0,0,40,0
41,9,0,0,1,0,0,0,40,0
32,9,0,0,4,0,0,0,40,0
46,9,2,5,0,1,0,0,40,0
17,6,4,11,3,0,0,0,20,0
34,7,0,5,1,1,0,0,43,0
44,9,4,0,2,0,0,0,30,0
23,12,4,7,3,0,0,0,20,0
35,10,4,9,4,1,4650,0,20,0
30,13,4,13,1,1,4865,0,40,0
34,13,2,11,0,1,0,0,45,0
34,15,2,9,0,1,0,0,40,1
39,11,2,0,0,1,0,0,40,0
28,11,2,0,0,1,2407,0,40,0
53,14,2,3,0,1,7688,0,70,1
34,7,4,13,4,1,0,0,40,0
21,9,4,2,1,1,0,0,40,0
53,4,2,4,0,1,0,0,45,0
54,14,0,9,1,1,0,0,50,1
32,10,0,11,4,0,0,0,40,0
39,13,4,9,1,1,0,0,35,0
39,10,0,6,4,0,0,0,40,0
29,9,2,3,0,1,0,0,40,0
29,9,0,9,1,0,0,0,40,0
43,9,2,2,0,1,0,0,42,1
39,14,2,0,0,1,0,0,40,0
45,10,0,3,1,0,0,0,40,0
36,10,2,6,0,1,0,0,40,0
43,10,0,0,1,0,594,0,20,0
31,9,4,11,4,0,0,0,58,0
39,9,2,3,0,1,0,0,60,1
32,13,2,9,5,0,0,1902,32,1
45,9,2,2,0,1,0,0,40,1
19,9,4,5,3,1,0,0,50,0
43,10,2,9,0,1,0,0,48,1
32,11,2,13,0,1,0,0,40,0
43,13,4,11,1,0,0,0,60,0
34,13,2,0,0,1,0,0,27,0
66,10,2,9,0,1,0,0,40,0
37,11,2,2,0,1,0,1887,40,1
46,12,2,3,5,0,0,0,40,0
23,13,4,9,3,0,0,0,40,0
41,13,4,9,1,1,0,0,40,1
55,9,2,5,0,1,3103,0,40,1
35,15,2,9,0,1,0,0,50,1
37,13,2,9,0,1,0,0,55,1
43,13,2,9,0,1,0,0,42,1
30,11,4,2,3,1,0,0,60,0
36,14,2,9,5,0,0,0,60,1
54,13,2,11,0,1,0,0,40,1
36,13,2,0,0,1,0,0,50,1
78,13,2,3,0,1,0,2392,40,1
77,13,2,3,0,1,0,0,50,1
28,9,3,7,1,0,0,0,40,0
39,9,2,2,0,1,0,0,72,1
37,13,5,12,1,1,0,0,40,0
34,11,2,9,0,1,7298,0,45,1
22,13,4,9,3,0,0,0,35,0
54,13,4,7,1,0,0,0,50,0
21,10,4,11,3,0,0,0,20,0
36,6,2,2,0,1,0,0,40,0
62,9,6,0,2,0,0,0,30,0
40,10,2,11,0,1,0,0,40,1
47,10,0,9,4,0,0,0,40,0
38,13,2,11,0,1,0,0,70,1
28,3,4,2,1,1,0,0,40,0
46,13,0,9,4,0,0,0,40,0
22,10,2,7,0,1,0,0,35,0
37,9,0,11,4,0,0,0,25,0
69,6,5,6,1,0,0,0,28,0
43,13,2,3,0,1,0,0,50,1
53,13,4,7,1,0,0,0,21,1
20,9,4,11,3,0,0,0,35,0
22,13,4,9,1,1,0,0,50,0
48,5,2,2,0,1,0,0,44,0
40,14,2,9,0,1,0,0,40,1
39,10,0,7,1,0,0,1721,55,0
57,9,2,12,0,1,0,1887,40,1
23,6,4,7,4,1,0,0,60,0
25,13,2,9,5,0,0,0,38,1
22,9,4,9,3,1,0,0,40,0
23,8,4,8,3,1,0,0,30,0
41,13,2,9,0,1,0,0,45,1
25,10,4,6,1,0,0,0,25,0
58,10,2,11,0,1,0,0,40,0
33,9,0,11,1,1,0,0,45,0
28,14,2,9,0,1,0,0,48,0
19,7,4,6,1,0,0,0,25,0
44,10,0,0,2,0,0,0,40,0
68,1,4,6,1,1,0,0,10,0
33,9,2,2,0,1,0,0,40,1
24,9,0,3,1,0,0,0,40,0
44,9,2,4,0,1,0,0,50,0
38,13,2,3,0,1,7688,0,40,1
31,9,5,2,4,0,0,0,40,0
29,9,0,0,1,0,0,0,40,0
65,5,6,11,1,0,0,0,40,0
55,9,6,0,2,0,0,0,40,0
49,9,2,3,0,1,0,0,40,0
27,9,4,6,3,0,0,0,40,0
41,9,0,11,1,1,0,0,30,0
33,10,2,2,0,1,0,0,50,1
22,9,4,4,3,1,0,0,40,0
41,9,2,9,0,1,0,1902,40,1
66,9,2,7,0,1,0,0,4,0
38,10,0,11,1,1,0,0,60,0
43,9,2,6,0,1,0,0,42,1
40,10,2,5,0,1,0,0,40,0
32,10,2,11,0,1,0,0,40,1
30,9,4,11,4,0,0,0,35,0
35,13,2,0,0,1,0,0,40,0
41,14,2,9,0,1,15024,0,50,1
33,13,4,9,1,1,0,0,60,0
36,13,2,3,0,1,0,0,55,1
33,13,2,9,0,1,0,0,60,0
53,9,2,3,0,1,0,0,60,1
27,13,4,11,1,1,0,0,45,0
22,13,4,5,3,0,0,0,15,0
26,9,2,11,0,1,0,0,36,0
64,9,2,11,5,0,0,0,21,0
48,10,0,0,4,0,0,0,45,0
23,9,4,0,3,0,0,0,40,0
35,13,2,9,0,1,0,0,40,0
46,10,2,11,0,1,0,0,40,1
65,10,6,3,4,0,0,0,45,0
53,9,6,6,1,1,6849,0,40,0
18,3,4,7,2,1,0,0,54,0
34,15,2,9,0,1,0,0,55,1
28,9,4,6,4,0,0,0,40,0
37,13,2,3,0,1,0,0,60,1
59,13,2,9,0,1,5013,0,40,0
32,14,4,3,1,0,13550,0,60,1
31,13,2,9,5,0,0,0,35,0
25,13,4,9,1,0,0,0,40,0
81,2,2,9,0,1,0,0,15,0
47,9,5,7,2,0,0,0,35,0
39,9,2,2,0,1,0,0,40,0
37,10,2,7,0,1,0,0,30,0
44,9,2,6,0,1,0,0,45,1
37,12,2,2,0,1,0,0,45,0
41,10,2,0,0,1,0,0,50,1
55,10,2,9,0,1,0,0,40,1
60,13,2,11,0,1,0,0,40,1
23,13,4,11,1,1,0,0,25,0
19,9,4,6,1,0,0,0,60,0
45,10,2,6,0,1,0,0,44,1
36,9,5,7,4,0,0,0,30,0
46,13,2,9,0,1,0,0,40,1
48,7,2,6,0,1,0,0,40,0
39,9,2,7,0,1,0,0,50,0
29,13,2,13,0,1,0,0,20,0
39,9,0,0,1,0,0,0,40,0
26,9,4,3,3,0,0,0,40,0
37,12,0,9,4,1,0,0,25,0
49,10,2,0,5,0,0,0,40,1
27,13,4,11,3,1,0,0,40,0
28,6,4,5,2,1,0,0,40,0
35,10,0,11,4,0,0,0,30,0
17,6,4,7,3,1,0,0,40,0
18,9,4,5,3,1,0,0,40,0
33,10,4,0,4,0,0,0,38,0
33,12,2,11,0,1,0,0,60,0
51,10,2,0,5,0,0,0,35,0
49,9,4,0,3,0,0,0,40,0
49,10,0,3,1,1,0,2339,50,0
41,10,2,11,0,1,0,0,35,1
64,2,0,8,1,0,0,0,12,0
40,10,2,9,0,1,0,0,40,1
49,9,6,0,1,0,0,0,40,0
23,13,4,9,3,0,0,0,40,0
34,10,0,0,4,0,0,0,40,0
38,7,2,2,0,1,5178,0,40,1
47,10,2,4,0,1,0,0,86,0
30,9,4,0,2,0,0,1974,40,0
36,12,2,0,0,1,0,0,40,1
23,13,4,9,1,0,0,0,40,0
47,10,2,3,0,1,0,0,80,0
61,9,0,0,1,0,0,0,40,0
47,13,2,11,0,1,0,0,40,0
56,13,2,9,0,1,0,0,40,1
20,8,4,11,1,0,0,0,55,0
33,9,2,6,5,0,0,0,46,1
36,9,2,4,0,1,0,0,50,1
34,10,2,10,0,1,0,0,40,1
56,9,2,13,0,1,0,0,50,0
32,11,4,3,1,0,0,0,23,0
26,12,2,6,0,1,5178,0,40,1
49,13,4,3,1,1,0,0,40,1
71,9,2,10,0,1,0,0,40,1
19,10,4,7,3,0,0,0,15,0
20,10,4,12,1,0,0,0,40,0
42,9,0,0,4,0,0,0,35,0
51,10,2,3,5,0,0,0,20,1
38,10,3,9,3,0,0,0,40,0
38,6,2,6,0,1,0,0,40,1
35,13,0,3,1,1,0,0,25,0
24,13,2,9,5,0,0,0,40,0
40,9,0,0,4,1,0,0,40,0
21,9,4,5,3,1,0,0,35,0
49,9,0,13,1,1,0,0,40,0
54,9,2,3,0,1,0,1902,55,1
52,13,3,3,1,0,0,0,42,0
27,13,4,9,1,0,0,0,60,0
20,9,4,6,1,1,0,0,40,0
31,10,0,6,1,1,0,0,40,0
25,9,4,0,3,0,0,0,40,0
19,10,4,5,3,1,0,0,20,0
33,10,2,2,0,1,0,0,50,0
23,13,4,7,1,1,0,0,40,0
34,14,0,9,4,0,0,0,40,0
42,13,0,9,4,1,0,653,50,1
37,14,0,3,1,0,0,0,40,0
25,13,4,3,3,0,0,0,40,0
40,11,2,2,0,1,0,0,40,0
33,13,4,11,1,0,0,0,40,0
31,10,4,0,1,0,0,0,40,0
32,13,2,11,0,1,0,0,45,0
54,13,2,11,0,1,0,0,70,1
32,9,2,2,0,1,0,0,44,0
29,9,2,13,0,1,0,0,40,0
26,10,2,9,0,1,0,0,40,0
39,10,2,4,0,1,0,0,60,0
57,13,2,9,0,1,3103,0,50,1
54,10,2,4,0,1,0,0,40,0
57,6,2,6,0,1,0,0,40,0
23,13,4,9,1,1,0,0,40,0
27,10,2,3,0,1,0,0,45,1
42,13,4,3,1,1,0,0,55,1
31,6,2,2,0,1,0,0,40,0
49,14,0,9,1,0,0,0,60,0
50,9,2,2,0,1,0,0,40,0
46,9,0,0,4,0,0,0,30,0
37,9,0,11,1,1,0,0,60,0
26,9,2,2,0,1,0,0,40,0
27,13,0,0,1,0,0,0,35,0
24,10,4,3,3,1,0,0,25,0
24,9,4,2,3,1,0,0,40,0
29,9,0,11,1,0,0,0,34,0
47,13,2,9,0,1,0,0,50,1
33,10,2,11,0,1,0,1740,50,0
26,12,0,9,4,0,0,0,45,0
20,10,4,2,3,1,0,0,40,0
25,11,2,9,5,0,0,1887,40,1
57,13,0,0,4,1,2174,0,37,0
36,9,2,13,0,1,0,0,50,0
25,14,2,3,0,1,0,0,40,0
46,13,2,6,0,1,0,0,40,1
39,9,2,0,0,1,4508,0,24,0
29,10,2,2,0,1,0,0,40,1
18,7,4,3,3,0,0,0,20,0
46,11,2,12,0,1,0,0,40,0
61,13,2,11,0,1,0,0,50,1
41,9,6,11,1,0,0,0,40,0
50,10,0,6,1,0,0,0,40,0
53,13,2,3,0,1,99999,0,50,1
36,13,4,10,1,1,0,0,60,0
38,10,4,0,4,0,0,0,40,0
75,9,2,11,0,1,0,0,35,0
26,11,2,0,5,0,0,0,40,1
44,13,2,3,0,1,0,0,40,1
25,9,4,0,3,0,0,0,40,0
31,10,4,11,3,0,0,0,40,0
49,8,4,13,1,1,0,0,35,0
34,9,2,6,0,1,0,0,48,0
31,9,2,9,0,1,0,0,40,0
47,10,0,2,1,1,0,0,40,0
38,13,2,3,0,1,7298,0,50,1
18,9,4,2,3,0,0,0,20,0
47,5,0,7,1,0,0,1719,30,0
42,9,4,2,1,1,0,0,40,0
29,13,4,11,3,1,0,0,40,0
38,10,0,10,1,1,0,0,75,0
22,10,4,11,3,0,0,0,20,0
32,9,4,2,3,1,0,0,40,0
20,10,4,0,3,1,0,0,48,0
41,15,2,11,0,1,0,0,50,0
46,9,2,13,0,1,0,0,46,1
44,9,2,0,5,0,0,0,38,0
35,13,4,0,1,0,0,0,40,0
60,9,2,2,0,1,15024,0,40,1
36,5,2,2,0,1,0,0,25,0
30,10,4,2,4,1,0,0,40,0
40,16,2,9,0,1,0,0,50,1
21,10,4,0,3,0,2176,0,20,0
25,13,4,9,1,0,0,0,40,0
56,14,0,9,1,1,0,1669,40,0
42,10,2,3,0,1,99999,0,55,1
26,4,4,5,4,1,0,0,40,0
66,9,2,0,5,0,0,0,40,1
48,4,2,2,0,1,0,0,32,0
35,10,4,11,4,1,0,0,50,0
41,14,2,9,0,1,0,0,45,1
19,10,4,11,3,0,0,0,20,0
55,9,2,11,0,1,0,0,40,0
42,13,2,2,0,1,15024,0,60,1
45,10,0,13,1,1,0,0,50,0
29,13,4,5,1,1,0,0,40,0
42,16,2,9,0,1,15024,0,40,1
65,9,0,11,1,0,0,0,20,0
30,12,4,7,2,1,0,0,40,0
43,10,2,2,0,1,0,0,40,0
61,4,2,6,0,1,0,0,40,0
22,10,4,7,1,0,0,0,50,0
23,7,5,7,4,0,0,0,40,0
34,9,2,6,0,1,0,0,40,0
51,9,6,9,4,0,0,0,35,0
21,10,4,0,3,0,0,0,15,0
31,12,4,9,1,1,0,0,40,0
34,12,4,0,1,0,0,0,35,0
33,10,2,3,5,0,0,0,40,1
32,14,5,3,1,1,0,2824,55,1
44,7,2,11,0,1,0,0,40,1
21,10,4,7,3,1,0,0,20,0
75,9,0,0,1,0,0,0,20,0
55,14,2,3,0,1,0,0,60,1
43,9,2,7,5,0,0,0,16,0
31,9,2,2,0,1,0,0,45,0
41,10,2,2,0,1,0,0,45,0
26,14,4,9,1,1,0,0,50,0
23,11,4,2,4,0,0,0,40,0
42,9,0,0,4,0,0,0,40,0
29,9,4,0,1,0,0,0,40,0
21,9,4,0,1,1,0,0,50,0
28,13,4,3,3,1,0,0,40,0
35,10,4,7,4,0,0,0,40,0
65,13,2,13,0,1,0,0,20,0
34,13,4,9,1,1,2463,0,50,0
58,13,0,11,1,1,0,0,50,0
59,9,0,7,1,0,0,0,40,0
46,13,2,3,0,1,7688,0,40,1
30,11,2,9,0,1,0,0,40,1
28,13,4,5,3,1,0,0,40,0
47,14,0,11,1,1,27828,0,60,1
30,13,0,11,1,1,0,1564,40,1
34,9,4,2,3,1,0,0,40,0
51,10,0,9,1,0,0,0,40,0
41,9,2,3,0,1,0,0,40,0
57,10,2,9,0,1,0,0,40,1
28,11,2,4,0,1,0,0,60,0
62,9,6,7,1,0,0,0,18,0
22,10,4,12,3,1,0,0,20,0
38,13,2,9,0,1,0,0,40,1
45,9,2,13,0,1,0,0,40,1
37,12,2,2,0,1,0,0,55,0
21,9,0,6,2,1,0,0,40,0
49,9,4,2,1,1,0,0,40,0
24,9,4,7,3,1,0,0,40,0
47,13,0,3,1,1,0,2258,40,1
20,10,4,12,3,0,0,0,24,0
27,15,2,9,5,0,0,0,50,1
40,9,5,7,1,0,0,0,40,0
31,13,0,9,1,0,0,0,40,0
43,9,2,6,0,1,0,1977,52,1
48,13,2,3,0,1,15024,0,50,1
64,9,2,4,0,1,7298,0,45,1
39,9,5,2,4,1,0,0,40,0
50,9,2,2,0,1,0,0,40,0
52,11,0,7,4,0,0,0,40,0
44,14,2,9,5,0,0,0,45,0
54,9,2,13,0,1,0,1887,65,1
17,6,4,4,3,1,0,0,35,0
33,9,2,0,0,1,0,0,40,0
28,6,4,6,3,0,0,0,40,0
39,13,2,11,0,1,0,0,60,0
33,11,4,2,4,1,0,0,40,0
59,4,4,7,2,1,0,0,32,0
74,2,6,8,1,0,0,0,15,0
54,10,2,10,0,1,0,0,40,1
31,12,2,6,0,1,0,0,55,0
31,10,5,11,4,0,0,0,40,0
20,10,4,11,3,0,0,0,20,0
54,14,2,9,0,1,0,1977,40,1
42,11,2,0,0,1,2407,0,40,0
57,15,2,9,0,1,0,0,36,0
49,9,6,2,4,0,0,0,40,0
40,16,2,3,0,1,3103,0,40,1
38,9,4,0,1,1,0,0,40,0
39,9,2,6,0,1,0,0,42,1
43,12,2,11,0,1,7688,0,50,1
57,13,2,11,5,0,0,0,40,0
38,15,2,9,0,1,0,0,99,1
25,13,4,7,1,0,0,0,38,0
40,13,4,9,1,0,0,0,45,0
34,13,2,3,0,1,0,0,48,1
35,9,0,4,3,1,0,0,50,0
53,10,0,0,1,0,0,0,34,0
21,10,4,6,4,1,0,0,40,0
43,13,2,2,0,1,0,0,40,0
43,9,2,2,0,1,0,0,60,0
22,11,4,9,4,0,0,0,35,0
64,9,2,11,0,1,0,0,35,0
40,14,4,9,1,0,3325,0,40,0
34,9,2,5,0,1,0,0,70,0
46,9,2,0,5,0,0,0,40,0
35,9,4,6,2,1,0,0,40,0
32,10,2,13,0,1,0,0,60,0
26,10,4,2,3,1,0,0,40,0
25,9,4,2,1,1,0,0,40,0
55,13,2,12,0,1,0,0,55,1
22,10,4,11,3,0,0,0,40,0
29,10,0,0,3,1,0,0,20,0
38,9,2,3,0,1,0,0,99,0
55,10,6,7,1,0,0,0,35,0
26,9,2,3,0,1,0,0,40,0
34,13,4,9,1,1,0,0,60,0
25,9,4,0,3,0,0,0,40,0
39,9,0,9,1,0,4650,0,40,0
58,5,2,4,0,1,0,0,40,0
34,11,4,2,3,0,0,0,40,0
29,10,4,3,3,1,0,0,45,0
49,16,0,9,4,1,0,0,50,1
38,13,4,0,1,0,0,0,35,0
21,10,4,7,3,1,0,0,35,0
28,13,2,9,0,1,0,0,40,1
42,10,2,3,5,0,0,0,40,1
29,12,4,7,3,1,0,0,60,0
48,9,0,0,4,0,0,0,45,0
40,13,2,4,0,1,0,0,40,0
36,10,2,2,0,1,0,0,40,1
34,13,2,11,0,1,0,0,60,1
57,2,2,11,0,1,0,0,35,0
24,5,4,7,1,1,0,0,40,0
32,5,5,7,4,0,0,0,23,0
39,9,2,13,0,1,0,0,56,0
39,7,0,13,3,1,0,0,40,0
18,7,4,7,3,0,0,0,12,0
20,10,4,2,3,1,0,0,40,0
54,6,2,13,0,1,0,0,40,0
40,9,2,13,0,1,0,0,75,1
27,10,2,0,0,1,0,0,30,0
27,9,4,6,3,0,0,0,40,0
43,13,4,12,1,1,0,0,50,0
22,13,4,3,2,0,0,0,40,0
17,7,4,11,4,0,0,0,12,0
37,12,2,11,0,1,0,0,50,1
49,6,5,3,1,1,4416,0,99,0
33,11,4,7,4,1,0,0,40,0
21,10,4,3,3,1,0,1602,10,0
45,9,0,2,1,1,0,0,40,0
33,9,2,5,0,1,0,0,40,0
25,13,2,2,0,1,2829,0,60,0
71,9,2,11,0,1,0,0,36,0
23,13,4,9,3,0,0,0,45,0
41,15,2,9,0,1,0,0,80,1
47,9,3,11,4,0,0,0,20,0
30,13,4,11,1,1,0,0,65,0
40,10,2,0,5,0,0,0,40,0
44,10,0,11,4,0,0,0,48,0
50,14,2,9,0,1,0,1977,40,1
31,9,2,4,0,1,0,0,40,0
68,9,2,10,0,1,0,0,24,0
45,8,2,0,0,1,2407,0,50,0
38,13,4,9,3,1,0,0,40,0
78,7,2,3,0,1,0,0,10,0
31,11,2,4,0,1,0,0,55,0
39,9,0,0,1,1,0,0,40,0
36,4,2,6,0,1,7298,0,45,1
46,14,0,9,4,0,0,0,50,0
30,10,2,0,0,1,0,0,50,1
34,10,4,11,4,1,0,0,35,0
30,9,5,0,2,1,0,0,35,0
47,13,2,11,0,1,0,0,40,1
40,10,2,0,5,0,0,0,17,1
44,9,2,11,0,1,0,0,70,0
40,9,0,2,2,0,0,0,40,0
20,10,4,13,3,1,0,0,40,0
45,13,2,3,0,1,0,0,40,1
55,13,2,3,0,1,15024,0,42,1
51,9,4,6,3,0,0,0,40,0
38,10,2,5,0,1,0,0,40,0
49,14,2,9,0,1,0,0,40,1
49,13,2,3,0,1,15024,0,40,1
30,9,5,7,4,0,0,0,26,0
20,10,4,3,3,1,0,0,40,0
34,5,5,4,4,1,0,0,40,0
42,9,6,13,4,0,0,0,40,0
46,14,2,11,0,1,0,2415,65,1
43,13,4,9,1,0,0,0,40,1
62,9,4,0,1,0,0,0,38,0
21,10,4,6,3,0,0,0,70,0
58,2,6,5,4,1,0,0,40,0
30,13,2,0,5,0,0,0,40,0
37,9,5,2,4,1,0,0,70,0
22,13,4,12,3,0,0,0,40,0
64,5,4,0,1,0,0,0,38,0
42,9,2,13,0,1,0,0,50,1
43,9,2,2,0,1,0,0,40,0
34,10,0,0,1,0,0,0,40,0
25,9,4,7,3,0,0,0,6,0
21,10,4,0,3,1,0,0,40,0
45,9,2,0,0,1,0,0,40,1
55,12,2,3,0,1,0,0,55,1
24,9,4,2,3,1,0,0,50,0
70,10,2,3,0,1,0,0,35,0
27,13,4,9,1,1,0,0,35,0
34,10,2,2,0,1,0,0,40,0
57,13,2,13,0,1,0,0,40,0
37,9,2,3,0,1,0,0,40,0
52,2,2,3,0,1,0,0,50,1
32,9,2,2,0,1,0,0,48,0
42,11,2,2,0,1,0,0,40,0
24,13,4,6,3,0,0,0,40,0
50,9,2,5,0,1,0,0,40,0
36,12,2,2,0,1,0,0,50,0
42,9,2,6,0,1,0,0,40,0
40,9,4,0,1,0,6849,0,38,0
39,13,4,0,1,1,0,0,45,0
38,13,2,10,0,1,0,0,52,0
18,9,4,7,3,1,0,0,40,0
63,3,4,11,1,0,0,0,3,0
50,14,2,11,0,1,15024,0,40,1
82,9,2,2,0,1,0,0,40,0
33,9,0,5,3,1,0,0,45,0
37,10,2,13,0,1,0,0,40,0
24,9,3,13,3,1,0,0,40,0
31,13,4,3,4,0,0,0,50,0
59,9,0,6,3,0,0,0,40,0
18,8,4,4,3,1,0,0,55,0
47,10,2,11,0,1,0,0,40,0
48,7,2,4,0,1,0,0,50,0
27,13,4,9,4,0,0,0,33,0
34,7,4,7,3,1,0,0,40,0
50,11,2,10,0,1,0,0,84,0
57,10,2,4,0,1,0,0,75,0
60,9,2,10,0,1,0,0,40,0
39,9,2,0,0,1,0,0,40,1
18,9,4,11,3,0,0,0,25,0
26,12,2,9,5,0,0,0,75,0
37,10,2,11,5,0,7298,0,40,1
20,9,4,11,3,0,0,0,30,0
29,14,4,9,1,1,0,0,45,0
30,9,0,13,1,1,0,0,52,0
21,10,4,7,3,1,0,0,15,0
24,10,4,10,3,0,0,0,40,0
51,9,2,6,0,1,0,0,40,0
31,9,0,0,4,0,0,0,40,0
45,13,2,9,0,1,0,1977,40,1
36,10,2,2,0,1,0,0,40,0
29,13,4,9,3,0,0,0,72,0
20,9,4,11,1,0,0,0,35,0
46,10,6,0,1,0,0,0,60,0
44,9,2,13,0,1,0,0,45,0
39,9,0,3,1,0,0,0,38,0
39,13,0,3,1,1,0,0,55,0
45,9,2,6,0,1,0,0,44,1
28,10,2,3,0,1,0,0,55,0
44,10,2,0,5,0,0,0,35,0
48,9,2,3,0,1,7298,0,38,1
27,9,4,0,1,0,0,0,70,0
34,9,2,3,0,1,0,0,40,0
35,9,2,2,0,1,0,0,40,0
28,9,4,2,1,1,0,0,40,0
25,15,4,9,1,0,0,0,30,0
21,10,4,11,3,0,0,0,20,0
18,7,4,7,3,1,0,0,15,0
63,4,6,4,4,0,0,0,10,0
18,7,4,11,3,0,0,0,8,0
32,9,2,2,0,1,0,0,40,0
19,7,4,13,3,1,0,0,20,0
23,10,4,13,1,1,0,0,60,0
36,14,2,9,0,1,0,1977,60,1
43,9,0,7,1,0,0,1762,35,0
45,13,2,3,0,1,0,0,40,1
30,9,2,2,0,1,0,0,40,0
46,9,2,2,0,1,4064,0,40,0
24,10,0,0,4,0,0,0,25,0
42,10,4,3,1,0,0,2444,40,1
23,10,4,11,3,0,0,0,40,0
27,9,4,0,1,1,0,0,50,0
48,10,4,5,1,1,0,0,40,0
31,9,4,2,1,1,0,0,44,0
31,2,4,7,2,0,0,0,25,0
18,8,4,11,3,0,0,0,25,0
36,9,4,11,1,0,0,0,40,0
58,13,2,3,0,1,7688,0,50,1
51,9,2,4,0,1,0,1579,40,0
22,9,4,0,3,0,0,0,40,0
72,6,2,11,0,1,0,0,15,0
61,6,2,4,0,1,0,0,55,0
42,10,2,6,0,1,3908,0,40,0
30,9,2,3,0,1,0,0,50,1
40,12,0,3,1,0,0,0,40,0
20,9,4,0,3,1,0,0,40,0
65,13,2,11,0,1,0,0,15,0
36,10,0,11,4,0,0,0,40,0
37,9,4,6,1,1,0,0,40,0
33,10,2,11,0,1,0,0,60,0
64,9,6,7,4,0,0,0,40,0
61,13,2,4,0,1,0,0,20,1
38,13,4,11,4,0,0,0,45,0
27,13,2,3,0,1,0,1977,50,1
24,13,4,9,3,0,0,0,40,0
39,13,4,9,1,1,0,0,40,1
44,13,2,11,0,1,0,0,40,1
47,10,0,0,2,0,0,0,40,0
66,13,2,0,0,1,0,0,40,0
53,10,2,0,0,1,0,0,50,1
43,13,2,3,0,1,0,0,55,1
57,16,2,9,0,1,0,0,40,1
44,12,0,6,3,0,0,0,45,0
59,13,2,3,0,1,0,2002,50,0
52,9,6,7,2,0,0,0,40,0
46,10,4,2,3,1,0,0,40,0
20,10,4,7,3,0,0,0,40,0
37,9,2,0,0,1,0,0,40,1
41,10,2,3,0,1,0,0,50,0
39,9,2,0,0,1,0,1628,40,0
30,9,2,11,0,1,0,0,55,0
59,10,0,6,1,1,0,0,56,0
22,13,4,0,3,0,0,0,40,0
40,9,0,0,4,0,0,0,30,0
39,13,2,9,0,1,0,0,50,0
24,6,0,5,4,0,0,0,58,0
63,9,2,2,0,1,0,0,40,1
51,12,0,9,1,0,0,0,40,0
34,13,4,3,1,1,0,0,50,0
38,11,2,3,0,1,0,0,50,1
17,7,4,11,3,0,0,0,15,0
20,10,4,0,3,0,0,0,25,0
42,9,2,2,0,1,0,0,40,0
41,13,2,11,5,0,0,0,12,1
56,9,2,3,0,1,0,0,40,0
17,6,4,11,3,1,0,0,5,0
31,13,2,9,5,0,7688,0,43,1
23,10,2,11,5,0,0,0,40,0
36,13,5,9,1,1,0,0,40,0
52,9,5,2,3,0,0,0,40,0
28,9,2,3,0,1,0,0,50,0
30,6,4,6,2,1,0,0,40,0
32,11,4,2,1,1,0,0,40,0
30,4,4,2,1,1,0,0,50,0
53,9,2,2,0,1,0,0,40,0
54,6,2,2,0,1,0,0,36,0
31,11,0,11,1,0,0,0,40,0
34,9,4,0,3,1,0,0,40,0
58,9,0,12,1,1,4787,0,39,1
30,9,2,10,0,1,0,0,40,0
53,9,2,2,0,1,0,0,40,0
27,10,0,0,3,0,0,0,20,0
23,3,2,5,0,1,0,0,40,0
24,11,2,2,0,1,0,0,45,0
36,13,2,11,0,1,0,1977,35,1
33,9,0,0,4,0,0,0,35,0
22,10,4,12,3,0,0,0,10,0
47,9,2,2,0,1,0,0,44,0
34,12,2,11,0,1,0,1902,50,1
44,15,0,9,4,1,0,0,40,1
41,11,4,9,1,0,0,0,45,0
24,9,2,2,0,1,0,0,44,0
45,13,0,9,4,0,0,0,50,0
23,13,4,11,1,1,0,0,55,0
54,9,2,6,0,1,0,0,40,0
40,7,4,6,1,0,0,0,37,0
45,3,0,8,4,0,0,0,35,0
50,9,2,11,0,1,0,0,40,0
40,12,4,7,2,1,0,0,25,0
24,10,4,2,1,1,0,0,40,0
42,9,2,2,0,1,0,1672,40,0
50,10,2,11,0,1,0,0,60,1
58,10,0,2,4,1,0,0,40,0
47,10,2,6,0,1,0,0,46,0
37,16,2,9,0,1,0,0,99,1
37,9,4,2,3,1,0,0,35,0
22,12,4,13,1,1,0,0,45,0
29,9,2,13,0,1,0,0,48,0
45,13,2,3,0,1,0,0,40,1
49,10,2,3,0,1,0,0,60,0
44,11,2,13,0,1,4386,0,40,1
72,9,0,7,1,0,0,0,16,0
63,9,2,7,0,1,0,0,12,0
26,9,2,9,0,1,0,0,50,0
58,11,2,2,0,1,0,0,42,0
40,9,2,2,0,1,0,0,50,0
56,10,2,11,0,1,0,0,40,0
55,10,2,4,0,1,0,0,72,0
28,13,4,11,2,0,0,0,45,0
57,9,2,3,5,0,0,0,40,0
37,14,0,3,1,1,0,0,45,1
44,9,0,0,1,0,0,0,40,0
31,9,2,6,0,1,0,0,40,0
42,10,2,0,0,1,0,0,40,0
18,10,4,7,3,0,0,0,25,0
57,6,2,2,0,1,0,0,40,0
53,10,2,7,0,1,0,0,35,0
38,9,2,3,0,1,0,0,44,1
33,9,0,11,1,0,0,0,50,0
42,14,0,9,4,0,0,0,40,0
50,9,2,2,0,1,0,0,50,0
50,9,2,6,0,1,0,0,40,0
28,12,2,5,0,1,0,0,40,0
72,7,0,0,1,0,0,0,8,0
33,9,2,11,0,1,0,0,40,0
47,9,2,7,0,1,0,0,25,0
48,10,2,9,0,1,0,0,40,1
64,13,2,9,0,1,0,0,24,1
19,7,4,8,1,0,0,0,35,0
48,11,0,0,4,0,0,0,40,0
37,9,2,6,0,1,0,1848,48,1
55,9,2,2,0,1,15024,0,35,1
42,9,0,0,1,0,0,0,40,0
43,9,2,0,5,0,0,0,50,1
34,12,4,2,3,0,0,0,40,0
55,14,2,3,0,1,0,0,60,0
22,9,2,7,0,1,0,0,40,0
39,10,0,0,1,0,0,0,60,0
50,13,2,3,0,1,0,0,35,0
47,10,2,13,0,1,0,1887,40,1
25,13,4,11,3,0,0,0,20,0
52,7,0,7,4,0,0,0,20,0
30,9,2,13,0,1,0,0,40,0
37,9,0,2,1,1,0,0,50,0
73,9,2,11,0,1,0,0,20,0
50,4,0,2,1,1,0,0,60,0
34,10,2,3,0,1,0,0,45,0
66,10,2,11,0,1,0,0,24,1
22,9,4,11,3,1,0,0,55,0
69,6,2,13,0,1,0,0,25,0
23,9,4,2,3,1,0,0,40,0
35,10,6,0,4,0,0,0,30,0
20,10,4,0,3,0,0,0,35,0
70,10,2,3,0,1,0,0,20,1
54,11,2,12,0,1,7688,0,40,1
34,9,4,7,1,1,0,0,40,0
38,16,2,9,0,1,0,0,45,1
33,4,0,5,3,1,0,0,40,0
43,9,5,7,1,0,0,0,26,0
60,10,2,3,0,1,0,0,40,0
81,13,6,9,1,0,0,1668,3,0
32,9,2,3,0,1,0,0,55,0
34,9,2,13,0,1,0,0,45,0
46,14,4,3,1,1,0,0,25,0
30,10,4,7,3,1,0,0,84,0
29,10,2,7,0,1,0,0,40,0
51,9,2,13,0,1,0,0,60,0
31,4,4,5,2,1,0,0,25,0
36,9,4,0,3,0,0,0,36,0
23,10,4,5,3,1,0,0,22,0
35,9,2,6,0,1,0,0,30,0
28,14,4,9,1,0,0,0,40,0
33,13,2,3,0,1,0,0,40,1
40,10,2,5,0,1,0,0,40,0
27,10,2,13,0,1,0,0,45,0
38,9,2,3,0,1,0,0,40,1
47,11,0,9,1,0,0,1669,40,0
25,10,2,0,5,0,0,0,56,1
45,13,2,3,0,1,7688,0,50,1
38,10,4,0,3,0,0,0,40,0
65,10,4,9,1,0,0,0,40,0
30,11,4,2,3,1,0,0,40,1
54,7,2,7,5,0,0,0,43,0
49,8,0,6,1,0,0,0,40,0
41,11,2,9,5,0,0,0,15,1
48,9,2,0,0,1,0,0,40,1
23,3,4,8,4,0,0,0,12,0
77,9,2,7,0,1,0,0,25,0
19,10,4,7,3,0,0,0,20,0
30,9,3,0,1,0,0,0,30,0
41,13,2,3,0,1,0,1902,55,1
35,9,2,3,0,1,0,0,55,1
20,10,4,0,3,0,0,0,40,0
66,13,2,3,0,1,10605,0,40,1
49,9,4,2,4,0,0,0,40,0
52,13,2,11,0,1,0,0,45,1
24,14,2,9,5,0,0,0,35,1
50,9,2,2,0,1,0,0,15,0
22,7,4,13,1,1,0,0,65,0
19,10,4,7,3,1,0,0,20,0
39,7,4,9,4,0,0,0,30,0
61,13,0,7,1,1,0,0,30,0
45,12,0,13,1,1,0,0,55,0
36,13,2,9,3,1,0,0,40,0
40,14,2,3,0,1,0,2415,45,1
38,9,2,3,0,1,0,0,50,0
52,10,2,13,0,1,0,0,40,0
29,11,2,12,0,1,0,0,42,1
33,9,4,4,1,1,0,0,40,0
40,10,4,2,3,1,0,0,40,0
34,9,4,2,1,1,0,0,55,0
46,13,0,10,1,1,0,0,50,1
44,14,2,2,0,1,15024,0,45,1
19,9,4,7,3,0,0,0,13,0
44,9,2,0,5,0,0,0,40,1
40,9,4,2,1,1,0,0,40,0
20,10,4,9,3,0,0,0,2,0
24,12,4,5,3,1,0,0,30,0
76,9,6,7,1,1,0,0,17,0
20,9,2,12,2,1,0,0,40,0
33,15,4,9,1,1,0,0,40,1
31,10,2,12,0,1,0,0,40,0
33,9,0,7,4,0,0,0,40,0
19,9,4,2,3,1,0,0,35,0
29,13,4,3,1,1,0,1590,50,0
30,9,2,11,0,1,0,0,45,0
48,14,0,3,1,1,99999,0,50,1
42,13,2,3,0,1,0,0,40,0
37,7,2,13,0,1,0,0,40,0
54,9,2,3,0,1,7688,0,60,1
42,12,2,0,0,1,7688,0,42,1
28,9,4,7,1,0,0,0,28,0
42,10,2,10,0,1,0,0,52,1
60,14,2,3,5,0,3103,0,40,1
21,11,4,7,3,0,0,0,40,0
29,10,4,4,3,1,0,0,40,0
43,13,2,9,0,1,0,0,40,1
44,9,0,11,3,1,0,0,38,0
45,13,0,0,4,0,4687,0,35,1
38,10,4,11,4,0,0,0,40,0
28,10,2,0,0,1,0,0,50,1
29,9,4,11,3,0,0,0,40,0
20,10,4,7,3,1,0,0,40,0
49,14,2,11,0,1,0,0,40,1
36,10,2,10,0,1,0,0,56,1
40,13,2,3,0,1,0,0,50,1
17,8,4,0,3,0,0,0,30,0
45,9,2,2,0,1,0,0,40,0
42,10,4,4,1,1,0,0,28,0
29,13,4,3,4,0,0,0,40,0
57,13,2,3,0,1,4386,0,13,1
23,13,4,0,1,1,0,0,40,0
20,10,4,0,3,0,0,0,40,0
23,9,4,5,3,1,0,0,24,0
39,9,4,7,1,1,0,0,40,0
34,10,2,2,0,1,0,0,40,1
43,13,4,11,1,1,0,0,45,0
25,10,4,5,3,1,0,0,40,0
40,10,2,11,0,1,0,0,60,0
52,9,0,4,1,1,0,0,25,0
48,9,6,6,4,0,0,0,36,0
37,11,4,11,4,0,0,0,6,0
36,9,2,11,0,1,0,0,50,0
33,11,2,13,0,1,0,0,40,0
36,9,2,0,5,0,0,0,40,1
24,13,4,0,1,1,0,0,10,0
42,9,0,4,1,1,0,0,40,0
35,12,4,11,3,1,0,0,40,0
40,9,0,0,4,0,0,0,22,0
50,15,2,9,0,1,0,0,40,0
40,14,2,3,0,1,0,0,50,1
57,9,2,3,0,1,0,0,40,0
51,9,2,13,0,1,0,0,40,1
61,9,4,0,4,0,0,0,35,0
71,9,6,11,4,0,0,0,20,0
47,9,2,2,0,1,0,0,40,1
38,13,4,7,2,0,0,0,45,0
25,13,4,11,1,1,0,0,65,0
33,7,2,5,0,1,0,0,50,0
40,7,0,13,4,0,0,0,52,0
29,9,2,0,5,0,2829,0,40,0
33,9,4,2,1,1,0,0,40,0
46,10,4,0,3,0,0,0,36,0
24,9,2,11,5,0,0,0,40,1
28,14,4,3,1,1,0,0,30,0
20,9,4,2,1,1,0,0,40,0
34,10,0,5,4,0,0,0,40,0
34,13,2,0,0,1,0,0,55,0
25,10,4,0,4,0,0,0,40,0
36,13,2,12,0,1,0,0,40,0
61,9,2,6,0,1,0,0,40,0
38,10,5,7,1,0,0,0,58,0
57,9,6,7,2,0,0,1719,25,0
56,9,2,7,5,0,0,0,10,0
24,13,4,3,1,0,0,0,40,0
60,10,0,11,1,0,0,0,48,0
37,10,2,3,0,1,0,0,50,0
27,10,2,13,0,1,0,0,40,1
54,10,5,7,1,1,0,0,28,0
40,9,2,7,0,1,0,0,30,0
18,8,4,7,3,1,0,0,15,0
51,9,2,0,0,1,0,0,40,1
40,10,2,12,0,1,0,0,50,1
64,9,2,9,0,1,0,0,8,0
24,9,4,7,1,0,2174,0,40,0
33,9,2,12,5,0,0,0,38,0
31,9,0,3,4,0,0,0,40,0
26,9,2,10,0,1,3103,0,40,1
54,13,4,0,1,0,14084,0,40,1
31,2,4,5,1,1,0,0,37,0
22,10,4,12,3,1,0,0,40,0
31,10,4,2,1,1,0,0,40,0
68,3,5,7,1,1,0,0,12,0
59,6,0,7,1,0,0,0,37,0
35,9,2,2,0,1,2829,0,45,0
25,13,4,0,3,1,0,0,40,0
23,9,4,2,4,1,0,0,40,0
35,10,0,3,4,1,0,0,60,0
17,6,4,7,3,1,0,0,30,0
19,10,4,5,1,1,0,0,45,0
53,14,2,3,0,1,0,1977,55,1
59,3,0,6,4,0,0,0,40,0
37,9,4,0,3,0,0,0,37,0
74,9,6,7,1,1,0,0,20,0
28,10,4,13,1,1,0,0,50,0
40,13,4,0,1,1,0,0,40,0
20,10,4,7,3,1,0,0,40,0
80,15,2,9,0,1,0,0,35,1
51,9,2,6,0,1,0,0,40,0
17,6,4,11,3,1,0,0,15,0
37,13,2,9,0,1,0,0,40,0
58,9,4,7,1,1,0,0,40,0
57,10,2,2,0,1,0,0,40,0
37,10,0,6,1,1,0,0,40,0
23,10,4,2,4,1,0,0,40,0
36,13,4,0,1,0,0,0,32,0
33,9,2,2,0,1,0,0,40,0
30,10,2,11,5,0,0,0,40,0
30,9,4,0,4,0,0,0,24,0
41,15,2,9,0,1,99999,0,65,1
23,9,4,11,3,1,0,0,40,0
40,15,4,9,1,0,14084,0,50,1
53,9,6,0,1,0,0,0,40,0
31,10,4,12,1,1,0,0,13,0
36,9,4,0,2,1,0,0,40,0
30,8,0,7,1,0,0,0,40,0
44,9,2,10,0,1,0,0,40,0
36,9,4,7,3,1,0,0,40,0
42,12,2,9,0,1,0,0,40,1
48,9,2,2,0,1,0,0,30,0
22,13,4,9,3,1,0,0,40,0
38,9,2,6,0,1,0,0,40,0
31,9,4,2,1,1,0,0,50,0
32,9,0,7,3,1,2174,0,40,0
35,9,2,5,0,1,0,0,40,0
21,10,4,11,3,1,0,0,43,0
26,9,2,6,0,1,0,0,40,0
19,9,4,0,3,0,0,0,40,0
43,9,1,2,5,0,0,0,42,1
33,9,2,2,0,1,0,0,60,0
30,13,4,2,3,1,0,0,10,0
52,6,2,13,0,1,0,0,45,0
38,13,2,3,0,1,0,0,40,1
28,13,2,3,0,1,0,0,46,1
57,12,2,7,0,1,0,0,40,0
51,13,2,9,0,1,0,0,50,1
50,5,2,6,0,1,0,0,48,0
32,13,2,3,0,1,0,0,50,1
32,13,2,9,0,1,0,2415,48,1
37,9,2,2,0,1,0,0,40,0
69,9,2,11,0,1,0,0,33,0
37,10,2,11,0,1,0,0,50,1
36,10,4,0,1,1,2463,0,40,0
47,9,2,13,0,1,0,0,45,1
63,6,2,13,0,1,0,0,40,0
21,10,4,0,1,1,0,0,65,0
17,9,4,7,2,1,0,0,35,0
56,9,5,2,4,1,0,0,40,0
90,12,2,0,0,1,0,0,20,0
27,10,0,0,1,0,0,0,38,0
38,9,0,0,4,0,0,0,20,0
33,12,2,9,0,1,0,0,50,0
26,9,4,3,1,0,0,0,40,0
20,10,4,7,3,0,0,0,35,0
42,7,2,13,0,1,0,0,40,0
55,9,0,3,1,0,0,0,40,0
32,10,2,9,5,0,0,0,40,0
66,13,2,11,0,1,20051,0,40,1
66,16,0,9,1,0,3273,0,40,0
49,10,0,7,1,0,0,0,40,0
34,9,0,10,1,1,0,0,45,0
38,13,2,3,0,1,0,0,50,1
40,9,2,3,0,1,0,0,40,0
22,12,4,7,3,1,0,0,20,0
46,9,2,13,0,1,0,0,40,0
29,9,2,6,0,1,0,0,50,0
19,8,4,5,3,1,0,0,20,0
37,13,0,9,4,0,1151,0,35,0
52,14,4,9,1,1,0,0,32,1
27,14,4,0,1,0,0,0,46,0
52,9,2,13,5,0,0,0,40,0
31,9,4,2,3,1,4101,0,40,0
37,10,2,2,0,1,0,0,50,1
28,9,4,5,1,1,0,0,40,0
25,4,2,2,0,1,0,0,40,0
31,10,2,0,0,1,0,0,50,0
29,9,2,2,0,1,0,0,40,0
45,9,6,0,4,0,0,0,35,0
69,4,2,7,0,1,0,0,20,0
50,7,2,6,0,1,0,0,40,0
54,16,2,9,0,1,0,0,46,1
17,5,4,7,3,0,0,0,20,0
34,9,4,12,3,1,14084,0,35,1
23,10,4,6,3,1,0,0,40,0
66,13,2,9,0,1,0,0,45,1
61,9,2,2,0,1,0,0,40,0
55,10,0,6,1,0,0,0,40,0
24,9,4,5,1,1,0,0,40,0
30,9,0,11,4,1,1151,0,30,0
49,11,0,3,1,1,0,0,45,1
56,9,2,11,0,1,0,0,50,1
25,9,2,11,0,1,0,0,40,0
49,13,0,10,1,1,0,0,40,0
58,13,2,12,0,1,0,0,40,1
40,13,4,0,1,1,0,0,40,0
62,14,0,9,1,0,0,0,45,0
54,13,2,12,0,1,0,0,25,1
34,11,4,7,2,0,0,0,40,0
18,6,4,2,3,1,0,0,30,0
32,9,2,11,0,1,0,0,40,0
22,13,4,9,1,0,0,0,35,0
34,13,4,9,1,1,0,0,48,0
47,9,2,7,0,1,0,0,40,0
19,10,4,11,3,0,0,0,40,0
41,10,2,3,0,1,0,2415,55,1
46,10,2,7,5,0,5013,0,40,0
56,4,0,11,2,1,0,0,20,0
42,9,0,6,1,0,0,0,40,0
25,13,4,9,3,0,0,2339,35,0
42,9,2,0,0,1,0,0,50,0
43,13,0,9,1,0,14344,0,40,1
17,7,4,11,3,0,0,1602,12,0
57,4,2,2,0,1,0,0,40,1
40,14,2,3,0,1,0,0,50,1
62,9,6,7,1,0,0,0,40,0
20,10,4,0,3,1,0,0,16,0
47,10,2,13,0,1,0,0,50,0
40,10,2,3,0,1,0,0,40,0
48,13,2,2,0,1,0,0,55,0
39,11,2,4,0,1,0,0,60,1
46,10,2,2,0,1,0,0,40,1
72,15,2,9,0,1,99999,0,50,1
53,9,2,6,0,1,0,0,30,0
47,10,2,5,0,1,0,0,40,1
40,9,0,2,1,1,0,0,45,0
34,9,5,13,1,1,0,0,40,0
41,9,4,0,3,1,0,0,40,0
41,9,2,2,0,1,0,0,40,0
20,10,4,5,3,1,0,0,35,0
54,13,4,9,1,1,0,0,50,0
39,13,2,9,5,0,0,0,40,0
37,9,0,6,1,1,0,0,40,0
59,16,2,11,0,1,0,0,40,0
69,3,2,0,0,1,1797,0,40,0
24,13,4,9,3,0,0,0,35,0
36,11,2,6,0,1,3103,0,40,1
20,10,5,2,1,1,0,0,40,0
26,11,4,7,1,0,0,0,35,0
48,8,6,5,4,0,0,0,50,0
39,15,2,9,0,1,0,1902,50,1
21,12,4,7,3,0,0,0,18,0
22,9,4,3,2,0,0,0,42,0
34,11,0,9,4,0,0,0,40,0
33,10,2,3,0,1,0,0,45,1
46,5,2,6,0,1,0,0,40,0
47,7,2,2,0,1,7298,0,40,1
65,13,2,3,0,1,0,0,40,1
23,9,2,5,0,1,0,0,40,0
28,10,4,7,1,0,0,0,30,0
34,9,0,3,1,1,0,0,60,1
20,10,4,7,1,1,0,0,40,0
28,7,4,0,1,1,0,0,40,0
52,13,2,3,0,1,0,0,60,0
40,14,2,9,5,0,0,0,38,1
22,13,4,3,3,0,0,0,7,0
29,9,2,3,0,1,0,0,45,0
31,4,2,9,0,1,0,0,60,0
42,14,2,9,0,1,0,1902,40,1
38,9,4,2,4,0,0,0,40,0
22,7,2,6,0,1,0,0,70,1
43,5,2,3,0,1,0,0,40,0
43,13,2,3,0,1,0,0,50,1
33,10,2,3,0,1,0,0,50,0
17,6,4,7,3,1,0,0,35,0
54,15,2,9,0,1,5178,0,50,1
45,9,0,0,4,0,0,0,40,0
55,6,2,2,0,1,0,0,45,0
51,9,2,13,0,1,0,0,35,1
65,6,0,2,4,1,0,0,40,0
21,13,4,9,3,0,0,0,45,0
40,9,6,7,4,0,0,0,40,0
58,10,4,0,1,0,0,0,37,0
53,9,6,3,1,0,0,0,58,0
39,14,2,9,0,1,0,1848,50,1
56,9,2,7,0,1,0,0,40,0
37,10,2,0,0,1,0,0,50,0
44,13,2,2,0,1,0,0,40,0
49,5,5,5,3,1,0,0,38,0
36,10,2,6,0,1,0,0,50,1
59,13,2,2,0,1,0,0,60,0
33,9,0,0,3,0,0,0,40,0
36,15,4,3,1,1,27828,0,50,1
26,10,2,3,5,0,0,0,25,0
22,6,4,11,1,0,0,1762,25,0
25,14,4,0,3,1,0,0,40,0
28,10,2,0,5,0,0,0,15,0
41,12,0,0,4,0,0,0,38,0
45,11,2,4,0,1,0,0,70,0
43,9,2,5,0,1,0,0,40,0
30,5,4,5,4,1,0,0,40,0
33,9,3,2,4,1,0,0,50,0
34,10,2,0,0,1,0,0,40,0
21,11,4,7,1,1,0,0,30,0
31,13,2,11,0,1,0,1902,45,1
48,3,2,13,0,1,0,0,40,0
22,10,4,0,3,0,0,0,20,0
47,10,0,11,4,0,0,0,60,0
27,13,4,12,1,0,0,0,40,0
18,7,4,5,1,1,0,0,25,0
43,14,2,9,0,1,0,0,40,1
36,10,6,11,1,0,0,0,20,0
37,9,0,2,1,1,0,0,40,0
24,11,4,2,3,1,0,0,20,0
24,9,4,13,1,1,0,0,40,0
38,13,2,7,0,1,3908,0,70,0
48,13,2,3,0,1,0,0,40,1
75,2,2,7,2,0,0,0,16,0
43,13,0,9,1,1,0,0,70,1
64,13,0,3,1,0,0,0,50,0
36,9,0,11,1,0,0,0,40,0
53,10,2,12,0,1,0,0,40,0
22,10,4,9,1,1,0,0,20,0
73,9,4,7,1,0,0,0,36,0
46,9,0,0,1,0,0,0,40,0
45,9,2,2,0,1,5013,0,40,0
43,9,2,2,0,1,0,0,40,1
20,9,4,0,3,1,0,0,20,0
43,10,0,5,1,1,0,0,40,0
40,9,5,11,4,0,0,0,25,0
36,13,2,9,0,1,0,0,40,1
64,13,0,11,1,1,0,0,45,0
46,10,2,9,0,1,5178,0,38,1
46,14,0,3,4,0,0,0,65,1
41,13,4,9,1,0,0,0,70,0
28,10,4,0,2,0,0,0,40,0
23,10,2,11,0,1,0,0,45,0
30,13,4,10,1,0,0,0,60,1
44,13,3,0,1,0,0,0,40,0
27,9,2,13,0,1,0,0,45,1
25,9,4,7,4,0,0,0,34,0
29,6,2,2,0,1,0,0,40,0
54,9,2,6,0,1,0,0,40,1
27,13,4,4,1,1,0,0,65,0
34,9,2,2,0,1,0,0,35,0
38,10,2,11,0,1,0,0,50,0
56,14,2,9,5,0,0,0,40,1
35,9,2,11,0,1,0,0,62,0
23,10,4,2,1,1,0,0,40,0
19,10,4,11,3,0,0,0,20,0
42,15,2,9,0,1,7298,0,35,1
46,13,2,3,0,1,15024,0,45,1
27,9,4,11,1,1,0,0,40,0
49,10,2,11,0,1,0,0,70,1
23,10,4,7,3,1,0,0,20,0
24,9,4,7,3,1,0,0,40,0
34,9,4,6,3,1,0,0,40,0
25,9,4,13,3,1,0,0,40,0
33,10,2,2,0,1,0,0,50,0
22,12,4,0,3,0,0,0,27,0
54,9,4,0,1,0,0,0,30,0
39,14,4,9,1,0,0,0,40,0
25,13,4,9,1,0,0,0,40,0
75,9,2,0,0,1,0,0,26,0
28,9,4,6,2,1,0,0,30,0
50,13,0,11,1,0,0,0,50,0
62,13,2,2,0,1,0,0,55,1
40,9,2,6,0,1,0,0,40,0
58,13,4,9,1,0,0,0,37,0
24,12,2,3,5,0,0,0,40,0
21,9,4,7,2,0,0,0,30,0
40,13,2,3,0,1,15024,0,50,1
45,11,2,9,0,1,0,1902,42,1
48,9,2,3,0,1,0,0,60,0
34,9,4,13,1,1,0,0,70,0
23,9,4,8,4,0,0,0,40,0
43,14,4,3,1,0,10520,0,50,1
42,10,4,2,1,1,0,0,40,0
39,13,2,9,0,1,15024,0,50,1
52,9,2,4,0,1,0,0,60,0
56,13,4,3,1,0,0,0,60,0
48,9,2,0,5,0,0,0,40,1
37,9,0,3,1,0,0,0,70,1
25,9,2,2,0,1,0,0,35,0
40,13,2,5,3,1,0,0,40,1
34,7,4,6,3,1,0,0,45,0
52,9,0,7,1,1,0,0,40,0
41,13,2,12,0,1,0,1902,42,1
36,9,4,7,1,1,0,0,40,0
21,11,4,2,3,1,0,1504,40,0
28,13,4,9,1,0,0,0,40,0
20,10,4,0,3,1,0,0,9,0
68,9,2,9,0,1,0,0,40,1
35,9,2,13,0,1,0,0,40,0
32,9,4,6,3,1,0,0,40,0
64,14,2,3,0,1,0,0,50,1
17,6,4,5,3,0,0,0,23,0
25,13,4,9,1,1,0,0,20,0
31,11,2,6,0,1,0,0,40,0
51,16,2,3,0,1,7298,0,40,1
67,9,2,11,0,1,0,0,10,0
42,9,4,2,1,1,3325,0,40,0
29,9,4,7,1,1,0,0,40,0
31,9,2,6,0,1,0,0,40,0
21,9,2,2,0,1,0,0,37,0
67,6,2,13,0,1,0,0,16,0
41,9,0,10,1,1,0,0,40,1
27,13,4,12,1,0,0,0,36,0
51,8,0,13,4,1,0,0,50,0
28,9,2,2,0,1,0,0,46,0
21,10,4,2,3,1,0,0,40,0
28,11,2,6,0,1,0,0,40,1
29,9,2,7,0,1,0,0,35,0
39,9,2,3,0,1,0,0,70,0
21,13,4,0,1,1,0,0,40,0
43,11,2,2,0,1,0,0,40,0
44,9,4,2,1,1,14344,0,40,1
28,7,2,13,0,1,0,0,50,0
31,5,4,11,1,1,0,0,43,1
27,10,2,0,5,0,0,0,45,0
34,10,2,10,0,1,0,0,40,0
25,9,4,12,1,1,0,0,40,0
34,13,2,12,0,1,0,0,40,0
43,9,2,2,0,1,7688,0,40,1
40,14,2,2,0,1,0,0,50,0
21,9,4,7,4,0,0,0,35,0
25,10,0,3,4,0,0,0,25,0
21,9,4,0,1,0,0,0,40,0
19,10,4,13,3,1,0,0,30,0
49,12,2,2,0,1,0,0,40,1
20,10,4,7,3,1,0,0,20,0
36,7,2,13,0,1,0,0,47,0
32,10,5,3,4,0,0,0,40,0
23,10,4,0,3,1,0,0,32,0
21,10,4,11,3,1,0,0,10,0
25,13,4,3,3,1,0,0,40,0
24,13,4,11,3,0,0,0,40,0
22,10,4,9,4,0,0,0,20,0
26,9,2,7,5,0,0,0,40,0
22,5,4,6,4,1,0,0,40,0
41,13,2,10,0,1,0,0,40,1
18,9,2,0,5,0,0,0,40,0
24,13,4,11,3,1,0,0,40,0
38,9,2,2,0,1,0,1740,48,0
36,13,4,0,1,0,0,0,17,0
45,14,0,9,3,0,0,0,55,0
38,10,2,12,0,1,0,0,40,1
38,9,2,2,0,1,0,0,50,1
34,9,4,4,1,1,0,0,40,0
53,12,4,0,1,1,0,0,40,0
32,11,2,9,5,0,0,0,40,1
17,7,4,11,3,0,0,0,30,0
45,13,2,3,0,1,7298,0,40,1
31,9,2,10,0,1,0,0,48,0
47,16,2,9,0,1,0,0,45,0
27,9,4,11,1,1,0,0,50,0
61,10,2,0,5,0,0,0,30,0
33,9,2,13,0,1,0,0,40,0
67,9,5,6,2,0,0,0,40,0
38,13,5,2,1,1,0,0,40,0
25,9,0,11,4,0,0,0,40,0
33,3,4,7,4,0,0,0,40,0
27,9,2,0,5,0,0,0,40,0
45,9,2,2,0,1,0,0,60,1
24,13,4,0,2,0,0,0,40,0
23,11,4,12,1,1,0,0,40,0
48,10,0,0,4,0,0,0,40,0
61,10,2,0,0,1,0,0,40,1
22,9,4,9,3,0,0,0,20,0
34,11,0,12,4,0,0,0,40,0
32,9,2,6,0,1,5178,0,40,1
35,10,0,0,1,0,0,0,50,0
36,6,4,2,1,1,0,0,40,0
24,9,4,3,4,1,0,0,40,0
60,5,2,2,0,1,0,0,40,0
64,9,0,2,4,1,0,0,20,0
22,9,4,11,4,0,0,0,35,0
27,3,4,8,1,0,0,0,65,0
36,10,0,13,1,1,0,0,60,0
27,9,4,11,4,0,0,0,30,0
52,10,6,11,1,0,0,0,40,0
57,9,2,4,0,1,0,0,45,0
23,10,4,0,1,1,0,0,24,0
29,9,2,6,0,1,0,0,40,0
34,9,4,13,1,1,0,0,80,0
38,9,4,7,4,0,0,0,30,0
50,9,2,4,0,1,0,0,84,1
50,7,2,13,0,1,0,0,40,0
51,13,2,3,5,0,0,0,40,1
17,6,4,2,3,1,0,0,40,0
25,7,3,5,1,0,0,0,40,0
19,9,2,2,0,1,0,0,40,0
43,9,2,2,0,1,0,0,40,0
59,10,5,11,1,1,14084,0,60,1
39,14,4,9,1,1,6849,0,40,0
18,5,4,6,3,1,0,0,40,0
27,14,4,3,3,0,0,0,40,0
39,11,4,4,1,1,0,0,60,0
44,13,2,11,0,1,0,0,40,1
19,9,4,0,2,0,0,0,35,0
32,9,4,7,3,1,0,0,40,0
48,9,2,2,0,1,0,0,40,1
46,12,2,11,0,1,0,0,50,0
65,7,6,11,2,0,0,0,20,0
57,13,2,9,0,1,0,0,45,1
48,9,4,7,4,0,0,0,32,0
46,4,2,7,0,1,0,1651,40,0
27,6,2,5,0,1,0,0,40,0
29,10,2,10,0,1,0,1485,40,1
35,10,2,11,0,1,0,1740,40,0
29,9,2,4,0,1,0,0,70,0
30,10,2,10,0,1,15024,0,40,1
65,9,6,7,1,0,0,0,15,0
47,10,2,0,0,1,0,0,40,0
41,9,0,2,4,1,2174,0,40,0
17,5,4,2,3,0,0,0,16,0
38,3,2,5,2,1,0,0,40,0
38,14,2,9,0,1,0,0,40,1
39,9,4,11,2,0,0,0,4,0
52,6,2,6,0,1,0,0,41,0
46,10,2,3,0,1,0,0,58,1
22,13,4,3,1,0,0,0,30,0
56,14,4,11,1,1,0,0,50,0
37,7,0,9,4,0,0,0,30,0
59,13,0,11,1,1,0,0,55,1
19,7,2,2,3,1,0,2129,55,0
31,5,4,2,1,1,0,0,45,0
22,10,4,11,1,1,0,0,20,0
48,16,4,9,4,0,0,0,60,1
63,13,2,3,0,1,0,0,60,0
33,9,2,3,0,1,7298,0,45,1
53,9,4,4,1,1,0,0,10,0
39,12,2,11,0,1,0,0,24,0
59,15,3,9,4,1,0,0,50,0
45,9,2,6,0,1,0,0,40,0
39,10,0,0,1,0,0,0,45,0
60,9,6,0,1,0,0,0,35,0
38,13,0,9,4,0,0,0,56,0
31,9,0,0,1,1,0,0,40,0
61,13,2,9,0,1,0,0,50,1
26,13,4,11,1,1,0,0,20,0
60,15,2,9,0,1,0,2415,80,1
32,10,0,3,2,1,0,0,60,0
25,13,4,3,1,0,0,0,20,0
55,14,2,3,0,1,99999,0,55,1
66,6,6,13,1,0,0,0,11,0
31,9,2,2,0,1,0,0,40,0
58,15,4,9,1,1,27828,0,40,1
22,10,4,7,3,1,0,0,16,0
46,13,2,3,0,1,0,0,40,1
33,10,2,7,5,0,0,0,35,0
26,14,2,9,0,1,0,0,30,0
42,13,2,4,0,1,0,0,50,0
45,9,4,7,3,0,0,0,40,0
43,10,2,9,5,0,0,0,6,0
27,13,4,3,3,0,0,0,99,0
51,9,2,11,0,1,7688,0,40,1
42,9,4,13,3,1,0,0,40,0
43,10,2,11,0,1,7298,0,50,1
38,13,2,12,0,1,0,0,45,1
44,9,0,0,4,0,0,0,40,0
36,9,2,2,0,1,0,0,64,1
37,9,2,7,5,0,0,0,60,0
29,13,4,3,1,1,0,0,50,1
42,13,3,3,1,1,0,0,45,0
80,10,6,0,1,0,0,0,20,0
61,7,2,13,0,1,0,0,40,0
55,10,2,2,0,1,5013,0,52,0
20,10,4,7,3,0,0,0,25,0
23,9,4,2,4,1,0,0,40,0
48,10,2,2,0,1,0,0,40,1
24,13,4,3,3,0,0,0,50,0
71,9,2,2,0,1,0,0,40,0
49,7,2,7,5,0,0,0,6,0
39,9,4,1,1,1,0,0,50,0
22,13,4,0,3,0,0,0,25,0
67,13,6,0,1,0,0,0,40,0
18,9,4,11,3,0,0,0,25,0
38,13,2,3,0,1,0,1848,54,1
50,9,0,0,1,0,0,0,40,0
56,12,2,4,5,0,0,0,40,0
23,10,4,7,1,0,0,0,20,0
26,10,2,13,0,1,0,0,40,0
32,9,2,6,0,1,0,0,40,0
44,13,4,9,3,1,10520,0,40,1
27,9,3,4,3,0,0,0,40,0
40,10,2,10,0,1,7298,0,40,1
43,12,2,5,0,1,0,0,60,0
31,10,2,2,0,1,0,0,35,1
57,10,2,2,0,1,0,0,40,1
25,13,4,3,1,1,0,0,35,0
22,11,4,7,3,0,0,0,36,0
20,11,4,0,3,0,0,0,35,0
27,9,2,11,5,0,3464,0,40,0
39,10,0,3,4,0,0,0,40,0
27,14,4,9,1,1,0,0,40,0
41,9,5,13,3,1,0,0,40,0
31,13,4,9,1,1,0,0,45,0
41,12,2,11,0,1,0,0,20,0
25,13,4,3,1,1,0,0,40,0
29,12,4,9,1,1,0,0,40,1
22,9,2,7,3,1,0,0,50,0
62,4,2,10,0,1,0,0,91,0
29,9,0,3,1,0,0,0,40,0
44,10,2,3,5,0,0,0,70,1
32,13,2,0,5,0,0,0,2,0
20,11,4,6,4,0,0,0,40,0
65,10,2,6,0,1,0,0,40,1
24,9,4,5,1,0,0,0,36,0
37,14,2,3,0,1,0,0,50,1
43,9,0,12,1,0,0,0,40,0
38,13,2,11,5,0,0,0,60,1
28,12,4,11,3,0,0,0,35,0
33,9,4,5,3,1,4416,0,40,0
32,9,2,0,5,0,0,0,40,1
38,14,2,3,0,1,0,0,45,1
33,10,0,12,1,0,0,0,40,0
42,13,2,3,0,1,0,0,60,1
27,9,4,2,1,1,0,0,40,0
41,9,0,5,4,1,0,0,40,0
47,14,2,9,0,1,0,0,60,1
55,7,2,3,0,1,0,0,45,0
30,10,4,2,3,1,0,0,8,0
54,10,6,2,4,0,0,0,50,0
40,13,2,0,0,1,0,0,40,1
21,9,4,0,1,0,0,0,40,0
34,13,0,2,4,0,0,0,25,0
30,13,2,9,0,1,0,0,40,1
31,10,4,0,1,0,0,0,45,0
22,9,4,13,1,1,0,0,37,0
37,9,2,7,0,1,0,0,40,1
52,14,4,9,3,0,0,0,40,0
57,10,2,9,0,1,0,0,40,0
48,10,0,0,1,0,0,0,48,0
58,9,2,3,0,1,0,0,40,1
35,5,2,2,0,1,0,0,50,0
40,9,4,3,1,0,0,0,45,0
30,9,0,11,1,0,0,0,25,0
26,9,2,3,0,1,0,0,40,0
46,9,2,9,0,1,0,0,60,0
26,10,2,0,0,1,0,0,40,0
50,13,0,9,4,0,0,0,40,0
22,9,2,13,0,1,0,0,50,1
36,14,6,12,4,0,0,0,40,0
30,9,2,11,0,1,0,0,52,1
58,12,2,3,0,1,0,0,50,1
72,11,5,7,4,0,6723,0,25,0
19,9,4,0,1,0,0,0,40,0
29,4,2,7,5,0,0,0,40,0
30,10,2,2,0,1,0,0,40,0
47,10,0,7,4,0,0,0,45,0
51,10,2,9,0,1,0,0,45,1
26,6,2,5,0,1,0,0,40,0
24,10,4,3,1,1,0,0,42,0
44,14,0,11,1,1,0,0,24,0
43,9,2,3,0,1,0,0,50,1
35,13,4,3,1,1,0,0,50,0
51,9,2,12,0,1,7298,0,50,1
41,9,2,3,0,1,0,0,40,1
38,10,0,0,4,0,0,0,40,0
39,9,2,0,5,0,3464,0,20,0
54,6,5,11,4,0,0,0,43,0
62,9,4,2,1,1,0,0,40,0
45,16,2,3,0,1,0,0,60,0
30,9,4,3,3,0,0,0,35,0
32,9,2,2,0,1,0,0,40,0
23,9,0,7,1,0,0,0,40,0
84,11,6,0,1,0,0,0,14,0
46,13,4,9,3,1,0,0,60,0
67,14,0,0,1,0,2009,0,40,0
29,13,2,9,0,1,0,0,40,1
33,11,4,3,1,1,0,0,55,1
23,10,2,12,0,1,0,0,42,0
42,15,0,9,4,0,0,0,40,0
17,7,4,7,3,0,0,0,20,0
60,3,2,13,0,1,0,0,40,0
31,8,0,13,3,1,0,0,40,0
28,4,4,0,3,1,0,0,40,0
31,5,2,5,0,1,0,0,48,0
31,13,4,3,1,1,14084,0,50,1
61,9,0,5,1,0,0,0,40,0
43,15,2,9,0,1,0,0,50,1
40,10,4,0,4,0,0,0,49,0
39,9,4,3,1,1,0,0,40,0
37,10,3,0,4,0,0,0,27,0
47,10,2,2,0,1,0,0,40,0
45,10,2,13,0,1,0,0,65,1
30,9,2,2,0,1,0,0,60,0
30,15,4,9,3,1,0,0,40,0
49,10,0,9,1,1,14084,0,44,1
51,9,2,2,0,1,0,0,40,1
31,13,4,9,1,0,0,0,72,1
48,13,2,3,5,0,0,0,25,1
20,10,4,0,3,0,0,0,30,0
32,9,2,3,0,1,3103,0,40,1
19,9,4,0,1,1,0,0,25,0
50,14,0,3,1,0,0,0,35,0
33,9,2,3,0,1,0,0,50,0
49,9,0,2,1,1,0,1876,40,0
30,10,2,13,0,1,0,0,40,0
23,13,4,11,1,1,0,0,40,0
44,16,2,3,5,0,15024,0,32,1
24,11,4,11,4,1,0,0,5,0
28,11,4,0,1,0,0,0,45,0
56,9,0,0,4,0,0,1617,40,0
38,9,4,0,1,0,0,0,38,0
20,10,4,0,3,0,2176,0,20,0
82,9,6,3,1,0,0,4356,18,0
52,13,2,10,0,1,0,0,60,1
32,10,4,2,1,1,0,0,40,0
37,11,5,9,4,0,0,0,32,0
36,13,2,9,0,1,0,0,40,1
39,13,2,0,0,1,0,0,40,1
30,9,2,2,3,1,3411,0,40,0
49,9,2,10,0,1,0,0,56,0
40,11,0,3,4,0,0,0,40,0
42,7,2,13,0,1,0,0,45,0
35,13,4,9,1,1,0,0,40,0
39,9,0,7,4,0,0,0,81,0
32,11,3,2,1,1,0,0,40,0
22,7,4,2,1,1,0,0,50,0
53,10,0,0,1,0,0,0,40,0
25,9,4,0,1,1,0,0,40,0
44,9,2,2,0,1,0,0,70,1
52,14,2,9,0,1,0,0,40,1
42,9,2,13,0,1,0,0,40,0
34,7,2,13,0,1,0,0,50,0
27,10,2,6,0,1,0,0,40,0
37,9,4,6,1,1,0,0,40,0
39,14,2,9,2,0,7688,0,38,1
26,9,2,9,0,1,0,0,40,0
48,14,2,3,5,0,0,1902,38,1
57,9,0,11,4,0,0,0,28,0
36,11,5,3,1,1,0,0,48,0
27,13,4,11,1,0,0,0,40,0
17,7,4,5,3,1,0,0,15,0
30,3,2,2,0,1,0,0,40,0
37,11,2,0,5,0,0,0,48,1
31,13,4,11,3,0,0,0,40,0
23,12,4,0,1,0,0,0,20,0
32,6,4,2,2,1,0,0,45,0
58,9,2,11,0,1,0,0,40,1
31,9,4,7,4,0,0,0,8,0
44,13,2,3,0,1,0,0,40,1
39,13,0,12,4,0,0,625,40,0
59,9,2,2,0,1,0,1485,45,1
42,13,2,13,0,1,0,0,48,1
45,9,2,0,0,1,0,0,35,0
20,9,4,2,1,1,0,0,35,0
35,9,2,0,0,1,0,0,40,0
50,12,2,12,0,1,0,0,40,0
56,9,4,5,3,1,0,0,28,0
48,11,2,11,0,1,0,0,40,1
58,14,6,7,1,0,0,0,15,0
32,11,2,2,0,1,0,0,50,0
23,10,4,11,3,0,0,0,12,0
48,9,0,6,1,1,0,0,40,0
33,9,0,10,1,1,0,0,70,0
48,13,4,9,1,0,0,0,45,0
55,9,6,7,1,0,2202,0,35,0
40,11,4,3,4,0,0,0,40,0
50,10,2,9,0,1,0,0,40,0
52,6,2,2,0,1,0,0,35,0
19,9,4,7,1,0,0,0,30,0
55,6,2,11,0,1,7688,0,50,1
36,15,2,11,0,1,0,0,30,1
39,13,5,9,4,0,0,0,40,1
22,10,4,0,4,0,0,0,40,0
44,13,2,3,0,1,7688,0,50,1
34,9,0,2,1,1,0,1408,38,0
33,10,2,7,0,1,0,0,50,0
55,14,0,9,1,0,14084,0,40,1
35,14,2,3,0,1,0,0,45,1
50,7,6,6,1,0,0,0,40,0
43,10,0,0,4,0,0,0,40,0
29,11,4,12,1,1,0,0,40,0
56,10,2,13,0,1,0,0,40,0
33,13,2,9,0,1,99999,0,40,1
24,9,2,11,0,1,0,0,50,0
46,11,0,11,4,0,0,0,40,0
60,9,2,0,5,0,15024,0,15,1
48,14,2,7,0,1,0,0,40,0
65,7,2,13,0,1,0,0,35,0
29,9,4,5,1,1,0,1408,40,0
42,9,2,13,0,1,0,1740,43,0
44,15,2,9,0,1,0,0,50,1
73,10,2,11,0,1,0,0,6,1
21,10,4,12,1,0,0,0,50,0
32,9,2,4,0,1,0,1902,55,1
43,14,2,10,0,1,0,0,35,1
21,9,4,2,1,1,0,0,32,0
30,10,5,13,1,1,0,0,20,0
54,13,2,12,0,1,0,0,48,0
19,10,4,7,3,0,0,0,15,0
55,10,2,0,5,0,0,0,37,0
20,10,4,11,3,0,0,0,28,0
53,13,2,3,0,1,0,0,40,0
51,14,4,9,1,1,0,0,55,1
33,9,2,13,0,1,0,0,40,0
62,10,6,8,4,0,0,0,40,0
24,9,4,7,3,1,0,0,30,0
17,5,4,11,3,0,0,0,40,0
26,10,4,0,1,0,0,0,45,0
36,9,0,2,1,1,0,0,40,0
32,6,2,3,5,0,0,0,35,0
58,16,2,9,0,1,0,0,50,1
38,13,2,12,0,1,0,0,40,1
26,9,0,0,3,0,0,0,40,0
60,10,2,3,0,1,15024,0,40,1
27,9,2,11,0,1,0,0,50,0
38,11,2,6,0,1,0,0,48,1
37,10,2,11,0,1,0,1485,44,1
28,10,4,0,3,1,0,0,40,0
38,13,2,11,0,1,0,0,40,1
29,9,2,11,0,1,0,0,60,1
19,9,4,7,3,0,0,1721,40,0
28,13,4,5,2,1,0,0,25,0
40,9,2,2,0,1,0,0,50,1
26,11,0,2,3,1,0,0,40,0
43,12,2,11,0,1,0,0,60,0
29,10,2,0,5,0,0,0,40,1
25,10,2,10,0,1,0,0,40,0
29,9,2,6,0,1,0,0,40,1
60,2,0,2,1,1,0,0,38,0
31,13,2,0,5,0,0,0,40,0
51,4,2,13,0,1,0,0,40,0
18,10,4,0,3,0,0,0,15,0
36,13,0,12,4,1,0,0,20,0
35,13,2,0,0,1,0,0,40,1
48,13,0,0,3,1,0,0,38,1
78,4,2,4,0,1,0,0,25,0
72,13,2,10,0,1,0,0,17,0
24,10,4,3,3,1,0,0,40,0
36,7,4,10,1,1,13550,0,40,1
48,10,2,5,0,1,0,0,30,0
28,9,0,0,1,0,0,0,40,0
26,14,4,7,3,0,0,0,40,0
29,13,4,11,1,0,0,0,60,0
47,3,2,7,0,1,0,0,40,0
50,13,0,3,1,0,0,0,50,1
35,3,4,2,1,1,0,0,40,0
17,7,4,13,3,1,0,0,20,0
41,10,2,2,0,1,0,0,48,1
37,9,2,13,0,1,0,0,42,0
35,9,2,7,0,1,0,0,40,0
56,4,2,2,0,1,0,0,40,0
23,10,2,13,0,1,0,0,40,0
33,12,0,9,4,0,0,0,32,0
79,9,2,3,0,1,0,0,40,1
28,13,4,9,1,1,0,0,40,0
55,7,0,11,3,0,0,0,20,0
59,14,2,9,0,1,0,0,50,0
22,13,4,9,3,0,0,0,40,0
19,7,4,11,3,0,0,0,19,0
41,3,3,4,1,1,0,0,35,0
32,11,2,0,0,1,0,0,40,0
45,9,0,7,4,0,0,0,35,0
61,3,2,4,2,0,0,0,45,0
34,13,4,11,1,0,0,0,40,0
43,11,2,2,0,1,0,0,40,0
38,13,2,0,0,1,7298,0,50,1
35,16,2,9,0,1,0,0,60,0
65,9,0,10,1,1,0,0,20,0
24,13,2,3,0,1,0,0,55,1
37,9,2,0,0,1,0,0,40,0
34,10,2,4,0,1,0,0,50,0
42,9,2,13,0,1,0,0,60,1
18,4,4,7,3,0,0,0,40,0
43,10,6,3,4,0,0,0,15,0
31,10,2,7,0,1,0,0,40,1
19,10,4,11,3,0,0,0,20,0
40,10,2,3,0,1,0,0,50,0
32,13,2,9,0,1,0,0,40,0
47,10,2,3,0,1,0,0,40,1
32,10,2,13,0,1,0,0,40,0
46,16,5,9,1,1,0,0,35,0
40,13,2,3,0,1,0,0,65,1
36,13,4,2,1,1,0,0,35,0
33,11,2,11,0,1,0,0,36,0
23,3,4,13,1,1,0,0,35,0
21,6,5,6,3,1,0,0,40,0
40,9,2,7,5,0,0,0,32,0
53,16,2,9,0,1,0,0,50,1
53,10,2,13,0,1,0,0,72,0
58,5,2,5,0,1,0,0,60,0
51,9,2,11,0,1,0,0,55,1
31,9,2,7,0,1,0,0,65,0
35,9,2,2,0,1,0,0,40,0
31,10,0,0,1,0,0,0,35,0
21,10,4,7,4,0,0,0,35,0
39,14,2,2,0,1,0,0,55,1
36,15,2,9,5,0,15024,0,45,1
51,6,2,2,0,1,0,0,40,1
18,7,4,7,3,1,0,0,12,0
32,10,0,0,1,1,0,0,48,0
56,13,0,7,1,0,0,0,32,0
35,12,4,10,1,1,0,0,40,0
63,8,6,11,4,0,0,0,40,0
61,9,2,3,0,1,0,0,50,1
23,10,4,7,3,1,0,0,40,0
52,14,2,9,0,1,0,0,50,1
19,9,4,11,1,1,0,0,50,0
33,14,2,9,0,1,0,0,50,1
35,13,2,11,0,1,0,0,50,0
35,9,0,13,1,0,0,0,60,1
38,15,2,9,5,0,0,0,40,0
23,13,4,0,1,0,0,0,60,0
22,11,0,12,1,1,0,0,60,0
20,9,4,5,1,1,0,0,40,0
19,9,4,5,1,1,0,0,40,0
47,9,2,6,0,1,0,0,40,1
59,7,2,2,0,1,0,0,40,0
38,9,4,11,3,0,0,0,40,0
36,9,2,7,0,1,0,0,50,0
27,3,4,7,2,1,0,0,40,0
24,11,2,13,0,1,0,0,40,0
35,9,4,7,3,0,0,0,35,0
22,10,4,7,2,1,0,0,39,0
37,9,2,13,0,1,0,0,52,0
36,9,2,2,0,1,7298,0,40,1
28,9,5,7,1,0,0,0,25,0
55,9,2,11,5,0,0,0,50,0
32,13,2,11,0,1,0,0,44,0
47,10,3,2,2,1,0,0,45,0
23,13,4,7,1,0,0,0,40,0
50,14,0,9,1,0,0,0,45,0
40,9,2,4,0,1,0,0,84,0
51,9,4,6,1,0,0,1590,40,0
34,9,4,9,1,0,0,1669,45,0
28,13,4,10,1,0,0,0,40,0
52,16,2,9,0,1,0,1887,70,1
39,9,2,3,0,1,3103,0,60,1
43,13,2,0,0,1,0,0,40,1
36,13,4,9,3,0,0,0,35,1
25,13,4,9,3,0,0,0,15,0
42,10,0,0,4,0,0,0,38,0
35,10,2,13,0,1,0,0,40,0
43,14,2,3,0,1,7688,0,53,1
34,9,2,2,0,1,0,0,40,0
50,13,2,3,0,1,0,0,38,1
30,10,2,13,0,1,0,0,60,0
44,14,2,9,0,1,0,0,44,1
52,11,2,2,0,1,0,0,40,0
35,12,2,11,0,1,0,0,60,0
36,11,0,9,1,1,0,0,40,1
30,13,4,3,3,0,0,0,52,0
36,13,2,11,0,1,15024,0,45,1
39,13,4,3,1,0,0,0,40,0
25,2,2,4,0,1,0,0,96,0
26,13,4,12,1,1,0,0,40,0
20,9,4,11,3,0,0,0,20,0
20,10,4,10,3,1,0,0,40,0
26,9,4,13,3,1,0,0,50,0
24,10,4,0,1,0,0,0,35,0
48,13,2,12,0,1,0,0,40,1
62,9,0,8,4,0,0,0,99,0
48,9,2,6,0,1,0,0,40,0
52,13,2,11,0,1,0,0,40,1
25,13,4,11,1,1,0,0,44,0
58,3,2,6,0,1,0,0,40,0
40,13,4,9,1,0,0,0,45,0
19,10,4,7,2,0,0,0,20,0
37,7,4,5,1,1,0,0,40,0
23,7,2,6,0,1,0,0,40,0
31,9,0,2,1,1,0,0,60,0
64,4,2,2,0,1,0,0,20,0
28,10,4,0,3,0,0,0,16,0
32,9,4,2,3,1,0,0,40,0
49,10,0,0,1,0,0,0,44,0
35,10,0,0,1,0,0,0,40,1
45,16,2,3,0,1,0,0,45,1
39,8,2,13,0,1,15024,0,70,1
46,13,0,7,4,0,0,0,60,1
19,10,4,0,3,0,0,0,16,0
29,9,2,6,5,0,0,0,40,0
25,9,2,10,3,1,0,0,35,0
37,13,4,0,1,0,0,0,40,0
30,9,4,0,4,1,0,0,40,0
28,9,2,6,0,1,0,0,40,0
36,10,5,0,4,0,6497,0,56,0
32,10,4,3,4,0,0,0,35,0
34,7,4,6,1,1,0,0,40,0
34,9,4,0,1,0,0,0,36,0
20,10,4,11,3,0,0,0,40,0
27,14,4,13,3,1,0,0,40,0
36,9,2,0,5,0,0,0,40,0
35,10,2,11,0,1,0,0,40,0
37,9,0,3,1,1,0,0,35,0
32,9,2,2,0,1,0,0,50,0
32,14,4,9,1,0,0,0,20,0
52,9,0,11,1,0,0,0,48,0
50,10,2,2,0,1,0,0,40,1
23,9,4,7,1,0,0,0,30,0
25,9,2,2,0,1,0,0,45,0
21,1,4,4,1,1,0,0,50,0
31,9,0,11,1,0,0,0,32,0
31,10,2,7,5,0,0,0,30,0
41,11,5,7,1,1,0,0,40,0
47,10,2,12,0,1,0,0,60,0
20,10,4,0,1,0,0,0,45,0
29,6,0,6,1,0,0,0,25,0
51,10,6,0,1,0,0,0,40,0
30,13,2,9,5,0,0,0,33,1
48,13,2,0,0,1,0,0,35,1
39,9,5,3,1,1,14344,0,40,1
62,13,2,11,0,1,0,0,35,0
22,13,4,7,1,1,0,0,30,0
46,13,2,3,0,1,7688,0,40,1
51,14,2,9,0,1,0,1977,35,1
20,9,4,11,1,0,0,0,32,0
40,12,2,11,0,1,15024,0,50,1
31,13,4,12,1,1,0,0,40,0
30,10,4,2,3,1,0,0,40,0
52,9,2,0,5,0,0,0,38,0
20,9,4,9,2,0,0,0,40,0
37,11,2,3,0,1,0,0,40,1
65,13,6,7,1,0,0,0,40,0
40,13,4,9,1,1,4650,0,40,0
60,13,2,10,0,1,7298,0,48,1
27,9,4,2,1,1,0,0,35,0
62,13,2,11,0,1,0,0,60,1
53,9,0,11,1,0,0,0,35,0
38,13,2,11,0,1,0,0,50,1
49,11,2,9,0,1,0,0,40,0
21,9,4,6,3,1,0,0,40,0
18,10,4,0,3,1,0,0,40,0
25,13,4,9,2,1,0,0,40,0
36,7,2,2,0,1,0,0,40,0
52,9,2,3,0,1,0,0,55,1
19,10,4,12,3,1,0,0,14,0
23,13,4,0,1,0,0,0,40,0
63,13,2,11,0,1,0,0,15,0
63,11,2,7,0,1,0,0,45,0
62,13,0,11,1,1,99999,0,40,1
51,12,2,11,0,1,3103,0,30,1
76,10,6,0,1,0,0,0,30,0
50,9,2,2,0,1,5013,0,45,0
45,9,2,2,0,1,0,0,50,1
44,10,0,11,3,1,0,0,45,1
51,4,2,13,0,1,0,0,40,0
42,13,4,3,3,1,4650,0,35,0
43,14,2,9,0,1,0,0,40,1
53,7,2,6,0,1,0,0,40,0
29,11,2,0,0,1,0,0,40,0
41,10,2,9,0,1,0,0,40,0
44,9,0,2,4,1,0,0,40,0
35,6,6,7,1,0,0,1980,40,0
27,9,2,2,0,1,0,0,40,0
35,10,2,9,0,1,0,0,50,0
60,11,6,2,1,0,0,0,30,0
49,10,0,3,1,1,14344,0,45,1
33,13,2,3,0,1,0,0,45,0
35,13,2,11,0,1,0,0,40,1
31,10,2,0,0,1,0,0,38,0
54,9,2,0,0,1,7298,0,60,1
57,16,2,9,0,1,0,0,35,0
30,5,4,2,3,1,0,0,45,0
45,6,4,6,1,1,0,0,40,0
41,10,2,6,0,1,7298,0,42,1
25,13,4,7,3,1,0,0,18,0
51,10,2,3,0,1,0,0,40,1
42,3,5,0,2,1,0,0,40,0
28,11,4,5,1,1,0,0,45,0
53,13,0,12,1,1,0,0,40,0
31,13,4,3,1,0,13550,0,50,1
46,7,2,7,0,1,7688,0,40,1
25,9,4,0,2,0,0,0,40,0
47,9,2,6,0,1,0,0,40,0
30,9,2,13,0,1,0,0,40,0
48,9,2,2,0,1,0,0,40,0
22,10,4,7,3,1,0,0,40,0
32,10,2,2,0,1,0,0,30,0
33,16,4,9,1,1,0,0,45,1
31,9,2,7,0,1,0,0,40,0
43,10,2,7,5,0,0,0,20,1
26,11,4,7,1,0,0,0,40,0
34,9,2,4,0,1,0,0,40,0
50,13,2,9,5,0,0,0,40,1
30,9,5,0,4,0,0,0,40,0
17,7,4,7,3,1,0,0,20,0
35,14,4,9,3,0,0,0,40,0
29,10,2,2,0,1,0,0,40,0
27,12,2,0,0,1,4064,0,40,0
34,13,4,11,3,1,0,0,40,1
32,9,5,5,1,0,0,0,40,0
47,10,0,0,4,0,0,0,40,0
40,10,4,11,1,0,0,0,40,0
26,11,4,7,1,0,0,0,40,0
30,9,4,7,1,0,0,0,40,0
54,9,0,2,1,1,0,0,40,0
53,13,2,9,0,1,0,0,55,1
43,4,5,4,1,1,0,0,40,0
25,10,4,4,3,1,0,0,20,0
39,9,2,2,0,1,0,0,40,0
57,9,2,13,0,1,0,0,25,1
47,9,2,7,0,1,0,0,34,0
45,9,0,7,2,0,0,0,35,0
24,13,4,9,1,1,0,0,40,0
32,6,0,2,1,1,0,0,40,0
25,10,4,11,1,1,0,0,35,0
57,3,5,6,1,0,0,0,40,0
28,13,2,9,5,0,0,1977,24,1
28,9,2,11,0,1,0,0,51,0
27,13,4,9,1,0,0,0,55,0
28,13,4,0,1,0,0,0,20,0
44,9,2,4,0,1,0,0,42,0
27,9,4,6,3,1,0,0,45,0
61,13,2,3,0,1,0,0,40,0
25,7,4,7,1,1,0,0,99,0
28,5,4,5,3,0,0,0,24,0
20,10,4,2,3,1,0,0,40,0
33,11,4,11,3,1,0,0,40,0
38,9,0,7,1,1,0,0,40,0
31,9,4,11,4,0,0,0,25,0
40,14,4,9,1,0,0,0,45,1
43,10,2,3,0,1,0,0,55,1
38,14,2,3,0,1,0,0,60,1
19,10,4,3,3,1,0,0,30,0
56,12,2,7,0,1,0,0,50,0
38,14,0,3,1,1,0,0,45,1
22,9,2,8,5,0,4508,0,40,0
18,9,4,7,3,1,0,0,25,0
68,10,6,7,1,0,0,0,20,0
35,11,0,13,1,1,0,0,50,0
32,6,0,2,4,1,0,0,40,0
43,10,2,9,5,0,0,0,40,1
30,6,4,6,4,0,0,0,40,0
62,10,2,12,0,1,2829,0,24,0
38,11,2,6,0,1,0,0,40,0
27,9,4,5,3,1,0,0,40,0
28,16,4,9,1,0,0,0,60,1
26,11,4,7,1,1,0,0,40,0
21,10,4,6,3,1,0,0,20,0
19,9,4,7,2,1,0,0,40,0
20,10,4,0,3,1,0,0,30,0
25,13,4,10,1,1,0,0,40,0
28,10,4,2,3,1,0,0,50,0
36,11,4,0,1,1,0,0,42,1
23,13,4,2,1,1,0,0,40,0
24,13,2,0,5,0,0,0,50,0
23,9,4,7,1,0,0,0,40,0
24,13,4,9,3,0,0,0,20,0
25,9,4,7,1,1,0,0,8,0
24,9,4,6,1,1,0,0,40,0
30,9,2,3,0,1,0,0,62,0
36,10,2,3,5,0,0,0,33,0
45,9,2,7,0,1,0,0,40,0
31,12,0,11,4,0,0,880,45,0
34,9,4,0,1,1,0,0,48,0
65,13,2,3,0,1,0,0,44,1
42,11,0,9,4,0,0,0,40,0
27,15,4,9,1,1,0,0,70,0
40,10,2,11,5,0,0,0,40,0
53,10,2,0,0,1,0,0,40,1
54,9,2,11,0,1,0,0,50,1
30,13,4,9,2,1,0,0,35,0
59,9,2,13,0,1,0,0,45,1
42,9,0,3,4,1,0,0,55,0
23,9,4,0,1,0,0,0,40,0
28,13,2,7,5,0,0,0,15,0
20,9,4,5,3,1,0,0,40,0
22,10,4,11,1,0,0,0,20,0
47,10,2,2,0,1,0,1977,40,1
44,10,2,6,0,1,0,0,40,0
40,8,0,2,1,1,0,0,40,0
37,11,2,12,5,0,0,0,37,1
39,9,0,6,3,1,0,0,50,0
49,10,2,11,0,1,7688,0,40,1
44,10,0,7,1,1,0,0,45,0
27,5,2,6,5,0,0,0,37,0
50,9,2,0,0,1,0,0,40,0
39,13,2,9,0,1,0,0,40,1
41,9,4,11,4,0,0,0,40,0
55,13,2,10,0,1,0,0,40,1
53,2,2,7,0,1,0,0,35,0
53,14,0,9,4,0,0,0,50,0
31,14,2,3,0,1,0,2415,70,1
21,9,4,2,1,1,0,0,40,0
30,9,5,6,1,1,0,0,40,0
53,14,4,3,1,0,0,0,60,1
47,10,2,2,0,1,0,1485,47,0
60,13,0,3,1,0,0,0,40,1
59,5,5,6,4,0,0,0,40,0
37,13,4,3,1,1,0,0,48,1
47,13,2,2,0,1,0,1740,40,0
49,5,2,2,0,1,0,0,40,0
73,10,4,9,2,0,0,0,11,0
58,9,0,7,4,0,0,0,20,0
35,10,4,5,3,1,0,0,40,0
24,10,2,9,5,0,0,0,50,0
62,9,6,0,1,0,0,0,38,0
58,9,2,0,5,0,0,0,40,0
51,10,2,0,0,1,15024,0,40,1
21,9,4,11,3,1,0,0,40,0
30,13,2,2,0,1,0,0,40,0
27,11,4,9,1,0,0,1876,36,0
25,13,2,12,0,1,5178,0,40,1
31,9,4,2,1,1,0,0,45,0
31,9,4,7,4,0,0,0,34,0
44,10,2,2,0,1,5178,0,50,1
52,16,2,9,0,1,99999,0,65,1
30,12,2,11,0,1,0,0,40,0
29,9,4,13,3,1,0,0,40,0
36,7,0,13,1,1,0,0,40,0
54,13,2,4,0,1,0,0,50,0
59,10,5,10,1,1,0,0,40,1
55,10,4,0,1,1,0,0,45,0
22,12,4,0,3,0,0,0,20,0
42,9,0,6,1,0,0,0,40,0
36,12,2,11,5,0,0,0,40,0
32,13,2,9,0,1,0,0,40,1
44,4,2,2,0,1,0,0,40,0
25,7,3,5,1,1,0,0,40,0
31,9,2,13,0,1,0,0,50,0
33,9,4,7,3,1,0,0,40,0
54,12,2,11,0,1,0,0,50,1
42,9,4,3,1,1,0,0,48,0
49,9,2,13,0,1,0,0,44,0
30,9,2,0,0,1,0,0,44,0
54,9,0,3,4,0,0,0,45,0
39,10,4,13,4,1,0,0,40,0
24,10,4,6,3,1,0,0,40,0
21,9,4,0,3,0,0,0,44,0
23,5,4,7,4,0,0,0,30,0
54,9,0,0,4,0,0,0,42,0
23,14,4,11,1,0,0,0,20,0
39,9,0,6,4,1,0,1726,40,0
23,10,4,9,1,1,0,0,25,0
41,10,2,6,0,1,0,1902,40,1
32,7,4,7,1,1,0,0,40,0
57,9,2,2,0,1,0,0,40,0
18,9,4,0,2,0,0,0,30,0
60,16,2,9,0,1,7688,0,60,1
21,10,4,6,3,0,0,0,40,0
53,10,6,0,2,0,0,0,22,0
38,13,2,3,0,1,7688,0,55,1
21,10,4,5,1,1,0,0,40,0
53,16,0,3,1,0,0,0,55,1
24,9,4,2,1,1,0,0,40,0
36,12,2,7,0,1,0,0,40,0
29,14,4,3,1,1,0,0,60,0
23,10,4,11,1,1,0,0,40,0
44,10,2,3,0,1,0,0,50,0
32,14,2,9,0,1,0,0,48,0
25,13,4,3,1,0,0,0,50,0
41,9,0,2,4,1,0,0,27,0
18,9,4,7,3,0,0,0,30,0
57,10,2,2,0,1,0,1672,45,0
62,13,6,3,1,1,10520,0,50,1
29,13,4,5,3,1,0,0,40,0
19,9,4,7,3,0,0,0,40,0
35,15,2,9,0,1,0,0,65,1
52,13,2,9,0,1,0,0,50,1
28,6,4,6,4,0,0,0,40,0
38,9,4,7,3,1,0,0,40,0
42,10,6,11,4,0,0,0,40,0
41,13,4,9,1,1,0,0,40,0
23,13,4,9,1,1,0,0,38,0
31,14,2,11,0,1,0,0,76,1
31,3,4,6,1,1,0,0,45,0
46,14,2,9,0,1,0,0,40,1
18,7,4,11,3,0,0,0,20,0
57,14,2,12,0,1,0,0,38,1
25,11,4,0,1,0,0,0,38,0
32,14,2,3,0,1,0,0,40,1
27,5,4,4,3,1,0,0,40,0
46,13,2,9,0,1,7688,0,45,1
43,9,4,2,4,1,0,0,40,0
56,13,3,9,1,0,0,0,40,1
19,9,2,2,5,0,0,0,40,0
20,9,4,0,3,0,0,0,40,0
42,10,4,6,1,1,0,0,45,0
90,9,6,13,4,1,0,0,99,0
25,7,5,6,1,1,0,0,35,0
27,9,4,7,1,0,0,0,40,0
48,9,2,13,0,1,0,0,44,0
48,10,4,0,1,1,0,0,40,0
27,9,2,2,0,1,0,0,48,0
46,13,6,12,4,0,0,0,38,0
32,3,2,7,2,1,0,0,40,0
22,11,2,12,0,1,0,0,40,0
24,13,1,9,5,0,0,0,40,1
31,9,2,2,0,1,0,0,65,0
20,10,4,9,1,0,0,0,18,0
28,15,4,9,1,1,2176,0,40,0
40,9,2,3,0,1,0,0,60,1
39,9,2,6,0,1,0,0,40,1
54,9,2,13,0,1,0,0,40,0
59,10,2,10,0,1,0,0,42,0
17,7,4,11,3,0,0,0,18,0
25,10,4,2,3,1,0,0,80,0
49,9,2,10,0,1,0,0,40,1
55,9,0,3,1,1,34095,0,60,0
39,9,2,2,0,1,0,0,40,0
67,10,6,9,1,0,0,0,16,0
28,9,4,7,4,1,0,0,40,0
35,5,2,6,0,1,0,0,40,0
44,9,2,0,0,1,0,0,48,1
51,14,2,9,0,1,0,0,47,1
55,13,6,4,3,1,0,0,40,0
45,9,2,10,0,1,0,0,78,1
32,9,2,2,0,1,0,0,48,0
45,10,0,3,4,0,0,0,40,0
45,14,2,3,0,1,15024,0,60,1
35,13,4,11,1,1,0,0,40,1
55,9,2,13,0,1,0,0,44,0
59,10,2,2,0,1,0,0,40,1
22,9,4,0,1,0,0,0,55,0
46,14,6,3,4,0,0,0,35,0
23,9,4,4,3,1,0,0,40,0
47,13,2,3,0,1,0,0,45,1
34,9,2,2,0,1,0,0,30,0
51,7,0,13,3,1,0,0,40,0
40,11,2,11,0,1,0,0,50,0
24,10,4,0,3,1,0,0,12,0
20,10,4,4,1,1,0,0,72,0
44,10,0,13,4,1,1831,0,50,0
26,9,0,2,4,1,0,0,40,0
35,9,5,0,4,0,0,0,38,0
23,10,4,6,4,1,0,0,40,0
40,9,0,2,1,1,0,0,50,0
49,9,2,10,0,1,0,0,40,0
32,9,4,6,1,1,0,0,45,0
28,11,0,9,4,0,0,0,40,0
51,14,2,3,0,1,15024,0,60,1
62,11,2,3,0,1,0,0,50,1
31,10,2,6,0,1,0,0,40,0
47,12,2,10,0,1,0,0,40,1
36,11,4,12,1,0,0,0,3,0
44,9,4,2,1,1,0,0,40,0
46,13,2,3,0,1,0,0,40,1
32,9,4,2,1,1,0,0,40,0
51,12,0,13,4,0,0,0,30,0
48,13,2,3,0,1,0,0,45,1
28,13,4,6,4,0,0,0,40,0
57,10,2,12,0,1,0,0,60,1
33,11,2,11,0,1,0,0,40,0
42,9,5,6,1,1,0,0,15,0
17,6,4,7,3,1,0,0,40,0
31,13,2,3,0,1,0,0,55,1
35,10,4,6,1,1,0,1974,40,0
20,9,4,5,3,1,0,0,40,0
36,9,2,3,5,0,0,0,40,0
24,10,4,11,1,0,0,0,24,0
33,10,2,13,0,1,0,0,50,1
36,10,2,0,0,1,0,0,40,0
31,13,0,3,4,0,0,0,40,0
29,12,0,11,4,0,3418,0,40,0
47,13,2,11,0,1,0,0,60,1
30,16,2,9,0,1,5178,0,75,1
34,9,2,4,0,1,0,0,50,0
23,9,4,6,2,0,0,0,40,0
33,11,0,0,1,1,0,0,40,0
59,6,0,6,1,0,0,0,40,0
67,13,0,9,1,1,0,0,40,0
26,9,0,6,1,1,0,0,40,0
27,9,2,6,0,1,2885,0,40,0
24,13,4,0,3,1,0,0,39,0
44,11,0,12,1,1,0,0,40,0
31,9,2,2,0,1,0,0,40,1
28,15,2,9,0,1,0,0,60,0
19,9,4,7,3,0,0,0,20,0
31,13,2,3,5,0,0,1902,40,1
20,9,4,0,1,0,0,0,40,0
64,9,0,7,1,0,0,0,15,0
47,9,2,0,5,0,0,0,40,1
36,10,4,0,1,0,0,0,35,0
48,9,2,2,0,1,0,0,44,1
19,10,4,7,3,0,0,0,40,0
22,9,4,11,3,0,0,0,35,0
56,5,0,0,1,1,0,0,40,0
22,10,4,0,1,1,0,0,50,0
37,13,2,9,0,1,0,0,99,1
57,13,6,9,1,0,0,0,35,0
38,12,2,11,0,1,0,0,50,1
34,9,4,6,4,0,0,0,40,0
38,10,0,3,1,0,0,0,40,0
30,10,2,3,0,1,0,1902,40,1
32,13,4,9,1,1,0,0,45,1
29,8,3,7,1,0,0,0,40,0
56,9,2,6,0,1,0,0,40,0
42,11,2,3,5,0,7298,0,35,1
71,9,6,3,2,0,0,0,33,0
20,7,4,13,3,1,0,0,40,0
25,9,4,6,3,1,0,0,36,0
61,10,2,9,0,1,0,0,50,1
24,13,2,3,5,0,0,0,40,0
51,5,4,7,4,0,0,0,40,0
27,9,4,0,1,1,0,0,40,0
41,10,2,3,5,0,0,1902,40,1
31,9,0,6,1,1,0,0,40,0
39,9,0,8,4,0,0,0,16,0
51,15,2,9,0,1,0,0,40,0
52,9,4,3,4,0,0,0,40,0
49,13,2,9,0,1,0,0,40,1
43,10,2,2,0,1,0,0,40,0
45,13,2,3,0,1,0,1977,60,1
49,9,0,6,1,1,0,0,40,0
19,9,4,7,1,0,0,0,40,0
44,9,2,4,0,1,0,0,40,0
67,9,2,13,0,1,0,0,40,0
58,15,2,9,0,1,0,0,45,1
36,13,2,9,0,1,7688,0,40,1
67,9,6,0,1,0,15831,0,16,1
61,16,2,9,0,1,0,0,40,1
55,4,4,7,4,0,0,0,40,0
35,9,4,0,1,1,0,0,40,0
35,6,4,7,4,0,0,0,38,0
20,10,4,0,3,0,0,0,10,0
51,9,2,0,5,0,0,0,40,0
23,13,4,9,3,1,0,0,40,0
39,9,2,4,0,1,0,0,24,0
36,10,0,7,4,0,0,0,40,0
47,9,2,11,0,1,0,0,45,1
27,13,4,11,1,1,0,0,80,1
29,9,2,2,0,1,0,0,40,0
21,10,4,10,1,1,0,0,40,0
18,10,4,0,1,0,0,0,20,0
24,10,4,3,3,1,0,0,20,0
39,9,2,2,0,1,0,0,40,1
51,10,2,3,0,1,0,0,40,0
47,13,2,12,0,1,15024,0,40,1
62,10,0,0,4,0,0,0,30,0
49,13,2,3,0,1,0,0,40,1
20,7,2,7,0,1,0,0,40,0
24,10,4,11,1,1,0,0,40,0
25,9,4,3,3,0,0,0,40,0
54,13,2,11,0,1,0,0,40,0
25,9,4,2,3,1,0,0,40,0
43,10,0,11,4,0,0,0,55,1
26,13,4,3,1,1,0,1876,38,0
24,9,2,5,0,1,0,0,40,0
18,7,4,7,3,1,0,0,20,0
45,9,2,3,0,1,0,0,25,0
26,13,4,11,1,1,0,0,40,0
47,10,4,7,3,1,0,0,40,0
21,9,4,2,3,1,0,0,40,0
29,9,0,7,4,0,0,0,99,0
68,10,2,9,0,1,0,0,15,0
21,10,4,3,1,1,0,0,48,0
28,10,4,3,1,1,0,0,30,0
46,9,2,3,5,0,0,0,40,1
35,9,5,13,4,0,0,0,48,0
50,6,4,2,1,1,0,0,25,0
48,10,0,3,1,1,0,0,40,0
59,13,2,2,0,1,15024,0,50,1
23,10,4,3,3,1,0,0,40,0
53,9,6,11,1,0,0,0,30,0
50,14,2,11,0,1,0,0,40,1
53,8,3,5,1,1,0,0,56,0
52,9,2,6,0,1,0,0,48,0
38,13,2,9,0,1,0,0,50,0
43,14,2,3,0,1,0,0,50,1
35,13,2,7,5,0,0,0,32,0
41,15,2,3,0,1,0,0,50,1
22,10,4,11,3,1,0,0,40,0
39,9,2,7,0,1,0,0,60,1
45,14,2,11,0,1,0,0,40,1
31,5,2,4,5,0,0,0,42,0
40,13,2,9,0,1,0,1887,40,1
47,3,2,13,0,1,0,0,20,0
53,9,2,2,0,1,0,0,40,0
53,13,2,11,0,1,0,0,60,1
33,13,4,12,1,1,0,1564,52,1
24,13,4,0,3,0,0,0,20,0
34,10,4,7,1,0,0,0,40,0
46,9,2,11,0,1,0,0,50,1
29,10,2,10,0,1,0,0,60,0
61,7,6,7,4,0,0,0,32,1
31,9,2,4,0,1,0,0,40,0
29,9,3,12,3,1,0,0,40,0
42,9,5,2,4,1,0,0,40,0
50,10,2,3,0,1,0,0,40,0
34,9,0,0,1,0,0,0,40,0
39,4,2,13,0,1,0,0,40,0
74,2,2,13,0,1,0,0,20,0
40,10,2,11,0,1,0,0,40,0
75,15,2,9,0,1,0,2174,50,1
40,13,2,9,5,0,0,0,40,1
36,7,2,2,0,1,0,0,40,0
28,13,2,3,5,0,0,0,40,1
19,10,4,0,1,0,0,0,18,0
36,12,5,7,4,0,0,0,32,0
50,10,0,0,4,0,0,880,40,0
47,12,2,9,5,0,15024,0,40,1
48,9,4,12,4,0,0,0,33,0
60,9,0,2,1,1,0,0,40,0
30,14,4,9,1,1,0,0,30,0
32,13,2,3,0,1,0,0,50,1
45,14,2,9,5,0,0,1977,35,1
51,10,2,12,0,1,0,0,40,1
53,5,3,6,4,1,0,0,75,0
48,14,2,3,0,1,0,0,40,1
32,12,0,6,1,0,0,0,50,0
31,9,0,3,4,0,0,0,40,0
58,13,0,7,1,0,0,0,20,0
32,12,2,3,0,1,0,0,60,1
32,13,4,9,1,1,0,0,40,0
40,13,0,11,3,1,0,0,80,0
50,13,2,3,0,1,99999,0,55,1
38,6,5,6,1,1,0,0,40,0
30,9,2,6,0,1,0,0,40,0
21,9,4,0,4,0,0,0,40,0
28,13,4,9,3,0,0,1564,40,1
32,12,0,9,4,0,0,880,36,0
25,9,4,11,1,1,0,0,45,0
59,10,2,12,0,1,0,0,40,1
49,10,4,2,3,1,0,0,40,0
36,13,4,3,1,1,0,0,40,0
46,10,0,8,4,0,0,0,30,0
37,15,2,9,0,1,0,0,60,1
48,13,2,11,0,1,0,0,40,1
43,10,2,7,0,1,0,1672,44,0
41,9,2,3,0,1,0,0,40,1
54,9,2,11,0,1,3464,0,40,0
36,10,0,3,1,0,0,0,4,0
29,13,0,7,4,0,0,0,40,0
66,9,2,2,0,1,0,2267,40,0
59,15,4,9,1,1,0,0,50,0
62,13,2,3,0,1,0,0,40,1
29,6,4,2,1,1,0,0,40,0
28,13,2,11,0,1,0,0,45,1
27,13,2,6,0,1,0,1887,60,1
42,9,2,3,0,1,0,0,40,1
60,11,2,2,0,1,0,0,46,1
58,14,2,9,0,1,0,0,50,1
27,10,2,2,0,1,0,0,40,0
45,9,6,2,1,0,0,0,40,0
50,10,2,2,0,1,0,0,40,1
43,10,2,2,0,1,0,0,40,0
39,15,0,3,1,1,0,0,50,0
21,10,4,0,3,1,0,0,20,0
24,9,2,5,0,1,0,0,70,0
59,15,2,4,0,1,0,0,30,0
36,9,2,6,0,1,0,0,40,1
35,14,2,3,0,1,0,0,65,1
33,10,0,5,3,1,0,0,40,0
30,9,4,2,1,0,0,0,45,0
40,11,0,2,4,1,0,0,50,1
26,10,2,11,0,1,0,0,55,0
37,11,5,0,1,1,0,0,40,0
68,10,0,13,1,0,0,0,20,0
45,13,2,2,0,1,0,0,72,1
56,9,2,9,0,1,0,0,40,0
36,9,4,0,3,0,0,0,40,0
50,13,2,3,0,1,7298,0,50,1
38,11,2,11,0,1,0,0,40,0
29,13,2,11,0,1,0,0,41,0
28,9,4,7,4,0,0,0,28,0
39,10,2,0,0,1,0,0,50,0
26,13,4,10,1,1,0,0,40,0
52,10,0,3,1,1,0,0,65,1
52,13,0,4,1,1,0,0,40,0
84,9,6,7,1,0,0,0,13,0
33,10,4,7,1,0,0,0,10,0
46,15,2,9,0,1,15024,0,50,1
30,9,4,11,1,0,0,0,35,0
38,13,2,9,0,1,0,0,40,1
66,9,6,8,1,0,0,0,8,0
62,14,2,0,0,1,0,0,40,1
31,13,2,3,0,1,0,1887,40,1
31,13,2,2,0,1,0,0,40,1
39,9,2,6,0,1,2829,0,40,0
27,13,4,12,3,0,0,0,40,0
38,10,0,0,3,0,0,0,40,0
25,9,4,5,2,1,0,0,40,0
48,9,2,3,5,0,0,0,40,0
45,14,2,9,0,1,0,0,50,1
22,10,4,11,3,1,0,0,40,0
50,9,2,2,0,1,0,0,40,0
21,9,4,4,1,1,0,0,40,0
44,10,0,0,4,0,0,0,40,0
60,9,5,7,1,1,0,1876,50,0
51,9,2,6,0,1,0,0,48,0
30,9,3,2,2,1,0,0,40,0
46,12,0,2,1,1,0,0,40,0
43,11,2,3,0,1,0,0,45,1
57,9,4,7,1,1,0,0,48,0
48,14,2,9,0,1,0,1902,40,1
68,9,2,4,0,1,2414,0,40,0
33,10,4,7,1,1,0,0,24,0
22,9,4,5,3,1,4416,0,40,0
28,9,4,6,1,1,0,0,50,0
32,14,2,9,0,1,0,0,40,0
56,9,0,2,1,1,0,0,42,0
36,9,2,7,0,1,0,0,50,0
34,10,2,3,0,1,0,0,55,0
18,9,4,11,1,0,0,1721,40,0
39,6,6,6,1,1,0,1590,40,0
25,13,4,3,1,0,0,0,40,0
27,10,4,2,1,1,0,0,35,0
56,14,0,11,1,1,0,1876,60,0
33,9,2,2,0,1,0,0,40,0
49,16,2,9,0,1,0,0,60,1
44,9,2,3,0,1,0,0,84,0
30,7,4,2,1,1,0,0,45,1
27,9,0,2,1,1,0,0,50,0
25,13,4,0,1,1,0,0,40,1
30,13,4,3,1,1,0,0,40,0
38,12,2,7,0,1,0,0,40,0
38,9,2,2,0,1,0,0,40,0
46,10,0,11,4,0,0,0,40,0
37,9,6,6,4,0,0,0,20,0
62,9,2,3,0,1,0,0,40,1
55,9,2,7,0,1,0,0,40,0
47,9,3,2,1,1,0,0,40,0
45,9,2,9,5,0,0,0,14,0
50,9,2,2,0,1,0,0,40,0
36,9,0,6,4,1,0,0,40,0
45,9,4,11,1,0,0,0,20,0
23,9,4,13,1,1,0,0,38,0
37,12,2,3,0,1,7688,0,50,1
38,16,2,9,0,1,0,0,55,1
27,10,4,5,3,1,0,0,40,0
29,13,2,11,5,0,0,0,50,0
45,14,4,9,1,0,0,0,40,0
41,9,2,11,0,1,0,1887,55,1
38,10,4,7,1,0,0,0,20,0
27,13,4,9,1,1,0,0,40,0
44,9,0,2,1,1,0,0,40,0
33,14,2,13,0,1,0,0,40,0
28,9,2,11,0,1,99999,0,40,1
32,13,2,3,0,1,0,0,45,1
43,14,2,9,0,1,0,0,55,0
45,9,0,7,3,0,0,0,40,0
52,12,2,7,0,1,7298,0,40,1
24,9,4,7,1,1,0,0,35,0
47,11,2,9,0,1,0,0,40,1
53,16,0,3,1,1,14084,0,50,1
31,13,2,11,0,1,0,0,40,1
30,11,4,2,1,1,0,0,40,0
56,9,2,0,0,1,0,0,40,0
49,13,2,9,0,1,0,0,40,1
38,9,2,13,0,1,0,0,40,0
19,10,4,0,3,1,0,0,18,0
39,11,2,2,0,1,0,0,40,0
38,9,2,3,0,1,0,0,40,0
47,9,2,13,0,1,0,0,55,1
58,7,2,2,0,1,0,0,40,0
27,9,4,13,1,1,2174,0,40,0
59,14,0,9,1,1,0,0,40,1
24,13,4,11,1,1,0,0,47,0
42,11,2,6,0,1,2407,0,40,0
53,14,2,3,0,1,0,0,60,1
35,9,2,5,0,1,0,0,50,0
36,9,2,0,5,0,0,0,40,1
26,9,2,2,0,1,0,0,40,0
33,5,5,0,1,1,0,0,48,0
29,10,2,9,0,1,0,0,40,0
43,7,2,5,0,1,0,0,40,0
35,13,2,11,0,1,15024,0,50,1
48,13,3,9,2,0,0,0,36,1
45,14,0,9,1,0,0,0,40,0
43,9,0,3,1,0,0,0,40,0
27,5,4,7,3,1,0,0,30,0
21,4,4,2,3,1,0,0,40,0
39,10,2,0,0,1,15024,0,40,1
52,13,2,11,0,1,15024,0,55,1
41,13,6,9,4,0,0,0,40,0
48,9,2,2,0,1,7688,0,70,1
53,9,0,3,1,1,0,1092,40,0
33,12,2,2,0,1,0,0,50,0
37,6,4,2,3,1,0,0,35,0
43,16,5,9,4,0,0,0,24,1
20,10,4,0,1,0,0,0,40,0
47,15,2,9,0,1,0,0,50,1
36,9,2,4,0,1,0,0,70,0
41,9,2,13,0,1,0,1887,45,1
67,4,2,2,0,1,1797,0,40,0
38,13,3,2,1,1,0,0,40,0
47,14,4,3,1,1,0,0,25,0
39,11,2,12,0,1,0,0,40,0
36,9,4,7,3,1,0,0,35,0
24,10,2,0,0,1,0,0,40,0
50,9,2,4,0,1,0,0,84,0
21,9,4,7,1,0,1055,0,30,0
21,5,4,7,3,0,0,0,50,0
40,9,4,2,1,1,0,0,40,0
19,10,4,0,1,0,0,0,25,0
38,9,4,6,1,0,0,0,40,0
34,11,2,2,0,1,0,0,50,0
44,10,0,3,1,1,0,0,50,0
20,12,4,11,3,0,0,0,25,0
44,9,4,3,1,1,0,1564,55,1
49,9,0,0,1,0,594,0,10,0
45,12,2,9,0,1,0,0,50,1
24,9,4,2,3,1,0,0,40,0
34,9,0,0,3,1,0,0,40,0
58,9,2,11,0,1,0,0,72,1
39,9,2,2,0,1,0,0,45,0
22,9,4,7,3,1,0,0,40,0
38,13,2,9,5,0,0,0,32,1
32,15,2,9,0,1,15024,0,50,1
45,9,0,13,1,1,0,0,48,0
23,9,2,6,0,1,0,0,45,0
35,12,2,2,0,1,0,0,45,0
52,10,2,2,0,1,0,0,45,1
55,10,0,2,1,1,0,0,40,0
23,9,4,4,3,1,0,0,40,0
22,13,2,0,3,0,2885,0,25,0
27,9,2,0,0,1,0,0,40,0
24,12,4,0,3,0,0,0,15,0
21,10,4,2,1,1,0,0,40,0
49,13,0,11,2,0,0,0,35,0
32,8,2,6,0,1,0,0,40,0
64,10,6,7,4,0,0,0,24,0
37,9,4,4,4,1,0,0,50,0
61,4,3,6,1,1,0,0,40,0
44,9,2,2,5,0,0,0,40,1
53,9,2,2,0,1,0,0,52,1
43,14,4,9,1,1,0,0,50,1
60,16,2,9,0,1,0,1902,40,1
23,10,4,11,3,0,0,0,40,0
25,14,2,6,1,1,0,0,40,0
29,9,4,0,1,0,0,0,40,0
51,13,0,9,4,0,0,0,55,0
47,2,3,4,1,1,0,0,12,0
20,9,4,3,4,0,0,0,40,0
25,7,2,13,0,1,5178,0,40,1
27,6,2,6,0,1,0,0,40,0
23,9,4,0,1,0,0,0,40,0
18,9,4,7,3,0,0,0,27,0
23,4,2,13,0,1,0,0,32,0
59,9,0,3,1,1,0,0,60,0
46,9,4,0,1,0,0,0,37,0
46,14,2,9,0,1,0,0,38,1
36,7,4,7,4,0,0,0,23,0
44,9,3,6,4,0,0,0,40,0
17,7,4,11,3,1,0,0,20,0
27,10,4,3,1,1,0,0,45,0
32,10,2,11,0,1,0,0,40,1
53,9,0,7,1,1,0,0,40,0
22,10,4,9,3,1,0,0,98,0
30,12,4,9,3,0,0,0,40,0
47,13,2,9,0,1,0,2002,30,0
68,10,2,11,0,1,0,0,40,1
39,9,2,11,0,1,0,0,40,0
22,13,4,0,3,0,0,0,40,0
20,9,4,11,3,0,0,0,35,0
21,9,4,5,2,1,0,0,38,0
30,9,2,3,0,1,0,0,75,0
25,10,4,0,3,0,0,0,40,0
23,9,4,7,3,0,0,0,21,0
40,13,2,9,2,1,0,0,40,0
26,9,4,0,1,1,0,0,40,0
57,11,2,2,0,1,0,0,40,1
36,11,2,3,0,1,0,0,60,1
49,13,0,9,1,1,0,0,40,0
58,9,2,2,0,1,0,0,40,1
32,10,0,3,1,1,0,0,40,0
59,9,2,0,0,1,0,0,45,1
42,13,4,0,2,0,0,0,40,0
37,13,2,3,0,1,0,0,40,0
40,15,2,9,0,1,15024,0,45,1
47,9,2,13,0,1,0,0,40,0
56,13,2,9,0,1,0,0,45,1
30,9,4,0,3,0,0,0,40,0
42,9,6,3,1,0,0,0,35,0
21,9,4,7,3,1,0,0,40,0
21,9,3,6,3,0,0,0,40,0
47,9,2,12,5,0,0,0,40,0
22,10,4,4,3,1,0,0,20,0
35,12,4,0,1,0,14344,0,40,1
41,7,4,5,2,0,0,0,40,0
43,13,2,5,0,1,0,0,53,0
60,10,2,11,0,1,0,0,55,0
73,4,2,11,0,1,0,0,30,1
90,13,2,3,5,0,0,0,40,1
62,9,2,0,0,1,0,0,38,0
28,9,2,2,0,1,0,0,40,0
45,10,2,2,0,1,0,0,40,0
19,9,4,11,1,1,0,0,45,0
30,9,4,2,1,1,0,0,35,0
19,8,4,5,3,0,0,0,52,0
23,10,4,7,3,1,2202,0,80,0
22,13,4,9,3,1,0,0,10,0
19,9,4,0,3,0,0,0,28,0
45,12,0,0,4,1,0,2080,40,0
26,9,4,7,4,0,0,0,25,0
42,6,2,5,0,1,99999,0,40,1
62,9,2,4,0,1,0,0,35,0
61,6,2,11,0,1,0,0,40,0
34,13,0,11,1,1,0,1564,60,1
22,9,4,7,3,0,0,0,53,0
56,14,2,9,0,1,0,0,40,1
32,10,2,9,0,1,0,0,40,0
26,9,0,2,1,1,0,0,40,0
32,9,4,11,3,0,0,1669,45,0
58,12,0,0,1,1,0,1876,40,0
25,12,2,0,5,0,0,0,35,1
23,10,4,0,3,0,0,0,25,0
23,10,2,12,0,1,0,0,40,0
54,10,2,0,0,1,0,0,40,0
28,10,4,3,1,0,0,0,35,0
35,13,2,11,0,1,0,0,40,1
30,10,2,9,0,1,0,0,25,1
23,8,2,2,0,1,0,0,40,0
42,10,2,12,0,1,0,0,50,1
72,6,6,0,1,0,0,0,20,0
21,9,2,6,0,1,0,0,40,0
37,13,4,2,1,1,0,0,40,0
54,9,0,7,1,0,0,0,40,0
58,14,0,0,1,0,0,1980,45,0
32,13,4,9,3,1,0,0,40,0
65,10,6,0,1,0,0,0,15,0
65,6,6,11,1,0,0,0,20,0
33,9,4,7,1,0,0,0,35,0
35,9,4,6,4,1,6497,0,65,0
27,10,4,0,3,0,0,0,40,0
34,9,4,7,3,1,0,0,42,0
53,9,2,11,0,1,0,0,70,0
23,6,2,2,0,1,0,0,40,0
43,16,5,9,4,0,0,0,40,1
58,11,2,3,0,1,3908,0,40,0
38,6,5,0,4,1,0,3770,40,0
26,9,2,5,0,1,0,0,50,0
60,13,2,3,0,1,0,0,50,1
28,9,2,6,0,1,0,1672,50,0
33,9,4,0,3,0,0,0,30,0
29,10,2,13,0,1,0,0,40,0
54,16,4,3,1,0,0,0,50,1
41,4,2,4,0,1,0,0,36,0
63,10,0,3,1,1,0,0,50,0
31,9,2,0,5,0,0,0,27,0
23,13,4,11,3,0,0,0,25,0
41,15,2,9,0,1,0,0,45,1
51,9,2,13,0,1,0,0,40,1
59,10,2,2,0,1,0,0,40,1
23,10,4,9,1,0,0,0,45,0
24,10,4,3,1,1,0,0,45,0
67,9,0,9,1,0,0,0,20,0
47,13,2,9,0,1,0,0,40,1
21,9,4,2,1,1,0,0,40,0
38,4,2,4,0,1,0,0,40,0
55,13,0,9,4,0,0,0,40,0
39,14,0,9,3,0,1506,0,40,0
24,9,5,7,4,0,0,0,50,1
24,9,2,10,0,1,0,0,40,0
38,10,2,11,0,1,7298,0,40,1
19,9,4,7,3,1,0,0,24,0
32,9,2,2,0,1,0,0,50,0
63,10,2,3,0,1,0,0,60,1
18,10,4,11,1,0,0,0,30,0
36,10,2,13,0,1,0,0,45,0
41,13,0,13,3,1,6497,0,40,0
57,10,4,10,1,1,0,0,40,0
48,9,2,2,0,1,0,0,40,0
44,9,0,11,1,0,0,1504,40,0
25,10,4,3,3,1,0,0,40,0
48,8,2,3,0,1,0,0,50,0
20,10,4,11,3,0,0,0,8,0
74,9,2,11,0,1,0,0,55,0
44,9,4,3,1,0,0,0,40,0
26,10,2,6,5,0,0,0,40,0
54,9,2,4,0,1,0,0,40,0
39,9,2,5,0,1,0,0,48,1
38,10,0,0,1,0,7443,0,40,0
18,6,4,7,2,0,0,0,40,0
24,10,4,7,3,1,0,0,40,0
19,5,4,9,1,1,0,0,35,0
28,9,2,6,0,1,0,0,40,0
28,9,5,5,1,1,0,0,30,0
49,9,2,2,0,1,0,0,40,0
50,13,2,2,0,1,0,0,40,0
63,9,6,6,2,0,0,0,40,0
58,9,2,4,0,1,0,0,50,0
68,9,6,7,4,0,0,0,15,0
41,10,2,3,0,1,0,0,40,1
27,10,2,9,0,1,3103,0,50,1
24,13,4,9,1,1,0,0,40,0
50,13,0,3,4,0,0,0,40,0
47,10,0,7,3,0,0,0,44,0
54,9,6,7,4,0,0,0,40,0
28,13,4,0,3,0,0,0,30,0
26,14,4,9,1,0,0,0,40,0
35,13,5,3,1,1,0,0,42,0
48,9,2,11,0,1,2885,0,15,0
50,12,2,11,5,0,3942,0,40,0
39,9,0,0,1,0,0,0,40,0
46,13,4,11,1,1,0,0,45,1
41,10,6,0,4,0,0,0,48,0
24,4,2,11,0,1,2580,0,40,0
57,9,0,2,1,1,0,0,40,0
32,9,4,5,1,1,0,0,40,0
41,12,2,3,0,1,0,0,50,1
55,9,2,2,0,1,0,0,40,1
69,4,0,6,4,0,2964,0,40,0
22,9,4,7,1,0,0,0,40,0
45,9,2,7,0,1,3942,0,40,0
33,9,4,0,1,1,0,0,40,0
57,10,5,11,1,0,0,0,40,0
38,13,2,3,0,1,0,1902,65,1
40,9,2,2,0,1,0,0,50,0
48,10,0,5,3,0,0,0,40,0
38,10,3,3,4,0,0,0,35,0
26,13,4,9,1,0,0,0,60,0
24,9,4,6,3,1,0,0,40,0
35,9,3,7,4,0,0,0,20,0
37,10,2,2,0,1,5178,0,75,1
42,9,0,6,1,1,0,0,40,0
37,9,2,0,5,0,0,0,40,1
37,9,4,3,1,0,0,0,50,0
22,9,2,2,0,1,0,0,40,0
24,7,4,0,1,0,0,0,40,0
45,10,2,0,0,1,0,0,40,1
29,9,4,2,1,1,0,0,50,1
23,10,4,0,3,0,0,0,25,0
24,13,4,3,1,1,0,0,40,0
25,12,4,9,3,0,0,0,40,0
58,9,0,11,2,0,0,0,32,0
28,11,4,11,1,1,0,0,60,0
58,9,6,11,1,0,0,0,35,1
18,7,4,7,3,1,0,0,16,0
59,4,2,10,0,1,0,0,40,0
39,9,0,0,4,0,0,0,40,0
53,10,2,11,0,1,0,0,50,1
54,15,4,9,2,0,0,0,65,0
51,9,2,13,0,1,0,0,50,1
59,14,2,11,0,1,7298,0,55,1
42,9,4,10,1,1,0,0,40,1
36,10,2,0,5,0,0,0,40,0
37,10,4,0,1,0,0,0,60,0
32,10,4,5,3,1,0,0,40,0
38,9,2,12,0,1,0,0,50,0
19,9,5,0,3,0,0,0,30,0
55,13,6,9,1,0,0,0,48,0
30,9,4,2,1,1,0,0,40,0
27,10,2,9,0,1,0,0,50,1
44,13,4,3,1,0,0,0,5,0
32,13,2,6,0,1,0,0,50,0
60,9,3,7,4,0,0,0,20,0
28,9,4,6,1,1,0,0,40,0
44,9,2,3,0,1,0,0,40,0
29,9,4,5,1,1,0,0,16,0
57,9,2,2,0,1,0,0,40,0
41,10,0,13,1,1,0,0,60,0
34,7,2,13,0,1,0,0,60,0
44,10,0,3,4,0,0,0,42,0
44,13,0,13,1,1,0,0,40,0
57,2,2,5,0,1,0,0,22,0
37,13,4,9,1,1,0,0,30,0
35,13,2,9,0,1,0,0,16,1
27,10,4,3,1,1,0,0,45,0
41,10,2,0,5,0,3103,0,40,1
37,16,2,9,0,1,0,0,60,0
18,10,4,7,3,1,0,0,8,0
24,4,4,12,4,0,0,0,20,0
53,8,2,0,5,0,0,0,40,0
40,9,0,6,1,1,0,1980,48,0
54,10,0,6,1,1,0,0,60,0
22,10,4,9,1,0,0,0,40,0
44,6,3,0,4,0,0,0,30,0
43,10,0,3,4,0,0,0,45,0
58,13,2,9,5,0,0,0,20,1
59,13,2,9,5,0,0,0,45,1
31,13,2,3,0,1,0,0,45,1
35,9,4,6,3,1,0,0,40,0
17,6,4,11,3,0,0,0,20,0
45,10,0,9,4,0,0,0,32,0
40,10,0,5,1,1,0,0,40,0
35,9,2,5,0,1,0,0,45,0
25,13,4,12,1,1,0,0,45,0
58,9,0,5,1,1,0,0,40,0
39,10,0,5,1,1,0,0,50,1
23,9,2,3,0,1,0,0,54,0
32,13,4,9,1,0,0,0,40,0
48,12,2,13,0,1,0,0,44,0
41,13,2,5,0,1,0,0,40,0
43,13,2,9,0,1,0,0,50,1
18,10,4,7,3,1,0,1721,20,0
24,13,4,1,1,1,0,0,40,0
58,10,2,0,5,0,0,0,32,0
54,14,2,9,0,1,0,0,40,1
60,4,2,2,0,1,0,0,40,0
28,10,2,4,0,1,0,0,40,0
41,9,2,13,0,1,0,0,40,1
27,10,0,0,4,1,0,0,40,0
30,10,0,7,3,0,0,0,20,0
63,13,0,2,1,1,0,0,35,0
33,9,4,11,1,1,3325,0,50,0
34,9,2,13,0,1,0,0,45,0
51,9,2,10,0,1,0,0,40,0
21,6,4,7,3,1,0,0,25,0
50,9,2,2,0,1,0,0,40,1
43,9,2,6,0,1,0,0,40,0
27,9,2,2,0,1,2885,0,40,0
19,9,4,0,3,0,0,0,40,0
17,8,4,7,3,0,0,0,6,0
47,12,0,13,1,1,0,0,40,0
25,13,4,0,2,0,0,0,40,0
71,14,4,7,1,0,0,0,20,0
21,9,4,6,3,0,0,0,40,0
48,12,2,6,0,1,0,0,40,0
57,4,6,11,2,0,0,1602,3,0
58,10,2,4,0,1,0,2415,40,1
34,9,2,6,2,0,0,0,20,0
40,14,4,9,1,1,0,0,40,0
28,9,4,7,1,1,0,0,32,0
42,14,2,11,0,1,0,0,40,0
41,11,0,12,1,0,3325,0,40,0
28,9,4,0,3,0,0,0,35,0
40,6,0,6,1,0,0,0,35,0
23,10,4,6,3,1,0,0,30,0
39,14,4,11,1,1,0,0,50,1
39,13,4,11,1,1,0,1876,50,0
45,9,4,5,1,0,0,0,40,0
50,10,0,11,1,0,0,0,40,0
33,9,2,0,0,1,0,0,40,0
34,7,2,6,3,0,0,0,40,0
55,9,2,13,0,1,0,0,32,0
62,9,6,0,4,0,0,0,40,0
31,13,2,11,0,1,0,0,40,0
35,5,2,2,0,1,0,0,40,0
30,9,5,2,1,1,0,0,40,0
57,10,2,11,0,1,0,0,50,1
50,9,2,3,0,1,0,1887,55,1
51,9,2,13,0,1,0,0,50,0
47,9,2,11,0,1,4386,0,45,1
37,13,4,9,1,1,0,0,45,1
58,4,2,13,0,1,0,0,40,0
39,13,0,3,4,0,0,0,50,1
34,10,4,6,1,1,0,0,40,1
45,9,5,0,4,0,0,0,38,0
42,13,2,9,0,1,99999,0,40,1
40,11,0,12,1,1,3325,0,40,0
39,15,2,9,0,1,0,1977,50,1
36,14,2,9,0,1,0,0,40,1
56,9,0,0,2,0,0,0,35,0
37,10,2,5,0,1,0,0,40,1
60,9,2,7,0,1,0,0,40,0
56,9,2,2,0,1,0,0,40,1
51,4,2,3,0,1,3908,0,47,0
34,13,4,9,1,0,0,0,36,0
19,9,4,4,3,1,0,0,30,0
37,9,4,3,4,0,0,0,40,0
58,13,2,3,0,1,0,0,40,1
33,7,4,0,1,0,0,0,35,0
39,13,4,3,1,1,0,0,40,1
36,9,4,0,1,0,4865,0,40,0
26,13,4,9,1,0,0,0,40,0
22,11,4,12,3,0,0,0,36,0
32,14,4,0,1,1,0,0,40,0
17,7,4,11,4,1,0,0,15,0
68,4,6,7,4,0,0,0,20,0
70,9,2,11,0,1,3432,0,40,0
30,9,4,4,3,1,0,0,40,0
19,10,4,0,2,0,0,0,15,0
51,9,2,9,0,1,0,0,40,0
19,10,4,0,2,1,0,0,30,0
47,9,2,2,0,1,0,0,40,0
41,13,2,9,0,1,7688,0,55,1
36,10,2,6,0,1,0,1887,40,1
30,10,2,2,0,1,0,0,40,1
26,9,2,6,0,1,0,0,45,0
41,13,0,9,1,1,0,0,20,0
25,10,2,0,0,1,0,0,45,0
62,5,2,7,0,1,0,0,40,0
23,14,4,9,1,1,0,0,40,0
25,9,4,11,3,1,6849,0,40,0
30,13,4,11,1,0,0,0,45,0
48,9,4,5,1,1,0,0,40,0
20,9,4,7,2,1,0,0,40,0
51,10,2,3,5,0,0,0,15,1
19,10,4,5,3,1,0,0,10,0
31,9,4,6,1,1,0,0,40,0
36,13,2,3,0,1,7298,0,50,1
40,9,4,11,3,1,0,0,40,0
30,7,4,4,3,1,0,0,40,0
28,10,4,2,1,1,0,1590,40,0
57,5,2,2,0,1,0,0,40,1
18,7,4,11,3,1,0,0,15,0
54,9,2,2,0,1,0,0,40,1
32,9,2,6,0,1,0,0,40,0
52,14,4,9,1,1,0,0,40,0
27,9,5,6,4,0,0,0,40,0
18,10,4,7,3,1,0,0,20,0
37,9,4,2,1,1,0,0,35,0
52,9,2,6,0,1,0,0,40,1
59,5,4,7,1,1,0,0,50,0
27,11,4,6,1,1,0,0,40,0
43,9,2,6,0,1,0,0,40,0
56,10,2,2,0,1,0,0,40,1
44,10,2,4,0,1,0,0,72,0
37,11,4,2,1,1,0,0,45,0
28,11,0,3,1,1,10520,0,50,1
48,9,5,7,2,0,0,0,25,0
58,13,2,3,0,1,0,0,50,0
29,9,2,2,0,1,0,0,45,0
37,12,2,11,0,1,0,0,40,0
35,15,2,9,0,1,0,0,50,1
36,11,0,2,1,1,0,0,38,0
52,9,2,0,0,1,0,0,48,0
30,9,0,13,1,1,0,0,40,0
22,5,4,2,3,1,0,0,40,0
55,12,2,11,0,1,0,0,60,0
61,9,2,3,5,0,15024,0,38,1
33,9,0,5,4,1,0,0,30,0
46,10,2,11,0,1,0,0,50,0
64,7,6,12,4,0,0,0,16,0
28,6,3,2,4,1,0,0,40,0
19,9,4,0,1,0,0,0,42,0
36,9,5,0,1,1,0,0,40,0
43,13,2,2,0,1,0,0,40,1
56,13,2,3,0,1,0,0,42,1
24,10,4,10,3,1,0,0,40,0
40,9,2,11,0,1,0,0,60,0
45,12,2,3,0,1,0,0,50,1
56,14,6,9,1,0,0,0,40,0
35,13,4,9,3,0,0,0,40,0
36,15,2,9,0,1,0,0,60,1
50,15,2,9,0,1,0,0,50,1
61,4,6,7,1,0,0,0,21,0
31,11,4,13,3,1,0,1980,60,0
63,10,2,9,0,1,0,0,40,0
41,11,2,3,0,1,0,0,40,0
48,9,2,6,0,1,0,0,40,0
45,9,0,11,1,0,0,0,35,0
24,9,2,6,0,1,0,0,40,0
34,10,0,9,1,1,0,0,40,1
27,13,4,11,1,0,0,0,40,0
26,11,4,2,3,1,0,0,48,0
27,9,4,5,3,1,0,0,40,0
55,11,2,3,0,1,0,0,40,0
38,9,2,3,0,1,0,0,40,1
31,9,2,0,5,0,0,0,40,1
51,12,2,11,0,1,0,0,40,1
56,8,2,9,0,1,0,0,40,1
39,12,2,6,0,1,0,0,40,0
50,10,2,2,0,1,0,0,40,1
34,13,2,9,0,1,0,2051,40,0
44,9,0,11,1,1,3674,0,50,0
21,9,4,10,3,1,0,0,40,0
37,10,2,6,0,1,0,0,70,0
18,8,4,0,1,0,0,0,30,0
38,9,2,6,0,1,0,0,65,1
19,9,4,0,3,1,0,0,12,0
46,9,2,2,0,1,0,0,40,0
19,10,4,11,3,0,0,0,25,0
22,10,4,11,3,0,0,0,20,0
38,9,2,2,0,1,0,0,50,0
33,14,0,3,3,0,14084,0,50,1
83,9,6,3,1,1,0,0,8,0
34,10,2,12,0,1,0,0,40,1
38,9,2,2,0,1,0,0,40,0
33,10,6,0,4,0,0,0,40,0
27,9,2,0,5,0,0,1887,40,1
38,9,2,2,0,1,0,0,60,0
25,10,4,7,1,1,0,0,25,0
38,9,2,12,0,1,0,0,40,0
52,13,2,3,0,1,0,0,48,1
33,14,4,9,1,1,0,0,50,0
17,7,4,7,3,0,0,0,20,0
28,13,4,3,1,0,6849,0,60,0
52,9,0,0,4,0,0,0,40,0
34,9,5,5,1,1,2463,0,40,0
25,13,4,9,3,0,0,0,15,0
17,5,4,7,3,1,0,0,26,0
22,9,4,7,3,1,0,0,80,0
22,9,4,5,1,1,0,0,40,0
46,10,2,11,0,1,0,1887,40,1
58,9,0,6,1,0,0,0,40,0
39,10,0,11,2,0,0,0,35,0
59,10,6,7,1,0,0,0,40,0
61,9,2,0,0,1,0,0,40,0
32,11,2,2,0,1,0,0,45,0
50,13,2,3,0,1,0,0,40,1
51,9,2,2,0,1,0,0,40,0
20,10,4,2,3,1,0,0,40,0
38,13,2,3,0,1,0,0,40,0
44,11,2,2,0,1,0,0,40,1
28,11,4,11,1,1,0,0,50,0
50,14,2,9,5,0,0,0,40,0
53,16,0,9,1,1,0,0,50,0
42,13,2,11,0,1,0,0,45,0
47,14,2,9,0,1,0,0,45,0
39,9,2,0,5,0,0,0,40,1
38,9,4,4,1,1,0,0,60,0
34,13,4,9,3,1,0,0,50,0
40,10,2,9,5,0,0,0,40,0
63,10,6,11,1,0,0,0,20,0
53,10,2,3,5,0,0,0,40,1
43,11,0,9,1,1,0,0,48,0
28,10,4,3,1,1,0,1669,60,0
68,9,6,3,1,0,0,0,10,1
46,13,2,9,0,1,0,0,38,0
57,9,4,0,2,0,0,0,40,0
38,9,0,0,1,0,0,0,35,0
66,14,2,11,0,1,0,0,40,0
29,12,4,11,3,0,0,0,40,0
54,13,2,11,0,1,7688,0,50,1
38,9,4,9,1,1,0,0,40,0
35,7,5,8,4,0,0,0,8,0
30,13,4,9,3,0,0,0,37,0
39,9,4,0,4,0,0,0,40,0
31,14,4,9,1,1,0,0,40,0
50,9,2,6,0,1,0,0,50,0
30,9,2,2,0,1,0,0,60,0
25,13,4,11,3,0,0,0,40,0
24,13,4,8,1,0,0,0,40,0
59,9,5,10,2,0,0,2339,40,0
45,13,2,0,0,1,0,0,15,0
64,3,5,7,2,0,0,0,20,0
61,8,2,7,5,0,0,0,40,0
42,11,0,12,4,0,0,0,40,0
28,3,2,6,0,1,0,0,40,0
53,9,0,5,1,1,0,0,40,0
33,7,0,5,1,1,0,0,7,0
34,14,2,9,0,1,0,0,40,0
41,10,2,7,0,1,0,0,48,0
67,10,2,5,0,1,9386,0,24,1
46,12,6,9,4,0,0,0,27,0
32,9,2,11,5,0,0,0,40,0
41,9,2,13,0,1,0,0,40,0
30,13,2,9,0,1,0,0,40,0
54,13,0,3,1,1,0,0,50,0
33,9,0,7,4,1,0,0,40,0
34,13,4,3,1,0,0,0,40,0
45,10,0,0,1,0,0,0,48,0
21,9,4,7,3,1,0,0,40,0
25,13,2,9,0,1,0,0,40,0
38,9,2,2,0,1,0,0,41,0
17,7,4,2,3,0,0,0,15,0
35,9,0,11,1,0,0,0,30,0
38,13,2,2,0,1,0,0,40,0
48,12,2,10,0,1,0,0,56,1
25,9,4,7,1,1,0,0,40,0
57,14,4,3,1,1,0,0,40,0
32,13,0,3,1,0,0,0,50,1
39,13,5,9,1,1,0,0,30,0
23,13,4,0,3,0,0,0,35,0
21,9,4,5,4,1,0,0,45,0
47,9,0,0,4,0,0,0,48,0
25,4,4,6,2,0,0,0,40,0
41,10,3,0,1,1,4650,0,40,0
19,9,4,7,3,0,0,0,15,0
24,9,4,2,1,1,0,0,42,0
57,13,2,3,0,1,15024,0,50,1
32,9,2,13,0,1,0,0,40,0
28,11,2,2,0,1,0,0,45,0
40,13,2,3,0,1,0,0,75,1
21,10,4,9,3,1,0,0,20,0
45,13,2,11,0,1,0,0,40,1
55,6,2,13,0,1,0,0,50,0
42,10,2,0,0,1,0,0,40,0
49,9,2,0,0,1,0,0,38,0
38,9,2,5,0,1,0,0,40,0
50,13,4,3,1,1,0,0,40,0
47,9,2,6,0,1,0,0,48,1
39,13,2,11,0,1,0,0,40,1
42,9,2,13,0,1,0,0,30,0
32,9,0,2,2,0,0,0,50,0
44,12,0,3,1,0,2354,0,40,0
50,15,2,9,0,1,99999,0,80,1
55,9,0,0,4,0,0,0,45,0
37,9,4,6,3,1,0,0,40,0
59,9,0,0,1,0,0,0,40,0
56,7,2,13,0,1,0,0,40,0
33,8,4,2,1,1,0,0,32,0
35,13,2,12,0,1,0,0,40,1
44,9,4,7,4,1,0,0,40,0
57,9,2,3,0,1,0,0,40,1
31,10,4,3,1,0,0,0,40,0
18,7,4,11,1,0,0,0,15,0
43,9,2,2,0,1,0,0,70,0
33,9,2,2,0,1,0,0,40,0
18,10,4,0,3,1,0,0,25,0
47,13,4,0,3,1,0,0,40,0
53,9,0,7,4,0,0,0,40,0
59,11,4,3,1,1,0,0,35,1
49,6,2,3,0,1,0,0,40,0
26,12,4,2,1,1,0,0,40,0
25,9,4,5,1,1,0,0,60,0
36,14,4,9,3,0,0,0,30,0
29,9,4,3,1,0,0,0,45,0
52,6,0,7,2,0,0,0,25,0
50,13,2,11,0,1,0,0,50,0
22,13,4,3,3,0,0,0,40,0
44,14,0,3,4,0,0,0,40,0
32,11,2,5,0,1,0,0,40,1
49,9,0,0,4,0,0,0,38,0
31,2,2,4,0,1,0,0,45,0
33,9,2,7,0,1,0,0,40,0
50,9,2,11,5,0,0,0,15,0
26,10,4,0,1,0,0,1974,40,0
55,13,2,9,0,1,7298,0,40,1
49,9,6,3,1,0,0,0,20,0
22,9,2,11,5,0,0,0,40,0
43,13,2,3,0,1,0,0,38,1
58,10,2,9,0,1,0,0,42,0
48,14,2,9,0,1,15024,0,40,1
21,7,4,7,3,1,0,0,50,0
67,4,6,7,1,0,0,0,20,0
39,7,2,13,0,1,0,0,40,0
52,11,0,4,1,0,0,0,40,0
25,13,4,9,1,1,0,0,40,0
27,10,4,3,1,1,0,0,60,1
18,7,4,11,3,0,0,0,20,0
41,9,2,13,0,1,0,0,40,1
59,16,4,9,1,1,0,0,50,0
23,12,4,7,3,1,0,0,44,0
42,9,0,7,3,0,0,0,15,0
54,15,2,9,0,1,0,0,30,1
39,9,4,2,1,1,0,0,60,0
57,5,2,7,0,1,0,0,40,0
51,6,0,7,4,0,0,0,25,0
31,4,2,2,0,1,0,0,40,0
24,10,3,0,3,0,0,0,45,0
35,10,4,2,3,1,0,0,40,0
26,13,4,3,1,0,0,0,40,0
42,16,2,9,0,1,0,0,45,1
31,9,2,2,0,1,0,0,45,0
46,13,2,13,0,1,0,0,40,1
38,13,2,3,0,1,0,0,37,0
51,13,2,4,0,1,0,0,40,0
27,9,2,6,0,1,0,0,40,0
22,10,2,13,0,1,0,0,48,1
25,13,4,5,3,1,0,0,40,0
58,13,2,3,0,1,0,0,70,1
23,10,4,9,1,1,0,0,45,0
63,3,6,7,2,0,0,0,19,0
23,5,5,7,1,1,0,0,40,0
51,14,2,11,0,1,15024,0,50,1
75,1,4,8,1,0,0,0,48,0
52,10,0,11,4,0,0,0,50,0
69,9,2,11,0,1,0,0,10,0
40,9,4,0,4,0,0,0,40,0
34,16,2,9,0,1,0,0,50,1
21,10,4,9,1,0,0,0,8,0
30,13,4,9,2,0,0,0,40,0
46,3,2,13,0,1,0,1902,40,0
21,10,4,0,3,0,0,0,16,0
44,9,2,6,0,1,0,0,40,0
51,9,2,0,5,0,3908,0,40,0
40,9,0,0,1,0,0,0,32,0
33,9,2,10,0,1,0,0,37,0
22,9,2,2,0,1,0,0,60,0
23,9,2,3,0,1,0,0,30,0
75,10,3,2,1,1,0,0,30,0
55,7,6,5,4,0,0,0,40,0
45,10,0,2,1,1,27828,0,56,1
31,9,4,7,3,1,0,0,24,0
49,9,2,0,0,1,0,0,40,1
26,13,4,9,1,0,0,0,40,0
61,14,2,11,0,1,3103,0,50,0
44,14,2,0,0,1,3908,0,50,0
28,10,4,0,4,0,0,0,40,0
51,9,0,7,2,0,0,0,30,0
44,16,2,9,0,1,0,0,60,0
24,13,4,3,1,1,0,0,40,0
46,10,2,3,0,1,0,0,40,1
36,9,6,7,4,0,0,0,20,0
23,8,4,7,1,0,0,0,38,0
25,4,2,5,0,1,0,0,40,0
48,10,2,11,0,1,0,0,8,0
18,7,4,7,2,0,0,0,24,0
25,9,4,2,2,1,0,0,40,0
19,9,4,13,3,1,2176,0,45,0
33,9,4,0,3,1,0,0,35,0
42,9,0,7,4,0,0,0,40,0
22,10,4,0,3,0,0,0,40,0
36,13,2,9,0,1,0,0,40,1
33,9,4,5,3,1,0,0,40,0
34,9,2,3,0,1,0,0,70,0
33,14,2,9,0,1,0,0,45,0
62,15,2,9,0,1,0,0,15,1
30,10,4,3,3,0,0,0,40,0
22,10,4,0,3,0,0,0,40,0
34,11,0,2,1,1,0,0,40,0
43,9,6,6,4,0,0,0,60,0
25,13,4,2,3,1,0,0,40,0
35,9,6,7,3,0,0,0,40,0
28,12,4,7,1,0,0,0,40,0
28,10,0,11,4,0,0,0,45,0
25,9,4,5,4,0,0,0,25,0
40,9,2,2,0,1,0,0,40,1
35,5,2,2,0,1,0,0,40,0
48,4,4,4,1,1,0,0,50,0
63,9,2,2,0,1,2290,0,20,0
31,13,2,0,5,0,0,0,40,1
36,12,2,2,0,1,0,0,45,0
39,10,2,6,0,1,0,0,40,0
24,9,4,7,3,0,0,0,40,0
32,13,4,9,1,1,0,0,35,0
46,1,2,6,5,0,0,0,40,0
19,9,4,11,3,1,0,0,35,0
30,10,4,12,1,1,0,0,40,0
35,11,4,2,1,1,0,0,40,0
33,9,2,13,0,1,0,0,55,0
25,9,5,2,1,1,0,0,40,0
64,9,2,7,0,1,0,0,35,1
18,9,4,7,3,0,0,0,20,0
59,7,2,2,0,1,0,0,40,0
45,9,0,10,4,0,0,0,40,0
30,16,4,9,1,0,0,0,15,0
24,3,4,6,2,0,0,0,40,0
22,9,4,7,4,0,0,0,35,0
49,10,2,2,0,1,0,0,56,1
35,8,2,6,0,1,0,0,40,0
48,14,4,9,4,0,0,1380,40,0
18,8,4,11,3,0,0,0,20,0
35,10,2,5,0,1,0,0,40,0
27,9,4,3,3,1,0,0,40,0
28,13,4,2,1,1,0,0,60,0
26,10,4,7,3,0,0,0,50,0
44,13,2,9,0,1,0,1848,40,1
39,9,5,6,1,1,0,0,40,0
40,13,0,2,1,1,0,0,40,0
70,13,2,9,0,1,20051,0,35,1
34,14,4,3,4,0,0,0,50,0
34,12,0,0,1,1,0,0,40,0
66,10,2,3,0,1,0,0,50,0
40,9,5,13,4,1,0,0,40,0
61,9,2,3,0,1,0,1887,40,1
59,4,2,2,0,1,0,0,40,0
47,9,2,6,0,1,0,0,40,1
33,13,2,9,0,1,0,0,60,1
18,7,4,7,2,1,0,0,20,0
25,5,4,2,4,1,914,0,40,0
22,10,4,0,1,1,0,0,20,0
40,13,2,10,0,1,0,0,40,1
30,12,0,0,3,0,0,1762,40,0
73,4,2,4,0,1,6418,0,99,1
45,4,2,2,0,1,0,0,10,0
23,7,4,0,4,1,0,0,35,0
40,13,2,11,0,1,0,0,45,1
39,13,2,3,0,1,0,1977,40,1
23,10,2,5,0,1,0,0,40,0
51,9,0,2,3,1,0,0,40,0
53,9,2,4,0,1,0,0,45,0
24,13,4,12,1,1,0,0,35,0
53,13,0,3,4,1,0,0,40,0
49,16,2,9,0,1,0,0,60,0
34,9,2,2,0,1,0,0,40,0
37,9,2,2,0,1,0,0,47,0
40,11,2,2,0,1,0,0,40,0
23,10,4,9,3,0,0,0,6,0
36,14,4,0,1,1,13550,0,50,1
35,13,4,12,1,0,4650,0,40,0
53,13,0,3,4,0,0,0,50,1
42,10,0,13,1,1,0,0,65,1
32,14,2,3,5,0,0,0,40,0
33,9,0,0,3,0,0,0,65,0
59,9,4,2,1,1,0,0,60,0
36,10,2,6,0,1,0,0,44,0
37,15,2,9,0,1,0,0,40,1
31,10,4,11,1,1,0,0,45,0
46,13,2,10,0,1,0,0,40,0
44,13,4,9,1,0,0,0,38,0
27,13,2,3,0,1,0,1485,60,1
29,9,4,4,1,1,0,0,40,0
39,10,2,3,0,1,0,0,40,0
62,9,2,4,0,1,0,0,65,0
42,9,4,3,4,0,0,0,25,0
60,14,2,9,0,1,0,0,48,1
35,13,4,3,1,0,0,0,40,0
39,10,4,6,1,1,0,0,40,0
34,12,2,0,5,0,0,0,36,0
22,10,4,0,2,1,0,0,22,0
44,11,2,2,0,1,0,0,40,1
44,9,0,0,1,0,0,0,40,0
49,13,0,3,4,0,0,625,40,0
21,9,4,6,1,1,0,0,50,0
52,7,5,5,4,1,0,0,40,0
39,13,2,9,0,1,0,1887,40,1
23,13,4,9,3,1,0,0,40,0
54,9,2,2,0,1,0,0,49,0
31,9,0,7,1,0,0,0,25,0
30,14,4,0,1,0,0,0,20,0
21,10,4,11,3,1,0,0,40,0
38,13,2,10,0,1,0,0,40,1
51,10,2,13,0,1,0,0,40,1
34,16,2,9,0,1,0,0,50,1
22,13,4,3,4,0,0,0,30,0
26,13,4,3,1,1,0,1974,55,0
26,10,4,7,1,0,0,0,35,0
41,10,2,2,0,1,0,0,40,1
35,13,2,11,0,1,0,0,40,1
27,10,4,13,3,1,0,0,40,0
65,10,2,10,0,1,0,0,40,0
31,7,2,4,0,1,0,0,65,0
45,15,2,9,0,1,0,0,35,1
37,12,2,13,0,1,0,0,50,1
47,9,2,13,0,1,0,1887,45,1
47,12,2,3,0,1,0,0,50,1
33,9,2,9,0,1,0,0,40,0
40,6,2,2,0,1,0,0,40,0
38,10,2,2,0,1,0,0,40,1
21,10,4,11,1,1,0,0,40,0
40,9,2,0,0,1,0,0,40,0
33,9,0,13,1,1,0,0,55,0
29,10,4,12,1,1,0,0,52,0
41,10,5,13,1,1,0,0,35,0
20,10,4,3,3,1,0,0,54,0
34,6,2,4,0,1,0,0,40,0
78,13,2,3,0,1,9386,0,45,1
46,9,2,2,0,1,0,0,40,1
40,11,2,9,0,1,0,0,40,1
59,10,2,3,0,1,0,0,40,1
23,9,4,5,1,1,0,0,40,0
23,10,4,0,3,1,0,0,24,0
47,10,2,2,0,1,0,0,30,0
31,13,2,7,0,1,0,0,38,1
42,10,2,5,0,1,0,0,56,1
46,9,0,9,1,0,0,0,40,0
29,9,0,6,1,1,0,0,44,0
21,9,2,0,0,1,0,0,40,0
55,9,2,2,0,1,0,0,40,1
38,11,4,12,3,0,0,0,40,0
44,14,2,3,0,1,0,0,40,0
61,10,0,3,1,1,0,0,50,1
38,13,4,3,3,1,0,0,40,0
50,13,2,9,0,1,0,0,45,1
53,14,2,9,0,1,0,0,40,1
37,9,2,6,0,1,0,0,36,1
49,14,2,3,0,1,0,0,45,1
30,10,2,6,0,1,0,0,40,1
19,11,4,9,3,0,0,0,40,0
59,9,0,9,1,1,0,0,20,0
43,13,2,3,0,1,0,0,40,0
29,13,2,9,0,1,0,0,60,0
49,15,2,9,0,1,0,0,45,0
36,9,0,13,1,1,0,0,50,0
26,7,4,7,3,1,1055,0,32,0
18,10,4,11,1,0,0,0,20,0
60,10,6,11,1,0,0,0,15,0
43,9,0,0,4,0,0,0,40,0
42,9,4,7,3,0,0,0,40,0
41,9,0,11,1,1,0,0,50,0
55,14,2,9,0,1,0,1977,40,1
31,13,4,0,3,0,0,0,40,0
20,10,4,5,3,1,0,0,40,0
37,14,2,3,0,1,0,0,40,1
51,10,2,2,0,1,0,0,55,0
28,10,2,11,0,1,0,1902,55,1
24,11,4,11,1,0,0,0,40,0
21,10,4,0,3,0,0,0,30,0
21,9,4,11,1,1,0,0,50,0
35,9,0,0,1,0,0,0,45,0
30,10,2,2,1,1,0,0,40,0
44,9,2,2,0,1,0,0,30,0
45,13,2,2,0,1,0,0,40,1
42,6,2,3,0,1,0,0,40,0
32,13,0,3,1,0,0,0,40,0
33,9,4,5,1,1,0,0,40,0
27,5,2,2,0,1,0,0,32,0
17,6,4,7,3,0,0,0,15,0
45,9,4,0,4,0,0,0,40,0
41,13,2,9,0,1,0,0,40,0
19,10,4,6,1,0,0,0,35,0
45,11,0,7,1,0,0,0,8,0
41,16,2,9,0,1,99999,0,70,1
34,9,2,7,5,0,0,1740,35,0
33,13,4,0,1,1,0,0,60,1
51,13,0,11,1,0,0,0,60,0
33,9,0,5,3,1,0,0,20,0
23,10,4,5,2,0,0,0,18,0
52,13,3,9,1,1,0,0,30,1
25,9,4,0,4,0,0,0,40,0
64,5,5,13,1,1,0,0,45,0
42,14,2,9,0,1,7688,0,40,1
29,9,4,13,3,1,0,0,40,0
26,13,4,9,1,0,0,0,38,0
24,6,4,7,2,1,0,0,30,0
43,10,2,3,0,1,0,0,40,1
38,6,2,2,0,1,3103,0,40,1
28,13,2,11,0,1,0,0,45,1
44,11,2,2,0,1,0,0,40,0
55,9,2,3,0,1,0,0,40,1
52,7,6,7,4,0,0,0,40,0
31,13,2,9,0,1,0,0,40,1
35,9,0,0,4,0,0,0,40,0
39,9,4,6,4,0,0,0,36,0
27,9,4,13,3,1,0,0,40,0
23,10,4,0,1,1,0,0,15,0
26,7,5,2,2,1,2907,0,50,0
33,11,4,7,1,1,0,0,40,0
39,10,4,2,4,0,0,0,40,0
44,9,0,13,1,1,0,0,40,0
38,9,0,3,4,0,0,0,40,0
18,8,4,7,3,1,0,0,15,0
54,9,6,7,1,0,0,0,15,0
45,9,4,0,3,0,0,0,40,0
43,14,2,3,0,1,0,0,40,1
23,13,4,9,3,0,0,0,40,0
37,10,4,3,1,1,2174,0,40,0
33,7,2,2,0,1,0,0,50,0
45,13,2,13,0,1,0,0,50,1
32,13,4,3,1,1,0,0,55,0
47,4,2,2,0,1,0,0,40,0
44,12,2,9,0,1,0,0,40,1
22,9,4,6,3,1,0,0,40,0
17,7,4,11,3,1,0,0,30,0
64,16,2,3,0,1,0,1902,60,1
30,13,2,10,0,1,0,0,45,1
51,13,2,9,0,1,0,0,70,1
26,9,4,10,1,1,0,0,40,0
31,10,4,11,1,0,0,1504,40,0
50,7,2,2,0,1,0,0,40,0
63,9,4,3,3,0,0,0,40,0
48,11,2,3,0,1,0,0,43,1
37,13,2,11,0,1,0,2415,50,1
29,9,4,3,1,0,0,0,38,0
69,14,2,9,0,1,0,0,25,0
56,9,2,13,0,1,0,0,60,0
39,14,2,9,0,1,7298,0,40,1
42,9,5,7,1,0,0,0,22,0
41,9,2,12,0,1,0,0,40,1
45,9,2,6,0,1,0,1887,40,1
23,10,4,0,3,1,0,0,40,0
29,13,4,9,1,1,0,0,50,1
34,10,2,2,0,1,0,0,50,0
46,13,2,9,5,0,0,0,40,1
46,9,2,6,5,0,0,0,25,0
33,3,5,7,4,0,0,0,40,0
46,11,2,0,0,1,0,0,40,0
26,9,4,7,3,0,0,0,40,0
49,13,0,9,4,0,0,0,50,0
55,9,2,12,5,0,0,1887,40,1
35,9,2,6,0,1,0,0,40,0
27,10,0,0,4,0,0,0,40,0
31,9,4,3,3,0,0,0,40,0
47,10,5,0,4,0,0,0,16,0
48,9,2,2,0,1,0,0,40,1
27,10,4,0,1,0,0,0,56,0
38,9,0,0,1,0,0,0,40,0
27,9,2,3,5,0,0,0,40,0
17,8,4,7,3,1,0,0,15,0
44,13,2,3,0,1,0,0,40,1
26,9,2,11,0,1,0,0,48,0
37,9,4,13,2,0,0,0,40,0
49,13,2,3,0,1,0,0,55,1
42,9,2,2,0,1,0,0,40,1
26,13,4,9,1,0,0,0,40,0
44,10,2,2,0,1,0,0,40,0
47,14,4,9,1,0,0,0,40,0
49,10,0,12,1,1,0,0,40,0
17,9,4,11,3,0,0,0,20,0
42,10,0,9,1,1,0,0,40,0
30,6,2,2,0,1,0,0,40,0
36,11,2,12,0,1,0,0,37,0
53,13,4,9,1,0,0,0,40,0
23,9,2,5,0,1,0,0,40,0
35,9,0,7,1,0,0,0,40,0
32,7,4,2,1,1,13550,0,60,1
39,13,6,9,4,0,0,0,50,1
40,14,2,9,0,1,0,0,60,0
28,10,2,0,0,1,0,0,40,0
32,9,4,13,3,1,0,0,40,0
42,10,4,0,3,0,0,0,40,0
35,13,4,0,1,0,0,0,43,0
35,8,4,6,4,0,0,0,40,0
21,9,4,6,3,1,0,0,40,0
71,4,6,3,1,1,6097,0,40,1
31,9,5,7,1,1,0,0,40,0
25,10,4,0,4,0,0,0,40,0
35,9,4,0,3,0,6849,0,40,0
24,9,4,7,2,1,0,0,25,0
69,10,2,11,0,1,0,0,25,0
35,13,2,11,0,1,0,0,40,0
42,13,4,11,1,1,10520,0,50,1
51,11,2,12,0,1,0,0,40,1
48,9,0,13,1,1,0,0,44,0
49,11,2,0,0,1,0,0,40,0
53,12,2,3,0,1,2407,0,99,0
43,10,2,0,0,1,0,0,40,0
53,13,2,3,0,1,0,0,40,1
35,9,4,6,3,1,0,0,40,0
36,9,4,7,1,0,0,0,40,0
34,14,4,9,1,0,0,0,40,0
48,10,2,7,0,1,0,0,40,1
53,9,0,0,1,0,0,0,40,0
37,10,0,5,3,1,0,1504,40,0
49,15,0,3,1,0,0,0,40,0
41,9,2,2,0,1,0,0,40,0
25,10,4,7,3,0,0,0,40,0
24,10,2,2,0,1,0,0,65,0
34,9,4,2,3,1,0,0,40,0
29,9,4,2,4,0,0,0,42,0
23,13,4,12,1,0,0,0,45,0
46,10,5,11,1,1,0,0,42,0
20,10,4,7,3,0,0,0,15,0
63,8,2,2,0,1,0,0,40,0
40,14,2,11,0,1,3103,0,50,0
33,12,0,9,1,1,0,0,50,0
24,10,4,0,3,0,0,0,40,0
36,10,4,7,3,1,0,0,45,0
25,9,4,9,3,1,0,0,40,0
54,5,2,7,0,1,0,0,40,0
50,13,0,11,1,1,0,0,50,0
58,13,2,3,0,1,0,0,40,0
17,7,4,7,3,1,0,0,20,0
40,9,2,3,0,1,7688,0,50,1
27,13,4,11,3,1,0,0,40,0
20,9,5,11,3,0,0,0,26,0
22,7,2,2,0,1,0,0,35,0
80,7,2,3,0,1,0,0,25,0
52,9,0,13,1,1,0,0,45,0
40,13,2,0,0,1,7298,0,48,1
48,6,5,6,3,0,0,0,48,0
62,9,2,5,0,1,0,0,25,0
32,12,2,12,0,1,0,0,42,1
58,13,2,3,0,1,0,0,40,1
37,14,2,3,0,1,0,0,60,1
29,16,2,9,0,1,0,0,35,1
25,9,4,7,1,1,0,0,40,0
26,10,4,6,3,1,0,0,40,0
50,10,2,11,0,1,0,0,50,0
30,13,2,9,0,1,0,0,40,1
30,13,2,9,0,1,0,0,80,0
59,9,6,7,1,0,0,0,10,0
36,9,4,5,3,1,0,0,40,0
37,14,2,3,0,1,0,0,50,1
42,13,2,3,5,0,0,0,40,1
34,13,2,3,0,1,0,0,45,1
27,5,2,2,0,1,0,0,40,0
39,13,2,12,0,1,0,0,50,1
41,11,2,7,0,1,7298,0,60,1
34,13,2,2,0,1,15024,0,70,1
41,10,2,3,0,1,0,0,40,0
50,10,0,0,4,0,0,0,40,0
18,9,4,5,2,0,0,0,28,0
23,13,4,3,3,0,0,0,15,0
26,9,2,2,0,1,0,0,48,0
38,10,2,13,0,1,7298,0,60,1
27,10,2,9,0,1,0,0,88,0
21,6,4,5,1,1,0,0,40,0
41,9,2,7,0,1,0,0,40,0
42,12,0,2,3,1,0,0,35,0
25,6,4,6,3,1,0,0,40,0
43,13,2,11,0,1,0,0,40,1
23,10,4,5,3,1,0,0,15,0
40,13,2,9,0,1,7688,0,40,1
23,10,4,11,3,1,0,0,9,0
18,7,4,7,1,0,0,0,20,0
37,13,4,3,1,1,0,0,50,0
58,5,2,6,0,1,3781,0,40,0
36,10,4,2,1,1,0,0,40,0
36,12,2,9,0,1,0,0,40,1
25,11,2,9,5,0,7688,0,40,1
62,13,2,3,0,1,15024,0,40,1
34,10,2,13,0,1,4064,0,40,0
27,13,4,9,1,0,4865,0,36,0
23,9,4,11,3,1,0,0,35,0
55,9,0,0,1,0,0,0,40,0
42,9,2,6,0,1,0,0,40,0
22,9,4,0,3,0,0,0,38,0
44,12,2,11,0,1,4386,0,40,1
42,10,2,13,0,1,0,0,40,0
21,9,4,0,4,1,0,0,40,0
25,12,0,0,1,0,0,0,45,0
31,2,5,5,4,1,0,0,35,0
42,10,0,2,1,1,0,0,38,0
26,5,2,2,0,1,0,0,20,0
62,10,2,3,0,1,0,1977,98,1
28,13,2,3,0,1,5178,0,50,1
34,14,2,3,0,1,0,0,40,0
51,13,2,5,0,1,0,0,40,0
45,14,2,9,5,0,0,0,45,1
44,10,2,13,0,1,0,0,50,1
35,10,3,4,3,1,0,0,40,0
46,4,2,13,0,1,0,0,40,0
46,12,4,12,1,1,0,0,56,0
46,13,2,3,0,1,0,0,53,1
66,13,2,3,0,1,0,0,8,1
34,9,5,0,4,0,0,0,20,0
26,12,2,11,0,1,0,0,40,0
29,9,2,2,0,1,0,0,40,1
23,13,4,0,3,0,0,0,40,0
46,5,2,6,5,0,0,0,40,0
54,14,2,11,0,1,0,0,68,1
54,4,2,4,0,1,0,0,60,0
71,5,6,11,4,0,0,0,13,0
51,8,2,2,0,1,0,0,45,0
32,9,4,2,1,1,0,0,40,0
57,7,3,2,1,1,0,0,40,0
34,5,4,2,1,1,0,0,40,0
40,13,0,11,1,1,14084,0,40,1
21,9,4,3,3,0,0,0,40,0
50,14,2,9,0,1,0,0,40,1
32,11,4,2,1,1,0,0,44,0
37,13,2,9,5,0,0,0,50,1
19,4,2,2,0,1,0,0,99,0
64,9,6,0,1,0,0,0,30,0
17,7,4,7,3,1,0,0,20,0
37,11,2,7,0,1,0,0,40,0
32,10,4,2,1,1,4650,0,45,0
20,10,4,7,3,1,0,0,20,0
39,16,4,9,1,1,4787,0,40,1
18,8,4,5,3,1,0,0,40,0
42,14,2,9,0,1,0,1902,50,1
43,10,2,11,0,1,3103,0,40,1
42,13,2,0,0,1,0,0,55,1
53,13,2,9,5,0,0,0,60,1
52,9,2,11,0,1,0,0,40,0
51,6,4,4,3,1,0,0,40,0
77,10,2,11,0,1,0,0,8,0
25,10,4,11,3,0,3418,0,30,0
38,10,4,9,3,1,0,0,40,0
20,9,4,7,1,1,0,0,40,0
23,9,4,2,1,1,0,0,30,0
27,9,4,0,3,0,0,0,40,0
19,7,4,7,3,0,0,0,40,0
41,13,2,11,0,1,0,0,40,1
47,10,2,3,0,1,0,0,40,0
42,14,4,3,1,0,4650,0,40,0
36,13,2,11,0,1,0,0,40,1
42,14,2,4,0,1,0,0,60,1
24,13,4,0,3,0,0,0,40,0
22,9,4,5,3,1,0,0,40,0
42,15,2,3,0,1,15024,0,40,1
24,13,4,9,3,1,0,0,20,0
41,10,2,0,0,1,0,0,45,1
29,9,4,10,1,1,0,0,40,0
36,9,0,2,3,1,0,0,40,0
78,9,6,11,1,1,0,0,45,1
43,11,2,12,5,0,0,1902,32,1
34,10,5,3,3,0,0,0,40,0
24,8,2,2,0,1,0,0,40,0
36,11,2,12,0,1,0,0,40,0
49,10,2,11,0,1,0,0,44,0
21,5,4,13,3,1,0,0,40,0
51,12,5,7,1,0,0,0,40,0
30,9,2,12,0,1,0,0,40,0
37,9,4,2,1,1,0,0,40,0
30,11,4,0,1,0,0,0,40,0
46,9,2,2,0,1,0,0,40,0
24,9,4,7,3,1,0,0,40,0
32,13,2,11,0,1,0,0,42,1
36,10,0,9,1,1,0,0,50,0
30,7,3,5,4,0,0,0,40,0
60,10,2,13,0,1,0,0,40,0
56,10,0,3,1,0,0,0,40,0
57,7,2,6,0,1,0,0,40,0
61,13,2,3,5,0,0,0,40,0
50,9,2,2,0,1,0,0,40,1
56,9,2,3,0,1,0,0,48,0
61,10,2,11,0,1,0,1902,35,1
45,14,0,3,4,1,7430,0,70,1
31,14,2,9,0,1,5178,0,40,1
60,9,4,3,1,1,0,2559,50,1
26,10,2,9,0,1,0,0,40,0
56,7,2,7,5,0,0,0,40,0
45,7,6,7,4,0,0,0,40,0
28,12,4,3,1,1,0,0,65,1
45,10,2,3,0,1,0,0,40,0
58,5,2,5,0,1,0,0,40,0
38,11,4,12,1,0,2354,0,40,0
23,13,4,3,3,0,0,0,40,0
49,9,2,2,0,1,0,0,40,1
19,10,4,11,3,0,0,0,25,0
22,9,4,7,3,1,0,0,40,0
23,9,2,6,0,1,0,0,50,0
23,9,2,0,5,0,3908,0,40,0
40,9,2,2,0,1,0,0,25,0
55,13,4,9,1,0,0,0,40,0
34,11,4,9,1,0,0,0,40,0
21,9,2,6,0,1,0,0,40,0
28,9,4,7,3,0,0,0,40,0
43,13,3,12,1,1,0,0,40,0
17,5,4,13,1,1,0,0,20,0
51,6,6,13,2,0,0,0,40,0
37,9,2,11,0,1,0,0,40,1
54,13,2,11,0,1,0,0,50,1
24,13,4,11,1,1,0,0,30,0
35,9,2,2,0,1,0,0,40,1
48,9,4,6,1,0,2174,0,40,0
23,11,4,6,3,1,0,0,40,0
24,9,4,8,1,0,0,0,45,0
24,11,4,0,3,0,0,0,20,0
50,4,2,2,0,1,3411,0,40,0
34,9,2,13,0,1,0,0,40,1
45,9,0,0,1,0,0,0,40,0
36,7,4,2,3,1,0,0,40,0
33,13,2,3,0,1,0,0,45,1
21,9,4,7,3,0,0,0,20,0
32,9,2,2,0,1,0,0,40,0
22,3,4,4,2,1,0,0,40,0
53,9,2,12,0,1,0,0,40,1
36,9,2,6,0,1,0,0,40,0
22,13,4,11,3,1,0,0,40,0
47,9,2,10,5,0,0,0,40,0
30,9,0,6,4,0,0,0,20,0
23,10,4,11,3,1,0,0,40,0
40,6,5,13,3,1,0,0,35,0
45,12,0,12,3,1,0,0,40,0
61,13,2,9,0,1,0,0,42,0
35,9,0,3,4,0,0,0,55,0
20,10,4,7,3,0,0,0,25,0
27,6,4,0,3,1,0,0,60,0
23,9,4,0,3,0,0,0,40,0
65,10,6,0,1,0,0,0,35,0
25,9,4,0,4,0,0,0,40,0
49,13,2,11,0,1,0,1977,50,1
45,13,0,0,4,0,0,0,40,0
46,14,0,3,4,0,0,323,45,0
67,9,6,11,1,0,0,0,32,0
40,9,6,6,4,0,0,0,40,0
51,10,2,3,0,1,0,0,60,1
44,13,2,3,0,1,0,2415,50,1
35,9,2,13,0,1,0,0,60,0
28,10,4,11,1,1,0,0,40,0
44,9,0,5,1,0,0,0,48,0
37,10,2,2,0,1,0,0,50,1
54,10,2,13,0,1,0,0,45,1
33,15,2,9,5,0,0,0,40,1
46,9,0,3,1,0,0,0,40,0
45,14,2,3,0,1,4386,0,40,0
27,12,4,3,1,1,3325,0,40,0
49,14,2,11,0,1,0,0,50,1
51,9,0,11,1,1,0,0,45,0
27,9,2,5,0,1,0,0,40,0
36,9,2,6,0,1,0,0,40,0
59,13,2,9,0,1,15024,0,40,1
24,10,4,11,3,0,0,0,15,0
31,9,4,7,3,0,0,0,38,0
35,16,4,9,1,0,0,0,60,1
34,13,2,7,5,0,7688,0,50,1
50,10,2,10,0,1,0,0,70,1
43,9,2,11,0,1,0,0,50,0
21,5,4,2,3,1,0,0,30,0
33,5,4,7,1,1,0,0,45,0
48,10,0,0,1,0,0,1590,38,0
22,9,4,8,3,0,0,0,36,0
29,14,2,3,0,1,0,0,40,0
42,11,2,9,0,1,0,0,40,0
28,9,2,2,0,1,0,0,50,0
36,9,4,9,1,0,0,0,38,0
66,9,6,7,1,0,0,0,25,0
44,13,2,9,5,0,0,0,20,0
45,10,0,0,4,0,0,0,40,0
49,9,0,7,3,0,0,0,40,0
36,13,0,9,4,0,0,0,45,0
48,7,2,5,0,1,0,0,60,0
19,9,4,13,3,1,0,0,40,0
36,13,2,0,0,1,0,0,40,1
41,14,2,3,0,1,0,0,45,1
32,10,2,11,0,1,0,0,50,0
49,9,2,2,0,1,0,0,40,1
51,9,2,3,5,0,0,0,40,0
20,10,0,7,3,0,0,0,29,0
39,13,4,0,3,0,0,0,40,0
38,9,2,12,0,1,0,0,40,1
19,10,4,7,3,0,0,0,25,0
29,13,4,5,3,1,0,0,40,0
52,9,2,11,0,1,0,0,40,1
22,11,4,2,1,1,0,0,44,0
44,10,2,3,0,1,0,0,80,0
43,9,0,2,1,1,0,0,40,0
41,10,2,13,0,1,3942,0,40,0
40,11,5,11,1,1,0,0,44,0
40,13,4,3,1,1,0,0,30,0
18,7,4,11,3,0,0,0,15,0
57,15,2,9,0,1,0,0,50,1
54,13,2,3,0,1,0,0,40,1
44,13,0,9,4,0,0,0,40,0
20,10,4,11,1,1,0,0,30,0
40,10,2,7,5,0,0,0,40,0
29,10,4,13,4,1,0,0,40,0
22,13,4,0,1,1,0,0,40,0
44,14,2,3,0,1,5178,0,40,1
45,10,0,11,3,1,0,0,45,0
52,13,2,9,0,1,0,0,40,1
57,9,5,6,1,1,2174,0,40,0
51,9,0,10,1,1,0,0,40,0
23,13,4,11,3,1,0,0,10,0
22,11,2,7,0,1,0,0,44,0
37,10,0,3,1,0,0,0,40,1
58,9,0,0,4,0,0,0,40,0
61,6,6,4,4,1,0,0,20,0
30,14,4,9,1,0,0,0,45,0
23,10,4,0,3,0,0,0,40,0
30,6,0,7,1,1,0,0,40,0
18,9,4,7,3,1,0,0,25,0
23,9,4,5,2,1,0,0,40,0
23,10,4,8,3,0,0,0,10,0
57,13,2,11,0,1,0,0,55,1
58,9,2,3,0,1,0,0,45,1
59,9,2,13,0,1,0,0,40,1
27,13,3,0,1,1,0,0,40,0
50,13,2,4,0,1,0,0,45,1
25,13,4,12,3,0,0,0,40,0
33,9,0,7,4,0,0,0,30,0
22,10,4,7,3,1,0,0,35,0
21,10,4,2,3,1,0,1719,30,0
44,7,2,9,5,0,5178,0,36,1
50,10,2,11,0,1,0,0,50,1
44,9,2,13,0,1,0,0,45,0
41,13,2,3,0,1,0,0,50,1
54,10,6,0,4,0,0,0,40,0
60,4,2,4,0,1,0,0,40,0
58,14,0,9,1,1,0,0,20,0
27,10,2,12,0,1,3908,0,40,0
43,9,4,0,4,0,0,0,60,0
33,12,2,5,0,1,0,0,40,0
24,10,2,13,0,1,0,0,65,0
41,9,4,13,1,1,0,0,40,0
21,9,4,2,3,1,0,0,40,0
39,10,2,2,3,1,0,0,40,0
27,13,4,3,3,0,0,0,40,0
50,9,2,13,0,1,0,0,40,0
20,9,4,5,3,1,0,0,40,0
46,13,2,3,0,1,0,0,40,1
49,7,2,13,0,1,0,0,40,0
35,13,2,3,5,0,0,0,35,1
56,10,2,7,0,1,0,0,45,1
41,14,0,9,1,1,0,1974,40,0
41,10,0,2,1,1,0,2001,50,0
42,9,2,2,0,1,0,0,40,0
58,4,2,2,0,1,0,0,40,0
43,10,2,0,0,1,0,0,40,0
25,9,0,7,1,0,0,0,40,0
57,9,0,0,4,0,0,0,42,0
49,4,6,6,1,0,0,0,40,0
23,10,2,5,0,1,0,0,40,0
59,9,2,2,0,1,0,0,40,0
50,10,2,13,0,1,0,0,70,1
33,13,4,9,1,0,0,0,45,0
52,14,2,12,0,1,0,0,45,0
37,9,2,2,0,1,0,0,40,1
30,9,0,0,4,0,0,0,40,0
39,9,0,2,4,1,0,0,60,0
54,10,0,2,4,1,0,0,42,0
52,9,2,11,0,1,0,0,45,1
22,9,4,10,4,1,0,0,56,0
65,9,2,11,0,1,9386,0,10,1
32,13,4,0,1,1,0,0,40,0
25,4,4,6,4,1,0,0,40,0
34,10,4,2,1,1,0,0,40,0
47,11,4,7,1,0,0,0,55,0
24,9,4,4,3,1,0,0,98,0
63,16,0,3,1,0,0,2559,60,1
48,3,4,8,4,0,0,0,35,0
26,9,4,11,1,0,0,0,50,0
28,10,5,6,1,1,0,0,40,0
23,9,4,7,3,1,0,0,12,0
57,15,2,9,0,1,15024,0,50,1
64,13,0,12,1,1,0,0,40,0
28,13,4,3,3,1,0,0,50,1
28,4,2,11,2,1,0,0,40,0
34,10,2,6,0,1,0,0,40,0
38,7,2,3,0,1,0,1887,45,1
44,12,2,4,0,1,0,0,60,1
34,11,4,9,1,0,1639,0,20,0
18,9,2,2,0,1,0,0,25,0
36,8,2,2,0,1,0,0,40,0
73,9,2,4,0,1,0,2457,40,0
24,9,4,7,3,1,0,0,40,0
29,13,2,3,0,1,0,0,40,1
33,10,2,9,0,1,0,0,40,0
57,9,5,0,2,0,0,0,35,0
55,6,6,13,1,0,0,0,35,0
21,6,2,2,0,1,0,0,40,0
36,14,2,9,0,1,0,0,45,1
26,10,4,9,1,1,0,0,50,0
40,10,0,12,4,0,0,213,40,0
32,9,2,2,0,1,0,0,40,0
21,10,4,7,3,0,0,0,40,0
59,10,2,3,0,1,0,2179,40,0
29,9,4,11,4,0,0,1138,40,0
29,10,0,6,1,1,0,0,48,0
59,14,2,3,0,1,15024,0,80,1
58,9,2,13,0,1,0,0,40,1
47,9,2,6,0,1,0,0,45,0
44,9,0,0,1,0,0,1504,45,0
31,9,4,7,3,1,0,0,40,0
42,9,2,2,0,1,0,0,35,0
19,9,4,7,3,1,0,0,25,0
66,9,2,11,0,1,0,0,50,0
41,9,2,6,0,1,0,0,45,0
22,10,4,11,3,0,0,0,30,0
31,9,4,11,3,0,0,1594,30,0
30,13,4,11,1,1,0,0,40,0
36,9,5,7,1,0,0,0,16,0
41,12,0,9,4,0,0,0,36,0
19,10,4,5,3,1,0,0,20,0
60,9,2,7,0,1,0,0,40,0
24,7,4,13,3,1,0,0,40,0
25,7,2,6,0,1,0,0,40,0
52,10,4,3,1,0,0,0,50,0
30,13,4,3,1,0,0,0,45,0
37,9,2,2,0,1,0,0,40,1
55,16,0,3,1,0,0,0,30,0
20,10,4,0,2,0,0,0,24,0
32,4,4,8,1,0,0,0,15,0
18,9,4,7,3,1,0,0,35,0
24,10,4,2,3,1,0,0,40,0
33,10,2,10,0,1,0,0,45,0
57,14,2,10,0,1,0,0,14,1
53,14,0,9,4,0,0,1876,38,0
19,9,4,11,1,0,0,0,40,0
50,15,2,9,0,1,0,0,40,1
27,13,4,3,1,1,0,0,50,0
40,11,5,2,1,0,0,0,60,0
47,9,2,11,0,1,0,0,55,0
39,11,2,9,0,1,0,0,50,0
49,10,0,0,3,1,0,0,40,0
28,10,2,9,0,1,0,0,7,0
50,13,2,3,0,1,15024,0,40,1
28,7,4,13,3,1,0,0,50,0
30,9,2,11,0,1,0,0,40,0
47,14,2,3,0,1,99999,0,50,1
39,13,2,9,0,1,0,0,40,1
37,9,2,11,0,1,0,0,50,0
50,9,2,11,0,1,0,0,80,0
37,6,2,6,0,1,0,0,40,0
26,9,2,6,0,1,0,0,40,1
55,11,2,2,0,1,0,0,40,1
46,13,2,9,0,1,0,0,40,1
32,9,2,11,0,1,0,0,60,0
26,13,4,2,1,1,0,0,45,1
32,9,2,13,0,1,7298,0,40,1
43,10,4,5,3,0,1055,0,40,0
19,9,0,2,1,0,0,0,40,0
38,9,0,7,1,0,0,0,75,0
38,3,2,11,0,1,0,0,40,0
65,11,2,0,5,0,0,0,40,0
70,10,2,3,0,1,0,2246,40,1
44,13,5,6,4,0,0,0,7,0
32,10,4,11,1,1,0,0,50,0
30,9,4,10,3,0,0,0,40,0
49,12,2,0,0,1,0,0,60,1
23,9,4,0,3,0,0,0,40,0
25,10,2,5,0,1,0,0,16,0
19,10,4,0,3,0,0,0,15,0
27,11,4,2,1,1,0,0,40,0
43,9,4,13,1,1,0,0,60,0
38,9,2,2,0,1,0,0,50,0
42,14,2,9,0,1,0,0,60,0
33,13,4,0,3,1,0,0,38,0
30,13,2,3,0,1,0,0,40,1
29,13,4,12,1,1,0,0,40,0
30,7,2,2,0,1,0,0,40,0
26,9,2,12,0,1,0,0,40,0
43,13,2,9,0,1,0,0,40,1
30,9,2,7,5,0,0,0,45,0
38,10,2,13,0,1,0,0,40,1
48,14,2,3,0,1,0,0,40,1
57,13,2,11,0,1,0,1887,55,1
30,9,2,11,5,0,0,0,30,0
42,14,5,3,4,1,0,0,45,1
31,9,2,3,0,1,0,0,70,0
32,10,4,2,1,1,0,0,40,0
28,13,2,3,0,1,0,0,40,0
63,9,2,5,0,1,0,0,40,0
32,9,2,13,0,1,0,0,40,0
20,10,4,5,3,1,0,0,12,0
51,14,2,9,5,0,0,0,30,1
24,10,2,11,0,1,0,0,40,0
41,11,0,0,4,0,0,0,44,0
21,9,4,6,3,1,0,0,40,0
27,10,4,2,1,1,0,1876,45,0
17,5,4,7,3,1,0,0,35,0
45,2,2,7,5,0,0,0,40,0
39,9,5,0,4,0,0,625,35,0
21,10,4,9,3,0,0,0,4,0
29,13,4,9,1,1,8614,0,45,1
39,14,4,11,1,1,0,2444,45,1
42,9,5,13,2,1,0,0,40,0
22,3,2,2,2,1,0,0,40,0
59,9,6,0,1,0,0,0,40,0
40,14,2,3,0,1,0,0,65,1
45,10,0,7,1,0,0,0,40,0
35,9,0,3,1,1,0,0,50,0
58,9,2,4,0,1,0,0,20,0
45,10,2,2,0,1,0,1848,40,1
29,9,2,6,0,1,0,0,45,0
21,7,4,2,3,1,0,0,45,0
51,9,2,12,0,1,0,0,40,0
34,10,2,7,5,0,0,0,40,0
40,13,0,0,1,0,0,0,35,0
45,7,0,0,4,0,0,0,16,0
38,6,2,11,0,1,0,1887,40,1
22,13,4,0,3,0,0,0,40,0
37,5,2,7,0,1,3137,0,40,0
62,6,0,7,4,0,0,0,40,0
32,13,4,3,1,0,0,0,60,0
36,13,2,9,5,0,0,0,4,1
43,9,4,2,1,1,0,0,40,0
37,9,2,13,0,1,0,0,40,0
28,9,4,13,4,1,0,0,55,0
47,9,2,7,5,0,0,0,7,1
59,9,0,0,1,0,0,0,40,0
35,9,2,6,0,1,0,0,40,0
35,13,2,11,0,1,0,0,40,0
29,13,4,9,2,1,0,0,40,0
57,12,0,9,1,0,0,0,40,0
41,13,2,3,0,1,0,0,60,1
37,14,2,9,0,1,0,0,45,1
20,10,4,4,3,1,0,0,40,0
44,9,2,11,0,1,0,0,60,0
20,9,4,0,1,0,0,0,30,0
38,13,2,0,5,0,0,0,28,1
23,9,2,0,2,1,0,0,40,0
24,9,3,11,3,0,0,0,36,0
46,13,2,11,0,1,0,0,40,1
32,9,2,13,0,1,0,0,40,0
21,9,2,2,0,1,0,0,40,0
32,10,2,11,0,1,0,0,40,0
41,10,0,11,3,1,2174,0,45,0
51,9,2,6,0,1,0,0,40,0
69,4,4,4,2,1,1848,0,10,0
39,9,2,2,0,1,5178,0,50,1
43,10,0,2,1,1,0,0,40,0
51,13,2,4,0,1,5178,0,40,1
43,9,0,7,1,1,0,0,40,0
35,7,0,3,4,0,0,0,84,0
32,9,0,2,3,1,0,0,40,0
25,13,4,9,3,0,0,0,21,0
64,10,6,11,1,0,0,0,40,0
28,13,2,3,5,0,0,0,40,0
44,2,2,10,2,1,0,0,40,0
40,13,2,12,0,1,0,0,40,1
21,10,4,5,3,1,0,0,40,0
23,9,4,2,1,1,0,0,40,0
23,10,4,7,4,0,0,0,20,0
19,9,4,7,3,1,0,0,40,0
61,10,2,12,0,1,0,0,25,0
39,6,2,5,0,1,0,0,45,0
51,9,2,0,5,0,7688,0,40,1
25,6,2,3,0,1,0,0,40,0
33,9,2,11,0,1,0,0,45,0
34,10,0,0,1,0,0,0,38,0
54,10,2,11,0,1,0,0,50,0
24,13,4,12,3,0,0,0,40,0
28,9,4,6,3,1,0,0,50,0
33,10,2,11,0,1,0,0,44,0
31,9,2,13,0,1,0,0,60,1
70,9,2,3,0,1,0,0,16,0
43,9,2,6,5,0,0,0,40,0
36,10,2,0,5,0,0,0,12,1
50,7,4,2,4,1,0,0,40,0
21,10,4,7,1,0,0,0,30,0
31,10,5,12,4,0,0,0,40,0
39,10,0,0,4,0,0,0,35,0
29,4,2,7,5,0,0,0,40,0
39,10,0,5,1,1,0,0,40,0
17,4,4,4,2,1,0,0,40,0
46,10,0,11,4,0,0,0,40,0
62,9,2,2,0,1,0,0,40,0
32,6,0,7,4,0,0,0,23,0
28,9,4,7,3,0,0,0,40,0
19,10,4,11,2,0,0,0,40,0
61,16,2,3,0,1,4064,0,40,0
24,13,2,10,0,1,0,0,45,0
38,10,2,2,0,1,0,0,41,0
38,14,2,9,0,1,0,0,40,1
17,6,4,11,3,1,0,0,20,0
28,9,2,2,0,1,0,0,40,0
52,9,2,11,0,1,0,0,8,0
61,15,2,9,0,1,15024,0,20,1
69,3,2,6,0,1,0,2267,40,0
19,9,4,11,3,0,0,0,25,0
26,10,2,0,0,1,0,0,40,1
34,10,2,3,0,1,0,0,40,1
70,5,2,6,5,0,2653,0,40,0
21,9,4,0,1,0,0,0,25,0
43,9,2,2,0,1,0,0,44,0
52,9,2,2,0,1,0,0,40,0
59,9,2,2,0,1,0,0,40,1
21,11,4,0,3,0,0,0,40,0
53,14,2,3,0,1,0,1977,40,1
55,10,2,10,0,1,0,0,40,1
46,14,0,11,1,1,0,0,60,1
36,9,5,0,4,0,0,0,37,0
39,9,4,5,3,1,0,0,48,0
30,9,4,9,3,0,0,0,30,0
22,10,4,11,3,0,0,0,16,0
43,13,2,3,0,1,0,0,40,1
36,9,0,6,1,1,0,0,56,0
36,13,2,2,3,1,0,0,40,1
50,9,0,2,4,0,0,0,40,0
27,13,4,10,1,0,0,0,35,0
46,9,2,0,0,1,0,0,40,1
24,13,4,9,3,1,0,0,20,0
41,9,0,2,1,1,0,0,40,0
68,9,2,0,0,1,0,0,24,0
38,10,2,3,0,1,0,0,40,0
47,9,2,11,0,1,0,0,40,1
41,10,4,7,1,1,0,0,20,0
31,16,4,9,3,0,0,0,48,0
29,10,2,2,0,1,0,0,42,0
26,9,4,5,3,0,0,0,40,0
51,10,6,6,4,0,0,0,36,0
26,13,4,12,1,1,0,0,60,0
27,13,4,9,1,0,0,0,60,0
36,9,2,12,0,1,0,0,50,0
28,13,4,9,1,0,0,0,40,0
53,13,0,12,1,0,0,0,40,0
40,13,0,9,1,1,0,0,40,0
38,9,0,7,1,0,0,0,20,0
53,6,2,7,0,1,0,0,34,0
34,9,2,2,0,1,0,0,40,0
43,9,0,13,1,1,0,0,60,0
64,6,2,0,0,1,0,0,40,0
21,10,4,0,3,0,0,0,40,0
38,15,4,9,1,0,99999,0,57,1
47,14,0,10,1,1,0,0,50,1
48,16,2,9,0,1,0,1902,40,1
57,9,2,13,0,1,0,0,50,0
37,13,4,0,1,0,0,0,35,0
37,7,0,4,1,1,0,0,40,0
51,9,2,4,0,1,0,0,55,1
32,12,4,0,1,0,0,0,40,0
49,9,2,6,0,1,0,0,40,0
52,9,2,11,0,1,0,0,14,0
64,12,2,3,0,1,9386,0,45,1
46,9,0,0,4,0,0,0,45,0
24,10,2,9,0,1,0,0,40,0
39,13,2,3,0,1,0,0,45,1
23,9,2,6,5,0,3942,0,40,0
30,10,4,2,1,1,0,0,44,0
34,14,0,9,3,0,0,0,60,1
30,10,2,0,0,1,0,0,40,0
25,13,4,11,1,0,0,0,40,0
58,13,2,9,0,1,0,0,40,0
32,10,2,0,0,1,0,0,50,0
37,9,5,7,4,0,0,0,25,0
35,9,5,7,1,0,0,0,40,0
18,3,4,5,2,1,0,0,30,0
46,13,0,9,4,0,0,0,40,0
71,13,4,2,1,1,11678,0,45,1
44,6,0,0,4,0,0,0,40,0
45,6,0,11,1,0,0,0,40,0
40,8,2,9,0,1,0,0,40,1
38,13,2,9,0,1,0,0,50,1
52,9,2,6,5,0,0,0,40,0
47,9,2,2,0,1,0,0,40,0
49,13,0,12,4,0,0,0,35,0
59,9,2,11,0,1,0,0,40,0
22,11,4,0,3,0,0,0,37,0
44,10,2,3,0,1,0,0,40,1
76,13,6,9,1,0,0,0,20,0
50,6,4,7,1,1,0,0,40,0
33,10,2,10,0,1,0,0,40,0
43,9,2,2,0,1,0,0,48,1
27,9,2,0,5,0,5178,0,40,1
37,9,2,2,0,1,0,0,40,0
40,7,2,13,0,1,0,0,55,0
49,10,0,3,1,0,0,0,40,0
48,10,4,2,1,1,0,0,45,0
49,9,5,9,4,0,0,625,40,0
22,10,2,12,0,1,0,0,40,0
42,9,0,3,1,0,0,0,40,0
36,10,0,9,1,0,0,0,40,0
30,9,4,7,1,0,0,0,40,0
40,9,4,2,2,1,0,0,40,0
42,9,2,6,0,1,0,0,45,0
56,9,2,6,0,1,0,0,40,1
55,10,0,9,1,0,0,0,40,0
25,9,2,7,0,1,0,0,40,0
33,10,4,0,4,0,0,0,35,0
55,9,2,11,0,1,4064,0,40,0
47,13,2,11,0,1,0,0,60,1
23,12,4,11,3,0,0,0,65,0
55,13,0,11,1,0,0,0,50,0
43,9,4,3,1,0,0,0,50,0
31,11,2,11,0,1,0,0,50,0
62,12,6,9,1,0,0,0,40,0
42,9,2,0,0,1,0,0,8,0
38,9,2,2,0,1,0,0,40,1
29,9,4,12,1,1,0,0,42,0
26,10,4,7,1,1,0,0,60,0
26,9,2,0,5,0,0,0,52,1
37,9,2,4,0,1,0,0,72,0
79,8,6,11,1,1,18481,0,45,1
61,4,4,7,1,1,0,0,48,0
28,4,4,7,2,0,0,0,99,0
60,13,2,3,0,1,7298,0,60,1
51,9,0,10,1,1,0,0,81,0
34,9,2,2,0,1,0,0,43,1
35,9,0,6,3,1,0,0,40,0
27,6,2,2,0,1,0,0,60,0
44,9,0,7,4,0,0,0,40,0
25,9,5,7,4,0,0,0,20,0
32,4,0,7,4,0,0,0,40,0
36,10,2,9,0,1,0,0,20,1
27,14,4,5,4,1,0,0,30,0
40,16,2,9,0,1,0,0,60,1
25,13,4,12,1,1,0,0,40,0
41,9,2,13,0,1,0,0,50,0
30,13,2,9,0,1,0,0,45,1
26,13,4,3,1,1,0,2258,45,1
52,7,2,6,0,1,0,0,40,0
32,13,4,9,1,0,0,0,45,0
33,9,2,5,0,1,0,0,40,0
35,9,2,2,0,1,0,0,55,0
48,9,6,7,1,0,0,0,44,0
62,4,2,11,0,1,0,0,5,0
40,12,4,9,3,0,0,0,2,0
28,3,4,7,1,0,0,0,40,0
23,10,4,7,1,0,0,0,30,0
50,13,2,3,0,1,7298,0,40,1
51,10,0,0,4,0,0,0,35,0
63,10,2,7,0,1,0,0,48,0
63,9,6,3,1,0,0,0,40,0
40,9,0,11,1,1,0,0,60,1
40,9,4,4,1,1,0,0,40,0
41,13,2,9,5,0,0,0,15,1
20,10,4,9,3,0,0,0,15,0
28,13,2,0,0,1,0,1887,40,1
35,9,2,2,0,1,0,0,40,0
31,13,2,3,0,1,0,0,40,0
34,13,2,11,0,1,0,0,50,1
57,14,2,3,0,1,0,0,50,1
28,9,4,6,1,0,0,0,40,0
38,10,2,12,0,1,0,0,40,1
37,11,4,7,1,1,0,0,40,0
43,10,0,0,1,0,0,0,40,0
26,9,2,3,0,1,0,0,40,0
26,10,2,13,0,1,0,0,65,0
27,11,2,13,0,1,0,0,50,0
33,13,2,9,0,1,0,0,45,0
45,13,4,9,1,0,0,0,40,0
65,13,2,7,0,1,0,0,20,0
57,10,2,11,0,1,99999,0,45,1
59,9,0,7,1,0,0,0,38,0
18,10,4,7,3,1,0,0,26,0
44,8,2,5,0,1,0,0,40,0
37,10,4,2,1,1,0,0,40,0
27,9,2,7,0,1,0,0,40,0
43,13,2,9,5,0,0,0,45,1
59,15,2,9,0,1,0,0,40,1
19,9,4,4,1,1,0,0,40,0
36,9,4,3,4,1,0,0,90,0
68,10,2,11,0,1,20051,0,40,1
63,7,6,11,1,0,2176,0,30,0
37,10,2,3,0,1,0,0,57,0
46,14,0,9,1,0,0,1876,60,0
31,12,0,0,4,0,0,0,35,0
23,9,4,7,3,1,0,0,40,0
22,10,4,11,1,1,0,0,30,0
49,9,2,11,0,1,0,1672,44,0
36,9,0,0,4,0,0,0,40,0
38,10,0,3,1,1,0,0,50,0
46,14,2,3,0,1,0,1902,45,1
24,12,4,0,3,0,0,0,40,0
26,13,4,0,3,0,0,0,40,0
47,4,2,6,5,0,0,0,40,0
40,10,2,5,0,1,0,1887,40,1
31,14,4,9,1,0,0,0,50,0
42,3,3,4,1,1,0,0,35,0
48,11,2,2,0,1,0,0,70,1
56,10,5,12,4,0,0,0,38,0
50,9,2,12,0,1,0,0,40,1
17,6,4,5,3,1,0,0,20,0
21,9,4,7,2,1,0,1719,25,0
50,9,0,0,1,0,0,0,40,0
49,9,0,11,1,0,0,0,32,0
34,9,2,11,5,0,0,0,15,0
32,9,2,11,0,1,0,0,60,1
28,10,2,0,0,1,0,0,40,1
62,13,2,3,0,1,0,0,50,1
23,13,4,9,1,1,0,0,15,0
24,14,4,9,1,0,0,0,40,0
31,11,2,9,5,0,0,0,40,0
36,9,2,13,0,1,0,0,40,0
58,12,2,8,2,0,0,0,35,0
39,14,2,9,0,1,0,0,40,1
21,9,4,2,1,1,0,0,42,0
39,9,2,5,0,1,0,0,40,0
21,10,4,11,3,0,0,0,35,0
33,11,2,9,0,1,0,0,40,1
37,9,2,2,0,1,0,0,50,1
29,9,4,7,4,0,0,0,40,0
43,9,0,6,3,0,0,0,40,0
22,9,4,2,3,1,0,0,40,0
25,14,4,9,3,0,0,0,40,1
69,10,2,7,0,1,0,0,40,0
17,7,4,7,3,0,0,0,25,0
54,9,6,5,4,0,0,0,40,0
28,8,2,6,2,1,0,0,40,0
27,11,4,12,3,0,0,0,38,0
35,12,0,2,4,1,0,0,45,1
38,11,2,12,5,0,0,0,40,1
33,9,2,12,0,1,0,0,40,0
26,9,4,2,3,1,0,0,40,0
56,10,2,11,5,0,0,0,60,1
38,13,2,9,0,1,0,0,70,1
51,10,2,9,5,0,0,2057,60,0
26,10,4,8,1,0,0,0,50,0
33,13,2,3,0,1,0,0,55,1
44,4,2,5,0,1,0,0,50,0
36,5,0,11,1,0,0,0,40,0
42,10,0,2,4,1,0,0,40,0
44,12,2,9,0,1,0,0,40,0
44,13,2,13,0,1,15024,0,55,1
21,10,4,11,3,0,0,0,20,0
41,10,2,11,0,1,0,0,50,1
41,16,2,3,0,1,15024,0,50,1
62,11,2,9,0,1,7298,0,50,1
27,7,5,2,1,1,0,0,45,0
38,13,2,9,0,1,0,0,40,1
60,10,5,13,1,0,0,0,30,0
24,8,4,6,4,1,0,0,40,0
22,9,4,5,3,1,0,0,40,0
22,2,4,6,1,1,0,0,24,0
51,13,2,9,0,1,0,0,40,0
31,14,2,3,0,1,0,1977,48,1
42,15,2,3,0,1,0,0,55,1
49,9,2,6,0,1,7298,0,43,1
37,13,4,12,3,0,0,0,42,0
37,15,2,9,0,1,0,0,45,1
66,13,2,7,0,1,0,0,40,1
46,11,5,6,1,0,0,0,40,0
52,9,2,2,0,1,0,0,40,1
23,9,4,2,1,1,0,0,40,0
67,9,6,3,4,1,0,0,38,1
19,10,4,11,3,0,0,0,25,0
37,13,4,9,1,0,0,0,45,0
42,9,2,3,0,1,0,1977,60,1
39,10,2,7,0,1,0,0,40,0
54,9,2,11,0,1,0,1848,40,1
46,9,2,6,0,1,0,0,40,0
33,9,4,7,4,0,0,0,40,0
69,10,6,4,1,0,0,0,14,0
21,10,4,5,3,1,0,0,40,0
27,9,4,5,2,1,0,0,48,0
39,9,2,3,0,1,0,0,40,1
23,10,0,0,1,1,0,0,40,0
26,11,0,9,4,0,0,0,36,0
42,16,3,9,4,0,0,0,40,0
36,9,0,2,4,1,0,0,40,0
24,9,4,13,4,1,0,0,40,0
35,5,2,7,0,1,0,0,40,0
42,9,0,5,4,0,0,0,40,0
37,11,2,2,0,1,4386,0,44,1
41,16,2,9,0,1,0,0,50,1
27,11,4,6,4,0,0,0,40,0
42,15,2,9,0,1,99999,0,50,1
18,9,4,0,3,0,0,0,16,0
41,13,2,12,0,1,0,0,40,1
31,9,2,5,0,1,0,0,40,0
26,10,2,2,0,1,0,0,40,0
67,2,6,6,1,0,2062,0,34,0
37,10,2,3,0,1,0,0,60,1
51,9,2,2,0,1,0,0,40,0
26,10,4,2,3,1,0,0,40,0
40,12,2,9,0,1,7688,0,40,1
25,9,4,5,4,1,0,0,40,0
38,11,2,6,0,1,0,0,40,1
43,9,5,13,1,1,0,0,40,0
23,10,5,4,2,0,0,0,40,0
44,13,2,3,0,1,0,1902,50,1
60,14,0,9,1,0,0,0,25,0
38,14,4,9,1,0,0,1669,55,0
21,10,4,9,1,1,0,0,20,0
18,10,4,0,3,0,0,0,25,0
49,13,0,3,1,0,27828,0,60,1
43,3,0,8,4,0,0,0,40,0
36,9,2,13,0,1,0,0,25,1
31,9,2,13,5,0,5178,0,35,1
38,9,0,6,2,0,0,0,40,0
43,10,2,4,0,1,0,0,84,0
58,9,0,7,4,0,0,0,35,0
55,9,0,0,1,0,0,0,29,0
39,12,0,3,4,0,0,0,35,0
38,13,0,9,1,0,0,0,35,0
54,9,6,2,1,1,0,2001,35,0
57,15,2,9,0,1,0,0,40,0
35,12,2,10,0,1,0,0,52,0
44,15,2,9,0,1,0,0,60,1
36,9,2,2,0,1,0,0,40,0
58,9,2,2,0,1,0,0,40,0
39,10,4,7,3,0,0,2205,40,0
25,15,4,9,1,0,0,0,8,0
54,13,2,3,0,1,0,0,40,0
23,13,4,12,1,0,0,0,40,0
37,10,4,11,1,1,0,0,60,0
60,12,2,7,0,1,0,0,40,0
66,4,6,7,1,0,0,0,20,0
36,12,2,6,0,1,0,0,50,0
29,9,3,13,2,1,0,1564,50,1
29,13,4,0,3,0,2202,0,40,0
25,13,0,9,1,0,0,0,44,0
23,10,4,0,3,1,0,0,40,0
38,9,4,7,3,1,0,0,40,0
33,10,2,5,0,1,0,0,50,1
49,10,2,4,0,1,0,0,60,0
57,9,2,3,0,1,0,0,60,1
57,13,2,3,0,1,0,0,45,0
46,10,4,6,1,0,0,0,45,0
37,14,2,3,0,1,0,0,70,1
43,13,2,11,0,1,0,0,45,1
26,9,4,7,1,0,0,0,35,0
40,11,5,9,2,0,0,0,40,0
39,9,4,2,2,1,0,0,40,0
39,12,0,7,4,0,0,0,40,0
31,10,2,0,0,1,0,0,40,0
31,13,2,6,0,1,0,0,36,0
27,13,4,0,1,0,0,0,40,0
36,13,2,3,0,1,0,0,50,0
40,13,0,12,1,0,8614,0,40,1
57,9,2,7,0,1,0,0,40,0
24,9,4,7,1,0,0,0,35,0
30,10,4,11,1,1,0,0,45,0
28,8,4,13,1,1,0,0,50,0
22,13,4,3,1,1,0,0,40,0
31,4,4,5,3,1,0,0,50,0
33,9,2,11,0,1,0,0,44,1
20,10,4,5,2,1,0,0,15,0
25,8,2,4,0,1,0,0,60,0
49,10,2,4,0,1,0,0,40,0
21,9,4,7,3,0,0,0,35,0
45,13,2,3,0,1,0,0,45,1
36,9,2,3,0,1,0,0,45,1
41,3,3,8,1,0,0,0,32,0
23,13,4,11,1,1,0,1602,12,0
47,13,2,3,0,1,0,0,50,1
41,9,0,3,1,1,0,0,50,0
30,9,4,5,4,0,0,0,40,0
29,10,4,4,1,1,0,0,40,0
31,4,0,6,4,0,0,0,40,0
55,5,2,6,2,1,0,0,40,0
19,9,4,7,1,1,0,0,35,0
31,8,2,12,5,0,0,0,40,1
18,7,4,7,3,1,0,0,8,0
68,9,6,11,1,0,0,0,24,0
36,10,4,3,4,0,0,0,48,0
44,15,2,9,0,1,0,0,50,1
58,9,2,0,5,0,0,0,20,1
20,9,4,11,3,0,0,0,20,0
18,6,4,5,3,1,0,0,40,0
32,9,4,5,3,0,0,0,30,0
49,9,0,7,1,0,0,0,40,0
34,9,2,6,0,1,0,0,40,0
22,9,4,0,1,0,0,0,40,0
40,9,2,7,0,1,0,0,45,0
35,9,2,5,0,1,0,0,40,0
44,8,2,3,0,1,0,0,60,0
55,9,0,3,1,0,0,0,60,0
21,11,2,2,0,1,0,2603,40,0
54,10,2,2,5,0,0,0,40,0
39,10,4,0,1,0,2202,0,44,0
52,9,0,7,1,1,0,0,38,0
57,13,2,2,0,1,0,0,50,1
58,9,0,0,4,0,0,0,40,0
27,10,4,9,2,1,0,0,16,0
41,10,0,6,1,1,0,0,40,0
18,7,4,9,3,0,0,0,16,0
58,9,6,2,4,1,8614,0,52,1
50,3,0,7,1,1,0,0,37,0
31,10,4,3,1,1,0,0,40,0
32,6,0,6,1,1,0,0,40,0
37,10,2,2,0,1,0,0,45,0
26,13,2,3,0,1,0,0,20,0
33,11,2,12,0,1,0,0,50,0
35,9,4,7,4,0,0,0,40,0
44,13,4,9,1,0,0,0,45,0
26,13,4,2,3,1,0,0,40,0
48,9,0,0,1,1,0,0,40,0
40,13,4,12,1,1,0,0,40,0
62,6,2,11,0,1,0,0,35,0
37,15,2,11,0,1,0,0,45,1
18,7,4,11,3,1,0,0,18,0
48,9,0,6,2,0,0,0,38,0
45,14,2,9,0,1,0,0,50,0
35,10,2,11,0,1,0,0,45,0
35,9,0,2,4,1,0,0,40,0
34,9,2,9,0,1,0,0,51,0
29,9,2,7,5,0,0,0,40,0
19,10,4,11,3,1,0,0,30,0
53,10,2,10,0,1,0,0,60,0
49,10,0,7,1,1,0,0,40,0
71,9,6,11,2,0,0,0,16,0
38,4,2,2,0,1,0,0,36,0
39,14,2,3,0,1,0,0,45,0
23,13,4,0,1,0,0,0,40,0
29,13,2,11,0,1,0,0,50,1
52,3,0,4,4,1,0,0,40,0
41,10,2,0,5,0,0,0,40,1
20,10,4,7,1,1,0,0,35,0
30,10,2,12,0,1,0,0,45,0
56,6,0,0,4,0,0,0,36,0
26,9,0,11,4,0,0,0,40,0
36,9,0,0,4,0,0,0,40,0
26,13,4,9,3,0,0,0,42,0
58,12,2,6,0,1,0,1848,40,1
24,13,4,0,3,1,0,0,40,0
41,10,0,11,1,0,0,0,32,0
27,10,4,11,3,1,0,0,35,0
28,10,5,3,3,1,0,2339,40,0
57,9,2,3,0,1,0,0,40,0
21,10,4,9,3,0,0,0,20,0
50,9,2,5,0,1,0,0,40,0
27,9,2,5,0,1,0,0,40,0
58,13,4,9,1,0,0,0,60,0
27,13,2,3,0,1,0,0,50,0
36,9,5,11,4,0,0,0,17,0
68,13,2,3,0,1,20051,0,40,1
33,9,6,11,4,0,0,0,40,0
19,10,4,7,3,0,0,0,18,0
26,9,5,0,4,0,0,0,40,0
37,9,4,5,4,0,0,0,30,0
53,9,2,6,0,1,0,0,45,0
32,10,4,12,1,1,0,0,38,0
18,7,4,3,3,0,0,0,25,0
53,9,2,2,0,1,0,0,40,1
40,13,2,9,0,1,0,0,40,0
50,10,0,9,4,0,0,0,40,0
43,13,2,9,5,0,15024,0,50,1
60,13,2,11,0,1,0,0,46,1
28,9,2,11,5,0,0,0,40,0
34,9,0,11,1,1,0,1669,45,0
37,9,0,13,1,1,0,0,40,0
25,9,2,12,0,1,0,0,40,0
46,14,2,3,0,1,15024,0,65,1
21,7,3,5,3,1,0,1762,40,0
26,13,4,9,1,0,0,0,45,0
47,9,4,0,2,0,0,0,40,0
18,8,4,5,3,1,0,0,20,0
22,13,4,11,1,0,0,0,16,0
36,10,0,6,3,0,0,0,30,0
59,9,2,13,0,1,0,0,48,0
33,9,2,7,5,0,0,0,38,0
33,6,0,2,1,1,0,0,35,0
53,13,2,0,5,0,0,0,50,0
44,10,2,3,0,1,3411,0,40,0
55,9,2,3,0,1,0,0,50,0
56,9,2,13,0,1,0,0,50,0
54,10,0,11,1,0,0,0,35,0
51,9,0,9,1,1,0,0,40,0
31,10,4,0,1,0,2463,0,38,0
43,14,2,3,0,1,0,0,50,1
44,9,0,7,4,0,0,0,40,0
22,10,4,3,3,1,0,0,50,0
43,9,2,7,0,1,0,0,40,0
26,12,4,0,4,0,0,0,40,0
30,13,4,11,3,1,0,0,18,0
30,5,2,2,0,1,2580,0,40,0
46,9,4,7,1,1,0,0,15,0
27,13,2,11,0,1,0,0,50,0
26,9,2,2,0,1,0,0,50,0
36,13,4,3,1,1,8614,0,40,1
25,9,5,2,3,1,0,0,35,0
30,15,4,9,1,0,0,0,40,0
46,9,2,7,0,1,7298,0,40,1
47,10,2,0,5,0,0,0,48,1
66,13,2,11,0,1,5556,0,26,1
43,6,2,5,0,1,0,0,40,0
36,13,2,0,0,1,0,1848,55,1
44,10,6,0,4,0,0,0,15,0
42,16,2,9,0,1,0,0,50,0
39,13,2,13,0,1,0,1977,45,1
36,12,2,3,0,1,0,0,50,1
60,13,2,3,0,1,0,1977,45,1
37,10,2,6,0,1,0,0,50,1
26,13,4,13,3,1,0,0,20,0
24,13,4,0,1,0,0,0,30,0
45,14,0,9,1,0,0,0,35,0
54,10,2,3,0,1,0,0,48,1
22,10,4,11,3,0,0,0,30,0
63,14,2,9,0,1,0,0,48,0
22,9,2,2,0,1,0,0,43,0
27,10,4,7,1,1,0,0,25,0
33,5,2,2,0,1,0,0,33,0
64,13,6,9,1,0,0,0,30,0
50,12,2,3,0,1,0,0,50,1
44,11,6,9,4,0,0,0,40,0
31,9,2,13,0,1,0,0,50,0
44,9,0,0,1,0,0,0,40,0
53,6,2,4,0,1,0,0,35,0
33,9,6,7,4,0,0,0,40,0
34,8,2,1,0,1,0,0,40,0
27,9,4,13,1,1,0,0,70,0
80,9,4,3,1,1,0,0,20,0
31,12,0,7,1,0,0,0,32,0
40,9,2,2,0,1,0,0,40,1
53,13,2,9,0,1,0,0,40,0
58,9,2,6,0,1,0,0,44,0
38,10,2,3,0,1,0,0,40,1
33,15,2,9,0,1,0,0,40,1
48,13,2,3,0,1,0,0,60,1
23,10,2,3,5,0,0,0,40,0
31,9,4,2,3,1,0,0,50,0
52,14,2,11,0,1,0,0,70,0
24,9,4,12,3,1,0,0,40,0
45,5,2,4,0,1,0,0,40,0
36,9,2,0,5,0,0,0,40,1
52,3,6,7,4,0,0,0,40,0
54,9,2,2,0,1,0,0,40,0
39,15,2,9,0,1,0,0,55,1
40,13,2,11,0,1,0,0,50,1
28,9,4,12,1,1,0,0,50,0
23,10,4,0,1,0,0,0,40,0
36,4,4,2,4,1,0,0,40,0
22,10,4,0,3,0,0,0,15,0
55,14,2,3,0,1,0,0,50,0
71,9,4,5,1,1,0,0,17,0
47,16,2,9,0,1,0,0,60,1
17,6,4,11,3,1,0,0,12,0
31,13,2,3,5,0,0,0,50,1
46,10,2,13,0,1,3103,0,40,1
27,13,4,3,3,0,0,0,40,0
39,10,2,3,0,1,0,1902,50,1
40,9,0,5,1,0,0,0,48,0
30,9,4,11,1,0,0,1602,30,0
17,5,4,7,4,1,0,0,20,0
33,14,4,9,1,1,0,0,40,0
72,16,4,9,1,1,0,0,30,0
34,10,1,0,5,0,0,0,40,1
65,9,4,2,2,1,0,0,40,0
36,13,2,9,0,1,0,1887,50,1
32,9,4,6,4,1,0,0,40,0
26,10,4,0,2,1,0,0,40,0
22,9,4,5,1,1,0,0,40,0
47,15,2,9,0,1,99999,0,48,1
31,10,4,7,1,1,0,0,40,0
28,13,4,11,1,1,0,0,50,0
38,14,4,0,1,0,0,0,50,1
34,12,2,0,0,1,0,0,28,0
44,13,2,9,0,1,0,0,35,1
27,10,4,5,3,1,0,0,40,0
50,13,2,10,0,1,0,0,44,1
47,9,2,7,5,0,0,0,30,0
20,10,4,7,1,1,0,0,40,0
24,9,4,11,1,1,0,0,38,0
29,10,2,12,0,1,0,0,40,1
37,11,4,7,4,0,0,0,32,0
42,12,0,0,1,1,0,0,40,0
68,10,4,0,1,0,0,0,40,0
22,10,4,0,1,0,0,0,40,0
72,9,2,11,0,1,0,0,30,0
45,10,2,0,0,1,0,0,20,0
30,9,2,7,0,1,0,0,40,0
33,9,2,2,0,1,0,0,40,0
43,9,2,7,0,1,0,0,40,1
56,10,6,3,1,1,4416,0,60,0
25,11,2,4,0,1,0,0,40,0
41,9,0,8,1,0,0,0,40,0
25,13,4,7,1,0,0,0,37,0
31,12,2,12,0,1,0,0,40,1
36,9,2,6,0,1,0,0,38,0
37,13,2,3,0,1,0,0,40,1
58,9,2,2,0,1,0,0,20,0
26,13,4,0,1,0,0,0,40,0
55,10,2,12,0,1,0,0,50,1
46,10,2,3,0,1,0,0,48,1
44,13,4,0,1,0,0,1617,20,0
44,7,2,7,0,1,0,0,60,0
28,13,4,3,1,1,0,0,55,0
42,6,2,13,0,1,0,0,50,0
41,9,0,2,1,1,0,0,40,0
39,13,2,3,0,1,0,0,45,0
64,11,2,4,0,1,0,0,30,0
20,10,4,5,3,1,0,0,25,0
45,10,2,10,0,1,0,0,40,1
31,9,2,0,0,1,0,0,50,0
36,14,2,3,0,1,0,0,40,1
32,5,5,7,4,0,0,0,40,0
33,11,2,4,0,1,0,0,65,0
51,9,0,3,1,0,99999,0,35,1
36,9,0,6,4,1,0,0,40,0
40,9,4,2,1,1,0,0,40,0
44,11,2,0,0,1,7298,0,51,1
40,9,0,0,4,0,0,0,45,0
46,11,0,0,1,0,0,0,40,0
31,15,2,9,0,1,0,0,60,1
30,9,4,11,1,0,0,1980,40,0
26,9,2,5,0,1,0,0,40,0
25,13,4,7,2,1,0,0,40,0
35,12,2,2,0,1,0,0,40,0
29,15,4,9,2,1,0,0,50,0
39,12,5,2,1,1,0,0,40,0
44,10,0,7,4,1,0,0,40,0
37,9,2,6,0,1,0,0,60,1
79,11,2,11,0,1,0,0,20,1
36,13,2,3,0,1,0,0,45,1
44,10,2,2,0,1,0,0,60,1
23,9,2,6,0,1,0,1573,30,0
27,13,4,0,1,0,0,0,45,0
46,13,2,11,0,1,0,1902,40,1
58,9,2,2,0,1,0,0,40,0
36,12,0,3,1,1,0,0,48,0
36,9,2,2,0,1,0,1887,60,1
21,10,4,0,1,1,0,0,45,0
41,9,4,13,1,0,14344,0,40,1
49,9,2,6,0,1,0,0,40,0
34,13,2,11,5,0,0,0,40,1
29,9,2,10,0,1,0,0,35,0
63,13,2,3,0,1,0,0,50,1
29,13,4,9,1,0,0,0,40,0
65,10,2,4,0,1,0,0,40,0
26,13,4,7,1,0,0,0,25,0
42,16,2,9,0,1,0,0,40,1
44,10,0,0,1,0,0,0,37,0
41,9,2,6,0,1,0,0,25,0
22,12,4,0,3,0,0,0,35,0
18,7,4,5,3,1,0,0,40,0
33,6,2,13,0,1,0,0,40,0
46,13,2,9,0,1,0,0,38,1
49,7,2,8,2,0,0,0,40,0
41,9,2,0,5,0,0,0,40,0
52,10,0,0,4,0,0,0,40,0
40,10,5,5,1,1,0,0,40,0
53,10,4,9,4,0,0,0,40,0
45,9,2,2,0,1,0,0,50,0
30,6,2,2,0,1,0,0,40,0
56,9,2,5,0,1,0,0,40,0
24,9,2,2,0,1,0,0,40,0
71,4,2,4,0,1,0,0,50,0
20,9,0,11,1,0,0,0,30,0
26,13,2,12,0,1,0,0,50,0
34,9,2,11,0,1,0,0,65,0
49,9,5,9,4,0,0,653,60,0
48,16,2,9,0,1,0,1902,50,1
22,9,4,7,3,0,0,0,40,0
30,10,0,6,1,1,0,1617,40,0
51,9,0,2,1,1,0,0,40,0
46,10,3,11,4,0,0,0,40,0
32,9,2,3,0,1,0,0,45,0
42,15,2,11,5,0,15024,0,40,1
52,10,2,12,0,1,0,0,50,0
57,9,0,0,2,0,0,0,40,0
35,10,0,0,4,0,0,0,39,0
52,14,2,9,0,1,0,0,50,1
36,10,0,3,4,0,0,0,40,0
33,10,2,3,0,1,0,0,40,1
67,9,0,10,1,1,0,0,20,0
31,10,2,11,0,1,0,0,48,0
31,9,2,9,0,1,0,0,50,0
28,10,4,6,1,1,0,0,42,0
36,9,0,2,1,1,0,0,40,0
58,9,2,11,0,1,0,0,35,1
56,9,2,6,0,1,0,0,40,0
35,10,4,11,1,1,0,0,40,0
37,11,2,2,0,1,0,0,40,1
44,13,3,3,4,0,0,0,40,0
26,9,4,4,3,1,0,0,40,0
51,9,2,13,0,1,0,0,40,0
31,10,2,2,0,1,4386,0,50,1
30,10,4,11,3,0,0,0,40,0
20,10,4,0,1,0,0,0,40,0
21,10,4,0,3,0,0,0,40,0
37,13,2,9,0,1,0,0,50,1
53,11,2,9,0,1,4386,0,40,1
54,9,2,0,0,1,0,0,45,0
30,13,2,11,0,1,7298,0,50,1
43,9,3,3,4,0,0,0,40,0
48,11,0,7,3,0,0,0,40,0
42,13,2,11,0,1,0,0,48,0
62,9,2,6,0,1,0,0,40,0
31,9,2,2,0,1,0,0,40,0
22,9,4,11,1,1,0,0,60,0
45,13,2,3,0,1,0,0,32,0
34,10,5,11,1,1,0,0,45,0
64,9,2,3,0,1,0,0,20,0
42,13,2,4,0,1,0,0,65,0
60,9,2,11,0,1,0,0,70,0
44,9,4,2,2,1,0,0,58,0
53,15,2,9,0,1,0,0,38,1
37,11,2,13,0,1,15024,0,50,1
23,9,4,7,1,0,0,0,35,0
28,13,2,9,0,1,0,0,40,0
55,4,2,2,0,1,0,0,41,0
58,14,4,0,1,0,0,0,24,1
74,10,2,3,0,1,20051,0,25,1
27,9,4,0,3,1,0,0,40,0
37,9,0,0,4,0,0,0,40,0
44,6,2,7,0,1,0,0,70,0
23,12,4,0,3,1,0,0,40,0
41,13,2,3,0,1,0,0,40,0
45,10,2,12,0,1,0,0,55,1
29,9,0,6,4,1,0,0,40,0
33,13,4,11,1,1,0,0,45,1
61,14,2,3,0,1,7298,0,60,1
29,12,2,11,5,0,7688,0,45,1
22,10,4,11,2,1,0,0,38,0
28,5,4,2,1,1,0,0,40,0
30,13,2,9,5,0,0,0,40,0
20,10,4,5,3,1,0,0,20,0
45,9,2,2,0,1,0,0,50,1
42,12,0,3,4,0,0,0,40,0
34,9,4,2,3,1,0,0,40,0
31,13,2,9,0,1,0,0,60,1
23,13,4,3,3,0,0,0,40,0
50,9,2,2,0,1,0,0,50,0
40,6,2,3,0,1,0,0,40,1
57,9,0,0,1,0,0,0,45,0
35,10,2,0,5,0,3908,0,27,0
24,13,4,3,3,1,0,0,45,0
27,10,4,0,1,0,0,0,15,0
27,10,4,10,3,0,0,0,40,1
45,9,2,11,0,1,0,0,40,0
80,16,2,9,0,1,0,0,30,0
23,10,4,7,1,1,0,0,50,0
46,10,2,3,0,1,0,0,40,1
38,13,2,11,0,1,0,0,40,1
50,9,0,11,1,1,0,0,60,0
55,10,2,11,0,1,0,0,50,0
72,9,2,3,5,0,0,0,50,0
65,10,6,0,1,0,0,0,40,0
37,6,0,2,1,1,0,0,40,0
39,9,2,0,5,0,0,0,40,0
38,11,2,2,0,1,0,0,40,0
46,10,2,3,0,1,15024,0,50,1
50,9,2,11,0,1,0,0,65,1
54,12,2,3,0,1,0,0,40,1
40,14,4,11,1,1,0,0,50,1
30,4,2,2,0,1,2829,0,40,0
50,9,2,4,0,1,0,0,35,0
28,10,4,2,1,1,0,0,30,0
34,11,2,2,0,1,0,0,53,0
55,9,0,5,1,1,0,0,40,0
20,9,4,5,3,1,0,0,40,0
21,10,4,0,1,1,0,0,35,0
39,10,0,7,1,0,0,0,20,0
43,9,2,2,0,1,0,0,40,1
33,9,4,7,4,1,0,0,40,0
26,10,4,0,1,0,0,0,40,0
45,16,2,9,0,1,0,0,40,1
31,10,4,7,3,0,0,0,65,0
32,3,2,2,0,1,0,0,60,0
60,9,2,11,0,1,0,0,50,0
41,9,2,6,0,1,0,0,40,1
21,10,4,7,3,1,0,0,20,0
27,10,0,0,4,0,0,0,36,0
33,3,0,5,4,1,0,0,40,0
43,9,2,2,0,1,0,0,40,0
27,7,2,2,0,1,0,1902,40,1
18,6,4,4,3,1,0,0,40,0
48,10,2,3,0,1,0,0,40,1
37,4,0,3,1,1,0,0,50,0
58,9,2,6,0,1,0,0,40,0
57,8,2,13,0,1,7688,0,40,1
42,13,4,0,1,0,99999,0,40,1
24,9,4,0,2,1,0,0,40,0
26,13,4,7,2,1,0,0,15,0
43,9,0,2,4,1,5455,0,50,0
34,7,2,2,0,1,0,0,40,0
38,13,2,3,5,0,0,0,40,0
51,7,2,4,0,1,0,0,45,1
49,16,2,9,5,0,0,0,35,1
26,13,4,0,3,0,0,0,40,0
28,9,0,13,4,0,0,0,20,0
22,10,2,11,0,1,0,1902,37,0
26,9,0,2,1,1,0,0,40,0
45,5,2,7,0,1,0,1848,40,1
39,10,0,3,4,0,0,625,40,0
23,9,2,11,0,1,0,0,40,0
42,13,2,9,0,1,0,0,60,1
39,9,2,2,0,1,0,0,40,0
43,11,0,2,1,1,0,0,40,0
33,10,4,4,1,1,0,0,70,0
68,13,2,3,0,1,0,0,20,0
32,13,4,0,1,1,0,0,40,0
25,10,4,0,4,1,0,0,40,0
53,3,2,7,2,0,0,0,24,0
38,11,2,3,0,1,0,0,55,1
20,9,4,6,3,1,0,0,40,0
26,9,2,2,0,1,0,0,40,0
23,9,4,13,3,1,0,0,40,0
43,9,0,12,1,0,0,0,40,0
29,10,4,10,1,1,0,0,36,0
34,6,5,7,4,0,0,0,36,0
24,10,4,11,3,1,0,0,35,0
44,14,2,9,0,1,0,0,35,1
19,10,4,0,1,1,0,0,40,0
47,13,2,0,0,1,0,0,40,1
40,10,0,7,1,0,0,0,48,0
45,9,6,11,4,0,0,0,45,0
43,9,5,5,4,0,0,0,45,0
50,16,0,9,2,1,10520,0,50,1
29,13,4,9,1,1,0,0,40,0
47,13,4,3,1,1,0,0,50,0
24,9,4,11,3,1,0,0,35,0
21,9,4,0,3,0,0,0,40,0
30,9,2,3,0,1,0,1887,50,1
74,15,0,9,2,1,0,0,40,0
70,10,2,4,0,1,2653,0,70,0
27,11,2,2,0,1,0,0,40,0
32,13,0,0,4,0,0,0,46,0
30,7,2,5,0,1,0,0,50,0
29,11,0,10,4,1,0,0,56,0
18,7,4,5,3,1,0,1602,40,0
31,9,2,2,0,1,7298,0,40,1
39,10,2,10,0,1,0,0,70,0
21,10,4,7,3,0,0,0,30,0
31,9,2,13,0,1,0,0,38,0
33,10,2,10,0,1,0,0,40,0
39,15,0,9,1,1,0,0,70,1
29,9,2,2,0,1,0,0,40,0
34,10,2,12,0,1,0,1485,40,0
52,13,6,3,4,0,0,0,55,0
35,9,4,11,1,1,0,0,25,0
33,6,2,2,0,1,0,0,40,0
43,13,2,3,0,1,0,0,50,1
51,13,2,3,0,1,0,0,40,1
36,9,4,7,4,0,0,0,30,0
17,7,4,9,3,0,0,0,40,0
32,9,2,2,0,1,0,0,40,0
39,9,4,6,4,0,0,0,40,0
19,10,4,4,3,1,0,0,60,0
54,7,0,0,1,1,0,0,40,1
45,13,0,9,1,1,0,0,50,1
47,13,0,9,1,0,0,0,40,0
49,9,2,4,0,1,0,1672,98,0
32,9,0,0,4,0,0,0,40,0
28,9,2,2,0,1,0,0,50,0
39,13,2,11,0,1,0,0,40,0
27,9,4,11,1,1,0,0,50,0
42,14,2,9,5,0,0,0,38,1
24,13,2,9,0,1,0,0,44,0
45,13,2,2,0,1,0,0,45,1
19,9,4,7,3,1,0,0,30,0
46,6,2,13,0,1,0,0,40,1
50,9,2,13,0,1,0,0,40,0
32,9,4,0,1,0,0,0,42,0
47,15,2,9,0,1,99999,0,50,1
43,9,2,4,0,1,0,0,50,0
29,13,4,2,1,1,0,0,40,0
90,13,4,9,3,0,0,0,10,0
41,15,2,3,5,0,0,0,50,1
24,1,4,4,1,1,0,0,36,0
24,10,4,4,3,1,0,0,50,0
24,10,4,7,1,0,0,0,53,0
35,9,2,0,5,0,0,1887,42,1
30,13,4,0,2,1,0,0,40,0
46,13,5,3,4,0,0,0,40,0
19,10,4,0,3,0,0,1721,30,0
39,5,5,2,3,1,0,0,35,0
43,9,2,13,0,1,0,0,40,0
35,9,4,0,1,0,0,0,40,0
65,9,6,11,1,0,0,0,24,0
34,9,0,2,4,1,0,0,40,0
41,11,2,11,0,1,0,0,40,0
24,10,4,4,3,1,0,0,60,0
24,9,4,7,1,1,0,0,35,0
34,14,4,3,1,0,4787,0,45,1
33,9,2,11,0,1,0,0,40,1
37,9,4,6,1,1,0,0,38,0
39,9,2,13,0,1,0,0,60,1
58,9,0,7,4,0,0,0,25,0
36,9,2,2,0,1,0,0,35,0
33,10,2,12,5,0,4064,0,40,0
42,14,2,9,0,1,0,0,55,0
57,9,5,2,4,1,0,0,40,0
67,9,2,12,0,1,0,0,40,1
23,9,0,2,1,1,0,0,40,0
35,10,2,9,0,1,0,0,40,0
43,13,2,9,0,1,0,0,55,1
39,10,2,4,0,1,0,0,60,0
36,9,4,2,1,1,0,0,40,0
29,12,0,7,4,0,0,0,13,0
25,9,4,5,3,1,0,0,40,0
54,6,5,13,4,1,0,0,45,1
24,9,2,2,0,1,0,0,44,0
50,13,2,11,0,1,0,0,60,1
70,6,2,6,0,1,0,0,50,0
61,13,0,11,1,1,4787,0,48,1
51,13,2,3,0,1,0,1902,40,0
38,14,2,4,0,1,0,0,70,0
51,9,0,9,4,0,0,0,40,1
28,9,4,7,1,1,0,0,40,0
66,15,2,9,0,1,0,0,25,1
57,9,5,4,1,1,0,0,60,1
29,10,4,0,1,0,0,0,40,0
21,10,4,11,3,0,0,0,40,0
42,6,2,2,3,1,0,0,43,1
74,15,2,9,0,1,99999,0,50,1
50,10,0,11,1,0,0,0,40,0
65,9,0,7,2,0,0,0,14,0
44,7,5,7,4,0,0,0,30,0
34,11,2,9,0,1,4386,0,50,1
17,6,4,7,3,1,0,0,10,0
43,10,2,13,0,1,0,0,60,0
32,12,0,0,4,0,0,0,40,0
54,13,2,11,0,1,3103,0,40,1
20,10,4,0,3,0,0,0,20,0
23,10,4,9,3,1,0,0,10,0
34,9,2,7,0,1,0,0,45,0
30,10,4,11,3,1,0,0,20,0
32,4,2,6,0,1,0,0,40,0
40,13,2,9,0,1,0,0,60,1
28,10,4,2,1,1,0,0,40,0
44,9,2,2,0,1,0,0,45,1
29,11,2,12,5,0,0,0,35,1
28,16,4,9,1,1,594,0,50,0
37,10,2,3,0,1,0,0,40,0
56,10,2,2,0,1,0,0,40,0
27,13,4,9,1,1,0,0,40,0
34,9,0,6,4,0,0,0,20,0
37,9,0,2,1,1,0,0,40,0
66,13,2,11,0,1,0,0,40,1
19,9,4,9,3,1,0,0,30,0
60,11,0,9,4,0,0,0,40,0
54,10,2,13,0,1,2829,0,30,0
47,9,2,2,0,1,0,0,40,1
47,10,0,9,1,1,0,0,48,1
48,11,2,2,0,1,0,0,60,0
50,10,2,3,0,1,0,0,50,1
62,5,6,7,4,0,0,0,25,0
45,10,2,7,0,1,0,0,40,0
55,9,2,5,0,1,0,0,40,0
62,9,6,11,1,0,0,0,32,0
25,6,2,6,0,1,0,0,40,0
49,7,0,3,1,0,0,0,38,0
32,10,4,10,4,0,3887,0,40,0
25,9,4,5,1,1,0,0,40,0
39,10,2,6,0,1,0,0,50,0
27,10,2,3,0,1,0,0,50,0
43,9,2,7,0,1,0,0,40,1
30,9,0,7,2,0,0,0,40,0
21,10,4,11,3,0,0,0,20,0
33,15,2,3,5,0,0,0,40,1
33,10,4,0,1,1,0,0,50,0
33,7,4,0,4,0,0,0,38,0
70,4,6,7,1,0,0,0,35,0
25,10,4,7,3,1,0,0,42,0
17,7,4,7,3,1,0,0,25,0
20,10,4,4,3,1,0,0,40,0
19,10,4,7,2,1,0,0,35,0
71,10,2,3,0,1,20051,0,40,1
31,12,2,3,0,1,0,0,40,0
26,13,2,11,0,1,0,0,55,0
52,14,2,3,0,1,0,0,40,0
26,13,4,3,1,0,0,0,40,0
38,9,0,6,1,1,0,0,45,0
25,10,4,7,1,1,0,0,40,0
22,13,4,9,1,0,0,0,9,0
48,10,2,10,0,1,0,1902,40,1
53,9,2,2,0,1,0,0,40,1
30,12,0,2,1,1,0,0,50,0
44,10,2,2,0,1,0,0,60,1
32,13,2,9,0,1,0,0,56,1
59,7,2,2,0,1,0,0,20,0
49,10,0,5,4,0,0,0,40,0
31,9,4,2,1,1,0,0,50,1
53,3,2,2,0,1,5178,0,40,1
44,5,4,6,1,1,0,0,40,0
36,13,2,9,0,1,0,0,55,1
36,9,4,11,1,0,0,0,40,0
37,5,2,6,0,1,0,0,50,1
67,9,2,9,5,0,20051,0,30,1
29,13,4,11,4,1,0,0,40,0
52,9,0,11,1,1,0,0,40,0
37,9,2,2,0,1,0,1628,40,0
21,10,4,7,1,0,0,0,40,0
36,10,0,3,4,0,0,0,38,0
24,9,4,6,2,0,0,0,30,0
31,9,4,3,3,1,0,0,40,0
54,9,6,0,4,0,0,0,35,0
44,13,2,12,0,1,0,0,40,0
18,10,4,5,3,1,0,0,30,0
41,9,2,13,5,0,0,0,40,0
37,14,0,3,1,0,0,0,70,0
26,13,4,9,1,1,0,0,20,0
68,16,2,9,0,1,0,0,50,0
31,10,2,11,0,1,0,0,40,0
48,9,0,2,1,1,0,0,40,0
26,10,2,6,0,1,0,0,40,0
63,5,2,13,0,1,0,0,40,0
19,10,4,6,3,1,0,0,20,0
42,9,2,11,0,1,0,0,60,0
64,12,2,7,0,1,0,0,40,1
32,13,4,13,1,1,0,0,40,0
50,9,2,2,0,1,0,0,47,0
73,9,2,4,0,1,0,0,40,0
32,13,4,9,1,0,0,0,40,0
53,10,2,13,0,1,7298,0,45,1
58,13,0,11,1,1,0,0,40,0
37,10,2,2,0,1,5178,0,40,1
24,10,4,2,3,1,0,0,15,0
53,13,2,3,0,1,0,0,50,1
23,10,4,3,3,0,0,0,40,0
30,9,2,3,2,0,0,0,40,0
38,13,4,7,3,0,0,0,35,0
28,9,4,2,1,1,0,0,40,0
19,8,4,7,3,0,0,0,20,0
45,9,2,6,0,1,0,0,40,0
26,13,4,0,3,1,0,0,40,0
33,5,4,11,4,0,0,0,40,0
54,14,2,3,5,0,0,0,55,1
23,10,4,3,1,0,0,0,50,0
43,9,2,11,0,1,0,0,55,1
37,5,4,8,1,0,0,0,30,0
31,4,2,7,0,1,0,0,40,0
56,8,2,3,0,1,0,1651,40,0
25,7,4,2,3,1,0,0,40,0
17,7,4,7,3,0,0,0,25,0
37,9,6,0,4,0,0,0,68,0
60,11,2,12,0,1,0,0,40,0
59,13,3,3,1,0,0,0,40,0
59,9,2,2,0,1,0,0,40,1
46,15,2,9,0,1,15024,0,40,1
24,9,4,2,3,1,0,1408,50,0
29,9,2,7,5,0,4386,0,40,1
33,11,0,7,4,0,0,0,99,0
23,10,4,10,1,1,0,0,40,0
20,10,4,0,3,1,0,0,25,0
60,9,6,7,1,0,0,0,44,0
44,6,4,11,4,0,0,0,35,0
18,9,4,13,3,1,1055,0,25,0
52,8,4,7,4,0,0,0,40,0
31,9,0,2,1,1,0,0,45,0
30,13,6,9,4,0,0,0,55,1
33,9,2,5,0,1,3781,0,40,0
20,10,4,7,1,0,0,0,32,0
33,11,5,0,3,0,0,0,50,0
25,9,4,7,1,0,0,0,35,0
63,9,5,2,1,0,0,0,20,0
63,10,6,3,1,1,0,0,35,0
43,9,5,11,1,0,0,0,30,0
58,7,6,6,1,0,0,0,40,0
35,11,4,0,3,0,14344,0,40,1
42,10,2,3,0,1,0,0,55,1
20,10,4,10,3,1,0,0,25,0
35,9,0,2,1,1,0,0,40,0
62,5,2,3,0,1,0,0,40,0
41,9,0,2,4,0,1506,0,50,0
43,13,2,9,5,0,0,0,35,0
19,8,4,6,3,1,0,0,40,0
46,9,4,0,3,0,0,0,40,0
47,13,2,9,0,1,15024,0,50,1
36,13,2,3,0,1,7298,0,40,1
45,12,4,0,1,0,0,0,40,0
48,6,2,2,0,1,0,0,30,0
29,12,4,0,1,0,0,0,40,0
48,13,2,3,0,1,5178,0,40,1
36,9,0,11,4,0,0,0,25,0
58,7,2,2,0,1,0,0,40,0
43,9,4,0,1,0,0,0,40,0
59,13,2,2,0,1,0,0,4,0
42,13,2,3,0,1,0,0,40,0
33,11,2,12,0,1,0,0,40,1
23,10,4,1,2,1,0,0,40,0
21,10,4,5,3,1,0,0,25,0
48,3,0,6,4,0,0,0,40,0
32,9,2,2,0,1,0,0,40,0
31,10,2,0,0,1,0,0,50,1
66,14,6,9,1,0,0,0,40,0
23,13,4,0,1,1,0,0,32,0
52,10,2,0,5,0,0,0,35,1
17,7,4,5,3,1,0,0,15,0
35,10,2,11,0,1,0,0,43,1
39,16,2,9,0,1,99999,0,55,1
24,10,4,0,4,0,0,0,40,0
45,9,2,7,0,1,0,0,84,1
25,9,4,2,1,1,0,2001,50,0
29,13,4,9,1,1,0,0,40,0
56,13,2,0,0,1,5178,0,44,1
34,9,0,4,1,1,0,0,40,0
64,9,0,2,1,1,0,0,40,1
27,9,2,0,0,1,0,0,39,0
47,9,0,6,1,1,4650,0,40,0
36,13,2,12,0,1,3103,0,42,1
44,9,0,6,1,1,0,0,40,0
31,9,4,4,1,0,0,0,60,0
23,9,2,0,2,0,0,0,35,0
45,10,2,9,0,1,7688,0,50,1
31,9,4,6,3,1,0,0,64,0
45,6,2,2,0,1,0,0,60,0
33,12,2,9,0,1,0,0,40,1
33,14,2,9,5,0,0,0,40,0
30,10,2,0,5,0,0,0,20,1
25,10,4,6,1,1,0,0,42,0
70,14,2,3,0,1,0,2246,8,1
22,5,4,13,3,1,0,0,40,0
30,13,2,11,0,1,0,0,40,1
46,12,2,3,0,1,15024,0,50,1
43,8,2,13,0,1,0,0,60,0
37,4,4,6,3,0,0,0,25,0
59,10,2,3,0,1,15024,0,60,1
51,9,4,4,4,1,0,0,45,0
47,13,2,3,0,1,2885,0,65,0
36,10,2,3,0,1,0,0,60,0
73,3,2,9,0,1,0,0,6,0
32,14,4,9,1,0,0,0,40,0
34,9,2,11,0,1,0,0,50,0
51,9,2,13,0,1,0,0,40,0
20,9,4,6,4,0,0,0,45,0
57,10,2,7,0,1,0,0,40,0
19,10,4,7,3,1,0,0,20,0
45,8,2,11,0,1,7688,0,40,1
55,6,2,2,0,1,0,0,40,0
60,10,2,2,0,1,0,0,40,0
19,9,4,4,1,1,0,0,40,0
35,9,2,12,0,1,0,0,40,0
20,9,4,6,3,0,0,0,30,0
34,13,4,9,2,1,0,0,15,0
26,15,2,9,0,1,0,1977,40,1
73,10,6,12,1,0,3273,0,40,0
27,14,2,9,0,1,0,0,55,0
37,11,4,4,3,1,0,0,84,0
73,9,2,11,0,1,0,0,40,0
46,11,2,12,0,1,0,1848,40,1
36,9,4,0,1,1,0,0,40,0
54,9,2,4,0,1,0,0,60,1
49,7,2,7,0,1,0,0,50,0
68,9,2,4,0,1,0,0,40,0
34,13,4,3,1,1,0,1590,50,0
30,11,4,9,1,1,0,0,40,0
28,13,4,11,4,1,0,0,50,0
28,7,2,3,0,1,0,0,50,1
25,10,2,7,0,1,0,0,40,0
26,10,4,6,1,1,0,0,40,0
40,10,2,12,0,1,0,0,55,1
32,9,0,0,4,0,0,0,40,0
18,8,4,8,1,0,0,0,30,0
36,13,2,9,0,1,0,0,40,0
26,13,4,9,3,0,0,0,40,0
24,9,4,9,3,0,0,0,45,0
90,9,2,7,0,1,6767,0,40,0
20,10,4,0,3,0,0,0,40,0
27,13,5,12,3,1,0,0,50,0
58,13,0,9,1,0,0,0,50,0
37,14,2,3,0,1,0,1977,40,1
28,9,4,3,1,1,0,0,40,0
36,13,0,9,1,0,0,0,60,0
45,9,2,2,0,1,0,0,40,1
23,9,4,11,1,1,0,0,48,0
69,9,2,3,0,1,0,0,35,0
58,9,2,3,0,1,0,0,40,0
22,9,4,0,3,1,0,0,20,0
58,13,2,4,0,1,0,0,35,0
53,10,2,10,0,1,0,0,60,1
44,9,2,4,0,1,0,0,60,0
31,6,4,7,1,1,0,0,40,0
46,13,0,6,4,0,0,0,40,0
48,9,2,7,0,1,0,0,40,0
46,10,5,0,4,0,0,0,40,0
43,5,4,6,4,0,0,625,40,0
43,10,0,0,1,0,0,0,40,0
17,6,4,11,3,1,0,0,15,0
20,10,4,11,3,1,0,0,40,0
22,10,4,9,1,0,0,0,35,0
35,10,0,7,4,0,0,0,40,0
29,13,4,12,1,1,0,0,40,0
25,9,4,2,1,1,0,0,35,0
54,6,2,6,0,1,0,0,40,0
23,10,2,11,3,0,0,0,16,0
36,3,5,8,4,0,0,0,35,0
26,9,2,2,0,1,0,0,50,0
25,9,4,7,3,1,0,0,40,0
46,5,0,7,4,0,0,0,40,0
41,10,0,2,1,0,0,0,50,0
31,9,4,9,3,1,0,0,40,0
48,14,2,9,0,1,0,0,40,1
52,14,0,3,1,0,0,0,50,0
22,9,4,5,3,1,0,0,43,0
18,9,4,2,3,1,0,0,25,0
46,10,4,0,1,0,0,0,40,0
34,10,4,10,3,1,0,0,40,0
30,9,2,1,2,1,0,0,48,0
31,7,4,7,1,1,0,0,40,0
21,9,2,2,0,1,0,0,40,0
41,9,0,11,1,1,3674,0,45,0
45,13,2,3,0,1,0,1977,60,1
30,13,4,0,1,1,0,0,40,0
21,5,4,7,4,1,0,0,35,0
44,10,0,11,4,0,0,1408,46,0
54,7,0,2,3,0,0,0,50,1
36,9,2,2,0,1,0,0,40,1
50,13,4,3,1,1,0,0,50,1
26,13,4,9,4,0,0,0,35,0
47,15,2,9,0,1,0,0,35,0
36,9,4,7,3,1,0,0,37,0
32,10,2,11,0,1,0,0,60,0
21,6,4,7,1,0,0,0,35,0
30,9,2,11,0,1,0,0,45,0
34,9,4,8,1,0,0,0,40,0
51,9,3,2,1,1,0,0,45,0
55,6,2,13,0,1,0,0,50,0
43,10,2,0,0,1,0,0,40,0
37,9,4,5,1,1,0,0,30,0
28,10,4,3,3,0,0,0,40,0
39,10,2,9,0,1,0,0,50,0
35,9,2,2,0,1,0,0,40,0
26,9,4,2,3,1,0,0,36,0
68,9,2,0,0,1,3818,0,40,0
46,15,0,9,1,1,0,2824,40,1
21,9,4,7,3,1,0,0,37,0
23,10,4,11,3,0,0,0,20,0
17,6,2,11,3,0,0,0,30,0
23,9,4,7,1,0,0,0,40,0
34,9,6,0,4,1,0,0,15,0
33,12,4,9,1,0,0,0,40,0
31,12,5,13,1,1,0,0,45,0
56,9,2,11,0,1,0,0,40,0
21,9,4,0,3,0,0,0,40,0
45,9,0,0,1,0,0,1590,40,0
41,13,2,3,0,1,7688,0,40,1
26,6,0,5,1,0,0,0,30,0
41,7,6,7,4,0,0,0,40,0
46,14,2,3,0,1,0,0,55,1
47,9,0,0,4,0,0,0,40,0
43,15,2,9,0,1,0,0,60,1
35,9,2,11,0,1,0,0,45,0
44,9,0,11,1,1,0,0,50,0
58,13,2,3,0,1,7688,0,30,1
25,12,0,12,3,0,0,1594,25,0
44,11,4,2,4,1,0,0,40,0
57,10,4,2,1,1,0,0,42,0
24,10,2,5,0,1,0,0,40,0
38,13,4,0,1,0,0,0,50,0
33,4,0,5,1,1,2176,0,35,0
25,10,4,9,3,0,0,0,40,0
33,9,2,6,0,1,0,0,84,1
50,10,2,10,0,1,0,0,52,1
35,9,2,11,0,1,5178,0,50,1
36,13,0,0,1,1,0,0,55,1
27,10,4,7,3,0,0,0,40,0
22,11,4,2,3,1,0,0,50,0
30,9,2,13,0,1,0,0,40,0
90,14,4,3,3,0,0,0,40,0
39,9,5,7,2,1,0,0,40,0
34,13,4,9,1,1,0,0,45,0
39,13,2,3,0,1,0,0,60,1
19,10,4,7,3,0,0,0,4,0
19,6,4,2,1,1,0,0,40,0
29,9,2,2,0,1,0,0,40,0
66,12,2,2,0,1,2290,0,30,0
38,10,2,12,0,1,0,0,45,0
44,3,2,5,0,1,0,0,40,0
34,4,4,2,3,1,0,0,40,0
35,12,6,3,1,0,0,0,40,0
29,13,4,9,1,1,0,0,40,0
22,9,2,13,0,1,0,0,40,0
73,11,6,9,1,1,25124,0,60,1
35,10,2,3,0,1,0,2377,40,0
41,9,4,5,1,1,0,0,40,0
27,10,2,7,5,0,0,0,50,0
25,9,4,0,1,1,0,0,50,0
47,13,0,5,1,1,0,1564,51,1
36,13,2,11,5,0,0,0,35,1
36,2,6,7,2,0,0,0,20,0
25,9,0,12,4,0,0,0,40,0
37,7,0,13,1,1,0,0,65,0
26,13,4,12,3,1,0,0,40,0
53,10,2,3,0,1,0,1740,40,0
36,14,2,9,5,0,0,0,40,0
30,13,4,12,1,0,4787,0,45,1
53,10,0,7,1,0,0,0,40,0
37,9,2,2,0,1,0,0,45,0
41,9,0,2,4,1,0,0,40,0
53,13,2,5,0,1,0,0,55,0
23,10,4,7,3,1,0,0,32,0
28,9,2,4,0,1,0,0,50,0
53,6,2,7,0,1,0,0,40,0
32,9,2,13,0,1,0,0,20,1
33,13,4,0,1,0,0,0,50,0
27,9,4,11,2,0,0,0,32,0
52,11,2,2,0,1,0,1902,40,1
31,10,2,0,0,1,0,0,55,0
27,12,4,3,1,0,0,0,40,1
44,9,2,5,5,0,3137,0,30,0
37,14,2,9,0,1,0,0,40,0
39,9,2,2,0,1,0,0,60,0
18,8,4,11,3,0,0,0,20,0
42,9,2,5,0,1,0,0,40,1
49,13,2,2,0,1,0,0,40,1
35,9,0,5,4,0,0,0,36,0
43,9,2,13,0,1,0,0,99,0
43,15,2,9,0,1,99999,0,60,1
31,10,2,2,0,1,0,0,40,1
27,13,4,7,1,1,0,0,40,0
46,10,0,0,1,0,0,0,40,0
54,9,2,11,0,1,0,0,44,0
37,10,2,0,0,1,0,0,40,1
53,10,2,10,0,1,4386,0,40,1
26,10,4,0,1,1,0,0,20,0
59,15,2,9,0,1,0,0,55,1
36,10,5,0,1,1,0,0,40,0
32,9,2,6,0,1,0,0,40,1
53,14,2,9,0,1,0,0,40,1
26,9,4,0,3,0,0,0,40,0
35,9,1,7,5,0,0,0,40,1
48,9,0,3,4,0,0,0,40,0
30,10,5,5,1,1,0,0,40,0
38,8,2,2,0,1,7688,0,40,1
58,9,2,3,5,0,0,0,10,1
44,9,3,13,1,1,0,0,32,0
30,11,5,9,4,0,0,0,40,0
68,9,2,3,0,1,0,0,10,0
26,13,4,9,3,0,0,0,40,0
26,13,4,9,3,0,0,0,40,0
41,2,2,6,0,1,0,0,40,0
48,13,0,3,1,1,0,0,47,0
55,9,0,11,1,0,0,0,37,0
41,7,2,2,0,1,0,1485,50,1
52,9,2,11,0,1,0,0,36,0
31,9,2,2,0,1,0,1902,40,1
54,11,2,10,0,1,0,0,38,1
31,14,5,12,1,0,0,0,25,0
31,13,2,3,0,1,0,0,50,1
47,9,2,2,0,1,0,0,40,1
40,11,2,9,0,1,0,0,40,1
46,10,0,0,4,0,0,0,48,0
45,9,0,6,1,0,0,0,40,0
39,6,4,7,4,0,0,0,25,0
34,10,4,0,4,0,0,0,18,0
56,10,4,0,1,0,0,0,40,0
47,9,5,9,2,0,0,0,40,0
35,10,2,7,5,0,0,0,40,1
25,10,2,2,0,1,0,0,40,0
43,13,5,9,4,0,0,0,40,0
59,13,2,11,0,1,0,0,37,1
63,4,2,13,0,1,0,0,60,1
32,10,3,13,1,0,0,0,37,0
43,11,2,3,2,1,0,0,50,1
27,9,4,0,1,0,0,0,52,0
21,8,4,5,3,1,0,0,32,0
44,10,0,3,4,1,0,0,60,1
40,9,2,2,0,1,0,0,60,0
65,9,6,0,4,0,0,0,40,0
50,10,2,0,0,1,0,0,45,1
51,14,4,9,1,1,0,0,40,1
44,10,0,0,4,0,0,0,40,0
20,10,4,11,3,0,0,0,13,0
29,11,4,3,1,1,0,0,40,0
50,11,2,2,0,1,0,0,50,1
50,9,2,3,0,1,5178,0,40,1
43,6,2,0,0,1,0,0,40,0
23,13,4,12,1,0,0,0,40,0
41,9,2,13,0,1,0,0,40,0
58,13,2,4,0,1,0,0,25,0
50,11,2,9,0,1,0,0,40,0
37,13,2,2,0,1,0,0,65,1
21,9,4,4,3,1,0,0,24,0
33,9,2,11,5,0,0,0,20,0
52,10,0,0,4,0,0,0,45,0
47,9,2,13,0,1,0,0,40,0
45,13,4,11,1,1,14084,0,45,1
34,10,2,2,0,1,0,0,40,1
39,10,2,11,0,1,0,0,40,1
31,10,0,7,1,0,0,0,15,0
45,10,0,12,1,0,0,0,45,0
45,11,2,10,0,1,0,0,3,0
34,9,4,6,1,1,4416,0,30,0
27,7,3,11,3,1,0,0,35,0
37,9,0,11,4,0,0,0,40,0
20,9,4,0,3,0,0,0,20,0
32,13,4,3,1,1,13550,0,48,1
24,2,4,5,1,1,0,0,55,0
39,9,2,5,0,1,0,0,40,0
18,10,4,11,3,0,0,0,30,0
62,10,2,4,0,1,0,0,80,0
24,13,5,3,1,0,0,0,40,0
37,9,2,13,0,1,0,0,45,0
46,13,6,0,1,0,0,0,25,0
44,9,0,2,1,1,0,0,40,0
53,9,4,11,1,1,0,2559,48,1
25,13,4,5,3,1,0,0,35,0
24,13,4,11,1,1,0,0,50,0
61,9,2,13,0,1,0,0,20,0
45,14,0,9,4,0,0,0,40,0
33,10,4,2,3,1,0,0,48,0
48,13,2,9,0,1,15024,0,45,1
26,9,4,5,3,1,0,0,30,0
68,13,2,11,0,1,20051,0,40,1
24,9,0,10,3,0,0,1762,40,0
31,13,4,9,1,0,0,0,50,0
55,10,0,7,4,0,0,0,38,0
46,12,0,11,4,0,0,0,38,0
58,13,0,3,1,1,0,0,38,0
56,9,6,7,4,0,0,0,40,0
45,13,4,0,1,1,0,0,55,1
24,13,4,3,4,1,0,0,40,1
35,9,0,4,3,1,0,0,56,0
51,9,2,12,0,1,0,0,40,1
47,15,2,9,0,1,15024,0,55,1
17,7,4,0,2,0,0,0,10,0
21,6,4,9,4,0,0,0,40,0
45,13,4,9,1,0,0,0,40,1
42,9,2,11,0,1,5178,0,50,1
56,8,6,7,4,0,0,0,40,0
39,9,2,5,0,1,0,0,40,0
31,4,4,6,1,0,0,0,40,0
20,10,4,12,1,1,0,0,40,0
65,3,2,4,0,1,1797,0,21,0
44,10,2,9,0,1,0,0,45,0
33,9,2,2,0,1,0,0,40,0
25,13,2,9,0,1,0,0,45,1
38,9,2,3,0,1,0,0,50,0
31,6,4,13,2,1,0,1741,40,0
33,13,2,11,3,1,0,0,20,0
49,9,0,7,4,0,0,0,40,0
28,9,4,3,3,0,0,0,40,0
29,9,2,2,0,1,0,0,40,0
23,11,4,7,3,1,0,0,20,0
37,13,2,9,0,1,0,0,5,1
52,10,4,9,1,1,0,0,37,1
27,9,4,6,1,1,0,0,40,0
47,10,2,2,0,1,7688,0,55,1
21,9,4,0,1,0,0,0,40,0
41,13,2,0,5,0,0,0,40,1
61,10,2,0,0,1,0,0,40,1
32,13,2,9,0,1,0,0,40,1
21,10,4,11,1,1,0,0,40,0
63,8,2,11,0,1,0,0,40,1
34,10,2,7,0,1,0,0,42,0
21,12,4,12,3,1,0,0,10,0
44,9,0,7,4,0,0,0,33,0
26,13,4,3,1,1,0,0,35,0
36,14,2,3,0,1,0,0,50,1
52,9,2,5,0,1,0,0,8,0
44,13,2,11,0,1,0,0,40,0
42,9,2,9,5,0,0,0,40,0
31,13,4,9,1,1,0,0,40,0
30,10,4,2,4,1,0,0,40,0
23,10,4,9,3,0,0,0,25,0
81,2,6,7,1,0,0,0,20,0
38,6,0,6,1,0,0,0,40,0
21,10,4,3,1,0,0,0,38,0
28,9,2,2,0,1,0,0,40,0
34,13,4,3,1,0,0,0,40,0
47,9,4,7,1,0,0,0,40,0
36,9,2,2,0,1,0,0,50,0
27,9,4,13,1,1,0,0,99,0
56,13,4,9,1,0,2907,0,52,0
42,10,0,0,3,0,0,0,38,0
43,9,0,2,1,1,0,0,35,0
53,9,0,6,1,0,0,0,40,0
58,9,0,11,1,0,0,0,24,0
19,8,4,7,3,1,0,0,40,0
37,9,2,3,0,1,0,0,46,1
41,10,0,9,1,0,0,0,15,0
31,4,5,2,1,0,0,0,40,0
31,13,2,9,0,1,0,0,35,0
53,9,2,0,0,1,0,0,40,0
19,10,4,11,3,1,0,0,25,0
56,16,2,9,0,1,0,0,50,1
55,10,2,0,5,0,0,0,40,1
51,3,2,2,2,0,0,0,40,0
62,10,4,0,1,0,0,0,40,0
43,10,2,11,0,1,0,0,50,1
28,9,2,2,0,1,0,0,45,0
46,9,2,3,0,1,0,0,40,1
62,13,2,9,0,1,0,0,40,0
57,9,6,7,4,0,0,0,30,0
60,13,2,9,5,0,0,0,45,1
23,10,4,5,1,1,0,0,40,0
47,10,2,11,0,1,99999,0,60,1
21,10,4,0,3,0,0,0,8,0
51,9,2,5,0,1,0,0,48,0
61,9,2,5,0,1,0,0,40,0
52,13,2,0,5,0,99999,0,30,1
76,13,2,3,0,1,0,0,40,0
24,10,4,5,1,1,0,0,39,0
31,13,4,2,1,1,0,0,55,0
43,13,2,3,0,1,15024,0,50,1
58,10,6,9,4,0,0,0,40,0
19,8,4,0,3,0,0,0,25,0
44,10,0,3,2,0,0,0,45,0
41,10,4,9,2,1,0,0,7,0
21,10,4,11,3,1,0,0,20,0
40,9,0,5,1,1,0,0,35,0
25,10,4,7,3,1,0,0,30,0
62,16,6,9,4,0,0,0,40,0
42,9,2,2,0,1,0,0,40,0
35,11,4,12,1,1,0,0,40,0
19,9,4,11,3,0,0,0,12,0
60,9,2,7,5,0,0,0,40,0
20,9,4,11,3,1,0,0,40,0
23,12,2,5,0,1,0,0,25,0
18,9,4,0,3,0,0,0,40,0
40,10,2,3,0,1,0,0,45,1
19,10,4,7,3,0,0,0,15,0
51,9,0,9,1,0,0,0,40,0
41,13,2,10,0,1,0,0,50,0
18,6,4,7,3,0,0,0,20,0
41,10,3,11,4,0,0,0,40,0
27,10,4,3,3,0,0,0,40,0
71,2,0,2,1,0,0,0,28,0
25,8,2,6,0,1,0,0,40,0
73,9,0,7,1,0,0,0,20,0
45,10,2,7,0,1,0,0,40,0
25,10,2,11,0,1,0,0,40,1
50,9,2,9,5,0,0,0,16,0
44,9,2,13,0,1,0,0,40,0
44,11,0,10,3,0,0,0,40,0
49,9,2,2,0,1,3103,0,45,1
44,10,2,3,0,1,7688,0,45,1
42,9,0,0,1,0,0,0,40,0
20,9,4,8,1,0,0,0,45,0
66,9,6,12,1,0,0,0,18,0
19,10,4,3,3,1,0,0,15,0
60,10,2,2,0,1,0,0,55,0
46,11,5,9,1,1,0,0,40,0
42,11,0,2,1,1,0,0,35,0
59,10,0,3,1,0,0,0,52,0
58,12,2,3,0,1,5178,0,60,1
47,9,0,0,4,0,0,0,40,0
58,10,2,12,0,1,0,0,36,0
19,7,4,4,3,1,0,0,24,0
28,10,2,12,0,1,0,0,70,0
37,9,5,9,4,0,0,0,40,0
30,9,2,2,0,1,0,0,50,0
36,10,0,9,1,1,0,0,40,0
45,7,0,13,1,1,0,2824,76,1
59,4,2,7,5,0,0,0,99,0
45,10,2,5,0,1,0,0,40,0
53,16,0,9,1,0,10520,0,40,1
37,9,0,11,4,0,0,0,40,0
26,10,4,11,1,0,0,0,40,0
53,5,2,2,0,1,0,0,40,0
44,9,2,7,5,0,0,0,15,0
27,13,4,2,3,1,0,0,40,0
22,10,4,2,3,1,0,0,40,0
41,9,0,13,1,1,0,0,40,0
53,9,2,6,0,1,0,0,40,0
58,9,2,3,0,1,0,0,40,0
32,13,2,9,0,1,0,0,60,1
32,10,2,5,0,1,0,0,38,0
47,14,2,9,5,0,7688,0,40,1
27,9,2,4,0,1,0,0,40,0
25,10,4,5,1,1,0,0,40,0
40,6,0,6,1,0,0,0,40,0
36,10,2,11,0,1,0,0,92,0
23,9,4,13,3,1,0,0,40,0
44,5,2,6,0,1,0,0,40,0
19,9,4,2,3,1,0,0,60,0
42,13,4,11,1,1,0,0,40,0
60,10,2,4,0,1,0,0,15,0
41,9,2,11,0,1,0,1848,45,1
45,9,4,13,4,0,0,0,40,0
52,14,0,9,1,0,0,0,40,0
28,16,4,0,3,1,0,0,18,0
83,9,0,11,1,1,0,0,20,0
17,7,4,7,3,1,0,0,20,0
27,11,4,2,1,1,0,0,40,0
35,11,4,4,1,1,0,0,60,0
40,10,4,0,1,0,0,0,40,0
23,12,2,11,5,0,0,0,25,0
51,7,2,5,0,1,0,0,40,0
51,2,2,7,0,1,0,0,54,0
28,9,4,3,1,0,0,0,45,0
53,9,2,7,0,1,0,0,50,1
29,13,4,0,1,0,0,0,35,0
19,9,4,2,1,1,0,0,45,0
30,13,3,11,1,0,0,0,50,0
23,4,4,6,3,0,0,0,40,0
66,13,2,11,0,1,0,0,15,1
27,7,4,2,1,1,0,0,40,0
35,9,2,6,0,1,0,0,40,0
17,8,4,5,3,1,0,0,15,0
27,9,4,6,1,1,0,0,40,0
27,15,4,9,1,1,0,0,50,0
44,13,2,10,5,0,15024,0,40,1
64,9,2,13,0,1,0,0,16,0
62,9,6,11,1,0,0,0,15,0
26,10,2,11,0,1,0,0,40,0
40,9,5,6,4,1,0,0,40,0
40,16,2,9,0,1,0,0,40,1
35,9,0,0,3,0,0,0,40,0
25,13,4,9,3,1,0,0,40,0
52,10,6,0,1,0,0,0,24,0
46,10,2,0,5,0,0,0,40,1
30,9,2,2,0,1,0,0,40,0
52,10,2,3,0,1,0,0,40,1
28,9,4,13,1,1,0,0,40,0
17,6,4,7,3,0,0,0,25,0
46,10,4,7,3,0,0,0,40,0
45,13,0,3,1,1,0,0,40,1
21,10,4,9,3,0,1055,0,32,0
18,9,2,7,5,0,0,0,40,0
17,7,4,7,3,1,0,1721,15,0
90,10,0,11,4,0,0,0,37,0
23,10,4,2,1,1,0,0,40,0
41,13,2,9,0,1,0,0,40,1
19,10,4,4,3,1,0,0,50,0
69,9,2,13,0,1,0,0,40,0
23,12,4,3,4,0,0,0,32,0
28,10,4,12,1,1,0,0,54,0
37,12,2,11,0,1,0,1977,45,1
57,9,2,11,0,1,0,0,30,0
30,10,4,10,1,1,0,1974,40,0
48,9,5,0,4,0,914,0,40,0
73,9,6,7,2,0,0,0,32,0
25,3,4,6,2,1,0,0,40,0
33,14,4,3,1,1,0,0,40,1
36,9,2,6,0,1,0,0,40,0
28,9,2,2,0,1,3411,0,40,0
57,9,0,7,4,0,0,0,40,0
31,10,4,7,4,0,0,0,40,0
40,9,0,7,1,0,0,0,48,0
32,10,4,9,3,0,0,0,40,0
26,9,4,0,4,0,0,0,40,0
27,10,5,11,3,0,0,0,40,0
17,6,4,7,3,0,0,1602,18,0
29,10,4,2,1,0,0,0,40,0
18,7,4,7,3,0,0,0,30,0
20,10,4,11,1,1,0,0,30,0
18,10,4,7,1,0,0,0,40,0
56,9,4,7,1,0,0,0,40,0
40,10,5,7,4,0,0,0,8,0
46,10,0,3,1,1,0,0,40,0
53,10,6,3,4,0,0,0,40,0
50,14,2,3,0,1,0,0,50,1
23,7,4,5,3,1,0,0,50,0
40,13,3,3,1,1,0,0,40,1
54,10,2,13,0,1,0,0,40,1
45,10,0,3,1,0,0,0,40,0
53,9,2,13,0,1,0,0,40,1
50,13,0,3,1,0,0,0,40,1
40,13,2,2,0,1,0,0,40,0
36,14,4,9,1,1,0,0,40,0
25,12,4,11,1,1,0,0,50,0
29,9,2,6,0,1,0,0,40,0
29,13,4,4,3,1,0,0,50,0
22,13,4,11,1,0,0,0,40,0
56,13,0,9,4,0,0,0,50,0
60,14,2,3,0,1,0,0,40,1
37,9,2,6,0,1,3464,0,50,0
53,4,0,6,1,0,0,0,40,0
23,10,4,0,3,0,0,0,20,0
18,9,4,8,2,0,0,0,10,0
36,10,0,11,1,0,3325,0,45,0
67,9,2,3,0,1,9386,0,50,1
31,9,4,5,1,1,0,0,60,0
26,13,2,11,0,1,0,0,48,1
18,7,4,0,2,0,0,0,20,0
45,14,0,9,4,0,0,0,40,0
64,7,2,11,0,1,0,0,40,0
26,9,4,11,1,0,0,0,38,0
53,10,0,9,1,0,0,0,40,0
27,9,4,5,2,1,0,0,28,0
32,10,0,6,4,1,0,0,40,0
49,9,0,3,4,0,14084,0,30,1
59,6,2,2,0,1,0,0,40,1
44,14,2,9,0,1,7688,0,55,1
61,9,2,4,0,1,0,0,60,0
46,9,5,0,4,0,0,0,37,0
32,9,4,0,1,1,0,0,40,0
29,9,4,11,1,0,0,0,35,0
48,14,4,3,1,1,0,0,40,0
32,10,0,3,4,0,0,0,30,0
21,9,4,5,3,0,0,0,35,0
50,15,2,9,0,1,0,0,50,1
44,14,2,9,0,1,0,0,44,1
51,9,5,0,2,0,0,0,40,0
42,9,2,2,0,1,0,0,40,1
27,13,4,10,3,0,0,0,40,0
70,9,2,3,0,1,0,0,3,0
33,9,0,3,1,0,0,0,40,0
65,9,2,4,0,1,10605,0,60,1
32,9,2,2,0,1,0,0,40,0
30,10,0,9,4,0,0,0,40,0
43,10,2,3,0,1,0,0,40,0
31,5,4,7,3,1,0,0,40,0
64,13,0,0,1,0,0,0,40,0
37,10,5,10,3,1,0,0,52,0
49,9,0,11,1,1,0,0,40,0
29,7,4,6,3,1,0,0,48,0
35,9,0,3,1,1,0,0,40,0
37,12,2,9,0,1,0,1740,45,0
42,14,2,9,0,1,0,0,50,1
23,12,4,11,1,1,0,0,40,0
35,9,4,7,4,0,0,0,40,0
29,11,2,10,0,1,0,0,40,1
23,10,4,7,4,0,0,0,25,0
45,13,4,9,1,1,0,0,40,0
38,9,4,5,1,1,594,0,50,0
23,9,4,11,4,0,0,0,48,0
39,13,4,11,3,1,0,0,60,0
45,14,2,3,0,1,15024,0,50,1
68,12,0,3,1,0,0,0,43,0
60,11,0,9,4,1,4934,0,40,1
41,8,5,2,1,1,0,0,40,0
48,9,0,2,2,1,0,0,40,0
33,9,2,6,0,1,0,0,40,0
48,11,2,2,0,1,0,0,40,0
23,10,4,0,3,0,0,0,20,0
26,5,2,2,0,1,0,0,45,0
55,13,2,3,0,1,0,2415,50,1
35,14,2,9,0,1,0,0,75,0
52,10,2,3,0,1,3103,0,55,1
46,9,5,0,4,0,0,0,38,0
18,9,4,7,3,0,0,0,30,0
62,9,0,13,2,1,0,0,40,0
22,10,4,13,3,0,0,0,30,0
40,10,2,0,5,0,7298,0,40,1
26,10,2,11,0,1,0,0,50,0
35,12,3,11,3,0,0,0,36,0
25,9,4,11,4,0,0,0,40,0
41,10,2,2,0,1,0,0,45,1
59,13,2,5,0,1,0,0,40,1
37,9,2,2,0,1,0,0,40,0
38,10,2,2,0,1,0,0,43,0
23,12,2,7,5,0,0,0,40,0
67,14,6,9,1,1,18481,0,2,1
60,13,0,9,1,0,8614,0,48,1
39,13,2,9,0,1,0,0,50,1
32,9,2,13,0,1,0,1887,60,1
26,13,4,9,1,0,0,0,45,0
39,9,0,12,4,0,0,0,50,0
28,10,4,0,1,0,0,0,40,0
29,7,0,2,4,0,0,0,52,0
43,11,2,2,0,1,0,0,50,0
23,10,4,12,3,1,0,0,25,0
32,13,2,11,0,1,0,1977,45,1
33,10,2,9,5,0,0,0,60,1
45,9,0,7,1,0,0,0,35,0
48,9,0,2,4,1,0,0,40,0
43,15,2,9,0,1,15024,0,45,1
50,9,2,13,0,1,0,0,40,1
63,13,4,12,1,1,0,0,40,1
55,9,2,2,0,1,3103,0,40,1
22,13,4,3,3,0,0,0,35,0
32,9,4,7,4,1,0,0,60,0
27,12,2,3,0,1,0,0,55,0
22,13,4,11,3,0,0,0,15,0
44,9,0,13,1,1,0,0,68,0
34,9,5,7,1,0,0,0,40,0
28,9,4,6,1,0,0,0,40,0
40,14,2,9,5,0,15024,0,24,1
45,10,2,13,0,1,0,0,55,0
17,6,4,7,3,1,0,0,15,0
53,8,2,2,0,1,0,0,45,0
58,12,2,2,0,1,0,0,40,1
55,9,4,2,3,1,0,0,35,0
44,11,4,2,1,1,0,0,44,0
40,9,2,2,0,1,0,0,30,0
58,14,2,3,0,1,0,0,50,0
38,9,2,2,0,1,0,0,40,1
62,5,4,8,1,0,1055,0,22,0
31,11,2,2,0,1,3464,0,38,0
31,7,2,2,0,1,0,0,40,0
30,9,4,3,1,1,0,1876,45,0
37,9,0,0,4,0,0,0,40,0
38,9,4,2,1,1,0,1876,40,0
58,8,2,4,0,1,0,0,40,0
30,13,2,3,0,1,0,0,50,1
28,11,4,9,1,0,4650,0,40,0
46,10,0,3,4,0,0,0,70,0
34,13,4,12,1,0,0,0,40,0
39,10,0,2,1,1,0,0,99,0
61,10,6,11,1,0,0,0,20,0
30,11,0,6,1,0,0,0,40,0
31,9,5,7,1,0,0,0,40,0
21,9,4,0,3,1,0,0,40,0
50,9,2,6,0,1,0,0,58,0
47,9,4,0,1,1,0,0,33,0
20,9,4,5,3,1,0,0,40,0
23,13,4,7,3,0,0,0,30,0
46,2,5,7,1,0,0,0,40,0
20,9,4,5,3,1,0,0,45,0
33,13,2,11,0,1,7688,0,50,1
30,10,4,0,4,0,0,0,30,0
43,10,0,10,4,0,0,0,40,0
23,10,4,5,3,1,0,0,60,0
25,10,4,0,1,1,0,0,40,0
50,9,2,9,5,0,0,0,40,1
44,14,2,3,5,0,0,0,24,1
26,10,0,9,1,0,0,0,40,0
35,16,4,9,1,0,0,0,80,1
48,9,0,9,1,1,0,0,15,0
26,9,4,6,1,1,0,0,40,0
41,14,0,9,4,0,0,0,40,0
25,13,4,7,3,1,0,0,40,0
33,11,4,9,4,0,0,0,55,0
24,13,2,3,5,0,0,0,40,0
31,13,3,0,1,0,0,0,40,0
24,12,4,9,3,0,0,0,2,0
41,5,4,8,4,0,0,0,40,0
38,10,2,2,0,1,0,0,45,0
19,9,4,2,1,1,0,0,40,0
19,9,4,0,3,1,0,0,40,0
24,9,4,7,1,1,0,0,40,0
67,14,3,3,1,1,0,0,55,1
49,6,0,6,1,1,0,0,40,0
35,11,2,12,0,1,0,0,40,1
44,10,2,3,0,1,0,0,45,1
22,12,4,10,3,1,0,0,60,0
21,10,4,3,3,1,0,0,10,0
50,10,2,5,0,1,0,0,50,0
44,12,2,9,0,1,0,0,48,0
36,10,2,0,0,1,0,0,40,0
30,10,2,0,0,1,7298,0,48,1
52,9,2,11,0,1,0,0,40,1
35,9,2,2,0,1,0,0,90,0
48,11,4,10,4,1,0,0,48,0
23,9,2,11,0,1,0,2377,40,0
37,14,4,11,1,1,0,0,50,0
44,14,2,9,0,1,0,2415,55,1
44,9,2,13,0,1,0,0,50,1
36,13,0,9,1,1,0,0,40,0
26,10,2,3,0,1,0,0,12,0
31,13,4,9,1,1,0,0,45,1
29,9,2,2,0,1,0,0,50,0
53,9,6,2,4,0,0,0,40,0
52,11,2,3,0,1,0,0,40,0
55,9,2,5,0,1,0,1887,40,1
31,6,2,11,0,1,0,0,40,0
55,9,2,11,0,1,0,0,40,0
48,14,2,9,0,1,0,0,55,1
20,9,4,2,3,0,0,0,40,0
50,9,2,0,5,0,7298,0,30,1
45,13,2,3,0,1,0,0,51,0
17,6,4,5,2,1,0,0,10,0
38,9,0,7,1,0,0,0,25,0
43,9,0,3,4,0,0,0,40,1
22,9,2,2,0,1,0,0,30,0
63,9,0,2,1,0,0,0,40,0
36,13,2,3,0,1,0,0,45,0
56,13,2,9,0,1,0,0,50,1
43,15,2,9,0,1,0,0,40,0
41,13,2,12,0,1,0,0,45,1
41,9,0,0,4,0,0,0,40,0
36,13,0,9,1,1,0,0,45,0
59,16,2,9,0,1,0,0,50,1
46,12,2,3,0,1,0,0,44,1
23,13,4,9,1,0,0,0,36,0
46,10,5,9,1,1,0,0,20,0
53,13,2,0,0,1,0,1902,40,1
47,9,4,6,4,1,0,0,56,0
46,14,4,9,1,0,0,0,40,0
47,9,2,2,0,1,0,0,56,1
29,9,2,6,0,1,0,1887,30,1
32,11,0,3,4,0,0,0,40,0
90,9,2,6,0,1,0,0,40,0
23,11,4,9,3,1,0,0,40,0
23,11,4,0,1,0,0,0,40,0
44,10,2,0,5,0,0,0,30,1
81,6,2,3,5,0,2936,0,28,0
17,6,4,7,3,0,0,0,12,0
56,11,2,12,0,1,0,0,40,1
58,6,2,2,0,1,0,0,40,0
45,13,2,0,0,1,0,0,45,1
25,9,2,5,0,1,0,0,40,0
36,13,2,9,5,0,0,0,35,1
32,11,2,12,5,0,0,0,24,1
25,9,4,7,2,1,0,0,30,0
29,10,2,0,0,1,0,0,40,1
23,9,4,0,1,1,0,0,60,0
41,14,2,9,0,1,0,0,55,1
48,13,2,3,0,1,0,0,40,1
29,9,2,13,0,1,0,0,60,0
55,10,2,2,0,1,0,0,40,0
30,7,2,5,0,1,0,1651,40,0
45,10,6,7,4,0,0,0,40,0
50,9,0,2,3,1,0,0,40,0
22,9,4,2,1,1,0,0,50,0
80,9,6,7,4,0,0,0,32,0
30,9,2,5,0,1,0,0,44,0
20,10,4,11,3,0,0,0,20,0
29,9,2,11,0,1,0,0,35,0
56,10,2,6,0,1,0,0,40,0
63,13,2,0,0,1,0,0,40,0
20,9,4,5,3,1,0,0,40,0
38,9,2,0,5,0,0,0,40,0
31,9,2,2,0,1,0,0,40,0
21,10,4,11,3,1,0,0,35,0
47,6,2,6,0,1,0,0,46,1
25,13,4,12,4,0,0,0,40,0
31,10,5,0,4,0,0,0,38,0
28,9,4,3,1,0,0,0,40,0
38,9,2,13,0,1,0,0,99,0
30,13,2,10,0,1,0,0,40,0
39,9,2,3,0,1,0,1977,40,1
26,10,4,3,1,0,0,0,40,0
47,9,4,0,2,0,0,0,40,0
27,9,4,2,1,1,0,2258,50,0
43,10,2,10,0,1,0,0,32,0
32,13,4,9,1,1,0,0,55,0
20,10,4,11,3,1,0,0,30,0
21,8,4,5,4,0,0,0,20,0
32,11,4,9,1,1,0,0,40,0
37,11,0,6,1,1,0,0,48,0
45,9,2,2,0,1,0,0,40,0
37,12,2,11,0,1,0,1887,40,1
24,13,4,9,1,1,0,0,25,0
23,10,4,4,3,1,0,0,40,0
40,9,2,6,0,1,0,0,40,1
38,10,2,2,0,1,0,0,48,1
71,6,2,6,0,1,0,0,40,0
51,10,0,0,4,0,0,0,40,0
52,10,4,0,4,1,0,0,5,0
30,13,4,11,1,0,0,0,40,0
34,9,2,2,0,1,7688,0,40,1
38,6,0,6,1,0,0,0,40,0
43,11,4,9,1,0,13550,0,40,1
43,7,4,13,1,1,0,0,42,0
36,10,4,3,1,1,13550,0,40,1
24,10,4,0,3,0,0,0,40,0
55,6,2,7,5,0,0,0,40,0
51,14,2,9,0,1,0,1902,60,1
43,9,0,3,4,0,0,0,40,0
28,9,0,10,1,1,0,0,40,0
54,12,2,11,0,1,0,0,45,0
47,10,2,9,0,1,0,0,40,1
47,13,2,11,0,1,0,0,55,1
47,10,2,7,0,1,0,0,57,1
38,10,4,0,4,0,6497,0,35,0
60,3,2,4,0,1,0,0,40,0
19,9,4,11,3,0,0,0,25,0
22,10,4,0,3,0,0,0,25,0
55,14,2,9,0,1,0,0,40,1
44,10,5,11,2,0,0,0,35,0
53,2,2,3,0,1,7688,0,67,1
44,14,2,9,5,0,4386,0,40,1
28,13,4,10,1,1,0,0,50,0
30,10,4,13,4,0,0,0,40,0
39,9,4,3,3,0,0,0,40,0
43,9,0,3,4,0,0,0,40,0
24,13,4,11,2,0,0,0,40,0
27,11,4,10,1,1,0,0,56,0
64,3,2,4,0,1,0,0,70,0
41,10,2,4,0,1,0,0,40,1
28,9,4,13,3,1,0,0,40,0
61,9,2,9,0,1,0,0,30,0
27,7,0,6,4,0,0,0,40,0
49,10,0,0,1,0,0,0,32,0
20,10,2,2,0,1,0,0,40,0
41,13,4,9,1,0,0,1876,40,0
28,9,2,2,0,1,0,0,40,0
36,9,0,6,1,1,0,0,40,0
44,13,0,2,3,1,0,0,40,0
51,13,2,0,5,0,7688,0,20,1
40,10,0,9,4,0,0,0,38,0
19,9,4,2,1,0,0,0,40,0
54,10,2,9,5,0,0,0,40,0
55,9,0,2,1,1,0,0,40,0
57,11,6,9,1,0,0,0,40,0
29,10,5,8,1,0,0,0,30,0
51,9,0,11,4,0,0,0,43,0
44,9,0,7,1,1,0,0,37,0
35,11,2,10,0,1,0,0,42,0
40,9,0,13,1,1,0,0,40,0
46,4,5,7,1,0,0,0,32,0
25,10,2,2,0,1,0,0,60,1
33,13,4,9,1,1,0,1408,36,0
32,10,4,6,2,0,0,2205,40,0
22,9,4,12,1,0,0,0,40,0
39,10,2,11,5,0,0,0,40,0
18,9,4,4,3,1,0,0,40,0
43,9,0,0,4,0,0,0,45,0
46,9,4,12,2,1,0,0,40,0
63,10,2,11,0,1,7298,0,48,1
59,13,2,3,0,1,0,0,60,1
40,14,4,9,1,0,0,0,40,0
23,9,4,7,3,1,0,0,35,0
36,11,2,11,0,1,0,0,60,0
48,9,0,6,4,0,0,0,40,0
43,10,2,9,5,0,0,0,40,1
18,6,4,7,3,0,0,0,30,0
17,7,4,2,3,1,0,0,16,0
53,9,2,6,0,1,0,0,40,1
36,10,0,3,1,0,0,0,39,0
20,9,4,5,1,1,0,0,40,0
22,13,4,11,1,0,0,0,60,0
34,13,2,9,0,1,0,0,40,1
39,7,0,7,3,1,0,0,40,0
57,10,6,7,1,0,0,0,40,0
30,6,0,7,4,0,0,0,40,0
37,15,2,9,0,1,0,0,60,1
51,9,2,6,0,1,0,0,40,1
38,9,4,13,4,1,0,0,40,0
34,9,4,3,4,0,0,0,35,0
47,9,3,0,1,0,0,0,40,0
28,9,2,4,0,1,0,0,40,0
25,6,4,7,1,1,0,0,24,0
25,10,4,3,1,0,0,0,60,0
50,14,2,3,0,1,15024,0,65,1
50,9,2,2,0,1,0,0,40,1
43,13,2,2,0,1,0,0,48,0
27,9,4,13,1,1,0,1876,75,0
32,9,2,2,0,1,0,0,50,0
44,6,4,4,4,1,0,0,35,0
19,9,4,11,4,0,0,0,20,0
53,10,6,3,1,1,0,0,40,1
21,9,4,10,1,1,0,0,40,0
26,9,4,13,1,1,0,0,40,0
68,9,2,13,0,1,0,419,12,0
31,10,2,11,0,1,0,2051,57,0
32,13,4,3,2,1,0,2444,50,1
33,14,4,0,3,1,0,0,40,0
24,7,2,2,0,1,0,0,65,0
30,9,2,11,0,1,0,0,42,0
49,9,2,2,0,1,0,0,40,1
18,7,4,5,1,1,0,0,40,0
30,10,4,0,1,0,0,0,37,0
51,9,2,2,0,1,0,0,40,0
52,10,2,9,0,1,0,0,40,0
52,9,0,7,2,1,0,0,30,0
23,9,4,7,3,1,0,0,32,0
23,6,4,2,1,1,0,0,60,0
36,9,2,6,0,1,0,0,48,0
19,7,4,2,2,1,0,0,25,0
53,9,2,2,0,1,0,0,60,0
17,7,4,5,3,1,0,0,25,0
69,9,6,5,1,0,0,0,8,0
46,13,0,9,4,0,0,0,40,0
33,9,5,12,1,1,0,0,46,0
40,10,2,6,0,1,0,0,45,0
29,14,2,9,0,1,0,0,40,0
41,10,0,0,4,0,0,0,38,0
22,9,2,11,0,1,0,0,45,0
28,4,2,2,0,1,0,0,40,0
31,13,2,2,0,1,0,0,46,0
35,13,4,9,1,0,0,0,40,0
38,10,2,6,0,1,0,0,40,0
17,6,4,7,3,0,0,0,10,0
39,6,2,2,0,1,0,0,40,0
27,10,4,7,1,1,0,0,40,0
50,9,4,0,3,0,0,0,40,0
56,9,2,13,0,1,0,0,40,0
80,9,2,4,0,1,0,0,20,0
38,10,2,4,5,0,0,0,15,0
52,9,2,10,0,1,0,0,40,1
26,13,4,9,3,1,0,0,38,0
43,9,0,7,3,0,0,0,40,0
45,13,4,3,1,0,0,0,42,0
41,11,2,3,0,1,0,0,40,1
30,12,0,0,1,0,0,0,25,0
24,10,2,2,0,1,2407,0,40,0
43,10,0,7,4,0,0,0,20,0
44,13,2,3,0,1,0,0,70,1
54,9,0,13,1,1,0,0,40,0
23,13,4,9,3,0,0,2258,40,1
33,9,2,11,0,1,0,0,60,1
18,7,4,7,3,1,0,0,16,0
38,10,5,9,4,0,0,0,40,0
41,11,2,4,0,1,0,0,45,0
66,4,2,2,0,1,0,0,40,1
60,14,0,9,4,0,0,0,10,0
24,6,4,2,4,1,0,0,65,0
61,7,0,7,4,0,0,0,36,0
35,13,2,2,0,1,0,0,40,0
19,10,4,9,3,0,0,0,40,0
52,9,4,0,4,0,0,0,40,0
38,13,2,11,0,1,7298,0,50,1
39,9,2,11,0,1,0,0,40,0
33,13,2,2,0,1,0,0,50,0
52,9,0,0,4,0,0,0,40,0
41,9,5,6,4,0,0,0,44,0
37,10,2,11,0,1,0,0,55,0
38,13,2,9,0,1,0,0,45,1
27,10,4,3,1,0,0,0,40,0
38,14,4,0,4,0,0,0,40,0
38,13,2,9,0,1,3103,0,60,1
49,9,2,12,0,1,0,0,30,1
22,9,4,6,2,1,0,0,55,0
40,12,2,9,0,1,0,0,40,1
20,9,2,2,0,1,0,0,40,0
34,16,4,9,1,0,0,0,99,0
24,14,4,0,1,1,0,0,56,0
58,13,5,9,1,1,4787,0,40,1
24,10,4,0,3,0,0,0,40,0
43,9,4,2,1,1,0,0,45,0
38,9,4,3,3,0,0,0,40,0
42,9,2,2,0,1,0,0,40,0
27,10,2,6,0,1,0,0,40,0
18,6,4,11,3,0,0,0,20,0
37,9,4,2,2,1,27828,0,48,1
48,9,0,13,1,1,0,0,65,0
40,4,5,7,1,0,0,0,25,0
50,13,2,3,0,1,7688,0,50,1
57,9,5,11,1,0,0,0,35,0
36,10,2,10,0,1,0,0,60,1
41,9,2,4,0,1,0,0,40,0
90,4,2,6,0,1,0,0,40,0
66,4,6,7,1,0,0,0,10,0
34,9,2,4,5,0,0,2179,12,0
23,9,4,2,3,1,0,0,1,0
35,9,2,10,0,1,0,0,55,0
32,9,2,2,0,1,2407,0,40,0
33,13,4,9,1,1,0,0,50,1
32,11,2,3,0,1,0,0,40,0
31,10,2,2,0,1,0,0,40,0
32,10,2,11,0,1,0,0,50,0
40,9,2,7,0,1,0,0,40,0
27,9,4,10,1,1,0,0,30,0
34,9,4,10,1,1,0,0,40,0
35,11,2,7,5,0,0,0,40,1
29,10,2,3,0,1,0,0,40,0
41,9,5,7,4,0,0,0,20,0
33,16,2,9,5,0,0,0,48,1
52,13,2,9,0,1,0,0,40,1
20,9,2,2,0,1,0,0,40,0
18,7,4,10,3,1,0,0,10,0
49,4,0,7,4,0,0,0,35,0
58,9,2,11,0,1,0,0,40,0
23,9,0,7,4,0,0,0,50,0
59,9,2,2,0,1,0,0,40,1
49,10,2,3,0,1,0,0,40,0
23,13,4,9,3,0,0,0,15,0
20,7,4,5,1,1,0,0,40,0
36,11,2,3,0,1,0,1887,50,1
64,10,6,3,1,0,0,0,3,0
34,10,4,3,1,0,0,0,40,0
63,12,3,0,2,0,0,0,35,0
51,9,4,0,1,0,0,0,40,0
40,10,0,0,1,0,0,0,35,0
55,5,2,2,0,1,0,0,55,0
30,13,4,6,1,1,0,0,25,0
32,15,2,9,0,1,7688,0,45,1
55,13,2,6,0,1,0,0,40,0
47,10,0,3,1,1,0,0,56,1
50,13,0,7,1,1,0,0,40,0
42,9,2,2,0,1,7688,0,45,1
32,10,2,2,0,1,0,0,55,1
60,12,2,11,0,1,0,0,30,0
53,9,2,2,0,1,0,0,40,0
58,13,6,3,4,1,8614,0,40,1
45,13,4,9,1,1,0,0,30,0
31,9,4,3,3,1,0,0,40,0
32,9,4,2,1,1,0,0,40,0
37,10,0,7,4,0,0,0,30,0
28,10,4,0,1,0,0,0,60,0
26,8,4,2,1,1,0,0,40,0
47,9,2,3,0,1,0,0,80,1
34,10,2,3,0,1,0,0,50,1
42,9,0,6,1,1,0,0,40,0
48,13,2,12,5,0,99999,0,40,1
32,9,4,6,4,0,0,0,40,0
35,11,2,3,5,0,0,0,42,1
46,16,2,9,5,0,0,1902,52,1
38,10,2,7,0,1,0,0,40,0
35,13,2,0,0,1,0,0,40,1
45,12,0,0,4,1,0,0,35,0
31,13,4,3,1,1,0,0,40,0
52,10,2,3,0,1,0,0,60,1
20,10,4,5,3,1,0,0,50,0
24,14,4,12,1,1,0,0,50,0
29,11,2,2,0,1,0,0,40,1
23,13,4,3,1,0,0,0,40,0
34,9,2,0,0,1,0,0,40,0
54,14,6,0,4,0,0,0,38,0
21,10,4,7,1,0,0,0,30,0
23,13,4,0,3,0,0,0,30,0
79,4,6,8,1,0,2964,0,30,0
55,14,2,3,0,1,0,0,40,1
60,9,0,12,4,0,2597,0,40,0
37,12,0,2,1,1,0,0,40,0
47,9,0,13,1,1,0,1590,40,0
20,10,4,0,3,1,0,0,40,0
53,13,4,7,1,1,0,0,40,0
34,9,2,6,5,0,0,0,40,0
43,10,0,9,4,0,0,0,40,0
24,10,2,13,0,1,0,0,60,0
23,9,4,10,3,1,0,0,40,0
29,11,4,6,1,1,0,0,40,0
58,10,0,0,4,0,0,0,40,0
40,14,4,0,3,0,0,0,40,0
43,10,2,0,5,0,0,0,40,0
25,14,4,3,1,1,0,0,40,0
23,13,4,9,3,1,0,0,24,0
34,9,2,2,0,1,0,0,50,0
26,10,5,11,4,0,0,0,35,0
60,16,4,9,1,0,0,0,65,1
39,9,2,13,0,1,0,0,50,1
21,9,4,7,3,1,0,0,40,0
45,9,2,13,0,1,0,2179,45,0
33,10,4,3,1,1,0,0,40,0
26,13,4,3,1,1,0,0,70,1
39,10,0,0,4,0,114,0,45,0
29,12,4,9,1,0,8614,0,40,1
52,7,2,7,0,1,0,0,40,0
34,13,2,7,0,1,0,0,30,1
24,9,4,6,1,1,0,0,48,0
77,16,2,4,0,1,20051,0,40,1
34,14,2,4,0,1,0,0,60,0
53,5,2,4,0,1,0,0,70,0
31,9,5,2,1,1,0,0,40,0
58,9,0,11,1,0,0,0,15,0
50,14,2,11,0,1,7688,0,55,1
32,9,2,2,0,1,0,0,40,0
57,9,0,7,1,0,0,0,40,0
32,9,4,11,1,0,0,0,45,0
77,5,2,8,5,0,0,0,10,0
37,10,4,2,1,1,0,0,40,0
51,9,2,0,2,0,0,0,40,0
33,12,0,11,4,1,0,0,60,0
53,9,3,13,2,0,0,0,35,0
32,9,0,11,1,1,0,0,50,0
30,10,2,2,0,1,0,0,40,0
19,10,4,0,3,0,594,0,20,0
33,13,3,7,4,0,0,0,24,0
31,11,4,0,1,0,0,0,40,0
28,10,4,0,4,0,0,0,40,0
19,8,4,7,3,0,0,0,20,0
27,9,2,11,0,1,0,0,60,0
21,3,2,5,0,1,0,0,40,0
24,13,4,9,1,0,0,0,40,0
46,9,0,13,1,1,0,0,54,0
31,13,4,3,1,0,0,0,40,0
60,10,2,13,0,1,0,0,40,1
21,6,5,11,4,0,0,0,38,0
31,11,0,13,1,1,0,0,40,0
26,13,2,11,0,1,0,0,40,1
46,9,0,8,1,0,0,0,25,0
25,9,2,3,0,1,0,0,60,1
23,10,4,0,1,1,0,0,30,0
53,14,2,3,0,1,0,0,40,1
29,9,2,0,5,0,0,2179,40,0
45,10,2,9,0,1,0,0,50,1
70,13,0,0,1,1,0,0,40,0
55,13,2,11,0,1,99999,0,60,1
40,16,2,9,0,1,0,1887,50,1
17,6,4,7,3,1,0,0,30,0
18,9,4,2,3,1,0,0,40,0
34,14,4,11,4,1,0,0,60,1
41,10,0,0,1,0,0,0,40,0
28,13,4,0,1,1,0,0,40,0
23,9,4,10,3,1,0,0,40,0
32,10,4,3,2,1,0,0,40,0
56,4,2,6,0,1,0,0,48,0
36,9,0,3,4,1,0,0,45,0
26,9,4,0,1,1,0,0,50,0
62,13,6,12,4,0,0,0,7,0
35,12,0,0,4,0,0,0,40,0
25,13,4,9,1,0,0,0,40,0
28,9,2,13,0,1,0,0,50,0
21,10,4,0,3,0,0,0,25,0
31,6,2,13,0,1,0,0,40,0
23,12,4,7,3,1,0,0,25,0
58,13,2,9,0,1,0,0,40,1
55,14,2,9,0,1,0,0,40,1
54,9,2,2,0,1,0,0,40,0
33,9,2,13,0,1,3908,0,40,0
28,7,2,5,0,1,7688,0,40,1
40,7,2,6,0,1,0,0,30,0
33,13,2,11,0,1,7298,0,80,1
27,15,4,9,1,1,0,0,10,0
55,9,0,0,4,1,0,0,25,0
53,9,5,13,4,1,0,0,45,0
23,8,4,13,1,1,0,0,46,0
66,9,6,2,1,1,0,0,16,0
34,11,2,3,0,1,0,0,60,1
39,6,0,13,1,1,0,0,40,0
21,10,4,0,3,0,0,0,40,0
26,10,3,0,3,0,0,0,35,0
21,9,4,0,3,0,0,0,40,0
59,9,2,11,0,1,0,0,40,0
61,6,2,13,0,1,0,0,40,0
30,13,2,11,0,1,0,0,50,1
22,11,2,6,0,1,0,0,40,0
47,9,0,6,4,0,0,0,30,0
50,9,0,7,1,1,0,0,40,0
67,13,0,3,1,0,0,2206,5,0
59,6,2,2,0,1,0,0,40,0
35,12,4,7,1,0,0,0,80,1
56,10,3,4,1,0,27828,0,20,1
34,9,0,3,4,0,2977,0,50,0
63,6,6,4,4,0,0,0,56,0
48,10,2,2,0,1,0,0,40,0
41,10,2,9,0,1,0,0,44,1
26,10,4,5,3,0,0,0,20,0
47,6,2,11,0,1,0,2179,52,0
29,11,2,4,0,1,0,0,50,0
30,9,4,5,3,1,0,0,40,0
19,9,4,11,3,1,0,0,20,0
27,13,4,0,1,0,0,0,37,0
59,9,2,4,0,1,0,0,70,0
19,9,4,2,3,1,0,0,40,0
45,5,2,5,0,1,0,0,40,0
37,9,4,0,1,1,0,0,40,0
44,16,3,9,4,0,0,0,38,0
34,13,2,0,0,1,0,0,38,0
30,13,4,12,1,0,0,0,35,0
30,13,2,3,0,1,0,0,40,1
56,7,5,7,1,0,0,0,40,0
19,9,4,7,3,0,0,0,40,0
37,4,2,2,0,1,0,0,40,0
45,14,2,3,0,1,0,1977,43,1
21,10,4,0,3,0,0,0,40,0
34,9,2,4,0,1,0,0,45,0
27,13,2,3,2,1,0,0,50,0
44,14,4,9,1,0,0,0,40,0
33,13,4,3,1,1,0,0,40,0
32,10,4,3,2,0,0,0,50,0
37,10,2,2,0,1,0,0,40,0
26,13,4,11,1,0,0,0,48,0
49,9,2,2,0,1,5013,0,60,0
20,10,4,9,1,0,0,0,30,0
37,10,2,2,0,1,0,0,40,0
22,3,2,2,0,1,0,0,48,0
44,13,4,12,1,1,0,0,35,0
30,9,2,2,0,1,0,0,40,0
55,9,2,7,0,1,0,0,40,0
36,7,2,6,0,1,0,0,40,0
29,8,4,12,1,1,0,0,40,0
45,11,2,10,0,1,0,0,40,0
38,13,2,11,0,1,0,0,55,1
42,10,4,2,1,1,0,0,40,0
27,11,4,3,3,0,0,0,40,0
20,10,4,0,3,1,0,0,25,0
43,13,2,9,0,1,0,0,35,0
21,9,4,0,3,1,0,0,40,0
33,13,4,9,1,0,0,0,40,0
36,9,2,2,0,1,0,0,80,1
34,8,2,7,0,1,0,0,40,0
54,10,2,3,0,1,0,0,44,1
30,9,2,2,0,1,0,0,40,1
63,9,2,6,0,1,0,0,40,0
36,13,2,3,0,1,0,0,50,1
25,13,4,3,1,1,0,0,50,0
55,9,0,2,1,1,0,0,40,0
44,10,2,9,0,1,0,0,45,1
41,9,4,6,4,0,0,0,40,0
47,12,2,9,0,1,0,0,40,1
41,13,4,9,1,1,0,0,40,1
35,9,2,13,0,1,0,0,40,0
18,9,4,0,3,0,0,0,40,0
23,9,0,7,4,0,0,0,30,0
57,13,2,3,0,1,0,0,40,0
56,2,4,3,1,1,0,0,65,0
25,10,4,11,3,0,0,0,35,0
35,13,4,9,3,0,0,0,40,0
61,11,2,0,0,1,0,0,40,0
36,13,0,9,1,0,0,0,55,0
18,8,4,11,3,0,0,0,15,0
21,10,3,11,3,0,0,0,20,0
32,9,2,13,0,1,0,0,40,0
52,8,2,6,0,1,0,0,45,1
48,9,2,2,0,1,0,0,55,0
40,13,0,9,1,0,0,0,40,0
35,9,2,3,0,1,5178,0,40,1
42,9,0,0,1,0,0,0,40,0
34,10,2,6,0,1,0,0,40,0
27,12,2,12,0,1,0,0,40,0
47,13,4,4,1,1,0,0,65,0
65,5,2,2,0,1,0,0,45,0
61,14,6,3,4,0,0,0,99,0
18,10,4,11,3,1,0,0,28,0
48,16,2,9,0,1,0,0,45,1
26,10,4,13,1,1,2174,0,75,0
30,13,4,11,1,1,0,0,40,0
68,9,2,4,0,1,0,0,50,1
23,9,2,11,0,1,0,0,80,0
65,9,2,3,0,1,0,0,24,0
32,13,2,0,0,1,0,0,44,0
44,14,2,3,0,1,0,0,40,1
48,14,2,9,5,0,0,0,40,1
24,11,4,12,1,1,0,0,45,0
58,10,4,4,1,1,0,0,40,0
32,10,3,9,1,1,0,0,50,0
54,14,0,3,1,1,0,0,50,1
35,14,4,9,1,1,0,0,45,1
35,12,0,3,1,0,0,0,50,0
24,9,4,11,3,1,0,0,40,0
50,9,2,9,0,1,99999,0,40,1
38,9,5,2,1,1,0,0,40,0
57,9,2,3,0,1,0,0,40,1
38,10,4,11,1,1,0,0,60,0
49,9,4,2,1,1,0,0,40,0
25,13,4,12,3,0,0,0,16,0
56,10,3,13,1,1,0,0,40,0
32,7,0,7,4,0,0,0,40,0
22,13,4,9,1,1,0,0,40,0
33,9,2,2,0,1,0,0,40,0
42,10,0,0,4,0,0,0,12,0
62,9,2,13,0,1,0,0,48,0
26,13,4,10,3,1,0,0,40,0
46,10,0,2,4,1,0,0,40,1
33,13,5,11,1,0,0,0,50,1
65,9,2,13,0,1,2414,0,20,0
46,10,2,2,0,1,7688,0,40,1
43,11,0,3,1,0,0,0,40,0
43,9,2,2,0,1,0,0,40,1
35,6,2,2,0,1,0,0,40,0
48,9,6,5,2,0,0,0,48,0
55,13,2,3,0,1,0,0,40,1
45,11,2,2,0,1,0,0,40,0
56,13,2,3,0,1,4508,0,40,0
59,14,4,3,1,1,0,0,40,0
56,9,2,2,0,1,0,0,40,0
21,9,4,7,3,1,0,0,10,0
26,7,2,3,0,1,3411,0,40,0
38,9,4,7,4,0,0,0,40,0
27,10,4,0,3,0,0,0,40,0
48,4,2,2,0,1,0,0,50,1
37,14,2,9,0,1,0,0,60,1
63,9,2,2,0,1,0,0,30,0
27,9,4,13,1,1,0,0,38,1
20,10,4,11,3,1,0,0,25,0
26,14,2,9,0,1,0,1887,40,1
51,12,2,3,0,1,0,0,40,0
28,12,2,9,0,1,0,0,40,1
39,11,0,7,1,0,0,0,40,0
35,14,2,11,0,1,0,0,55,1
65,4,2,2,0,1,0,0,40,0
54,11,2,13,0,1,0,0,40,0
39,4,4,7,3,1,0,1602,35,0
24,10,4,0,3,0,0,0,40,0
36,13,4,3,1,0,0,0,40,0
52,9,0,2,1,1,0,0,40,1
64,9,2,6,0,1,0,0,40,0
43,10,0,2,1,1,0,0,40,0
44,11,4,8,1,1,594,0,25,0
47,9,5,0,4,0,0,0,40,0
32,8,2,5,0,1,0,0,40,0
20,10,4,11,3,0,0,0,30,0
33,10,4,0,1,0,0,0,38,0
52,9,0,0,4,0,0,0,40,0
49,4,2,6,0,1,0,0,40,0
31,9,2,11,5,0,0,0,18,0
62,9,4,7,4,0,0,0,6,0
44,10,0,2,1,1,0,0,55,0
28,9,2,10,0,1,3908,0,40,0
68,14,6,9,4,0,0,0,40,1
40,10,4,0,4,0,0,0,40,0
46,4,4,5,1,1,0,0,50,0
22,9,4,6,3,0,0,0,40,0
37,13,0,12,1,1,0,0,15,0
62,14,4,9,1,1,0,0,70,0
37,13,2,3,0,1,0,0,50,1
35,9,4,11,1,1,4787,0,40,1
44,9,2,11,0,1,0,0,68,0
41,11,2,11,0,1,0,0,40,1
36,13,0,9,4,1,0,0,40,0
26,13,0,7,1,0,0,0,45,0
48,9,2,13,0,1,0,0,40,1
21,9,4,7,1,0,0,0,28,0
39,15,2,2,0,1,7688,0,40,1
38,11,0,9,1,0,14344,0,40,1
44,11,2,2,0,1,0,0,40,1
56,6,2,11,5,0,0,0,30,1
25,5,4,13,2,1,0,0,40,0
32,13,4,9,1,0,0,0,50,0
47,10,4,0,1,0,0,0,40,1
26,10,4,5,3,1,0,0,40,0
31,13,4,9,1,0,14084,0,60,1
23,11,4,3,3,1,0,0,40,0
41,10,0,9,4,0,0,0,40,1
55,10,2,3,0,1,0,0,25,0
23,10,0,3,4,0,0,0,25,0
45,9,2,0,0,1,7298,0,40,1
42,13,2,3,0,1,0,1485,40,0
29,10,4,9,1,1,0,0,15,0
48,14,2,3,0,1,0,0,40,0
36,10,0,2,4,1,0,0,40,0
52,13,2,11,0,1,15024,0,50,1
46,11,0,2,4,1,0,0,40,0
34,10,4,0,3,1,0,0,40,0
27,12,4,0,1,0,0,0,40,0
18,9,4,6,3,0,0,0,40,0
18,10,4,7,3,0,0,0,24,0
42,4,2,2,0,1,0,0,40,0
36,14,2,3,0,1,0,0,45,1
52,15,2,11,0,1,0,0,40,1
44,13,2,3,0,1,0,0,45,1
53,10,2,11,0,1,0,0,60,1
36,13,2,11,0,1,0,0,60,1
27,13,4,12,2,1,0,0,40,0
52,9,2,6,0,1,0,0,60,0
60,14,2,9,0,1,0,0,40,0
41,12,2,12,0,1,0,0,45,1
64,15,2,9,0,1,0,0,40,1
25,2,4,7,2,1,0,0,25,0
63,4,2,7,0,1,0,0,40,0
54,11,0,2,1,1,0,0,40,0
21,9,4,5,3,1,0,0,40,0
27,13,4,0,1,1,0,0,40,0
63,14,2,4,0,1,41310,0,50,0
37,9,0,7,1,0,0,0,30,0
22,9,4,13,1,1,0,0,35,0
54,4,2,2,0,1,0,0,40,0
54,6,0,7,4,0,0,0,40,0
60,9,2,7,0,1,0,0,40,0
19,7,4,5,3,1,0,0,25,0
25,9,0,0,1,0,0,0,40,0
51,9,2,0,5,0,0,0,40,0
47,9,4,3,1,0,0,0,40,0
44,6,4,2,3,1,0,0,50,0
57,9,6,9,1,0,0,0,57,0
22,10,4,11,3,1,0,0,34,0
36,10,0,7,4,0,0,0,20,0
39,10,2,6,0,1,0,0,40,0
49,16,2,9,0,1,0,0,50,1
41,9,2,7,0,1,0,0,40,0
35,10,2,0,0,1,0,0,38,0
40,12,0,11,4,0,1506,0,40,0
30,13,4,3,1,0,0,0,40,0
25,9,4,11,1,1,0,1504,37,0
25,10,2,0,0,1,0,1902,36,1
37,14,2,0,0,1,7688,0,50,1
53,15,0,9,1,1,0,0,60,1
34,12,4,9,1,0,0,0,25,0
18,9,4,11,3,0,0,0,20,0
45,9,0,11,4,1,5455,0,40,0
19,10,4,0,3,0,0,2001,40,0
33,13,2,11,0,1,0,0,65,0
45,10,2,0,0,1,0,0,40,0
43,13,2,3,0,1,0,0,35,1
40,9,2,2,0,1,0,0,35,0
41,13,2,4,0,1,0,0,75,1
25,9,2,2,0,1,0,1579,40,0
22,13,4,0,3,0,0,0,32,0
52,10,4,0,4,1,0,0,45,0
45,10,2,0,0,1,0,0,40,1
32,16,4,9,1,0,0,0,70,0
26,13,4,13,3,1,0,0,20,0
24,10,0,7,1,1,0,0,40,0
37,9,0,6,4,0,0,0,40,0
49,9,0,7,1,0,0,0,40,0
43,14,2,9,0,1,0,0,50,0
35,9,4,6,1,1,0,0,40,0
37,15,2,9,0,1,0,0,50,1
17,7,4,11,3,1,0,0,20,0
48,9,2,13,0,1,0,0,55,1
26,10,4,0,3,1,2597,0,40,0
35,13,2,2,0,1,0,0,40,1
21,10,4,11,3,0,0,0,15,0
54,6,0,7,1,1,0,0,70,0
40,13,0,0,1,0,0,0,40,0
51,10,5,3,1,0,0,0,40,0
60,9,2,7,5,0,0,0,50,0
22,10,4,11,3,1,0,0,8,0
20,9,4,4,3,1,0,0,40,0
21,7,4,4,4,1,0,0,40,0
21,10,4,5,1,1,0,0,40,0
43,10,0,0,1,0,0,0,44,0
36,13,2,2,0,1,0,0,50,1
65,9,2,0,0,1,0,2174,40,1
48,9,2,6,0,1,0,0,40,1
37,14,5,3,1,1,27828,0,60,1
20,8,4,6,3,1,0,0,40,0
41,9,0,3,1,0,0,0,40,0
55,5,2,2,0,1,0,0,50,0
39,13,0,9,4,0,0,0,40,0
41,10,2,13,5,0,7298,0,40,1
80,11,2,2,0,1,0,0,24,0
59,6,2,4,0,1,0,0,40,0
52,7,2,2,0,1,0,0,40,1
39,13,2,3,0,1,3103,0,50,1
56,10,3,9,1,1,0,0,50,0
69,9,6,0,1,0,0,0,20,0
49,13,2,3,0,1,0,0,50,1
33,9,2,3,0,1,5013,0,40,0
28,9,2,3,0,1,0,0,45,1
49,10,2,3,0,1,0,0,40,1
51,9,3,5,4,1,0,0,40,0
42,10,0,7,4,0,0,0,32,0
66,9,6,0,1,0,0,0,13,0
44,11,5,2,2,1,0,0,48,1
26,9,0,11,1,1,0,0,40,0
43,10,0,0,4,0,0,0,40,0
28,6,4,6,1,0,0,155,40,0
17,7,4,11,3,0,0,0,8,0
52,13,2,2,0,1,0,0,50,1
24,10,4,5,1,1,0,0,40,0
65,10,6,11,2,0,0,0,45,0
36,10,2,2,0,1,0,0,40,1
19,9,4,5,2,1,0,0,30,0
43,10,3,11,1,1,0,0,45,0
39,14,2,9,5,0,0,0,50,1
48,7,2,13,0,1,0,0,40,1
50,11,2,10,0,1,0,0,40,1
21,10,4,7,3,1,0,0,25,0
36,9,4,7,1,0,0,0,40,0
33,9,2,7,0,1,0,0,36,0
50,13,2,3,0,1,0,0,40,0
49,14,2,11,0,1,99999,0,80,1
70,16,2,3,0,1,0,0,40,1
39,9,0,13,1,1,0,0,40,0
44,10,0,9,1,0,0,0,40,0
32,13,2,12,5,0,0,0,40,1
40,5,4,2,2,1,0,0,49,0
46,9,2,2,0,1,0,1902,40,1
40,13,2,7,5,0,7688,0,52,1
47,7,0,2,3,1,0,0,8,0
19,9,4,0,1,1,0,0,30,0
22,10,4,0,2,0,0,0,16,0
20,10,4,10,3,0,0,0,16,0
46,13,0,9,1,0,4787,0,25,1
41,13,2,9,0,1,0,1977,45,1
17,6,4,9,3,0,0,0,15,0
41,9,2,6,0,1,0,0,40,0
28,9,5,2,1,1,0,1974,40,0
24,9,4,7,1,1,0,0,40,0
33,10,2,3,0,1,0,0,50,0
44,10,2,3,0,1,0,0,55,1
26,9,4,9,3,0,0,0,40,0
47,11,2,11,0,1,0,0,40,1
24,9,2,6,0,1,0,0,40,0
58,13,2,3,0,1,0,0,40,1
41,9,2,2,0,1,0,2002,60,0
38,4,2,11,0,1,0,0,35,1
21,10,4,0,1,0,0,0,40,0
33,10,4,3,3,1,0,0,45,0
40,6,0,6,4,0,0,0,40,0
47,9,0,3,1,0,0,0,40,0
41,13,0,3,4,0,0,0,40,0
38,13,2,4,0,1,0,0,50,0
50,4,0,7,2,0,0,0,40,0
45,9,3,4,2,1,0,0,40,0
33,9,4,5,1,1,0,0,40,0
34,12,4,0,1,1,0,0,40,0
65,14,0,11,1,1,0,0,28,0
24,7,4,13,3,1,0,0,39,0
26,13,4,6,2,1,0,0,40,0
55,9,0,2,1,1,0,0,40,0
66,13,0,9,4,0,0,0,8,0
43,13,2,9,0,1,0,0,40,0
37,13,4,0,2,0,0,0,40,0
22,9,2,2,0,1,0,0,40,0
21,7,2,6,0,1,0,0,40,0
27,14,4,6,1,0,0,0,40,0
48,9,2,0,0,1,4386,0,45,1
24,13,4,9,4,0,0,0,40,0
53,9,6,7,1,0,0,0,30,0
26,9,2,2,0,1,0,0,40,0
60,10,2,11,0,1,0,0,40,1
21,10,4,7,3,0,0,0,60,0
39,3,2,7,0,1,0,0,40,0
45,10,2,3,0,1,0,0,60,1
76,9,2,2,0,1,0,0,30,0
19,10,4,7,1,0,0,0,30,0
34,10,2,9,0,1,0,0,40,1
54,10,0,2,1,1,0,0,40,0
23,13,4,0,1,0,0,0,40,0
44,4,0,5,1,1,0,0,40,0
27,10,0,0,4,0,0,0,40,0
23,8,4,5,3,1,0,0,40,0
37,9,2,4,0,1,0,0,50,0
41,9,2,2,0,1,0,0,40,1
21,10,4,0,3,0,0,0,35,0
37,9,2,0,0,1,0,0,40,1
63,9,4,6,1,1,2174,0,40,0
35,7,2,2,0,1,0,0,40,0
41,10,4,4,1,1,0,0,40,0
50,9,0,9,1,0,0,0,60,0
26,9,4,11,3,1,0,0,50,0
36,10,2,12,0,1,0,0,42,1
47,10,2,9,0,1,0,0,40,1
51,10,0,3,4,0,0,0,50,0
41,9,0,0,1,0,0,625,40,0
40,15,2,9,5,0,15024,0,30,1
32,13,2,3,0,1,4064,0,50,0
37,13,2,0,0,1,7298,0,40,1
40,13,0,3,1,1,0,0,40,0
56,13,2,2,0,1,0,0,40,0
50,9,2,2,0,1,0,0,40,0
28,5,2,6,0,1,0,0,42,0
28,9,2,6,0,1,0,0,40,0
19,7,4,0,3,0,0,0,30,0
44,9,2,6,0,1,0,0,40,0
42,15,0,9,4,0,7430,0,44,1
47,10,2,3,0,1,0,0,40,1
31,10,2,6,0,1,0,0,40,0
61,7,2,7,0,1,0,0,40,1
21,10,4,0,3,0,0,0,40,0
26,13,2,7,0,1,0,0,45,1
58,9,2,0,5,0,0,0,40,1
35,13,3,9,1,0,0,0,40,0
35,11,4,0,1,0,0,0,40,0
29,12,4,0,1,1,3674,0,40,0
40,14,2,9,0,1,7688,0,40,1
33,13,2,11,0,1,0,0,55,1
38,10,0,6,4,1,0,0,40,0
50,11,4,7,1,1,0,0,50,0
66,10,2,12,0,1,0,0,40,1
36,10,2,10,0,1,0,0,40,1
33,7,4,11,1,0,0,0,40,0
55,14,2,3,0,1,0,0,60,1
46,9,2,6,0,1,0,0,40,0
36,12,4,2,1,1,0,0,40,0
30,9,0,7,4,0,0,0,32,0
29,8,4,3,1,1,0,0,42,0
24,9,5,11,4,0,0,0,48,0
42,10,5,7,4,0,0,0,50,0
26,9,5,3,3,0,0,0,40,0
37,13,2,9,0,1,0,0,40,0
27,3,4,4,4,1,0,0,48,0
26,9,2,2,0,1,0,0,48,0
23,11,4,2,4,1,0,0,50,0
60,14,2,3,0,1,0,0,60,1
49,9,0,0,4,0,0,0,40,0
46,10,2,0,0,1,0,0,40,0
21,9,4,6,1,1,0,0,40,0
48,15,2,2,0,1,0,0,60,0
70,5,0,11,1,1,0,0,45,0
44,14,4,9,3,0,0,0,55,0
58,13,2,11,0,1,0,0,40,0
41,12,0,3,1,0,0,0,40,0
54,4,0,6,4,0,0,3900,40,0
42,14,0,3,4,1,0,2201,60,1
28,6,0,5,1,1,0,0,40,0
65,7,2,5,0,1,0,0,20,0
35,9,2,2,2,1,0,0,35,0
82,3,6,7,4,1,0,0,20,0
48,10,2,13,0,1,0,0,50,1
44,16,2,3,0,1,15024,0,40,1
68,14,4,0,1,0,6360,0,20,0
42,9,2,7,0,1,0,0,40,0
24,9,4,0,1,0,0,2001,37,0
54,10,2,5,0,1,0,0,40,0
22,10,4,5,3,1,0,0,40,0
43,10,2,4,0,1,0,0,84,0
17,5,4,7,3,0,0,0,35,0
46,9,0,13,1,1,0,0,50,0
59,10,2,12,0,1,0,0,40,1
37,9,2,5,0,1,0,0,40,0
57,9,2,11,0,1,0,1902,30,1
31,9,4,11,4,0,0,0,24,0
23,9,4,0,3,0,0,0,40,0
17,8,4,7,3,0,0,1721,25,0
63,1,2,9,0,1,0,0,30,0
44,15,0,9,1,1,0,0,55,1
30,15,2,9,0,1,0,0,60,1
23,10,4,9,3,1,0,0,20,0
44,14,2,9,0,1,0,1887,60,1
24,10,4,11,3,0,0,0,40,0
34,10,4,5,2,1,0,0,20,0
37,10,2,2,0,1,0,0,65,0
24,7,4,6,4,0,0,0,40,0
32,9,0,6,3,0,0,0,40,0
42,9,2,2,0,1,0,0,25,0
20,10,4,7,3,0,0,0,10,0
34,10,2,9,0,1,4386,0,40,1
37,10,4,13,4,0,0,0,20,0
47,9,0,0,1,0,0,0,40,0
25,5,4,4,2,1,0,0,45,0
36,9,2,4,0,1,0,1977,65,1
60,9,2,11,0,1,0,0,50,0
64,9,2,2,0,1,2635,0,10,0
32,13,2,0,5,0,0,0,40,0
33,6,2,7,0,1,0,0,40,0
71,13,4,3,1,0,0,0,14,0
55,10,0,3,1,0,0,0,40,0
85,9,6,11,1,0,0,0,50,0
39,15,2,9,0,1,0,2415,67,1
25,10,4,2,3,1,0,0,55,0
58,10,2,2,0,1,0,0,40,1
57,9,2,2,0,1,0,0,40,0
30,11,0,9,4,0,0,0,36,0
19,7,0,11,4,0,0,0,20,0
40,10,2,9,0,1,0,0,40,1
28,9,4,10,4,0,0,0,40,0
43,13,2,9,0,1,0,0,40,0
19,9,4,7,3,0,0,0,15,0
24,9,4,3,1,1,0,0,38,0
34,13,4,11,1,1,0,0,65,1
22,9,4,7,1,0,0,0,40,0
64,11,2,4,0,1,0,0,55,0
26,7,2,2,0,1,0,0,40,0
80,9,3,0,1,0,0,0,16,0
79,16,6,9,4,0,0,0,40,0
58,13,2,3,0,1,0,0,40,1
43,13,0,12,1,1,0,1876,40,0
43,9,2,2,0,1,0,0,40,1
46,9,0,7,1,1,0,0,25,0
35,9,2,3,5,0,0,0,40,1
51,11,2,2,0,1,5013,0,40,0
52,14,0,3,1,0,4787,0,60,1
43,13,2,11,0,1,0,0,60,1
68,10,6,3,1,0,0,0,45,0
34,13,2,9,5,0,0,0,45,1
37,13,2,2,0,1,0,0,40,1
22,9,4,11,3,0,0,0,40,0
32,9,2,13,0,1,0,0,55,0
65,6,2,2,0,1,0,0,40,0
28,10,4,6,3,1,0,0,60,0
40,13,4,9,1,0,0,0,45,0
40,7,4,7,2,1,0,0,40,0
52,9,5,7,2,0,0,0,20,0
35,10,2,2,0,1,0,0,60,0
62,3,2,4,0,1,0,0,30,0
49,11,2,5,0,1,0,0,45,0
49,9,0,6,2,0,0,0,55,0
47,13,2,9,0,1,15024,0,40,1
45,9,5,3,1,0,0,0,40,0
37,2,3,4,2,1,0,0,77,0
36,11,2,10,0,1,0,0,53,1
36,6,2,2,0,1,0,0,70,0
44,13,2,9,0,1,0,1902,50,1
51,14,2,9,0,1,0,1977,60,1
25,10,2,10,0,1,0,0,40,0
28,9,4,2,1,1,0,0,55,0
57,9,6,11,4,0,0,0,32,0
46,9,2,2,0,1,0,0,40,0
59,6,2,13,0,1,0,0,45,1
28,7,2,5,3,1,0,0,40,0
25,9,0,7,1,1,2597,0,40,0
35,9,3,0,4,0,0,0,40,0
27,12,2,2,0,1,0,0,45,1
29,13,2,11,0,1,0,0,40,1
43,9,0,0,1,1,0,0,40,0
38,9,4,0,3,0,0,0,40,0
26,10,4,0,3,0,0,0,40,0
36,9,5,2,3,1,0,0,40,0
37,10,2,6,0,1,0,0,40,1
41,7,2,10,0,1,0,0,55,0
44,11,5,9,1,0,0,0,40,0
48,11,0,3,1,0,0,0,50,0
35,9,2,10,0,1,7298,0,35,1
43,13,0,9,4,0,0,0,42,0
57,13,2,9,0,1,0,0,40,1
44,9,2,0,2,0,0,0,40,0
28,9,4,7,3,1,0,0,40,0
55,6,6,2,4,0,0,0,40,0
52,9,2,6,0,1,0,2051,38,0
30,9,5,0,4,0,0,0,40,0
31,16,2,9,0,1,0,0,50,1
50,15,2,9,0,1,0,0,45,1
43,13,2,4,0,1,0,0,70,1
33,9,4,6,1,1,0,0,50,0
23,11,2,5,0,1,0,0,25,0
35,13,2,4,0,1,0,0,65,1
18,10,4,7,3,1,0,0,15,0
33,13,2,10,0,1,0,0,70,1
30,13,4,3,2,0,0,0,45,0
21,10,4,10,3,1,0,0,15,0
36,13,2,0,5,0,0,0,35,1
38,10,2,9,0,1,0,0,40,0
33,14,2,3,0,1,7298,0,60,1
24,11,2,2,0,1,0,0,45,0
24,10,2,9,0,1,0,0,40,0
39,10,0,10,4,0,0,0,30,0
43,9,2,7,0,1,2829,0,60,0
43,13,2,9,0,1,0,0,21,0
30,13,4,0,3,0,0,0,40,0
25,7,2,13,0,1,0,0,40,0
45,9,2,7,5,0,0,0,35,0
22,10,4,10,1,1,0,0,20,0
73,13,2,9,0,1,0,2246,40,1
26,10,2,2,0,1,0,0,40,1
24,9,4,6,2,1,0,0,45,0
18,8,4,2,3,1,594,0,20,0
35,13,2,5,0,1,7298,0,35,1
22,10,5,11,4,0,0,0,43,0
28,10,2,5,0,1,0,0,40,0
38,10,2,2,0,1,0,0,45,0
40,9,2,0,5,0,0,0,40,0
32,10,2,6,0,1,0,0,84,1
42,9,2,13,0,1,0,1902,50,1
31,9,2,0,2,0,0,0,35,0
33,13,2,9,0,1,0,0,50,0
54,13,0,13,1,1,0,0,65,0
63,9,0,4,1,1,0,0,25,0
67,13,2,11,0,1,0,0,30,0
47,9,0,7,1,0,0,0,14,0
67,13,6,7,4,0,0,0,35,0
33,9,2,0,5,0,0,0,19,0
33,9,5,7,3,0,0,0,80,0
25,13,2,0,0,1,0,0,40,0
25,10,4,0,1,0,0,0,40,0
35,10,0,6,4,1,0,0,40,0
54,9,2,2,0,1,7688,0,40,1
35,9,2,4,0,1,0,0,80,1
18,7,4,7,3,1,0,0,12,0
30,7,2,4,0,1,0,0,60,0
29,6,4,2,1,1,0,0,48,0
41,13,2,9,5,0,7688,0,10,1
40,12,2,12,0,1,0,0,40,1
46,10,2,12,0,1,5178,0,40,1
39,12,2,12,5,0,0,0,45,0
42,13,2,0,5,0,0,0,40,1
49,13,2,2,0,1,0,0,50,1
23,10,4,7,3,0,0,0,40,0
34,4,2,13,0,1,0,0,40,0
42,9,2,2,0,1,0,2042,48,0
31,10,2,2,0,1,0,0,50,1
31,11,2,13,0,1,0,0,30,1
90,14,2,9,5,0,0,0,40,1
27,13,4,9,3,0,0,0,40,0
30,9,4,2,1,1,99999,0,50,1
27,9,4,9,3,0,0,0,40,0
27,7,2,3,0,1,0,0,50,0
28,9,4,2,1,1,0,0,40,0
40,9,4,0,3,0,0,0,45,0
43,14,5,9,4,0,0,0,37,0
26,9,2,13,0,1,0,0,50,0
48,11,2,7,5,0,0,0,15,0
41,12,2,4,0,1,0,0,40,0
32,9,2,2,0,1,0,0,40,0
23,9,4,2,1,1,0,0,40,0
35,7,2,11,0,1,0,0,65,0
42,10,2,3,0,1,0,0,50,0
27,13,4,9,1,0,4101,0,40,0
34,9,2,13,0,1,0,0,40,0
25,13,4,9,3,0,0,0,40,0
46,13,4,9,3,1,4787,0,45,1
34,10,2,7,0,1,0,0,40,0
39,9,6,0,1,0,0,0,40,0
25,13,4,0,1,1,0,0,40,0
45,11,0,3,1,1,2174,0,50,0
46,13,0,9,1,1,0,0,40,0
23,9,0,2,1,1,4650,0,50,0
37,10,4,3,1,1,0,0,40,0
38,9,2,5,0,1,0,0,40,1
35,10,2,7,0,1,0,0,40,0
49,13,2,11,0,1,0,0,50,1
37,12,2,9,5,0,0,0,13,1
45,9,0,7,4,0,0,0,40,0
71,8,4,7,1,0,0,0,40,0
44,13,2,11,0,1,0,0,60,1
38,11,4,12,1,0,0,0,40,0
42,9,2,2,0,1,0,0,40,0
29,11,2,3,0,1,0,0,60,1
48,7,2,6,0,1,0,0,40,0
56,11,2,11,0,1,0,0,54,1
32,9,2,12,0,1,0,0,40,0
19,9,4,7,1,0,0,0,30,0
57,10,5,11,1,1,0,0,35,0
55,6,4,13,1,1,0,0,60,0
66,13,2,11,0,1,0,0,50,1
26,9,4,0,3,1,0,0,40,0
58,11,2,3,0,1,15024,0,40,1
62,13,2,9,0,1,0,0,55,1
31,13,4,9,4,1,0,0,40,0
25,9,2,6,0,1,0,0,40,0
38,13,2,0,0,1,0,0,56,0
33,13,0,3,1,0,0,0,40,0
51,10,0,9,1,0,0,0,40,0
20,11,4,4,3,1,0,0,40,0
40,9,2,0,0,1,0,0,40,0
20,6,4,7,1,1,0,0,40,0
41,10,0,3,4,0,0,0,25,0
44,8,0,6,4,0,0,0,40,0
35,9,2,4,0,1,0,0,40,0
35,9,3,4,1,1,0,0,60,0
46,10,4,0,4,0,0,0,40,0
24,10,4,0,1,0,0,0,17,0
18,10,4,7,3,1,0,0,40,0
37,9,2,6,0,1,0,0,40,0
58,16,4,9,1,1,0,0,8,0
55,11,2,0,0,1,0,0,40,0
68,9,4,11,1,0,0,0,30,0
41,13,2,9,0,1,0,0,40,1
50,14,2,3,0,1,15024,0,50,1
48,9,2,2,0,1,0,0,40,0
45,9,2,10,0,1,0,0,40,0
43,10,2,9,0,1,0,0,40,0
37,10,2,2,0,1,0,0,35,0
43,13,2,3,0,1,0,0,45,1
36,9,0,6,4,0,0,0,40,0
60,9,2,7,0,1,0,0,30,0
27,9,0,2,1,1,0,0,50,0
36,13,2,11,0,1,0,0,50,1
47,12,2,13,0,1,0,0,40,0
33,10,4,2,1,1,0,0,80,0
19,8,4,13,3,1,0,0,20,0
33,13,4,7,1,0,0,0,35,0
34,13,2,9,0,1,0,0,40,1
33,9,0,7,4,0,0,0,40,0
57,10,0,11,1,0,0,0,48,0
59,14,4,11,1,0,27828,0,45,1
36,9,2,2,3,0,0,2002,40,0
60,12,2,0,0,1,0,0,40,1
33,11,2,12,0,1,0,0,40,0
41,13,4,9,1,0,0,0,45,0
20,10,4,9,3,1,0,0,10,0
28,13,4,9,1,0,2202,0,50,0
24,14,4,9,1,1,0,0,20,0
31,8,4,4,1,1,0,0,60,0
38,9,3,2,4,0,0,0,40,0
40,13,0,9,1,0,0,0,45,0
55,13,2,9,0,1,0,0,15,0
49,9,2,6,0,1,4064,0,50,0
33,9,0,13,1,1,0,0,45,0
24,13,4,9,1,1,0,0,35,0
46,13,0,2,1,1,0,0,48,0
20,10,4,0,3,0,0,0,20,0
50,3,2,5,0,1,0,0,40,0
22,9,4,0,4,1,0,0,40,0
32,10,2,13,0,1,0,0,35,0
46,9,2,11,0,1,0,0,65,1
39,10,2,3,0,1,0,1977,62,1
26,10,4,0,3,0,0,0,15,0
20,10,4,11,3,0,0,0,14,0
37,10,2,3,0,1,0,0,50,0
40,10,0,0,4,0,0,0,24,0
22,10,4,7,3,0,0,0,38,0
32,13,4,3,3,0,10520,0,40,1
41,10,0,12,1,1,0,0,50,0
24,12,2,0,5,0,0,0,40,0
40,9,2,3,0,1,0,0,40,0
37,15,2,9,5,0,0,0,39,1
42,14,2,0,0,1,0,1902,40,1
56,5,6,11,4,0,0,0,40,0
20,10,4,5,1,1,0,0,50,0
55,9,0,0,4,1,0,0,40,0
29,9,4,2,2,1,0,0,40,0
37,9,0,2,1,1,0,0,40,0
61,13,2,13,0,1,0,0,60,0
26,13,4,9,1,1,0,0,38,0
49,10,0,2,1,1,0,0,55,0
18,4,4,4,3,1,0,0,40,0
30,5,4,4,2,1,0,0,40,0
24,9,2,12,0,1,0,0,40,0
37,9,4,13,1,1,0,0,40,0
37,9,0,0,4,0,0,0,40,0
36,10,2,6,0,1,0,0,65,0
40,9,2,4,0,1,0,0,40,0
44,9,2,2,0,1,0,0,55,0
43,9,2,2,0,1,0,0,20,0
19,10,4,5,1,0,0,0,35,0
50,14,2,3,5,0,0,1485,40,0
39,9,2,0,5,0,0,0,50,0
43,9,0,2,4,1,0,0,40,0
43,9,2,6,0,1,0,0,40,0
40,14,4,9,1,1,0,0,40,1
31,10,4,2,1,1,0,0,40,0
25,13,0,2,1,1,0,0,40,0
30,13,4,9,1,1,0,1876,40,0
55,5,2,4,0,1,0,0,40,0
55,4,2,0,0,1,0,0,75,0
29,10,2,3,0,1,0,0,40,0
28,13,4,0,1,1,10520,0,60,1
30,9,2,2,0,1,0,0,40,0
33,9,2,11,0,1,0,1672,55,0
23,9,4,0,3,1,0,0,40,0
71,7,4,8,1,0,0,0,75,0
21,10,4,11,1,0,0,0,40,0
49,9,2,4,0,1,0,0,40,0
31,12,2,6,0,1,0,0,20,0
27,12,4,9,1,1,0,0,40,0
27,14,2,9,0,1,0,0,40,1
26,10,4,7,1,1,0,0,20,0
17,6,4,7,3,0,0,0,30,0
26,10,4,13,1,1,0,0,50,0
45,9,0,0,1,0,0,0,40,0
50,9,2,2,0,1,7688,0,40,1
31,9,4,4,4,1,0,0,45,0
51,12,4,0,1,0,0,0,40,0
56,5,6,6,4,0,0,0,40,0
24,13,4,6,1,1,0,0,35,0
29,8,4,5,1,1,0,0,40,0
26,10,4,11,1,1,0,0,24,0
51,10,2,3,0,1,0,0,45,0
32,9,2,10,0,1,0,0,40,0
47,13,2,3,0,1,0,0,40,1
30,9,4,6,1,1,0,0,40,0
49,10,2,2,0,1,0,0,40,0
40,10,2,9,0,1,0,0,40,1
62,9,2,0,0,1,0,0,40,1
43,13,2,9,0,1,0,0,60,0
76,3,4,5,1,1,0,0,20,0
35,13,2,11,0,1,0,0,50,1
27,9,4,5,3,0,0,0,40,0
54,13,2,3,0,1,15024,0,40,1
55,9,2,11,0,1,0,0,40,0
21,10,4,11,3,1,0,0,12,0
20,10,4,5,3,1,0,0,20,0
39,9,5,0,1,0,0,0,20,0
26,13,4,9,3,1,10520,0,64,1
20,9,4,6,3,0,0,0,42,0
28,9,2,13,0,1,0,0,60,0
56,10,5,7,1,1,0,0,40,0
39,8,2,6,0,1,0,0,40,0
44,13,2,3,0,1,0,0,40,1
55,9,2,2,0,1,0,0,40,1
54,9,2,11,0,1,0,0,40,0
30,13,4,9,1,1,13550,0,45,1
34,9,2,10,0,1,0,0,57,1
42,9,4,13,4,0,0,0,38,0
50,10,5,3,4,0,0,0,75,0
34,10,2,0,0,1,0,0,40,1
23,11,4,2,3,1,0,0,33,0
47,7,4,6,4,0,6849,0,40,0
57,3,2,2,0,1,0,0,40,0
33,14,4,9,1,1,0,0,50,0
37,9,0,2,4,0,0,0,48,0
53,13,4,3,4,0,0,0,40,0
27,13,4,0,1,0,0,0,40,0
47,9,2,2,0,1,0,0,50,1
42,12,2,9,0,1,0,0,50,0
39,10,4,9,1,1,4787,0,40,1
58,13,2,3,0,1,0,0,40,0
20,9,4,0,2,1,0,0,24,0
19,9,4,6,2,1,0,0,40,0
39,9,2,2,0,1,0,0,35,0
51,9,0,3,1,1,0,0,44,0
52,9,0,11,1,0,0,0,40,0
53,10,4,0,1,0,0,0,50,1
50,10,2,11,0,1,0,0,40,0
36,9,0,6,1,1,0,0,40,0
30,13,4,12,1,0,0,0,72,0
50,9,2,11,0,1,0,0,55,1
76,4,6,8,1,0,0,0,40,0
46,13,2,11,0,1,0,2415,40,1
24,10,4,5,3,1,0,0,40,0
26,9,2,11,0,1,2885,0,40,0
56,15,2,9,0,1,0,1977,50,1
50,13,2,9,0,1,15024,0,40,1
22,10,2,2,0,1,2407,0,40,0
23,13,4,9,1,0,0,0,35,0
51,9,2,3,0,1,0,0,50,0
58,6,2,13,0,1,0,0,40,0
38,5,2,7,5,0,0,0,24,0
45,10,2,6,0,1,0,0,40,1
55,9,6,11,1,1,0,0,40,0
45,10,2,11,0,1,0,0,60,1
42,10,0,6,1,1,0,0,45,0
44,13,2,0,0,1,0,0,46,1
60,13,2,9,0,1,0,0,50,1
27,10,4,11,1,1,0,0,40,0
25,10,2,3,0,1,0,0,40,1
43,9,2,3,0,1,15024,0,50,1
44,11,4,12,1,1,0,1340,40,0
63,4,6,7,1,0,0,0,41,0
46,14,4,9,1,0,0,0,43,0
47,10,2,3,0,1,0,0,40,0
37,10,0,11,1,1,0,0,40,0
43,9,5,3,4,0,0,0,40,0
46,14,2,9,0,1,0,0,35,1
61,12,3,3,1,0,0,0,90,0
53,9,2,0,0,1,0,1977,40,1
44,9,4,2,1,1,0,0,30,0
54,9,2,3,0,1,0,0,45,0
22,10,4,9,3,0,0,0,40,0
47,9,2,13,0,1,0,0,50,1
18,9,4,7,3,0,0,0,20,0
25,6,2,2,0,1,0,0,40,0
24,10,4,0,3,0,0,0,40,0
37,13,2,0,0,1,0,0,40,1
51,10,0,0,4,0,0,2547,40,1
35,9,2,2,0,1,7298,0,60,1
59,10,4,0,3,0,0,0,34,0
46,10,3,2,1,1,0,0,40,0
45,11,2,10,0,1,0,0,60,1
19,9,4,7,3,1,0,0,15,0
22,9,4,0,3,0,0,0,28,0
41,13,2,2,0,1,0,0,40,0
33,9,2,3,0,1,0,0,40,0
26,9,4,0,1,0,0,0,40,0
22,10,2,5,0,1,0,0,35,0
29,9,2,9,0,1,0,0,65,1
22,9,4,0,1,0,0,0,39,0
34,12,2,12,0,1,0,2042,10,0
23,8,2,5,3,1,0,0,40,0
20,9,2,0,0,1,3781,0,50,0
25,13,4,9,1,0,0,0,40,0
59,9,2,0,0,1,0,0,40,1
44,10,2,2,0,1,4386,0,55,0
55,10,2,12,0,1,0,0,40,0
77,10,6,0,1,0,0,1944,1,0
42,14,2,3,0,1,0,0,40,1
47,9,2,2,0,1,0,0,40,1
42,10,2,6,0,1,0,0,40,0
45,10,2,2,0,1,0,0,40,0
23,9,2,7,0,1,0,0,40,0
23,10,4,2,1,1,0,0,40,0
52,9,2,2,0,1,0,0,40,0
49,9,2,2,0,1,0,0,40,1
20,10,4,2,3,1,0,0,40,0
20,9,4,7,1,0,0,0,20,0
23,9,4,7,3,0,0,0,45,0
30,10,0,2,1,1,0,0,65,0
45,9,2,5,0,1,0,0,48,1
30,15,6,7,1,1,0,0,35,0
17,5,4,7,3,0,0,0,20,0
22,9,4,11,1,1,0,0,40,0
25,13,4,5,3,1,0,0,40,0
52,10,2,3,0,1,15024,0,55,1
40,10,2,12,5,0,0,0,40,1
58,9,2,3,0,1,0,0,45,0
30,9,2,2,0,1,0,0,50,0
59,6,2,5,0,1,3942,0,40,0
29,10,4,7,1,0,0,0,30,0
26,11,0,9,4,0,0,0,40,0
39,13,6,9,4,0,0,0,10,0
33,13,2,3,0,1,0,0,50,1
22,10,4,11,3,1,0,0,24,0
25,10,2,2,3,1,0,0,40,0
44,10,5,9,4,0,0,0,40,0
35,9,0,11,3,0,0,0,40,0
40,9,2,5,0,1,0,0,40,0
19,7,4,0,3,0,0,0,20,0
37,9,2,2,0,1,0,0,35,1
32,11,2,12,0,1,0,0,40,0
52,9,0,13,1,1,0,0,65,0
36,9,2,2,0,1,0,0,41,0
38,10,0,2,4,0,0,0,40,0
57,13,0,6,1,1,0,0,39,0
22,10,4,0,1,0,0,0,15,0
20,10,4,0,3,0,0,0,35,0
40,7,5,6,1,1,0,0,36,0
36,13,2,4,0,1,0,0,50,0
27,9,0,0,4,0,0,0,40,0
52,9,3,0,1,0,0,0,50,0
43,9,5,13,4,0,0,0,44,0
35,9,2,13,0,1,0,0,40,0
29,9,2,4,0,1,0,0,40,0
27,10,4,6,3,1,0,0,40,0
49,14,2,3,0,1,0,0,40,1
26,10,5,2,1,1,0,0,30,0
47,9,0,7,1,1,0,0,32,0
20,10,4,0,3,0,0,0,40,0
19,9,4,5,3,1,0,0,40,0
34,14,4,9,1,1,0,2258,50,0
20,9,4,0,3,0,0,0,40,0
23,7,5,9,3,1,0,0,35,0
25,13,4,11,1,1,0,0,40,0
21,9,4,5,3,1,0,0,36,0
25,9,4,6,3,1,0,0,40,0
63,10,2,10,0,1,0,0,32,0
25,13,4,12,1,0,0,0,50,0
28,9,4,6,3,0,0,0,40,0
39,14,4,9,1,1,0,0,60,1
28,10,4,12,1,0,4865,0,40,0
30,13,2,3,0,1,0,0,45,1
41,11,0,9,4,0,0,0,40,0
52,12,0,7,1,0,4865,0,30,0
36,9,2,2,0,1,4064,0,40,0
47,13,2,3,0,1,0,1887,40,1
27,5,4,7,3,1,0,0,50,0
32,10,2,12,5,0,0,0,40,0
52,9,2,11,0,1,99999,0,45,1
50,9,2,13,0,1,0,0,70,0
21,10,4,0,2,1,0,0,30,0
60,9,0,0,4,0,0,0,37,0
47,7,2,7,0,1,0,0,36,0
54,9,2,4,0,1,0,0,60,1
32,14,4,9,1,1,0,0,50,0
61,10,2,11,0,1,0,0,40,0
21,9,4,2,1,1,0,1504,40,0
29,10,2,3,2,1,4386,0,45,1
36,9,4,7,4,0,0,0,70,0
38,9,2,13,0,1,0,0,20,0
59,6,6,6,1,1,0,0,52,0
43,10,2,0,0,1,0,0,40,0
19,7,4,6,1,1,0,0,10,0
42,13,2,9,0,1,5013,0,40,0
33,10,2,3,0,1,0,0,45,0
47,9,2,7,5,0,5013,0,40,0
51,9,2,3,0,1,7298,0,40,1
28,10,4,11,1,1,0,0,40,0
61,10,0,0,4,0,0,0,43,0
23,13,4,9,1,0,0,0,60,0
31,5,2,2,0,1,0,0,40,0
38,7,0,3,1,1,0,0,55,0
21,5,4,5,2,1,0,0,40,0
22,9,4,2,3,1,0,0,50,0
35,14,2,9,0,1,0,1887,40,1
53,13,2,3,0,1,0,0,48,1
40,9,2,3,5,0,0,0,24,1
36,9,2,0,0,1,0,0,50,1
33,9,2,13,0,1,0,0,65,0
23,9,4,0,1,0,0,0,50,0
51,9,2,2,0,1,4386,0,40,1
31,9,4,11,2,1,0,0,48,0
28,9,5,0,1,0,5721,0,40,0
26,13,0,11,1,1,0,0,40,0
32,13,0,10,1,1,0,0,60,1
43,13,4,9,1,1,0,0,45,1
19,9,4,7,1,0,0,0,50,0
46,7,0,5,4,0,0,0,40,0
49,16,2,9,0,1,0,0,45,1
31,6,4,7,1,0,0,0,40,0
45,13,2,3,0,1,0,0,40,1
41,3,2,4,0,1,0,0,40,0
22,10,4,7,3,0,0,0,15,0
25,13,4,9,1,0,0,1876,40,0
46,15,5,9,1,1,0,0,50,1
44,10,2,2,0,1,0,0,40,0
25,9,2,6,0,1,0,0,40,0
30,13,4,3,1,1,0,0,40,0
54,13,2,3,0,1,0,0,60,1
34,13,2,2,0,1,0,0,45,1
30,13,2,9,0,1,0,1902,55,1
21,11,4,3,3,0,2174,0,60,0
27,13,4,9,1,0,0,0,40,0
29,10,4,2,3,1,0,0,40,0
60,10,2,3,0,1,0,0,40,1
36,14,2,4,0,1,0,0,70,0
27,14,4,11,3,0,0,0,40,0
57,10,2,7,0,1,0,0,48,0
24,2,2,7,3,0,0,0,5,0
63,10,0,2,4,1,0,0,22,0
29,13,2,10,0,1,0,0,40,1
34,13,2,3,0,1,0,0,40,0
27,9,4,7,1,1,0,0,40,0
31,11,0,12,4,0,0,0,40,0
31,13,2,2,0,1,0,0,40,0
55,10,0,0,4,0,4650,0,20,0
64,9,2,2,0,1,0,0,99,0
20,9,4,11,2,0,0,0,35,0
44,9,2,4,0,1,15024,0,60,1
35,7,0,13,1,1,0,0,50,0
41,10,0,3,1,0,0,0,40,0
38,10,0,3,3,0,0,0,40,0
64,13,2,2,0,1,0,0,45,1
42,4,4,5,1,1,0,2205,40,0
31,10,2,3,0,1,0,0,50,1
42,12,2,13,0,1,0,0,50,0
35,12,2,7,5,0,0,0,35,1
36,10,0,3,4,0,0,0,40,1
23,8,4,6,2,1,0,0,30,0
20,10,4,0,3,1,0,0,14,0
26,13,4,9,1,0,0,0,40,0
56,13,4,13,1,1,0,2001,65,0
40,12,0,7,1,0,0,0,40,0
19,7,4,5,3,1,0,0,24,0
33,9,4,6,1,0,0,0,40,0
45,12,4,0,1,1,0,0,40,0
41,9,2,9,0,1,7688,0,43,1
29,9,2,7,0,1,0,0,40,0
46,14,2,9,5,0,0,0,45,1
48,12,2,13,0,1,0,0,45,0
38,9,2,11,0,1,0,0,45,0
29,10,4,0,3,0,0,0,40,0
35,9,2,2,0,1,0,0,40,0
59,13,2,10,0,1,0,0,30,0
27,9,2,7,3,1,0,0,40,0
43,10,2,5,0,1,0,0,40,1
70,13,2,3,0,1,0,0,20,0
30,9,4,6,3,1,0,0,45,0
24,10,2,13,0,1,0,0,40,1
76,9,2,10,0,1,0,0,15,0
25,9,5,2,3,1,0,0,40,0
39,12,4,7,3,0,0,0,56,0
36,13,0,9,4,0,0,0,40,0
23,8,4,6,3,0,0,0,40,0
60,4,0,6,4,0,0,0,40,0
54,2,2,2,0,1,0,0,40,1
20,10,4,11,1,0,0,0,40,0
22,9,4,0,3,1,0,0,40,0
24,13,4,9,3,0,0,0,20,0
41,9,2,2,0,1,0,0,40,0
35,10,2,2,0,1,0,0,40,0
23,3,4,5,1,1,0,0,55,0
54,16,2,3,0,1,0,1902,50,1
17,7,4,5,3,1,0,0,16,0
43,9,4,0,4,0,0,0,40,0
33,8,0,2,1,1,0,2258,42,0
38,10,0,0,1,1,0,0,40,1
54,9,2,7,0,1,0,0,45,0
39,9,4,6,1,0,0,0,52,0
32,10,5,12,1,1,0,1980,40,0
61,4,2,0,0,1,2885,0,40,0
22,13,4,3,3,1,0,0,40,0
34,9,2,7,0,1,0,0,40,1
18,6,4,8,3,0,0,0,20,0
20,9,4,2,3,1,0,0,25,0
53,9,0,12,4,1,0,0,40,0
32,10,4,0,1,0,0,0,40,0
68,10,2,7,0,1,0,0,30,0
28,10,5,7,4,0,0,0,15,0
28,10,2,13,0,1,0,0,40,0
54,10,2,9,0,1,0,0,56,1
25,10,2,2,0,1,0,0,40,0
30,14,2,9,0,1,0,0,50,1
33,10,4,7,1,1,0,0,32,0
49,13,4,12,4,0,0,0,40,0
58,4,6,7,1,0,0,0,30,0
45,11,2,9,0,1,0,0,24,1
67,4,2,13,0,1,10566,0,40,0
69,9,2,7,0,1,0,0,40,1
61,9,0,3,1,0,0,0,40,0
34,10,2,2,0,1,0,0,40,0
28,10,2,2,0,1,0,0,45,0
19,9,4,6,3,0,0,0,34,0
31,10,2,2,0,1,0,0,40,0
32,10,4,3,1,1,0,0,40,0
53,12,4,3,1,0,0,0,60,0
46,9,4,0,4,0,0,0,37,0
43,4,2,4,0,1,4508,0,40,0
39,10,2,4,0,1,0,2415,99,1
59,4,0,13,1,1,0,0,40,0
19,10,4,11,3,0,0,0,38,0
40,10,2,6,0,1,0,0,40,1
63,6,2,4,0,1,0,0,50,0
46,10,0,11,4,0,0,0,40,0
22,6,4,6,4,1,0,0,40,0
36,12,4,9,1,1,0,1669,45,0
57,10,2,2,0,1,0,0,40,1
58,9,4,7,2,1,0,0,25,0
59,10,2,13,0,1,3103,0,35,1
36,9,2,2,0,1,0,0,45,0
29,14,2,3,0,1,0,0,45,0
49,13,0,9,4,1,6497,0,45,0
42,12,2,11,0,1,0,0,55,1
43,10,2,13,0,1,0,0,17,0
46,9,2,3,0,1,0,0,40,0
43,10,4,3,1,0,0,0,12,0
40,12,0,13,4,0,0,0,40,0
43,8,2,13,0,1,0,0,40,0
48,9,6,0,1,0,0,0,32,0
26,9,4,5,3,1,0,0,28,0
30,11,2,0,5,0,0,0,35,0
58,10,2,11,0,1,0,1887,40,1
43,9,0,4,1,1,0,0,40,0
53,9,2,7,0,1,0,0,40,0
74,10,5,11,1,1,0,0,16,0
45,13,2,9,0,1,0,0,40,1
32,3,4,6,3,0,0,0,10,0
38,10,2,11,5,0,0,0,40,1
42,13,2,11,0,1,0,0,40,1
24,10,4,10,4,1,1151,0,40,0
63,9,2,11,0,1,0,0,35,0
25,10,4,0,3,0,0,0,35,0
37,10,2,2,0,1,0,0,40,0
28,9,2,2,0,1,0,0,40,0
31,10,2,7,0,1,0,0,40,0
46,15,2,9,0,1,99999,0,50,1
44,13,0,11,4,1,0,0,44,1
42,14,4,9,1,0,0,0,40,1
45,16,5,3,4,1,0,0,40,1
52,13,0,11,1,1,0,0,60,0
40,13,2,3,0,1,0,0,40,1
26,9,4,11,3,1,0,0,40,0
17,6,4,7,3,0,0,0,14,0
27,10,2,7,0,1,0,0,40,0
71,10,2,3,0,1,20051,0,50,1
35,13,2,9,0,1,0,0,50,0
17,6,4,7,3,1,0,0,16,0
26,9,2,13,0,1,0,0,52,1
22,10,4,6,1,0,0,0,35,0
51,13,2,3,0,1,0,0,60,1
33,10,2,2,0,1,0,0,40,0
41,12,2,3,0,1,0,0,50,1
50,14,2,3,0,1,0,0,50,1
26,9,2,0,5,0,0,0,40,0
21,9,4,5,1,0,0,0,40,0
53,9,2,6,0,1,0,0,40,1
32,9,2,3,0,1,0,0,40,1
19,10,4,11,3,0,0,0,20,0
22,13,4,0,3,0,0,0,35,0
58,9,2,3,0,1,15024,0,60,1
47,13,3,3,1,1,0,0,60,1
51,10,2,3,0,1,0,0,45,1
42,13,2,3,0,1,0,0,48,1
28,13,4,3,3,1,0,0,40,0
29,9,2,0,5,0,0,0,35,0
50,9,2,3,0,1,0,0,50,1
22,10,4,7,1,0,0,0,30,0
47,10,0,7,1,0,0,0,45,0
60,10,6,11,4,0,0,0,27,0
46,9,2,11,3,0,7298,0,40,1
58,13,2,9,0,1,0,0,60,1
62,10,6,0,1,0,0,0,40,0
59,9,6,6,1,0,0,0,40,0
41,9,5,7,4,0,0,0,40,0
31,9,2,0,5,0,0,0,37,0
18,9,4,0,3,0,0,0,40,0
64,9,2,2,0,1,0,0,50,0
51,9,2,13,0,1,0,0,65,0
47,13,4,11,1,1,0,0,35,0
68,13,6,11,1,1,0,0,35,1
32,9,2,7,5,0,0,0,40,0
39,5,2,5,0,1,0,0,43,0
37,12,0,3,1,0,0,0,48,0
29,9,4,7,3,0,0,0,40,0
44,9,2,4,0,1,0,0,40,0
46,15,2,9,0,1,0,0,40,1
40,5,2,2,0,1,0,0,40,1
52,13,2,0,5,0,0,0,40,1
40,13,2,3,0,1,0,0,40,1
61,5,0,7,1,1,0,0,40,0
30,9,2,3,0,1,0,0,50,0
61,7,2,7,0,1,0,0,40,0
33,11,2,13,0,1,0,0,84,1
32,13,2,9,0,1,0,0,65,1
32,12,4,0,1,0,0,0,40,0
32,13,0,9,2,1,0,0,35,1
37,9,0,11,1,1,0,0,40,0
53,7,2,2,0,1,0,0,45,0
51,14,2,11,0,1,0,0,40,1
29,11,4,11,1,1,0,0,45,0
48,9,2,6,0,1,0,0,40,0
69,9,4,13,1,1,15831,0,40,1
28,14,4,12,1,0,0,0,40,0
55,13,6,9,1,0,0,0,40,1
45,11,2,2,0,1,15024,0,40,1
18,10,4,7,3,0,0,0,20,0
60,4,2,2,0,1,0,0,40,0
19,10,4,0,3,1,0,0,10,0
18,7,4,2,3,1,0,0,25,0
33,10,2,7,0,1,0,0,40,0
33,10,0,12,4,0,0,0,40,0
29,14,4,9,1,0,0,0,45,0
37,10,2,11,0,1,0,0,45,0
50,9,2,13,0,1,0,0,50,1
28,6,6,0,4,0,0,2238,35,0
23,10,4,7,3,0,0,0,35,0
47,4,2,2,0,1,0,0,40,0
21,10,4,12,3,1,0,0,35,0
19,10,4,7,3,0,0,0,12,0
47,13,2,9,5,0,0,0,50,1
36,14,2,9,0,1,0,0,40,1
62,13,2,4,0,1,0,2415,60,1
65,9,2,12,0,1,0,0,40,1
46,15,2,9,0,1,0,1902,45,1
35,7,4,2,3,1,6849,0,40,0
50,5,2,6,0,1,0,0,40,0
20,10,4,11,3,0,0,0,6,0
17,7,4,0,3,0,0,0,16,0
33,10,2,2,0,1,0,1740,40,0
53,13,2,9,0,1,0,0,50,0
47,13,2,11,0,1,0,0,40,1
62,14,2,11,0,1,0,0,35,0
35,9,0,7,1,1,0,0,40,0
27,13,4,0,1,0,0,0,43,0
23,9,4,12,3,1,0,0,50,0
27,14,4,9,1,0,0,1504,45,0
39,11,0,0,4,0,0,0,40,0
25,13,2,0,5,0,0,0,38,0
24,10,4,3,1,0,0,0,20,0
23,9,2,7,0,1,0,0,40,0
29,13,2,9,5,0,0,0,35,1
30,13,2,9,5,0,0,0,38,0
34,9,5,2,1,1,0,0,45,0
32,6,5,2,4,0,0,0,40,0
18,7,4,7,3,1,0,1602,23,0
20,11,4,11,1,0,0,0,35,0
38,13,2,9,0,1,0,0,45,1
18,8,4,7,3,0,0,0,20,0
41,5,2,2,0,1,0,0,40,0
21,11,4,7,1,0,0,0,50,0
36,9,2,10,0,1,0,0,48,1
61,10,0,7,1,0,0,0,30,0
30,10,2,6,0,1,0,0,48,0
26,10,2,0,0,1,0,0,40,1
27,13,2,12,5,0,0,0,40,1
45,9,2,6,0,1,0,0,45,1
47,9,0,0,1,0,0,0,38,0
19,10,4,0,3,0,0,0,10,0
29,9,4,0,1,0,0,0,55,0
51,9,2,3,0,1,0,0,70,1
34,12,2,9,0,1,0,0,60,0
42,9,2,11,0,1,3908,0,45,0
26,3,4,4,2,1,0,0,40,0
20,10,4,5,1,1,0,0,15,0
43,12,4,9,1,1,0,0,50,1
20,10,4,7,3,0,0,0,20,0
27,9,2,3,0,1,0,0,50,0
46,10,2,2,0,1,0,0,40,1
39,9,4,13,3,1,0,0,40,0
33,10,4,0,1,1,0,0,49,0
42,11,2,0,0,1,0,0,32,0
23,9,4,0,3,1,0,0,25,0
29,13,2,3,5,0,0,0,42,1
27,9,4,13,3,1,0,0,60,0
43,9,0,2,3,1,0,0,35,0
23,10,4,5,1,1,0,0,40,0
40,14,0,9,4,0,0,0,44,0
35,10,2,10,0,1,0,0,61,1
30,9,4,11,2,1,0,0,40,0
59,7,2,13,0,1,0,0,40,0
65,10,2,3,0,1,2290,0,40,0
28,14,2,9,0,1,0,0,60,0
79,13,2,11,0,1,0,0,40,0
43,14,2,9,5,0,0,0,35,1
54,4,2,6,0,1,0,0,40,0
27,9,2,5,0,1,0,0,62,0
30,13,2,9,0,1,15024,0,35,1
34,9,3,7,4,0,0,0,65,0
18,7,4,9,2,1,0,0,3,0
40,11,2,9,5,0,0,1977,15,1
28,5,2,11,0,1,4508,0,40,0
18,9,4,0,3,0,0,0,40,0
46,10,2,2,0,1,0,0,40,0
23,9,4,0,3,0,0,0,35,0
41,14,2,3,0,1,0,1848,40,1
48,10,0,3,1,1,0,0,50,1
29,13,4,9,1,1,0,0,50,0
41,7,0,5,4,0,0,0,40,0
41,5,5,7,1,1,0,0,40,0
34,12,2,9,0,1,0,0,55,0
49,12,0,11,1,1,0,0,50,0
49,9,5,11,4,1,0,0,50,0
30,9,4,5,1,1,0,0,40,0
28,13,4,11,1,1,0,0,40,0
62,13,2,3,0,1,0,0,40,0
41,10,2,9,0,1,0,0,52,0
20,10,4,2,1,1,0,0,40,0
61,1,3,7,1,1,0,0,40,0
30,13,4,12,1,1,0,0,60,0
29,15,4,9,1,0,0,0,55,0
50,14,0,11,1,0,0,1590,45,0
44,9,2,2,0,1,0,0,40,1
25,13,2,9,0,1,0,0,45,1
62,11,0,11,1,0,0,0,40,0
57,10,6,6,4,0,0,0,40,0
35,13,4,3,1,1,0,0,45,0
26,13,4,11,1,0,0,0,40,0
60,4,2,6,5,0,0,0,40,0
22,10,2,2,0,1,0,0,40,0
26,9,4,2,1,1,0,0,40,0
26,10,4,0,3,1,0,0,20,0
44,13,2,11,0,1,7688,0,40,1
32,13,4,3,1,1,0,0,40,0
66,13,2,11,0,1,0,0,50,0
24,1,4,6,3,0,0,0,30,0
19,10,4,7,3,1,0,0,25,0
54,13,2,3,0,1,0,0,50,1
37,9,4,6,1,1,0,0,40,0
38,13,2,3,0,1,0,0,50,1
34,10,2,11,0,1,0,0,25,0
35,9,0,2,3,1,0,0,15,0
42,14,2,9,0,1,0,0,40,0
47,13,2,3,5,0,0,0,40,1
29,13,0,9,1,0,0,0,80,0
34,9,4,12,1,1,0,0,40,0
38,13,2,9,0,1,0,0,70,1
62,9,0,3,1,1,0,0,40,0
35,9,2,2,0,1,0,0,40,0
37,9,2,0,5,0,0,0,40,0
47,9,2,4,0,1,0,0,40,0
37,10,2,2,0,1,0,0,40,0
22,11,4,8,1,0,0,0,30,0
60,7,2,13,0,1,0,0,40,1
31,10,2,2,0,1,0,0,40,0
63,9,2,2,0,1,0,0,40,0
30,7,2,6,0,1,0,0,40,0
40,15,2,9,0,1,15024,0,40,1
35,10,2,7,0,1,0,0,60,0
50,10,2,2,0,1,0,0,40,0
18,10,4,11,3,0,0,0,10,0
33,11,2,10,0,1,0,0,40,0
59,4,2,4,0,1,0,0,70,0
17,7,4,7,3,1,0,0,20,0
47,9,2,13,0,1,0,0,40,1
26,13,4,9,1,1,0,0,40,0
32,10,2,10,5,0,0,0,40,1
55,9,2,2,0,1,0,0,40,0
36,10,4,12,4,0,0,0,40,0
54,9,2,0,0,1,0,0,40,1
32,14,4,3,1,0,0,0,45,1
52,16,2,3,0,1,0,0,40,1
39,9,3,11,4,0,0,0,28,0
39,9,4,3,4,0,0,0,45,0
59,9,2,3,0,1,0,0,50,1
55,13,0,9,4,1,0,0,40,0
54,9,2,13,0,1,0,0,60,1
31,9,2,7,0,1,0,0,40,0
30,9,2,0,3,0,0,0,40,0
47,13,3,3,1,0,0,0,40,0
31,12,0,3,1,1,0,0,40,0
32,13,0,2,4,1,0,0,47,0
33,11,4,6,4,0,0,0,40,0
31,9,0,2,4,1,0,0,40,0
32,9,2,6,0,1,0,0,40,0
46,9,3,7,1,1,0,0,35,0
29,9,3,7,1,0,0,0,20,0
41,9,2,13,0,1,0,0,40,0
39,9,2,3,0,1,0,0,60,1
34,9,2,0,5,0,0,0,20,1
23,13,4,0,3,1,0,0,24,0
53,14,2,11,0,1,0,0,65,1
45,9,3,2,1,1,0,0,40,0
47,9,0,11,1,0,0,0,40,0
42,14,0,12,4,0,4687,0,35,1
53,10,2,6,0,1,3137,0,40,0
38,9,0,11,4,1,0,0,55,0
26,9,4,13,1,1,0,0,70,0
18,7,4,5,3,1,0,0,20,0
43,6,5,7,1,0,0,0,40,0
26,13,4,0,3,0,0,0,32,0
47,13,0,0,1,0,0,0,40,0
26,11,2,2,0,1,0,0,65,1
32,10,0,10,4,0,0,1726,38,0
48,16,2,9,0,1,7688,0,55,1
39,14,0,3,4,0,15020,0,60,1
58,13,2,9,0,1,0,0,40,0
55,4,4,7,2,0,0,0,60,0
40,9,4,4,1,1,0,0,55,0
33,9,0,2,4,1,0,0,40,0
74,16,3,9,1,1,0,0,25,1
49,9,6,4,1,1,0,0,55,0
56,7,6,7,4,0,0,0,65,1
29,13,4,9,1,0,14344,0,40,1
25,12,4,6,3,1,0,0,48,0
57,8,2,0,0,1,0,0,40,0
29,9,2,9,0,1,0,0,40,0
28,9,4,2,4,1,2354,0,40,0
59,9,2,2,0,1,0,0,40,1
30,13,4,3,1,1,27828,0,60,1
19,10,4,7,3,0,0,0,20,0
40,10,4,11,4,0,0,0,45,0
28,10,4,0,4,0,0,0,40,0
20,10,4,12,1,0,0,0,10,0
58,13,2,9,5,0,99999,0,35,1
19,10,4,3,3,1,0,0,30,0
24,13,4,9,1,0,0,0,30,0
31,9,2,6,0,1,0,0,45,0
28,9,0,2,1,1,0,0,35,0
41,9,2,2,0,1,0,0,45,0
23,10,4,11,1,0,0,0,35,0
46,9,2,6,0,1,0,0,43,1
33,8,4,2,3,1,0,0,40,0
34,10,2,7,0,1,0,0,50,0
47,13,0,9,1,1,0,0,50,0
81,9,2,3,0,1,0,2377,26,1
45,9,6,6,4,1,0,0,40,0
35,9,4,6,1,1,0,0,40,0
59,13,6,9,1,0,0,0,50,1
46,13,2,3,0,1,0,0,48,1
39,9,2,2,0,1,0,0,35,0
23,10,4,6,3,1,0,0,40,0
25,12,4,0,4,0,0,0,40,0
37,2,4,7,1,1,0,0,40,0
49,10,2,3,0,1,15024,0,50,1
25,9,2,11,0,1,0,0,48,0
32,13,2,11,0,1,0,0,60,1
34,10,4,2,1,1,0,0,40,0
40,13,2,3,0,1,0,0,40,1
33,9,0,0,4,0,0,0,40,0
31,13,2,12,0,1,0,0,43,1
61,10,0,7,1,1,0,0,25,0
22,9,2,2,0,1,0,0,40,0
29,11,2,2,0,1,0,0,40,0
37,9,5,2,2,1,0,0,40,0
35,7,0,6,4,0,0,0,40,0
52,14,2,3,0,1,15024,0,60,1
18,7,4,13,3,1,0,0,20,0
37,6,2,2,0,1,0,0,48,0
46,15,2,9,0,1,0,0,40,1
47,13,2,3,0,1,0,0,40,1
55,13,2,9,0,1,0,0,60,1
25,10,0,0,3,0,0,0,50,0
50,9,6,12,4,0,0,0,40,0
18,8,4,5,3,1,0,0,20,0
25,5,4,2,1,1,0,0,40,0
23,13,4,9,1,0,0,0,40,0
47,9,2,4,0,1,2829,0,65,0
37,9,4,2,4,1,0,0,40,0
37,10,0,0,4,0,25236,0,25,1
19,7,4,11,3,0,0,0,25,0
52,8,2,2,0,1,0,0,40,0
25,11,2,7,5,0,0,0,45,0
21,9,4,0,3,0,0,0,40,0
41,11,2,4,0,1,0,0,60,0
55,9,2,2,0,1,7688,0,40,1
24,10,2,12,0,1,0,0,40,0
41,13,2,9,0,1,0,0,38,1
23,10,4,11,3,0,0,0,35,0
33,9,2,3,5,0,0,0,40,0
29,13,4,3,1,0,0,0,45,1
50,10,3,0,4,0,0,0,40,0
48,11,2,2,0,1,7688,0,40,1
19,10,4,0,3,0,0,0,10,0
40,10,0,2,1,1,0,0,40,0
30,9,4,13,4,0,0,1669,70,0
65,7,2,7,0,1,0,0,20,0
44,13,2,3,0,1,0,0,48,0
32,13,0,11,1,1,0,0,45,0
41,10,2,11,0,1,0,0,65,1
28,4,2,9,0,1,0,0,55,0
44,11,2,10,0,1,7298,0,48,1
39,12,0,7,4,0,0,0,55,0
59,9,6,0,4,0,0,0,40,0
31,14,2,3,0,1,0,0,60,1
34,9,0,6,1,1,0,0,40,0
20,9,4,5,3,1,0,0,40,0
33,13,2,9,0,1,0,0,40,0
52,16,2,9,0,1,0,0,65,1
31,12,0,12,1,0,0,0,44,0
39,9,2,6,0,1,0,0,43,0
35,9,2,3,0,1,0,0,45,0
37,9,2,2,0,1,0,2129,40,0
44,15,2,9,0,1,0,0,32,1
28,12,4,11,1,1,0,0,65,0
17,7,4,11,3,0,0,0,15,0
23,13,4,11,3,0,0,0,60,0
35,9,2,13,0,1,15024,0,80,1
19,10,4,11,3,1,0,0,20,0
30,9,2,5,0,1,0,0,40,0
27,13,4,0,1,0,0,0,40,0
27,11,4,3,1,1,10520,0,65,1
37,9,2,3,0,1,4386,0,45,1
44,11,2,9,0,1,0,0,50,1
34,13,2,3,0,1,3103,0,55,1
43,9,5,6,1,0,0,0,40,0
41,9,0,13,1,1,0,0,40,0
34,9,4,2,1,1,0,0,50,0
23,10,4,0,1,1,0,0,45,0
51,9,2,0,5,0,0,0,20,0
24,12,4,3,3,1,0,0,40,0
38,9,2,11,5,0,0,0,24,1
24,9,2,13,0,1,0,0,40,0
53,16,2,9,0,1,0,0,40,1
33,10,2,3,0,1,0,0,56,1
24,9,4,2,3,1,0,0,40,0
45,14,2,3,0,1,0,0,40,1
31,7,0,4,1,1,0,0,50,0
38,10,6,13,1,0,0,0,47,0
28,13,2,3,5,0,0,0,50,1
38,11,2,2,0,1,0,0,50,1
25,13,4,3,1,1,0,0,50,0
29,10,4,7,1,1,0,0,40,0
29,9,4,9,1,0,0,0,50,0
48,9,2,13,0,1,0,0,50,1
24,11,4,0,3,0,0,0,40,0
31,9,4,7,1,0,0,0,30,0
36,10,0,3,1,1,0,0,45,0
62,13,2,9,0,1,0,0,50,1
25,13,4,11,3,0,0,0,40,0
55,9,0,0,4,0,0,0,40,0
21,10,4,11,2,0,0,0,40,0
60,5,2,4,0,1,0,0,45,0
41,12,0,2,3,1,0,0,40,0
43,9,2,2,0,1,0,0,40,0
30,9,2,6,0,1,0,0,40,1
47,10,2,9,0,1,0,0,40,0
50,9,2,6,0,1,0,0,40,0
41,9,2,11,0,1,0,1887,55,1
23,9,4,2,1,1,0,0,40,0
30,12,4,11,1,1,0,0,40,0
35,9,0,12,4,0,0,0,40,0
25,10,0,9,4,0,0,0,35,0
61,15,2,3,0,1,0,0,20,0
35,9,0,9,4,0,0,0,40,0
35,9,0,9,4,0,0,0,40,0
38,9,2,10,0,1,0,0,40,0
27,11,4,2,3,1,0,0,40,0
51,2,6,7,4,0,0,0,35,0
55,12,0,11,1,0,0,0,40,0
45,13,2,11,0,1,0,2002,55,0
33,11,2,0,5,0,0,0,40,0
25,10,4,12,1,1,0,0,40,0
52,16,2,3,0,1,0,0,38,1
46,10,0,6,3,0,0,0,17,0
34,10,2,11,5,0,4386,0,20,0
52,13,2,9,0,1,0,0,40,0
47,10,0,7,4,0,0,0,40,0
46,13,0,9,1,0,0,0,40,0
36,10,2,11,0,1,0,0,60,1
34,10,2,3,5,0,7298,0,40,1
36,9,4,2,1,1,0,0,65,0
31,9,4,0,1,1,2174,0,40,0
31,9,2,7,5,0,0,2415,40,1
38,13,2,2,0,1,0,1740,40,0
57,10,0,3,4,0,0,0,35,0
24,12,4,11,3,1,0,0,20,0
37,9,0,4,4,1,0,0,45,0
69,10,2,2,0,1,9386,0,72,1
39,14,2,9,0,1,0,0,40,1
38,11,0,2,4,1,0,0,40,0
34,9,4,5,1,1,0,0,40,0
21,9,4,11,3,0,0,0,40,0
21,10,4,7,1,0,0,0,20,0
61,9,2,13,0,1,0,0,40,0
35,9,2,0,0,1,0,0,45,0
29,10,4,11,1,1,0,0,55,0
41,9,0,3,3,1,0,0,45,0
52,14,0,9,1,0,0,0,40,1
38,8,4,7,4,0,0,0,17,0
51,9,2,4,0,1,0,0,50,0
55,9,2,7,2,1,0,0,40,0
20,10,4,6,3,0,0,0,40,0
23,10,4,3,1,1,0,0,40,0
24,12,2,2,0,1,0,0,40,0
48,13,0,3,2,1,0,0,40,0
22,9,4,7,1,0,0,0,40,0
22,10,4,7,3,0,0,0,15,0
28,10,4,0,4,0,0,0,40,0
28,14,2,11,0,1,0,0,45,1
34,13,2,3,0,1,5178,0,55,1
25,9,4,0,1,1,0,0,40,0
48,9,0,2,1,1,0,0,50,0
32,9,2,10,0,1,0,0,43,0
31,5,4,2,3,1,0,0,35,0
56,10,0,0,1,0,0,0,35,0
22,11,4,4,1,1,0,0,75,0
27,13,4,12,2,1,0,0,50,0
27,9,4,0,1,0,0,0,40,0
30,14,2,9,0,1,0,0,45,0
33,10,4,11,1,0,0,0,40,0
50,13,2,9,0,1,0,0,43,1
19,10,4,11,3,0,0,0,22,0
42,9,2,11,0,1,4064,0,40,0
37,9,2,0,0,1,0,0,40,0
26,9,4,0,3,1,0,0,40,0
43,10,5,9,4,0,0,0,40,0
47,9,0,0,4,0,0,0,40,0
26,13,2,0,5,0,0,0,40,1
24,10,4,0,1,0,0,0,40,0
34,7,0,7,1,0,0,0,70,0
33,9,2,13,0,1,0,0,45,0
35,14,4,9,1,0,0,0,40,1
57,9,2,2,0,1,0,0,50,1
45,9,2,0,0,1,0,0,7,0
42,10,5,6,4,0,0,0,40,0
25,13,4,3,3,1,0,0,35,0
56,9,2,3,0,1,0,0,40,1
25,9,4,2,3,1,0,0,40,0
23,13,4,6,3,1,0,0,50,0
35,10,2,10,0,1,0,0,50,0
28,5,4,7,2,1,0,0,52,0
41,12,2,2,0,1,0,0,60,1
26,9,4,2,1,1,0,0,40,0
37,9,0,7,1,0,0,0,30,0
22,9,4,7,4,1,0,0,20,0
30,13,0,7,1,1,0,0,40,0
42,13,5,12,1,1,0,0,40,0
38,11,0,7,1,0,0,0,30,0
27,13,2,11,0,1,0,0,60,1
43,9,2,0,5,0,0,0,40,1
41,9,2,2,0,1,0,1485,40,0
25,9,4,0,1,1,0,0,40,0
23,13,4,7,3,1,0,0,40,0
68,13,2,9,0,1,0,0,40,1
17,6,4,7,3,1,0,0,25,0
45,13,4,3,1,0,0,0,40,0
45,11,0,3,1,1,0,0,40,1
30,10,2,11,0,1,0,0,40,1
49,10,0,9,1,0,0,0,20,0
42,10,2,2,0,1,3103,0,45,1
29,9,4,7,2,0,0,0,40,0
21,10,4,7,1,0,0,2001,40,0
20,10,4,7,3,0,0,0,19,0
59,7,0,7,1,0,0,0,35,0
26,6,2,2,0,1,0,0,55,0
25,14,4,7,1,0,0,0,37,0
33,9,2,13,0,1,0,0,55,1
35,9,0,7,4,0,0,0,40,0
45,9,2,2,0,1,0,0,40,1
66,10,2,11,0,1,0,0,28,0
33,12,4,11,1,1,0,0,36,0
38,9,2,13,0,1,0,0,40,0
72,9,2,11,0,1,0,0,12,0
21,10,4,0,3,0,0,0,12,0
39,10,2,4,0,1,0,0,60,0
41,9,2,2,0,1,0,1887,40,1
22,10,4,9,1,1,0,0,12,0
49,10,2,3,0,1,15024,0,50,1
24,13,4,0,1,1,0,0,32,0
25,7,2,6,0,1,0,0,40,0
26,10,2,0,0,1,0,0,40,0
50,9,0,2,1,1,0,0,40,0
23,9,4,7,1,0,0,0,40,0
41,6,0,11,1,1,0,0,48,0
60,9,0,10,1,1,0,0,40,0
77,13,2,0,0,1,3818,0,14,0
62,10,0,7,1,0,0,0,60,0
22,10,4,2,3,1,0,0,35,0
37,10,0,0,1,0,0,0,40,0
17,7,4,5,3,1,0,0,10,0
52,14,4,0,1,0,0,0,40,1
31,9,4,2,1,1,0,0,35,0
23,13,4,9,1,1,0,0,40,0
27,9,4,2,2,1,0,0,50,0
38,10,2,3,5,0,0,0,45,0
23,6,4,7,1,0,0,0,40,0
22,10,4,0,4,0,0,0,40,0
61,9,2,4,0,1,0,0,40,0
55,3,2,6,0,1,0,0,40,0
23,10,4,7,3,0,4650,0,40,0
39,3,3,7,4,0,0,0,40,0
38,16,2,3,0,1,0,1887,50,1
25,10,4,0,3,0,0,0,40,0
25,13,4,11,4,1,0,0,44,0
66,10,2,11,0,1,0,0,24,0
30,10,2,0,5,0,0,0,40,0
32,9,4,4,3,1,0,0,40,0
43,10,2,11,0,1,0,0,40,1
18,4,4,11,3,1,0,0,30,0
20,7,4,2,1,1,0,0,60,0
20,9,4,13,2,1,0,0,45,0
34,14,0,3,4,0,0,0,40,0
33,12,3,6,4,1,0,0,40,0
40,9,2,11,0,1,0,0,60,0
33,9,2,11,0,1,0,0,60,1
30,9,4,6,1,1,0,1741,42,0
41,1,4,5,3,0,0,0,30,0
20,10,4,0,3,0,0,0,12,0
40,13,2,11,0,1,0,0,50,1
44,13,0,3,1,1,0,0,40,0
50,3,2,6,5,0,0,0,35,0
30,9,2,5,2,1,0,0,25,0
45,10,0,11,1,1,4650,0,40,0
25,13,4,9,3,0,0,0,40,0
25,10,2,6,0,1,0,0,40,0
55,9,2,4,0,1,0,0,40,1
26,10,4,7,1,0,0,0,30,0
22,10,4,6,1,1,0,0,40,0
41,9,0,2,1,1,0,0,40,0
21,11,4,10,1,1,0,0,40,0
39,9,2,6,0,1,0,0,40,0
18,7,4,11,3,1,0,0,15,0
60,7,0,10,1,1,0,0,40,0
22,10,4,5,3,1,0,0,20,0
39,10,4,10,1,0,0,0,40,1
34,9,2,0,0,1,0,0,40,0
53,10,0,0,1,0,0,0,40,0
27,9,4,11,3,1,0,0,60,0
37,10,2,5,0,1,0,0,50,0
25,9,2,7,0,1,0,0,50,0
33,10,2,13,0,1,0,0,60,0
34,13,2,9,0,1,0,0,55,0
35,11,4,7,1,0,0,0,65,0
51,10,2,3,0,1,0,0,45,1
33,6,2,4,0,1,0,0,40,0
57,9,2,4,0,1,0,0,60,1
56,4,2,5,0,1,0,0,40,0
34,13,0,3,1,1,0,0,85,1
36,13,4,9,1,1,0,0,40,0
46,9,2,2,0,1,0,0,40,1
55,9,2,4,0,1,0,0,45,1
88,15,2,3,0,1,0,0,40,0
60,10,2,3,0,1,0,0,35,0
40,14,5,3,4,0,0,0,20,0
21,10,4,11,3,0,0,0,55,0
46,9,2,6,5,0,0,0,36,0
56,16,2,9,0,1,0,0,50,0
36,9,0,13,1,1,0,0,60,0
67,10,2,11,0,1,0,0,40,0
35,10,2,2,0,1,0,0,60,0
20,10,4,4,1,0,0,0,40,0
34,9,2,2,0,1,0,1573,40,0
23,9,4,2,3,1,0,0,40,0
19,10,4,4,1,0,0,0,15,0
25,10,4,5,3,1,0,0,40,0
53,9,2,2,0,1,0,0,40,0
31,9,2,4,0,1,0,0,91,0
33,4,2,5,0,1,0,0,40,0
33,10,0,7,1,1,0,0,40,0
45,15,0,9,4,1,25236,0,36,1
35,10,0,7,4,0,0,0,40,0
36,7,2,13,0,1,0,0,40,0
36,9,2,6,0,1,0,0,85,0
51,9,2,3,0,1,0,0,30,0
45,15,0,9,4,1,25236,0,36,1
24,3,4,6,2,1,0,0,40,0
28,11,4,12,3,0,2174,0,36,0
63,7,2,11,0,1,0,0,22,0
35,9,2,2,0,1,0,0,60,1
25,13,2,3,5,0,0,0,40,0
36,11,2,3,5,0,7298,0,55,1
44,9,4,7,1,1,0,0,30,0
49,9,0,4,1,0,0,0,28,0
52,2,2,4,0,1,0,0,40,0
27,13,4,5,1,1,0,0,40,0
35,10,4,0,4,1,0,0,40,0
51,13,2,9,0,1,0,0,50,1
49,4,2,2,0,1,0,0,40,0
35,13,2,11,0,1,7298,0,40,1
28,10,0,3,1,0,0,0,40,0
37,10,0,2,1,1,0,0,50,0
65,13,0,0,1,0,0,0,40,0
24,13,4,7,3,0,0,0,40,0
30,12,4,9,1,0,0,0,40,0
38,9,2,2,0,1,0,0,65,0
58,9,2,11,0,1,0,0,55,1
57,14,2,3,0,1,0,1977,40,1
40,13,2,3,5,0,0,0,45,1
42,10,0,0,1,0,0,0,40,0
31,9,2,3,0,1,0,0,40,1
17,8,4,5,3,1,0,0,20,0
42,10,0,6,1,0,0,0,40,0
25,14,4,9,1,0,0,0,40,0
40,10,2,9,0,1,7298,0,40,1
29,14,4,3,1,0,0,0,45,0
31,13,2,9,0,1,0,0,40,1
71,14,6,3,1,1,2050,0,20,0
34,13,4,0,3,0,0,0,40,0
25,9,2,0,2,1,0,0,40,0
40,9,2,7,0,1,0,0,30,0
67,10,6,0,1,0,0,0,25,0
40,9,2,2,0,1,0,0,40,1
18,9,4,11,3,0,0,0,18,0
38,13,2,9,0,1,7298,0,50,1
38,7,2,2,0,1,0,0,40,0
42,9,2,7,0,1,0,0,40,0
36,9,5,7,3,0,0,0,32,0
23,2,2,11,2,1,0,0,40,0
56,9,2,13,0,1,0,0,40,0
36,10,2,3,0,1,0,0,52,1
22,10,4,2,4,1,0,0,40,0
39,8,0,0,4,0,0,0,40,0
36,15,0,9,3,0,0,0,40,0
44,10,2,2,0,1,0,0,56,1
38,7,0,6,4,0,0,0,52,0
37,6,2,13,0,1,0,0,55,0
57,9,0,0,1,0,0,0,16,0
54,8,2,2,0,1,0,0,40,0
18,10,4,4,3,1,0,0,30,0
63,4,2,2,0,1,0,0,40,0
38,9,2,7,5,0,0,0,20,0
26,7,2,7,2,1,0,0,25,0
40,7,0,7,2,0,0,0,20,0
20,9,4,6,1,1,0,0,40,0
39,6,2,6,0,1,2635,0,40,0
28,9,4,5,1,1,0,0,42,0
30,10,2,9,5,0,0,0,5,1
42,9,0,6,4,0,0,0,40,0
42,9,0,13,1,1,0,0,50,0
21,9,4,6,1,0,0,0,40,0
40,10,0,2,4,1,0,0,40,0
36,7,4,6,4,0,0,0,40,0
67,10,0,0,1,1,7978,0,35,0
65,10,0,0,1,0,0,0,40,0
50,13,0,9,4,0,0,0,50,0
18,6,4,4,3,1,0,0,27,0
31,9,4,7,1,0,0,0,38,0
36,10,2,3,0,1,0,0,50,1
20,9,4,0,3,0,0,0,40,0
34,9,2,13,0,1,0,0,40,0
24,9,2,7,0,1,0,0,39,0
38,9,0,9,4,0,0,0,40,0
17,6,4,0,3,0,0,0,20,0
52,9,2,0,5,0,0,0,30,0
34,14,4,9,1,0,0,0,40,1
49,15,2,9,0,1,0,0,48,0
45,5,4,7,1,0,0,0,15,0
46,13,2,0,0,1,0,2415,35,1
34,13,2,11,0,1,0,0,50,1
21,8,2,0,5,0,4508,0,30,0
17,7,4,7,3,0,0,0,30,0
23,10,4,7,3,1,0,0,40,0
32,10,2,5,0,1,0,0,40,0
22,10,4,2,1,1,0,0,40,0
48,9,2,0,0,1,0,0,35,1
27,13,4,9,4,1,0,0,50,0
43,14,4,0,1,1,0,0,40,0
44,9,2,7,5,0,0,0,50,0
55,10,2,3,0,1,0,0,60,1
31,9,4,6,1,1,0,0,40,0
34,9,4,2,1,1,0,0,48,0
34,9,0,4,1,1,0,0,40,0
37,13,0,7,1,1,0,0,40,0
21,10,4,9,3,1,0,0,10,0
35,11,2,0,0,1,0,0,40,0
28,10,0,7,1,0,0,0,30,0
62,9,0,6,1,0,2174,0,40,0
40,10,2,4,0,1,0,0,40,0
34,13,4,6,1,0,0,0,39,0
32,14,4,9,1,0,0,1590,40,0
70,10,6,11,1,0,0,0,34,0
23,9,2,7,0,1,0,0,50,0
30,9,4,2,3,1,0,0,48,0
57,9,2,2,0,1,0,0,40,0
34,15,2,9,0,1,0,0,35,1
24,6,2,7,0,1,0,0,40,0
41,13,2,9,0,1,0,0,35,1
38,4,2,11,0,1,0,0,40,0
48,12,0,0,1,0,0,0,40,0
43,13,2,6,0,1,0,0,40,0
18,10,4,7,1,0,0,0,40,0
35,13,2,3,0,1,0,0,40,1
42,9,0,6,4,1,0,0,48,0
30,10,0,7,4,0,0,0,35,0
42,13,2,12,0,1,0,0,45,1
48,10,0,5,2,1,0,0,40,0
70,9,0,7,1,0,0,0,28,0
37,5,0,2,3,1,0,0,35,0
51,11,5,9,4,0,0,0,40,0
35,9,2,5,0,1,0,0,40,0
59,13,2,9,0,1,99999,0,43,1
57,13,2,3,0,1,0,0,50,1
26,9,4,2,3,1,0,0,20,0
26,3,5,2,1,1,0,0,35,0
19,9,4,5,3,1,0,0,35,0
34,9,0,6,4,0,0,0,40,0
56,13,4,3,1,0,8614,0,55,1
25,13,4,0,3,0,0,0,40,0
46,15,2,9,0,1,0,2415,80,1
22,9,2,7,0,1,0,0,20,0
72,10,2,11,0,1,0,0,40,0
36,9,2,2,0,1,0,0,40,0
28,9,2,3,5,0,0,0,45,1
37,9,2,9,0,1,0,0,40,0
42,13,2,3,0,1,0,0,50,1
44,10,2,6,0,1,0,0,44,0
33,10,2,9,5,0,7298,0,21,1
53,16,2,9,0,1,0,0,40,0
28,10,4,3,1,1,0,0,50,0
69,13,2,5,0,1,0,0,20,0
20,10,4,7,3,1,0,0,27,0
33,10,4,11,1,1,0,0,50,0
47,9,2,7,0,1,0,0,60,1
50,9,2,2,0,1,0,1977,35,1
22,10,4,9,1,1,0,0,45,0
20,9,4,2,3,1,0,0,40,0
42,13,4,9,1,1,0,0,50,0
23,9,4,12,2,1,0,0,40,0
32,10,0,3,1,0,0,0,45,0
41,13,6,11,4,1,0,0,50,0
35,9,2,2,0,1,0,0,40,0
40,14,2,3,0,1,0,0,50,1
25,10,4,6,3,1,0,0,40,0
34,16,2,12,0,1,0,0,20,0
23,11,4,13,3,1,0,0,40,0
30,14,2,9,0,1,0,0,40,1
55,14,6,9,4,0,0,0,45,0
26,14,4,9,1,0,0,1669,40,0
39,14,4,9,1,1,0,0,60,0
52,9,2,13,0,1,0,0,40,1
42,10,5,3,1,1,0,0,60,0
25,13,4,11,1,1,3325,0,48,0
27,13,4,11,3,1,0,0,35,0
30,4,4,2,3,1,0,0,40,0
23,13,4,9,1,1,10520,0,40,1
47,13,2,11,0,1,0,1887,40,1
18,9,4,7,3,0,0,0,20,0
52,10,0,0,4,0,0,0,35,0
24,9,4,11,1,0,0,0,48,0
58,9,2,11,0,1,0,0,55,1
35,9,4,0,1,1,0,0,40,0
31,11,4,4,3,1,0,0,40,0
46,10,2,2,0,1,3103,0,60,1
43,14,2,9,0,1,5178,0,40,1
21,9,4,7,2,0,0,0,35,0
52,10,2,3,0,1,0,1740,60,0
24,13,4,11,3,0,0,0,35,0
22,9,4,6,1,0,0,0,48,0
39,10,2,0,0,1,0,0,25,0
34,9,2,13,0,1,0,0,40,0
58,13,2,9,0,1,0,0,40,1
26,13,4,0,3,1,0,0,25,0
29,9,2,5,0,1,0,0,40,0
28,12,2,0,5,0,0,0,35,0
62,10,2,6,0,1,0,0,40,0
54,3,2,13,0,1,0,0,40,1
36,10,2,3,0,1,0,0,65,0
18,8,4,5,3,1,0,0,18,0
25,11,2,2,0,1,0,0,40,0
48,10,4,2,1,0,0,0,40,0
30,15,4,12,3,0,0,0,24,0
41,9,0,3,4,0,0,0,40,0
59,9,0,12,4,1,0,0,60,1
36,7,2,2,0,1,0,0,40,0
30,9,0,11,4,0,0,0,54,0
27,9,4,5,3,1,0,0,40,0
30,13,4,7,1,1,0,0,15,0
47,11,0,11,4,0,0,0,25,0
39,9,2,11,0,1,0,0,40,1
31,9,2,0,0,1,0,0,40,0
44,12,0,0,4,0,0,0,40,0
37,9,4,7,1,0,0,0,40,0
28,10,2,2,0,1,0,0,63,0
38,9,2,2,0,1,0,0,40,0
26,9,0,6,1,0,0,0,40,0
44,10,2,3,0,1,0,0,40,1
40,10,2,11,0,1,4386,0,50,0
53,9,2,7,5,0,0,0,28,1
31,10,2,3,3,1,0,0,50,0
18,9,4,0,3,0,0,0,40,0
43,9,2,4,0,1,0,0,45,0
30,9,4,2,3,1,0,0,35,0
19,9,4,0,3,0,0,0,40,0
36,9,2,2,0,1,0,0,40,0
25,14,4,9,3,0,0,0,60,0
36,7,2,2,0,1,0,0,60,0
22,10,4,7,4,0,0,0,50,0
42,13,2,9,0,1,0,0,40,0
33,10,4,12,1,0,0,0,40,0
38,9,4,2,1,1,0,0,40,0
33,9,2,7,0,1,0,0,40,0
52,9,0,2,1,1,0,0,40,0
30,10,4,11,3,1,0,0,30,0
18,10,4,0,3,1,0,0,10,0
17,6,4,7,2,1,0,0,40,0
48,10,4,0,1,0,0,0,40,0
46,10,0,12,1,0,0,0,40,0
55,9,0,3,1,1,0,0,60,1
28,13,4,11,1,0,0,0,40,0
33,9,0,7,4,0,0,0,40,0
44,9,2,11,0,1,0,0,24,0
43,9,0,3,4,0,0,0,40,0
42,10,4,3,1,0,0,0,40,0
39,11,0,3,4,0,0,0,40,0
23,6,4,5,4,1,0,0,50,0
20,10,4,7,3,0,0,0,20,0
29,10,0,2,4,1,0,0,35,1
54,10,2,11,0,1,0,0,65,0
34,11,4,0,1,0,0,0,40,0
30,13,2,11,0,1,0,0,40,1
59,7,2,11,0,1,0,0,60,0
40,4,0,4,4,0,0,0,40,0
37,9,5,2,3,1,0,0,40,0
45,9,2,2,0,1,0,0,40,0
55,14,2,9,0,1,7298,0,40,1
49,10,2,10,0,1,0,0,44,1
49,12,0,3,1,1,0,0,25,0
30,9,2,0,0,1,0,0,40,1
56,10,0,0,1,0,0,0,40,0
29,10,4,9,1,0,0,0,40,0
33,9,2,2,0,1,0,0,40,0
25,10,4,11,3,1,0,0,42,0
28,11,2,12,0,1,0,0,70,1
23,9,4,6,1,1,0,0,40,0
39,9,2,4,5,0,0,0,50,0
37,13,2,12,0,1,0,0,40,1
39,14,4,9,1,0,0,0,40,1
32,13,2,0,0,1,0,0,35,1
26,13,4,3,1,0,0,0,45,0
57,10,0,0,3,1,0,0,40,0
36,5,2,11,3,1,0,0,50,1
30,13,2,11,0,1,0,0,50,1
27,9,2,2,0,1,0,0,50,0
21,10,4,2,1,1,0,0,55,0
22,9,2,6,0,1,0,0,40,0
43,9,2,2,0,1,0,0,40,0
20,10,4,0,3,1,0,0,40,0
30,9,2,3,0,1,0,0,65,1
57,14,2,12,0,1,0,0,40,1
42,11,5,9,4,0,0,0,40,0
29,11,0,7,4,0,0,0,45,0
44,9,2,10,0,1,0,0,52,1
28,12,0,3,1,0,0,0,43,0
42,9,2,5,0,1,0,0,40,1
26,13,4,7,3,1,0,0,40,0
29,10,0,9,3,0,0,0,36,0
42,13,0,0,4,1,0,0,30,0
30,9,2,13,0,1,0,0,50,0
21,10,4,7,3,0,0,0,10,0
59,9,2,3,0,1,0,0,30,1
56,9,0,13,1,1,0,0,40,0
39,1,4,7,1,0,0,0,12,0
21,10,4,0,3,1,0,0,50,0
48,13,3,9,1,1,0,0,37,1
35,9,2,10,0,1,0,0,40,0
43,13,5,3,4,1,0,0,60,1
23,11,4,7,3,0,0,0,15,0
41,13,2,3,0,1,0,0,40,1
35,14,2,0,0,1,0,0,50,0
22,10,4,11,3,1,0,0,35,0
53,9,0,0,1,0,0,0,40,0
42,10,4,6,1,0,0,0,40,0
36,9,5,0,4,0,0,0,40,0
44,13,2,9,0,1,0,0,50,0
27,13,2,0,5,0,0,0,40,1
39,9,2,3,0,1,0,0,40,0
59,5,2,6,0,1,0,0,40,0
34,10,4,7,1,1,0,0,48,0
17,8,4,11,3,0,0,0,23,0
31,9,2,2,0,1,0,0,40,0
59,10,2,3,0,1,0,0,12,0
39,10,3,0,4,0,0,0,40,0
46,13,2,9,0,1,0,0,40,1
31,9,3,7,1,0,0,0,80,0
27,13,4,11,1,1,0,1504,45,0
18,7,4,5,3,1,0,0,12,0
46,10,2,3,0,1,0,0,60,1
55,13,2,0,0,1,0,0,40,1
48,13,0,5,1,1,0,0,43,0
53,9,2,11,5,0,0,0,26,0
44,13,2,3,0,1,0,0,48,1
43,10,2,13,0,1,0,0,50,0
50,9,5,0,2,0,0,0,40,0
56,4,0,6,1,0,0,0,20,0
27,9,2,6,0,1,0,0,40,0
20,9,4,0,3,0,0,0,40,0
18,6,4,10,3,0,0,0,6,0
34,9,2,2,0,1,0,1848,50,1
38,10,0,0,4,0,0,0,40,0
40,13,2,2,0,1,0,0,15,0
55,10,0,10,1,1,0,0,40,0
35,9,2,2,5,0,0,0,40,1
26,9,4,6,3,1,0,0,40,0
54,13,2,3,0,1,0,0,40,1
22,9,4,0,3,1,0,0,40,0
52,9,0,0,4,0,0,0,40,0
33,6,5,5,1,1,0,0,40,0
42,14,2,9,0,1,0,0,40,1
19,9,4,4,3,1,0,0,10,0
45,10,0,2,4,1,0,0,99,0
53,9,2,2,0,1,3103,0,72,0
46,9,0,0,4,0,0,1590,43,0
25,10,2,2,0,1,0,0,40,0
90,13,4,9,1,1,0,0,40,0
33,9,4,11,3,0,0,0,40,0
45,10,0,10,1,1,0,0,70,0
47,9,2,11,0,1,0,0,40,1
38,14,4,9,1,1,0,0,43,0
37,9,2,4,0,1,0,0,30,0
53,14,2,3,0,1,0,0,70,1
56,13,2,9,0,1,0,0,40,1
18,7,4,5,3,1,0,0,15,0
50,10,0,12,1,0,0,0,36,0
26,13,4,0,1,1,0,0,20,0
36,10,4,12,1,0,0,0,40,0
37,7,0,5,1,0,0,0,40,0
32,13,4,3,1,0,0,0,40,0
38,12,2,11,0,1,0,0,60,0
62,9,0,7,1,0,0,0,84,0
46,9,2,2,0,1,0,0,40,0
41,9,4,6,1,1,2174,0,41,0
37,9,2,4,0,1,0,0,15,0
38,12,2,0,0,1,0,0,40,0
35,8,4,11,1,0,0,0,40,0
34,13,4,3,3,0,0,0,40,0
50,9,2,5,0,1,0,0,40,0
28,10,2,0,5,0,7298,0,32,1
67,13,0,0,4,0,6360,0,35,0
34,10,2,3,0,1,0,0,30,0
19,10,4,11,3,0,0,0,25,0
23,9,4,0,3,1,0,0,30,0
50,9,2,6,0,1,0,0,45,1
45,14,2,3,0,1,7688,0,50,1
17,8,4,7,3,1,0,0,16,0
25,9,4,0,1,0,0,0,48,0
21,10,4,9,1,0,0,0,40,0
50,15,2,9,0,1,0,0,50,1
17,6,4,11,3,0,0,0,20,0
63,9,6,0,1,0,0,0,40,0
31,14,4,9,1,1,0,0,43,0
45,9,0,13,1,1,0,0,40,0
25,9,4,6,3,1,0,0,40,0
20,8,4,4,3,1,0,0,40,0
42,16,2,9,0,1,0,0,40,0
56,10,2,2,0,1,0,0,40,1
47,9,4,4,4,0,0,0,46,0
69,9,0,7,1,0,0,0,32,0
42,13,2,9,5,0,0,0,55,0
19,9,4,5,2,0,0,0,60,0
56,10,2,4,0,1,0,0,50,0
33,13,2,0,0,1,0,1902,50,1
61,14,6,9,4,0,0,0,40,0
38,9,0,7,1,0,0,0,35,0
50,9,2,2,0,1,99999,0,50,1
39,10,0,3,1,1,0,0,50,1
35,9,2,13,0,1,0,0,50,0
27,10,0,0,4,0,0,0,44,0
40,10,2,4,0,1,0,0,40,1
59,16,2,9,0,1,0,0,40,1
42,9,2,12,0,1,0,0,30,1
59,10,5,0,4,1,0,0,40,0
54,16,2,9,0,1,0,0,60,1
38,10,2,3,0,1,0,1902,50,1
53,13,2,11,0,1,0,0,30,0
20,10,4,3,3,0,0,0,30,0
54,10,2,3,0,1,0,0,40,1
41,14,4,3,1,1,0,0,45,1
33,9,0,12,1,0,0,0,55,0
35,9,6,3,4,0,0,0,30,0
22,9,4,5,3,1,0,0,50,0
45,13,2,4,0,1,0,1485,70,1
29,14,4,9,1,1,0,0,40,0
56,14,0,11,4,0,0,2339,60,0
23,13,4,9,1,0,0,0,25,0
30,9,4,7,1,0,0,0,35,0
17,7,4,8,3,0,0,0,25,0
35,10,5,0,4,0,0,0,40,0
25,2,4,8,1,0,0,0,40,0
42,11,2,10,0,1,0,0,40,1
42,9,4,7,2,1,0,0,40,0
19,9,4,5,3,1,0,0,30,0
32,12,4,0,1,0,0,0,45,0
44,10,0,0,4,0,0,0,40,0
53,10,2,2,0,1,0,0,36,1
47,13,6,3,4,0,0,0,60,0
24,10,4,5,3,1,0,0,40,0
30,10,2,9,5,0,0,0,40,1
42,9,5,11,4,0,0,0,45,0
19,9,4,7,3,0,0,0,40,0
37,7,4,4,3,1,0,0,37,0
26,6,2,4,0,1,0,0,99,0
25,9,4,4,3,1,0,1719,16,0
52,10,2,11,0,1,0,0,40,0
50,9,2,13,0,1,0,0,40,0
32,9,3,5,2,1,0,0,40,0
37,9,2,13,0,1,0,0,40,0
42,14,4,9,1,0,0,1741,35,0
47,9,2,2,0,1,0,0,40,0
47,10,2,5,0,1,0,0,40,0
28,13,2,3,5,0,0,0,40,1
27,13,2,3,5,0,0,0,40,0
61,9,2,13,0,1,0,0,40,0
47,3,2,5,0,1,0,0,40,0
30,12,4,6,4,0,0,0,40,0
54,9,2,6,5,0,0,0,40,1
56,15,2,0,0,1,0,0,40,1
69,10,6,0,1,0,0,0,24,0
30,9,2,13,0,1,0,0,40,1
36,10,2,2,0,1,0,0,40,1
42,7,2,4,0,1,0,0,60,0
45,13,2,9,0,1,0,0,45,1
39,13,2,9,5,0,7688,0,20,1
26,7,0,0,3,0,0,0,40,0
28,13,2,10,0,1,0,0,42,1
31,14,2,11,0,1,0,0,40,1
32,3,5,4,2,1,0,0,60,0
51,9,4,3,2,0,0,0,40,0
29,9,2,11,0,1,0,0,60,0
38,14,4,9,1,0,0,2258,60,0
64,10,6,3,1,0,0,0,10,0
26,10,4,10,3,1,0,0,40,0
68,3,3,11,1,1,0,0,22,0
32,9,2,2,0,1,0,0,48,0
29,10,4,11,3,0,0,0,40,0
21,9,4,6,3,1,0,0,40,0
26,9,4,6,1,1,0,0,40,0
52,9,2,6,0,1,2105,0,40,0
31,9,2,2,0,1,0,0,55,0
29,9,4,10,4,1,0,0,45,0
19,10,4,7,3,0,0,0,27,0
51,9,2,6,5,0,0,0,40,0
45,5,5,7,4,0,0,0,40,0
20,9,2,11,3,1,0,0,32,0
40,10,4,5,1,1,0,0,48,0
43,16,2,9,0,1,99999,0,55,1
52,10,2,13,0,1,0,0,40,0
46,10,0,0,1,0,0,0,24,0
24,9,2,6,0,1,0,0,40,0
20,5,4,13,1,1,0,0,50,0
38,13,2,3,0,1,0,0,60,0
44,13,4,9,1,0,0,0,45,0
24,13,4,0,1,0,0,0,40,0
32,15,2,9,0,1,0,0,75,1
49,4,4,7,2,1,0,0,35,0
36,14,4,9,1,0,0,0,40,0
31,9,5,0,1,1,0,0,45,0
46,10,0,3,1,0,0,0,40,0
46,10,2,10,0,1,0,0,70,1
29,9,3,7,1,0,0,0,40,0
37,9,2,2,0,1,0,0,40,0
28,13,4,10,3,1,0,0,40,0
48,9,6,0,4,0,0,0,40,0
52,7,0,6,1,0,0,0,20,0
19,9,4,4,2,1,0,0,35,0
31,13,2,9,0,1,0,0,40,1
47,13,2,3,0,1,99999,0,55,1
37,9,2,2,0,1,0,0,40,0
46,12,2,2,0,1,0,0,44,1
51,9,2,4,0,1,3103,0,60,1
50,14,2,2,0,1,0,1902,45,1
38,4,2,4,0,1,3942,0,84,0
40,9,2,2,0,1,0,0,35,0
58,10,0,6,1,1,0,0,40,0
36,9,2,2,0,1,0,0,40,1
26,13,4,9,3,0,0,0,35,0
49,6,0,7,1,1,0,0,48,0
39,14,2,9,5,0,5178,0,38,1
46,13,2,0,0,1,0,0,45,1
26,9,5,11,4,0,0,0,37,0
40,14,4,12,1,0,0,0,40,0
53,16,2,9,0,1,0,0,40,1
60,10,2,3,0,1,0,0,50,0
28,9,2,5,0,1,0,0,40,0
31,9,2,5,0,1,0,0,55,0
45,9,0,3,1,1,13550,0,50,1
34,9,0,9,4,1,0,0,40,0
27,14,4,3,1,1,0,0,40,0
40,10,0,13,1,0,0,0,40,0
68,9,6,6,1,0,0,0,32,0
51,9,2,2,0,1,0,0,50,0
55,9,2,12,0,1,0,0,20,0
43,12,2,3,0,1,0,0,45,1
23,13,4,9,3,0,0,0,27,0
48,9,2,7,0,1,0,0,40,0
42,10,2,9,0,1,2885,0,30,0
51,9,4,3,1,1,10520,0,40,1
32,9,2,6,0,1,5013,0,55,0
34,10,2,11,0,1,0,0,45,1
31,9,2,2,0,1,0,0,70,1
17,6,4,7,3,1,0,0,8,0
37,9,2,0,5,0,0,0,40,1
26,8,2,8,5,0,0,0,40,0
17,7,4,11,3,0,0,0,15,0
34,13,2,13,0,1,0,0,40,1
46,7,2,2,0,1,0,1902,40,1
41,14,2,3,0,1,0,0,40,1
59,6,3,10,1,1,0,0,40,0
50,9,2,3,0,1,7688,0,50,1
46,9,2,6,0,1,0,0,40,0
45,14,0,9,1,1,0,0,40,0
27,9,4,6,1,0,0,0,40,0
31,13,2,9,0,1,0,0,50,0
32,9,0,12,4,0,1471,0,38,0
28,9,2,2,0,1,0,0,50,0
32,13,2,3,0,1,0,0,40,1
36,12,4,3,4,1,0,0,50,0
39,11,2,2,0,1,0,2415,40,1
23,9,4,2,1,1,0,0,40,0
44,9,2,13,0,1,0,0,40,1
37,10,2,13,0,1,0,0,40,0
36,4,3,6,4,0,2977,0,40,0
45,7,3,6,4,0,0,0,40,0
43,9,2,4,0,1,7298,0,40,1
49,15,4,9,1,0,0,0,55,1
37,9,2,13,0,1,0,0,40,1
26,9,4,13,3,1,0,0,40,0
34,15,2,9,0,1,0,1977,55,1
51,10,2,2,0,1,0,0,60,1
24,10,4,0,1,0,0,0,40,0
67,13,2,13,0,1,0,0,40,0
40,9,2,11,0,1,7298,0,45,1
32,9,2,11,5,0,0,0,40,1
21,10,4,7,3,0,0,0,16,0
39,10,2,7,5,0,0,0,15,1
33,7,2,2,0,1,0,0,40,0
48,9,0,11,1,1,0,0,60,0
21,10,4,9,3,0,0,0,30,0
68,11,6,11,1,0,25124,0,50,1
24,9,4,2,1,1,0,0,40,0
24,7,4,4,4,1,2463,0,40,0
23,13,4,3,3,0,0,0,45,0
40,9,2,5,0,1,0,0,63,0
48,13,3,3,1,0,0,0,50,1
42,9,2,11,0,1,0,0,60,0
45,13,4,10,1,0,0,0,40,0
31,9,2,11,0,1,0,0,50,1
53,11,2,3,0,1,0,0,45,0
25,13,4,9,3,0,0,0,55,0
32,10,2,7,0,1,0,0,50,0
41,13,2,3,0,1,0,0,35,1
57,9,0,0,4,0,0,0,40,0
25,6,4,4,4,1,0,0,40,0
40,10,2,6,0,1,0,2179,40,0
17,7,4,11,3,0,0,0,13,0
17,5,4,2,3,1,0,0,40,0
82,10,6,11,1,1,0,0,20,0
40,12,0,9,4,0,0,0,32,0
26,10,4,11,1,1,0,0,35,0
37,10,0,13,1,1,0,0,40,0
25,6,2,13,0,1,0,0,40,0
65,6,2,5,0,1,0,0,22,1
39,13,0,11,1,1,0,0,40,0
36,9,2,2,0,1,0,0,40,0
37,9,2,11,0,1,0,0,45,0
23,9,4,11,3,1,0,0,40,0
34,9,2,2,0,1,0,0,40,1
63,13,2,9,0,1,0,0,20,0
59,9,6,7,1,0,0,0,35,0
49,10,2,2,0,1,0,0,40,0
17,7,4,11,3,0,0,0,9,0
28,6,2,5,0,1,0,0,30,0
45,13,2,5,0,1,0,0,40,0
40,13,2,9,0,1,0,0,60,0
45,9,2,6,0,1,0,0,40,0
20,5,4,6,3,1,0,0,40,0
59,13,2,3,5,0,0,0,22,1
41,9,0,13,4,1,7443,0,40,0
49,10,0,3,4,1,0,0,48,1
37,11,0,11,1,1,0,0,45,1
31,9,2,2,0,1,0,0,45,0
21,10,4,5,3,1,0,0,40,0
27,13,4,12,1,0,0,0,15,0
51,9,0,7,1,0,0,0,40,0
46,2,2,5,0,1,0,0,40,0
48,10,2,2,0,1,0,0,60,1
39,14,0,9,1,0,0,0,40,0
50,12,2,5,0,1,15024,0,45,1
41,9,2,2,0,1,0,0,40,1
21,10,4,9,1,0,0,0,25,0
54,12,2,11,0,1,0,0,50,1
40,9,2,0,5,0,0,0,40,1
44,9,2,2,0,1,0,0,41,0
50,9,2,13,0,1,0,0,50,1
42,10,0,3,4,0,0,0,45,0
34,9,4,2,1,1,0,0,40,0
46,10,2,0,0,1,0,0,40,0
35,9,2,2,0,1,0,0,40,0
38,12,2,9,0,1,0,0,40,1
37,15,0,9,1,1,14084,0,36,1
30,9,2,2,0,1,0,0,40,0
22,13,4,3,3,0,0,0,40,0
21,9,4,0,3,1,0,0,40,0
40,1,3,0,3,1,0,0,40,0
56,9,2,2,0,1,0,0,55,0
48,5,2,6,0,1,0,0,40,0
21,11,4,7,3,0,0,0,36,0
52,7,6,2,1,1,0,0,40,0
60,14,2,3,0,1,0,0,50,1
45,16,2,9,0,1,0,0,50,1
30,9,2,6,0,1,0,0,45,0
31,9,2,11,0,1,2829,0,40,0
36,5,2,2,0,1,0,0,35,0
42,15,2,9,0,1,0,0,60,0
28,14,2,9,5,0,7688,0,35,1
62,15,2,2,0,1,0,0,45,1
45,11,2,2,0,1,0,0,40,1
47,13,2,3,0,1,0,0,38,1
43,12,2,11,0,1,0,0,40,0
24,10,4,7,1,1,0,0,35,0
44,9,5,7,4,0,0,0,39,0
25,9,4,3,3,1,0,0,25,0
21,10,4,3,1,1,0,0,40,0
29,11,2,9,0,1,0,0,43,0
21,10,4,7,1,1,0,0,40,0
41,15,2,9,0,1,0,0,45,1
55,10,2,13,0,1,0,0,99,0
42,9,2,2,0,1,0,0,40,0
63,9,2,4,0,1,0,0,35,0
21,10,4,11,3,1,0,0,24,0
45,9,2,11,5,0,0,0,35,0
21,9,4,7,3,0,0,0,40,0
34,14,2,9,5,0,0,0,40,1
53,8,4,7,1,0,0,0,35,0
45,9,2,6,0,1,0,0,40,0
47,9,0,8,1,0,0,0,4,0
41,7,0,3,4,0,0,0,36,0
35,13,2,3,5,0,0,1977,30,1
43,14,2,3,0,1,0,0,50,1
53,2,2,7,0,1,0,0,32,0
34,10,4,3,1,1,0,0,45,0
46,11,2,0,0,1,5178,0,40,1
59,12,6,3,1,0,0,0,40,1
53,13,0,3,4,1,0,0,50,0
33,4,5,5,1,1,0,0,35,0
45,9,2,13,0,1,0,0,50,0
48,14,2,11,0,1,0,0,40,1
42,10,0,0,4,0,0,0,40,0
55,9,2,13,0,1,5178,0,72,1
46,9,2,13,0,1,0,0,50,0
17,7,4,11,3,0,0,0,16,0
23,10,4,5,4,0,0,0,35,0
21,9,4,13,1,1,0,0,60,0
53,9,0,2,1,1,0,0,40,0
61,9,2,3,0,1,0,0,20,1
58,9,0,7,3,1,0,0,40,0
36,9,2,2,0,1,0,0,50,0
45,10,0,0,4,0,0,0,38,0
39,13,2,2,5,0,0,0,30,1
39,13,0,3,1,0,13550,0,50,1
48,16,2,3,5,0,0,0,40,1
41,13,2,12,0,1,0,0,38,0
30,12,2,9,0,1,0,2002,40,0
50,12,0,2,1,1,0,0,45,0
51,9,2,2,0,1,7298,0,48,1
23,10,5,11,4,0,0,0,40,0
41,10,2,2,0,1,0,0,60,0
47,9,2,0,0,1,0,0,70,0
51,13,2,3,0,1,0,0,55,0
60,9,2,7,0,1,0,0,40,0
51,13,0,12,4,0,0,0,40,0
20,10,4,7,1,1,0,0,40,0
29,9,4,13,3,0,0,0,37,0
42,10,2,10,0,1,0,0,48,0
32,9,0,7,1,0,0,0,16,0
19,8,4,11,2,1,1055,0,40,0
34,11,2,0,0,1,0,0,45,1
48,9,6,6,1,0,0,0,48,0
38,10,2,2,0,1,0,0,40,0
38,15,4,9,1,0,0,0,50,1
40,13,2,2,0,1,0,0,50,0
39,14,4,3,1,1,0,0,50,1
26,13,4,11,1,0,0,0,40,0
23,10,4,9,3,1,0,0,10,0
20,3,4,5,2,1,0,0,40,0
49,13,3,0,1,1,0,0,40,0
23,9,4,0,3,0,0,0,40,0
47,13,2,3,0,1,0,0,45,1
43,10,2,10,0,1,0,0,40,0
56,10,0,7,1,1,0,0,30,0
60,7,2,4,0,1,0,0,35,0
29,9,0,11,3,1,0,0,40,0
25,13,4,3,1,0,0,0,38,0
39,11,4,6,1,1,0,0,40,0
37,11,4,0,1,0,4101,0,35,0
38,13,4,3,1,1,2202,0,45,0
47,9,0,12,1,0,0,0,36,0
50,15,0,11,1,1,0,0,50,1
64,9,2,4,0,1,0,0,40,1
35,10,2,2,0,1,0,0,40,0
42,13,2,9,0,1,0,0,44,1
51,13,5,9,1,1,0,0,40,0
21,9,4,7,1,1,0,0,40,0
53,14,0,3,1,1,0,0,50,1
29,11,0,0,1,0,0,0,40,0
37,14,2,9,0,1,0,0,50,1
20,8,4,0,3,0,0,0,40,0
18,10,4,3,1,1,0,0,50,0
57,10,2,3,0,1,7688,0,45,1
27,10,2,0,0,1,2829,0,40,0
23,11,4,2,1,1,0,0,50,0
36,13,0,11,1,1,0,0,60,0
48,9,0,0,2,0,0,0,40,0
40,10,2,6,0,1,0,0,43,0
51,13,0,9,1,0,0,0,16,0
59,5,2,7,0,1,0,0,40,0
32,10,2,11,2,0,0,0,40,0
39,10,0,7,1,1,0,0,40,0
32,9,2,5,0,1,0,0,40,0
38,9,2,0,5,0,0,0,40,1
44,13,4,0,1,0,0,0,38,0
51,9,2,12,0,1,0,0,40,0
54,9,4,7,2,0,0,0,20,0
22,10,4,11,1,0,0,0,30,0
19,9,4,4,3,0,0,0,40,0
31,12,2,12,0,1,0,0,45,0
53,9,2,2,0,1,0,0,40,0
28,13,2,3,0,1,0,0,45,0
19,9,4,10,1,1,0,0,32,0
40,10,2,0,0,1,0,0,40,1
21,10,4,0,3,1,0,0,10,0
39,13,2,3,0,1,0,0,60,1
40,14,2,9,0,1,7298,0,35,1
36,9,2,9,0,1,0,0,40,0
18,5,4,11,3,0,0,0,42,0
32,13,2,11,0,1,7688,0,55,1
50,9,2,9,0,1,0,0,40,0
18,7,4,11,3,1,0,0,15,0
19,9,4,6,3,1,0,0,43,0
53,10,0,2,1,1,0,0,40,1
49,9,0,7,4,0,0,0,32,0
31,10,4,3,3,1,0,0,40,0
47,9,2,4,0,1,0,0,35,0
35,10,2,7,0,1,0,0,40,0
47,10,4,7,3,0,0,0,20,0
43,14,0,9,1,0,0,0,20,0
51,10,4,6,1,1,0,0,21,0
54,14,2,9,0,1,0,0,40,1
76,5,2,7,0,1,0,0,30,0
33,4,4,11,1,1,0,0,43,0
19,8,4,13,3,1,0,0,15,0
49,11,2,2,0,1,5013,0,40,0
26,9,2,13,0,1,0,0,40,0
23,10,4,7,3,0,0,0,15,0
49,9,2,2,0,1,7298,0,40,1
24,10,4,11,1,1,0,0,65,0
48,9,4,11,3,1,0,0,40,0
36,10,2,10,0,1,0,0,40,0
33,8,5,0,4,0,1471,0,40,0
31,13,2,9,0,1,15024,0,48,1
53,13,2,3,0,1,0,0,44,1
22,13,4,0,3,0,0,0,10,0
43,9,2,2,0,1,0,0,40,0
31,12,2,0,0,1,0,0,40,0
53,14,0,9,1,0,0,0,40,0
36,13,2,3,0,1,0,0,45,0
47,9,2,3,0,1,0,0,40,1
52,10,2,9,0,1,0,0,40,1
39,9,0,6,4,0,0,0,40,0
24,13,4,11,3,1,0,0,40,0
17,6,4,10,3,0,0,1602,40,0
53,14,2,9,5,0,15024,0,40,1
21,10,4,11,3,1,0,0,40,0
29,13,4,9,3,1,0,0,64,1
34,13,2,9,0,1,0,0,40,0
28,10,4,0,1,0,0,0,40,0
61,13,2,11,0,1,0,0,40,1
20,9,2,5,0,1,0,0,60,0
47,9,2,12,0,1,0,0,40,0
40,13,2,11,0,1,0,0,45,1
26,10,4,7,3,0,0,0,10,0
53,10,2,2,0,1,0,0,40,1
26,13,4,11,1,1,0,0,50,0
39,15,2,11,0,1,0,2415,99,1
17,7,4,9,3,1,0,0,15,0
46,16,4,9,1,1,0,0,40,1
34,13,2,11,0,1,15024,0,40,1
45,13,0,9,1,1,0,0,45,0
23,9,4,0,3,0,0,0,16,0
41,9,2,2,0,1,0,0,40,0
26,13,4,11,1,0,0,0,40,0
28,13,4,9,1,0,0,0,4,0
18,7,4,11,3,1,0,0,15,0
38,9,4,9,1,1,0,0,40,1
28,13,2,11,0,1,0,0,40,1
49,14,4,9,1,1,0,0,40,1
29,13,4,11,1,1,0,0,40,0
43,14,2,3,5,0,0,0,50,1
34,14,4,9,4,0,0,0,40,0
30,11,2,11,0,1,0,0,45,1
25,13,2,3,0,1,0,0,40,1
27,13,2,3,0,1,0,0,40,0
25,9,4,11,3,1,0,0,40,0
22,10,4,0,3,0,0,0,40,0
49,9,2,10,0,1,0,0,40,0
44,9,2,2,0,1,3137,0,50,0
37,12,2,4,0,1,2105,0,50,0
39,13,4,3,2,1,0,0,45,0
33,9,0,13,4,0,0,0,40,0
41,14,2,11,5,0,0,1902,35,1
65,13,2,3,0,1,99999,0,40,1
40,13,4,11,1,1,0,0,53,0
31,10,4,10,1,1,0,0,40,0
28,10,4,3,1,0,0,0,40,0
71,9,2,11,0,1,0,2467,52,0
25,13,4,0,1,0,0,0,40,0
25,4,2,2,0,1,0,0,60,0
36,15,2,2,0,1,0,0,60,0
56,9,2,6,0,1,0,0,40,0
34,10,2,6,0,1,0,0,40,0
39,13,2,2,0,1,0,0,40,1
31,15,0,9,1,0,0,0,45,1
22,9,4,0,3,0,0,0,20,0
44,10,4,2,1,1,0,0,38,0
60,9,2,11,0,1,0,0,45,0
65,7,0,6,2,1,0,0,40,0
44,10,2,11,0,1,0,0,50,1
53,9,0,3,1,1,0,0,40,0
28,9,2,13,0,1,0,0,40,0
41,13,0,3,4,0,0,0,45,0
35,7,2,11,5,0,0,0,40,0
41,5,2,11,5,0,0,0,70,0
28,9,2,2,0,1,0,0,35,0
53,9,2,2,0,1,0,0,40,0
26,10,4,7,3,0,0,0,45,0
28,9,4,13,3,0,0,0,40,0
27,10,0,2,4,0,0,0,40,0
27,9,4,0,1,0,0,0,8,0
26,9,2,2,0,1,0,0,40,1
53,9,6,11,1,0,0,0,35,0
34,9,2,2,0,1,0,0,40,1
50,14,4,9,1,1,0,0,50,0
30,9,0,0,4,0,0,0,62,0
47,9,5,2,4,1,0,0,40,0
55,10,2,0,0,1,0,0,40,0
35,10,4,13,3,1,0,0,40,0
39,14,2,3,0,1,0,0,60,1
30,13,2,3,0,1,0,0,55,0
39,9,2,13,0,1,0,1887,40,1
19,10,4,11,3,0,0,0,20,0
57,9,2,7,0,1,0,0,60,0
21,10,4,9,2,0,0,0,20,0
25,10,4,7,1,0,0,0,22,0
32,11,2,13,0,1,0,0,45,1
26,9,5,2,4,0,0,1594,40,0
42,10,2,6,0,1,0,0,40,0
39,10,0,11,4,1,0,0,47,0
48,13,0,8,1,0,0,0,44,0
24,10,4,7,4,0,0,0,35,0
46,11,2,2,0,1,0,0,40,1
53,10,2,11,0,1,0,0,25,0
36,10,2,0,0,1,0,0,70,0
34,9,0,2,4,1,0,0,45,0
25,9,4,13,3,1,0,0,70,0
33,10,4,0,3,0,99999,0,30,1
45,13,2,9,0,1,0,0,40,1
31,12,4,0,1,1,0,0,40,0
21,9,4,6,3,1,0,0,20,0
33,5,0,2,4,1,114,0,55,0
44,10,0,0,4,0,0,0,40,0
34,11,2,3,5,0,0,0,40,1
30,10,0,0,4,0,0,0,10,0
32,10,4,0,4,0,0,0,40,0
29,13,2,9,0,1,0,0,40,1
20,10,4,7,3,1,0,0,20,0
35,9,0,10,4,0,0,0,40,0
35,9,5,9,2,0,0,0,40,0
29,9,4,7,1,0,0,0,38,0
21,9,4,6,2,1,0,0,40,0
43,13,2,9,0,1,0,0,40,1
33,9,2,6,0,1,0,0,40,0
61,15,2,9,0,1,0,0,50,1
42,14,4,9,1,0,0,0,40,0
33,8,2,0,5,0,0,0,40,0
35,10,4,9,3,0,0,0,40,0
22,10,4,11,3,0,0,0,20,0
61,9,0,3,1,0,0,0,40,0
28,11,4,7,1,0,2463,0,35,0
24,9,4,7,3,1,0,0,40,0
58,14,4,9,1,1,0,0,35,0
42,9,2,5,0,1,0,0,40,0
56,10,2,11,0,1,0,0,45,1
25,9,5,5,4,0,0,0,40,0
59,9,2,0,5,0,0,0,40,0
65,13,2,11,0,1,3818,0,10,0
57,14,0,3,1,1,0,2824,50,1
36,12,2,3,0,1,0,0,44,1
42,10,2,11,0,1,0,1887,50,1
18,7,2,2,0,1,0,0,40,0
28,9,2,2,0,1,0,0,40,1
20,9,2,0,5,0,0,0,20,0
19,10,4,12,3,1,0,0,30,0
28,13,0,7,4,0,0,0,48,1
37,11,2,0,0,1,0,0,40,0
23,10,4,13,1,1,0,0,40,0
60,10,0,2,1,1,0,0,47,0
17,8,4,0,3,0,0,0,12,0
37,13,4,9,1,0,4865,0,45,0
29,11,0,0,3,1,0,0,40,0
34,9,5,13,1,1,0,0,20,0
37,10,2,3,5,0,0,0,15,0
47,13,2,7,0,1,0,0,40,0
22,9,4,7,1,0,0,0,40,0
61,9,2,7,0,1,0,0,40,0
57,3,2,4,0,1,0,0,45,0
33,16,2,9,0,1,0,1848,40,1
54,9,2,2,0,1,0,0,40,1
40,14,4,9,1,0,0,1669,40,0
40,8,2,2,0,1,0,0,50,1
40,9,4,10,1,1,0,0,42,0
35,7,2,2,0,1,0,2057,40,0
32,7,4,13,3,1,0,0,40,0
49,10,2,11,0,1,0,0,50,0
31,9,4,0,1,0,0,0,40,0
58,13,2,0,0,1,0,0,40,0
26,13,4,3,1,1,0,0,50,0
35,4,2,4,0,1,0,0,40,0
25,10,4,6,3,1,0,0,40,0
43,8,2,0,0,1,0,0,40,0
32,10,4,0,1,1,0,0,35,0
45,13,2,9,0,1,0,0,60,1
48,9,4,6,1,1,0,0,40,0
31,3,4,7,3,1,0,0,40,0
28,9,4,12,1,1,0,0,40,0
50,13,0,9,1,0,0,0,60,0
22,9,4,0,2,1,0,0,40,0
19,10,4,11,3,0,0,0,20,0
38,13,2,3,0,1,0,0,63,1
23,9,4,13,3,1,0,0,40,0
24,13,4,3,3,1,0,0,40,0
26,11,2,3,5,0,0,0,40,0
45,9,0,12,4,0,0,0,40,0
88,10,0,0,4,0,0,0,40,0
19,7,4,0,3,0,0,0,15,0
24,9,4,3,1,1,0,0,50,0
48,6,2,4,0,1,0,0,40,0
46,10,2,2,0,1,0,0,40,0
31,9,2,2,0,1,0,0,50,0
58,9,6,0,4,1,0,0,40,0
35,9,2,2,0,1,0,0,40,0
36,9,4,2,3,1,0,0,40,0
36,15,2,9,0,1,0,0,55,1
47,14,2,9,0,1,0,0,40,1
30,10,3,3,4,0,0,0,45,0
30,14,2,9,0,1,0,0,40,0
30,13,4,3,3,1,0,0,43,0
23,10,4,10,3,1,0,0,40,1
41,15,2,9,0,1,0,0,50,1
52,10,0,3,1,1,0,0,60,0
27,12,4,0,1,1,0,0,40,0
59,9,2,2,0,1,0,0,45,0
21,9,4,11,3,0,0,0,36,0
60,9,6,6,1,0,0,0,40,0
69,15,2,0,0,1,0,0,34,1
24,9,4,11,3,1,0,0,40,0
19,9,4,11,3,1,0,0,25,0
60,12,2,9,0,1,0,0,20,0
64,10,6,12,1,0,0,0,35,0
39,11,2,3,0,1,0,0,60,1
51,12,2,3,0,1,0,0,45,1
51,6,0,2,1,0,0,0,35,0
25,10,0,12,1,0,0,0,40,0
37,10,0,12,4,0,0,0,40,0
74,9,6,4,1,0,0,0,14,0
26,13,2,3,0,1,0,0,40,1
23,9,4,7,1,1,0,0,30,0
57,15,2,9,0,1,0,0,36,1
20,7,4,13,3,1,0,0,15,0
37,9,2,4,0,1,0,0,40,0
46,13,2,11,0,1,0,0,40,0
39,10,0,9,1,0,0,0,45,1
40,9,6,6,3,0,0,0,30,0
50,9,2,5,0,1,0,0,40,0
25,1,4,4,1,1,0,0,35,0
44,9,2,0,0,1,0,0,45,0
41,9,2,13,0,1,0,0,40,0
30,9,2,9,0,1,0,1977,15,1
38,11,2,5,0,1,0,0,50,0
54,6,2,5,0,1,0,0,40,0
40,9,0,0,1,0,0,0,52,0
37,7,2,5,0,1,7688,0,40,1
46,13,2,3,0,1,15024,0,40,1
38,9,0,9,1,1,0,0,45,0
20,10,4,3,3,0,0,0,10,0
35,10,2,4,0,1,0,0,40,0
62,13,2,3,0,1,0,0,40,1
34,13,4,9,1,0,0,0,45,0
56,9,2,13,0,1,0,0,90,0
30,14,2,9,0,1,0,0,20,0
17,7,4,0,3,0,0,0,20,0
18,7,4,7,3,0,594,0,4,0
35,7,2,4,0,1,0,0,40,0
21,9,4,6,3,1,0,0,1,0
46,9,0,2,3,1,0,0,50,0
33,10,2,2,0,1,0,0,60,0
27,10,4,11,1,0,0,0,40,0
36,10,2,2,0,1,0,0,40,1
42,4,2,13,0,1,0,0,40,0
35,9,2,13,0,1,0,0,50,0
25,13,5,3,1,1,0,0,40,0
47,13,2,9,0,1,0,0,40,1
44,15,2,9,0,1,15024,0,75,1
51,9,2,13,0,1,7688,0,40,1
53,9,2,9,0,1,0,0,42,1
47,9,2,10,0,1,0,0,40,0
20,7,4,5,3,1,0,0,40,0
32,10,5,6,4,0,0,0,70,0
28,9,2,2,0,1,0,0,50,0
52,9,0,11,1,0,0,0,40,0
35,14,5,9,1,1,0,0,40,1
30,10,2,2,0,1,0,0,40,0
33,10,4,0,1,0,6849,0,50,0
21,10,4,7,3,0,0,0,20,0
56,13,2,9,0,1,0,1902,65,1
45,13,2,2,0,1,15024,0,40,1
20,10,4,3,3,0,0,0,20,0
62,9,2,7,0,1,0,0,40,1
24,13,4,11,1,0,0,0,30,0
52,13,5,0,4,0,0,0,40,0
23,9,2,11,0,1,0,0,40,0
36,14,2,3,0,1,0,0,40,1
40,10,4,2,1,1,0,0,40,0
30,10,2,6,0,1,0,0,40,0
41,5,2,13,0,1,0,0,35,0
59,9,2,13,0,1,0,0,40,1
27,14,4,3,1,1,0,0,37,0
41,10,4,3,1,1,0,0,50,0
27,13,4,5,4,1,0,0,35,0
50,9,6,6,4,0,0,0,40,0
29,3,4,7,3,0,0,0,40,0
38,13,2,3,0,1,0,0,55,1
30,9,4,6,3,1,0,0,60,0
48,13,2,9,0,1,0,0,55,0
39,12,2,2,0,1,7298,0,40,1
40,11,2,9,0,1,0,0,40,0
27,7,2,2,0,1,0,0,40,0
59,14,2,2,0,1,0,0,40,1
34,9,2,0,0,1,0,0,50,1
47,15,4,7,1,1,0,0,60,1
64,2,2,11,0,1,0,0,20,0
29,5,2,6,0,1,0,0,40,0
38,9,4,13,1,1,0,0,40,0
42,13,2,11,0,1,0,1887,40,1
49,13,2,11,0,1,0,0,60,1
53,10,2,12,0,1,0,0,40,0
35,10,2,0,0,1,0,0,50,1
38,9,2,2,0,1,0,0,40,0
36,13,0,11,2,0,0,0,40,0
34,13,2,11,0,1,0,0,55,0
24,13,4,9,1,1,0,0,10,0
23,10,4,0,1,0,0,0,40,0
21,10,4,0,3,0,0,0,35,0
47,10,6,0,4,0,0,0,40,0
59,4,4,4,4,1,4865,0,40,0
33,12,0,3,4,1,0,0,50,1
63,10,2,6,0,1,0,0,35,1
18,9,4,7,3,1,0,0,60,0
32,13,4,9,1,0,0,0,50,0
19,9,4,5,2,1,0,0,40,0
27,9,4,9,3,1,0,0,40,0
40,10,0,13,1,1,0,0,48,1
38,12,2,13,0,1,0,0,40,0
20,9,4,4,3,1,0,0,47,0
35,9,5,13,1,1,0,0,70,0
22,10,4,0,3,0,0,0,40,0
40,14,2,9,0,1,0,0,50,1
34,10,2,12,0,1,3103,0,40,1
23,6,4,5,1,1,0,0,40,0
26,13,4,0,1,1,0,0,40,0
53,10,2,4,0,1,0,0,60,0
34,10,2,2,0,1,0,0,40,1
39,9,2,2,0,1,0,0,40,0
25,5,2,2,0,1,0,0,40,0
18,7,4,11,3,1,0,0,20,0
65,13,4,3,1,1,0,0,40,0
49,13,4,3,3,0,0,0,40,0
64,6,2,7,0,1,0,0,40,0
68,13,2,3,0,1,0,0,40,1
56,10,0,7,1,0,0,0,40,0
68,9,0,9,1,0,0,3683,40,0
35,13,2,9,0,1,0,0,48,1
50,9,4,0,4,0,0,0,12,0
45,9,0,0,4,0,0,0,28,0
43,13,2,3,0,1,0,0,40,0
39,10,5,0,4,0,0,0,40,0
37,9,0,2,4,1,1506,0,40,0
45,13,2,12,0,1,0,0,50,1
36,12,4,12,4,0,0,0,45,0
26,10,4,0,1,0,0,0,40,0
36,13,4,9,1,0,0,0,32,0
47,13,4,0,1,1,0,0,60,0
34,9,4,6,1,1,0,2001,40,0
53,10,6,11,4,0,0,0,30,0
32,13,0,6,1,0,0,1590,42,0
44,3,2,2,0,1,0,0,40,0
25,9,4,5,2,1,0,0,40,0
35,3,4,4,4,1,0,0,36,0
34,12,0,9,1,0,0,0,40,0
42,10,2,2,0,1,0,0,40,0
47,9,0,7,1,0,0,0,4,0
23,9,4,2,3,1,0,0,37,0
56,9,0,3,1,0,0,0,40,0
50,16,2,9,0,1,15024,0,50,1
38,9,2,13,0,1,0,0,60,0
46,11,2,3,0,1,0,0,40,1
47,12,5,0,4,0,0,0,57,0
38,9,2,7,0,1,3464,0,80,0
42,9,2,13,0,1,0,0,46,0
48,9,2,11,0,1,0,0,40,0
27,9,4,3,1,0,0,0,50,0
40,11,2,9,5,0,0,0,36,0
53,16,2,9,5,0,99999,0,37,1
75,11,6,3,1,0,0,0,30,0
39,13,2,9,0,1,0,0,48,1
46,12,0,0,4,0,0,0,40,0
51,9,6,6,1,0,0,0,40,0
34,9,0,7,3,1,0,0,40,0
23,10,2,11,0,1,0,0,40,0
32,11,4,7,1,1,0,0,45,0
45,10,4,11,1,1,0,0,55,0
21,10,4,7,3,1,0,0,40,0
36,9,2,2,0,1,0,0,44,0
40,6,2,2,0,1,0,0,50,0
68,5,0,4,1,1,0,0,20,0
40,13,2,11,0,1,0,0,40,1
20,10,4,0,3,0,0,0,24,0
48,14,0,9,1,0,0,0,40,1
27,13,4,11,1,1,0,0,45,0
57,11,4,12,1,1,0,0,40,0
54,9,2,3,0,1,0,0,98,1
47,9,0,7,1,0,0,0,40,0
30,10,2,2,0,1,0,0,40,0
35,10,2,2,0,1,0,0,45,1
56,8,4,5,1,1,0,0,40,0
20,9,4,5,3,1,0,0,28,0
38,13,2,9,0,1,0,0,38,0
19,10,4,11,3,0,0,0,25,0
31,10,4,0,1,1,0,0,40,0
44,13,4,9,3,1,0,0,60,0
21,10,4,11,3,0,0,1602,12,0
41,10,2,2,0,1,0,0,40,0
18,7,4,7,3,0,0,0,16,0
23,5,4,13,3,1,0,0,40,0
37,10,2,7,0,1,0,0,32,0
43,13,0,11,4,1,0,0,45,0
31,2,2,6,0,1,0,0,40,0
40,10,0,13,4,1,0,0,40,1
27,15,0,9,1,0,0,0,12,0
64,10,4,13,4,1,0,0,40,0
31,11,4,9,3,1,0,0,40,0
48,14,2,3,0,1,0,0,45,0
37,13,2,11,0,1,0,0,20,1
28,10,0,12,1,1,0,0,24,0
42,10,2,2,0,1,0,0,40,0
60,4,2,11,0,1,0,0,60,0
17,7,4,7,3,0,0,0,20,0
46,6,0,0,3,1,0,0,40,0
18,9,4,0,3,0,0,0,40,0
22,9,4,7,1,1,0,0,27,0
44,13,0,3,1,1,0,0,60,0
36,9,2,11,0,1,0,0,40,0
65,11,0,3,1,0,0,0,40,0
26,9,4,7,1,1,0,0,40,0
21,6,2,7,0,1,0,0,25,0
41,9,0,2,1,1,0,2339,40,0
28,10,4,7,4,0,0,0,35,0
27,10,4,6,1,0,0,0,40,0
19,10,4,7,1,1,0,0,12,0
40,10,2,13,0,1,0,0,40,0
19,9,4,5,3,1,0,0,15,0
40,11,2,13,0,1,2829,0,40,0
37,9,4,2,4,1,0,0,40,0
33,10,2,0,0,1,0,0,40,1
34,9,2,7,0,1,0,0,40,0
44,12,4,10,1,1,0,0,40,0
33,10,0,0,4,0,0,0,40,0
72,9,2,3,0,1,2290,0,10,0
19,9,4,11,3,0,0,0,40,0
59,11,0,9,1,0,0,0,36,0
40,9,0,10,1,0,0,0,40,0
35,9,0,9,4,0,0,0,40,0
22,12,4,0,1,1,0,0,45,0
41,14,4,9,1,0,0,0,40,0
59,10,2,12,0,1,0,0,50,1
50,8,0,5,4,1,0,0,40,0
21,12,4,0,1,0,0,0,10,0
40,9,2,3,0,1,0,0,40,0
22,9,4,11,1,1,0,0,40,0
43,3,5,6,1,0,0,0,40,0
17,7,4,13,3,0,0,0,16,0
42,4,0,7,1,1,0,0,40,0
37,10,2,6,0,1,0,0,40,1
43,3,2,6,0,1,0,0,40,0
46,5,5,2,4,0,0,0,40,0
50,15,2,0,0,1,0,0,40,1
47,4,2,11,0,1,0,0,40,0
31,9,4,4,1,1,2907,0,99,0
33,4,2,0,0,1,0,0,45,0
27,9,2,6,0,1,7298,0,40,1
59,9,2,4,0,1,0,0,35,0
39,9,2,2,0,1,0,0,40,1
29,10,2,2,0,1,0,0,40,0
26,13,6,3,1,0,0,0,55,0
24,9,4,2,3,1,0,0,40,0
25,10,4,0,1,1,0,1980,40,0
30,10,4,0,2,0,0,0,20,0
52,7,2,13,0,1,0,0,40,0
51,14,2,9,0,1,0,0,40,1
30,13,4,11,1,1,0,0,60,1
23,10,4,12,3,1,0,0,60,0
37,16,2,9,0,1,0,0,45,0
25,10,2,0,0,1,0,0,38,0
49,15,2,9,0,1,15024,0,65,1
30,9,2,9,0,1,0,0,55,0
40,10,0,0,4,0,0,0,40,0
20,9,4,6,2,1,0,0,32,0
35,11,2,4,0,1,3103,0,55,0
24,13,4,3,3,1,0,0,45,0
32,9,5,2,4,1,0,0,40,0
35,9,5,7,3,0,0,0,30,0
20,9,4,7,1,0,0,0,40,0
29,9,2,2,0,1,0,0,40,1
25,9,4,2,3,1,0,0,28,0
50,4,2,13,0,1,0,0,40,0
24,9,4,0,1,1,0,0,50,0
30,9,0,10,3,0,0,0,32,0
37,10,2,0,0,1,0,0,40,0
50,9,2,6,5,0,3137,0,40,0
20,9,4,5,3,1,0,0,30,0
49,9,2,2,0,1,5013,0,50,0
55,4,2,13,0,1,0,0,50,0
61,8,6,6,4,0,0,0,40,0
22,9,3,7,3,0,0,0,3,0
23,12,4,0,1,1,0,0,12,0
43,9,4,9,1,1,4650,0,40,0
39,13,0,0,1,0,0,0,24,0
21,10,4,11,3,1,0,0,35,0
52,9,2,3,0,1,0,0,40,1
30,11,2,11,0,1,4064,0,40,0
42,13,0,0,4,1,9562,0,45,1
50,13,2,2,0,1,0,0,50,0
51,12,0,3,4,0,0,0,99,0
47,6,0,3,1,0,0,0,45,0
45,9,2,6,0,1,0,0,40,0
48,10,6,7,4,0,0,0,40,0
36,13,2,3,0,1,0,0,50,1
61,9,2,13,0,1,0,0,40,0
72,13,0,11,1,1,0,0,30,0
19,10,4,11,3,0,0,0,15,0
39,9,0,7,4,0,6849,0,40,0
24,7,4,6,1,0,0,0,40,0
44,10,3,5,4,1,0,0,40,0
19,9,4,5,3,1,0,0,20,0
20,9,4,11,1,1,0,0,48,0
23,9,4,2,3,0,0,0,40,0
58,9,2,4,0,1,0,0,53,1
20,8,4,2,3,1,0,0,40,0
62,9,2,3,0,1,0,0,12,0
25,9,4,0,3,0,4416,0,40,0
67,13,2,9,0,1,0,0,2,0
37,12,2,3,0,1,0,0,40,1
36,9,0,3,3,0,1831,0,40,0
38,11,5,12,4,0,0,0,20,0
23,9,0,7,4,0,0,0,80,0
28,9,2,11,5,0,0,0,40,0
25,9,0,3,3,1,0,0,40,0
41,16,2,9,0,1,15024,0,55,1
63,13,2,11,0,1,0,1848,40,1
60,9,2,2,0,1,0,0,30,0
31,9,2,3,0,1,0,0,50,0
29,9,2,2,0,1,0,0,37,0
37,13,2,3,5,0,7688,0,45,1
51,5,2,11,0,1,0,0,40,0
45,10,2,3,0,1,7298,0,40,1
27,9,2,2,0,1,0,0,40,0
18,10,4,7,3,1,0,0,20,0
34,9,0,6,4,0,0,0,40,0
66,16,2,11,0,1,0,2377,25,1
36,9,2,2,0,1,0,0,35,0
35,13,0,3,4,0,0,0,40,0
27,9,2,11,0,1,0,0,45,0
29,10,0,3,3,0,1831,0,40,0
25,9,4,0,3,0,0,0,40,0
22,10,4,7,3,1,0,0,32,1
41,10,2,2,0,1,0,0,48,1
20,12,4,13,3,1,0,0,20,0
52,9,2,6,0,1,0,0,40,0
34,10,5,7,4,0,0,0,37,0
44,15,0,9,1,1,0,0,45,1
50,14,0,11,1,0,0,0,40,1
49,13,2,3,0,1,0,0,50,1
71,15,2,7,0,1,0,0,28,0
20,9,4,7,2,1,0,0,25,0
59,9,2,11,0,1,0,0,60,1
41,3,2,4,0,1,3411,0,40,0
38,10,0,3,1,0,0,0,42,0
55,9,2,13,0,1,0,0,40,0
17,5,4,7,4,0,0,0,20,0
45,13,2,3,0,1,0,0,55,1
43,9,0,2,4,1,0,0,30,0
19,8,4,7,3,1,0,0,25,0
33,9,0,7,3,0,0,0,40,0
63,9,4,3,1,1,0,0,40,0
39,9,0,4,1,1,8614,0,50,1
34,9,2,13,0,1,0,0,40,0
31,12,4,6,4,1,0,0,40,0
21,8,2,2,0,1,0,0,40,0
23,11,4,0,2,0,0,0,36,0
20,10,4,5,3,0,0,0,8,0
45,13,0,11,1,1,0,0,60,1
59,9,2,13,0,1,0,0,50,0
58,14,2,3,0,1,15024,0,40,1
66,9,6,0,4,0,0,0,35,1
37,11,2,9,5,0,0,1887,35,1
29,10,0,2,3,1,0,0,40,0
32,13,0,3,1,0,0,0,40,0
39,13,2,9,0,1,0,1902,50,1
57,9,6,3,4,0,0,0,45,0
57,14,2,9,0,1,0,0,40,1
50,9,3,11,1,1,0,0,60,0
44,13,2,4,0,1,15024,0,65,1
56,11,2,2,0,1,0,0,40,1
26,14,4,3,1,0,0,0,48,0
26,11,4,4,3,1,0,0,65,0
33,13,2,9,0,1,0,0,40,1
36,11,2,4,0,1,0,0,60,1
45,10,2,11,0,1,0,0,40,1
56,16,0,9,1,0,0,1669,38,0
23,10,4,11,3,1,0,0,36,0
23,10,4,7,1,1,0,0,25,0
35,13,0,9,1,1,0,0,40,0
39,13,2,9,5,0,7688,0,32,1
45,9,0,2,1,1,0,0,40,0
21,10,4,11,3,0,0,0,25,0
56,9,2,0,0,1,0,0,40,0
31,9,4,5,3,0,0,0,40,0
44,8,4,13,1,1,0,0,36,0
31,9,2,5,0,1,5013,0,40,0
20,9,4,5,3,1,0,0,38,0
44,9,2,0,0,1,0,0,40,1
19,10,4,7,3,0,0,0,23,0
23,10,4,11,1,0,0,0,40,0
21,9,4,2,3,1,0,0,40,0
29,14,2,9,0,1,0,0,15,0
33,10,5,7,1,0,0,0,30,0
46,9,0,3,1,1,0,0,48,1
36,10,2,11,0,1,15024,0,60,1
70,14,2,9,0,1,9386,0,30,1
19,9,4,5,1,0,0,0,37,0
29,10,2,3,3,0,0,0,40,0
34,12,4,11,4,1,0,0,50,0
26,10,4,3,1,1,0,0,40,0
30,13,4,3,1,0,0,0,40,0
34,10,4,0,1,0,0,0,40,0
28,9,4,11,3,1,0,0,48,0
76,13,2,0,0,1,20051,0,50,1
19,8,4,5,3,1,0,0,40,0
45,6,2,2,0,1,2829,0,40,0
24,10,4,9,1,1,0,0,30,1
37,13,2,2,0,1,0,0,40,1
24,13,2,9,0,1,0,0,30,0
24,13,4,0,1,0,0,0,42,0
40,9,2,6,0,1,0,0,45,1
20,10,4,5,3,1,0,0,20,0
23,7,2,5,0,1,0,0,40,0
25,10,4,7,1,0,0,0,40,0
64,12,4,9,2,0,0,0,30,0
53,14,2,9,0,1,0,1977,55,1
28,10,2,0,3,0,0,0,40,0
52,14,2,9,0,1,0,0,40,1
28,15,4,9,1,1,0,0,50,0
31,12,2,3,0,1,0,0,55,1
77,13,4,9,1,0,0,0,10,0
22,9,4,12,3,1,0,0,40,0
38,13,4,3,1,1,0,0,55,0
25,10,4,0,4,0,0,0,40,0
50,9,2,2,0,1,0,0,40,1
53,9,2,3,0,1,0,0,60,0
24,9,4,4,1,1,0,0,40,0
33,9,2,0,0,1,0,0,50,1
57,14,2,3,0,1,15024,0,40,1
39,15,2,3,5,0,15024,0,48,1
30,10,0,13,1,1,0,0,30,0
31,9,2,0,0,1,0,0,40,1
39,10,4,13,3,1,0,0,40,0
30,13,4,11,3,0,0,0,65,0
48,10,5,0,4,0,0,0,44,0
39,9,2,6,0,1,0,0,45,1
34,9,4,13,3,1,0,1980,40,0
45,14,2,3,0,1,0,0,50,1
32,7,0,6,4,0,0,0,40,0
40,10,4,0,1,0,0,0,50,0
17,6,4,7,3,0,0,0,15,0
25,9,2,12,0,1,0,0,84,0
42,10,2,13,0,1,0,0,57,0
66,13,2,8,2,1,0,0,99,0
63,9,6,11,1,1,0,0,70,0
43,4,2,7,0,1,0,0,25,0
26,9,4,5,1,1,0,0,20,0
23,9,2,6,5,0,0,0,40,1
39,15,2,3,0,1,0,0,55,1
47,9,2,3,0,1,0,0,40,1
36,9,4,6,1,0,0,0,48,0
35,9,2,2,0,1,0,0,40,0
25,9,4,4,1,1,0,0,40,0
21,10,4,0,3,0,0,0,15,0
46,9,2,8,5,0,0,0,40,0
43,6,2,5,0,1,0,0,40,0
31,16,2,9,0,1,0,1977,70,1
41,9,0,2,4,0,0,0,60,0
50,9,6,0,4,0,0,0,35,0
36,7,5,3,1,0,0,0,32,0
45,4,2,3,0,1,0,0,65,1
50,7,2,3,0,1,0,0,50,1
52,4,2,3,5,0,0,0,50,0
40,16,2,9,0,1,0,0,40,1
55,13,2,3,0,1,15024,0,55,1
51,15,2,9,0,1,0,0,40,1
30,10,2,9,0,1,7688,0,40,1
56,14,0,9,1,0,0,0,39,0
35,9,2,3,0,1,0,0,48,0
55,6,2,11,0,1,0,0,35,0
30,9,4,12,4,0,0,0,40,0
34,9,4,2,1,1,0,0,40,0
36,11,2,9,5,0,0,0,40,1
43,9,2,2,0,1,0,0,60,0
24,10,4,10,1,1,0,0,50,0
30,6,2,7,0,1,0,0,40,0
33,11,4,10,1,1,0,0,70,0
29,13,4,9,1,0,0,0,40,0
50,9,2,6,0,1,3137,0,47,0
18,7,4,9,3,1,0,0,15,0
20,7,4,11,3,0,0,0,25,0
45,14,2,9,0,1,0,0,45,1
45,15,2,3,0,1,0,0,40,1
41,9,2,6,0,1,0,0,40,0
42,4,3,7,1,0,0,0,35,0
24,13,4,11,1,1,0,0,40,0
22,9,4,5,4,1,0,0,35,0
28,9,2,3,0,1,0,0,45,1
23,10,4,5,3,1,0,0,35,0
21,4,4,4,3,0,0,0,38,0
23,13,4,0,1,0,0,0,20,0
45,10,0,0,4,0,0,0,48,0
41,9,0,11,4,0,0,0,40,0
49,9,2,0,0,1,0,0,40,1
38,10,4,7,3,0,0,0,40,0
37,9,4,5,1,1,0,0,40,0
70,13,6,6,2,1,0,0,32,0
24,9,4,0,1,0,2597,0,40,0
28,13,4,9,1,0,0,0,40,0
24,11,4,0,3,0,0,0,20,0
83,6,2,4,0,1,20051,0,50,1
69,16,2,9,0,1,0,0,40,1
37,9,4,0,4,0,0,0,40,0
28,13,4,3,1,0,0,0,40,0
54,10,0,0,1,0,0,0,40,0
71,9,2,3,0,1,0,2377,45,1
56,9,6,0,4,0,0,0,40,0
42,14,2,11,0,1,99999,0,80,1
21,9,4,11,3,1,0,0,44,0
29,11,2,9,0,1,0,0,40,0
32,13,4,9,1,1,0,0,50,1
31,10,4,0,1,1,0,0,40,0
38,10,5,7,1,0,4650,0,72,0
55,16,2,9,0,1,0,0,40,1
48,9,2,13,0,1,0,0,45,0
58,9,6,4,1,1,0,0,80,0
23,10,4,0,1,0,0,0,40,0
28,10,4,0,1,0,0,0,50,0
49,10,2,3,0,1,0,0,46,0
51,9,3,7,4,0,0,0,40,0
23,9,5,2,3,1,0,0,53,0
40,9,0,3,1,1,0,0,50,0
59,9,0,7,1,1,0,0,40,0
47,13,0,2,1,0,0,0,50,0
37,9,2,13,0,1,0,0,50,0
39,12,0,3,4,1,1506,0,40,0
43,10,2,2,0,1,0,0,60,0
40,11,2,4,0,1,0,0,60,0
48,6,2,13,0,1,0,0,40,1
29,5,4,11,1,0,0,0,48,0
48,10,2,11,0,1,0,0,50,1
37,13,4,4,1,1,0,0,30,0
19,9,4,11,1,1,4101,0,48,0
28,6,4,7,3,0,0,0,30,0
56,3,2,2,0,1,0,0,40,0
45,9,0,13,3,1,0,0,60,0
60,10,2,10,0,1,0,0,40,0
53,14,2,3,0,1,0,0,42,1
37,9,2,0,0,1,0,0,40,0
31,9,2,7,0,1,0,0,40,0
29,11,1,4,0,1,0,0,44,1
39,9,2,13,0,1,0,0,40,0
31,13,2,9,0,1,0,0,40,1
42,13,2,3,0,1,15024,0,45,1
17,7,4,5,3,0,0,0,16,0
19,9,4,7,3,0,0,0,20,0
24,13,4,7,1,1,0,0,32,0
62,9,2,4,0,1,6418,0,40,1
34,2,4,7,2,0,0,0,40,0
47,14,2,3,0,1,15024,0,55,1
58,13,4,9,1,0,0,0,62,0
23,11,4,9,1,0,0,0,36,0
33,9,4,7,4,0,0,0,40,0
76,9,6,0,1,1,0,0,6,0
40,9,0,3,4,0,0,0,50,0
28,4,0,7,4,0,0,0,50,0
41,10,2,12,5,0,0,0,40,0
46,9,2,10,0,1,7688,0,96,1
22,10,4,0,1,0,0,0,40,0
29,11,2,5,0,1,0,0,40,0
26,9,4,7,4,1,0,0,40,0
31,13,4,0,1,1,8614,0,40,1
22,9,4,7,1,0,0,0,25,0
41,10,4,13,1,1,0,0,43,0
29,9,4,13,2,1,0,0,40,0
60,11,2,12,0,1,7298,0,40,1
72,9,2,0,0,1,0,0,40,1
41,10,2,4,0,1,0,0,65,0
19,10,4,7,3,0,0,0,25,0
25,13,4,7,3,1,0,0,40,0
24,13,4,3,1,1,0,0,45,0
59,5,2,7,0,1,0,0,30,0
17,7,4,2,3,1,0,0,30,0
25,10,2,11,0,1,2885,0,43,0
29,9,5,7,1,0,0,0,40,0
43,9,2,2,0,1,0,0,55,0
29,10,4,7,3,0,0,0,10,0
29,10,0,0,4,1,0,0,40,0
32,10,2,10,0,1,0,0,40,1
50,9,2,3,0,1,0,0,45,1
43,10,2,3,0,1,0,0,50,0
41,9,4,6,4,0,0,0,40,0
32,13,2,3,5,0,0,0,40,1
54,14,4,9,1,0,0,0,45,1
65,9,2,3,0,1,0,0,40,1
70,10,2,3,0,1,0,0,40,1
53,14,2,3,0,1,0,0,55,1
37,13,2,3,0,1,0,1977,60,1
21,10,4,13,3,1,0,0,30,0
20,9,4,6,3,1,0,0,40,0
47,9,0,0,4,1,0,0,38,0
26,9,2,3,0,1,3942,0,45,0
31,15,4,9,1,1,0,0,50,0
45,10,2,13,0,1,0,0,40,0
35,9,5,0,4,0,0,0,40,0
55,13,2,3,0,1,0,0,45,1
49,14,2,9,0,1,0,0,50,1
33,9,4,7,4,1,0,0,40,0
19,10,4,7,3,1,0,0,15,0
48,13,2,3,0,1,0,0,60,1
41,10,0,2,1,1,0,0,40,1
29,13,2,12,0,1,0,0,35,1
47,14,2,9,0,1,0,0,48,1
53,14,2,3,0,1,0,0,40,1
19,10,4,0,3,0,0,0,10,0
71,9,0,7,1,0,0,0,16,0
29,10,4,11,4,0,0,0,25,0
43,10,2,7,0,1,0,0,40,0
23,13,4,3,1,0,0,0,30,0
52,10,0,0,1,0,0,0,40,0
56,13,2,11,0,1,0,0,40,1
28,6,4,2,1,1,0,0,40,0
44,13,2,9,0,1,0,0,80,0
37,13,4,9,1,0,0,0,40,0
30,11,2,3,0,1,0,0,50,1
31,9,2,2,0,1,0,0,40,0
20,10,4,11,3,0,0,0,25,0
64,9,2,11,0,1,0,0,65,1
45,9,2,7,0,1,0,0,40,0
40,10,4,3,1,1,0,0,50,1
19,9,4,5,3,1,0,0,52,0
54,13,0,3,4,1,0,0,45,1
61,16,2,3,0,1,0,0,40,1
18,7,4,7,3,0,0,0,20,0
33,11,4,2,1,1,0,0,40,0
51,9,5,7,1,0,0,0,37,0
54,9,2,2,0,1,0,0,40,0
24,10,2,10,2,1,0,0,24,0
54,10,0,3,4,0,0,0,40,0
42,13,2,3,0,1,0,0,45,1
51,14,6,11,4,1,0,0,50,1
41,10,2,0,5,0,0,0,40,1
47,12,5,3,1,1,0,1408,40,0
31,10,0,0,4,0,0,0,40,0
21,11,4,2,3,1,0,0,40,0
52,10,0,3,4,0,0,0,40,0
20,10,4,9,3,0,0,0,15,0
18,9,4,11,3,0,0,0,25,0
58,9,2,8,2,0,0,0,60,0
23,9,4,0,4,0,0,0,40,0
21,10,4,11,1,0,0,0,20,0
43,11,2,10,0,1,0,0,40,0
53,9,0,6,3,1,0,0,40,0
18,9,2,3,5,0,0,0,40,0
44,13,2,3,0,1,0,0,40,1
31,13,4,9,1,1,0,0,50,0
48,2,2,7,0,1,0,0,40,0
55,14,0,9,1,0,0,0,35,0
24,10,4,0,3,0,0,0,20,0
41,14,2,9,0,1,0,0,40,1
35,9,2,2,0,1,0,0,40,1
47,11,0,0,1,0,0,0,40,0
54,10,2,11,0,1,0,0,32,0
40,13,5,11,1,1,0,0,40,0
56,10,0,11,4,0,0,0,48,0
23,11,4,12,1,1,0,0,40,0
34,9,2,2,0,1,0,0,60,0
27,9,4,2,4,1,0,0,40,0
32,13,4,9,1,1,0,0,40,1
72,10,2,4,0,1,0,0,74,0
43,8,2,13,0,1,0,1579,40,0
32,12,0,9,4,0,0,0,35,0
53,10,5,0,3,1,0,0,40,0
18,8,4,7,3,1,0,0,10,0
38,6,6,13,4,1,114,0,40,0
41,11,0,0,3,0,0,0,40,0
29,9,4,2,3,1,0,0,45,0
47,10,2,0,5,0,0,0,40,0
56,10,2,0,5,0,0,0,15,0
28,9,2,2,0,1,2829,0,40,0
55,15,2,9,0,1,15024,0,40,1
50,13,3,9,1,1,6849,0,40,0
47,7,0,0,4,0,0,0,40,0
42,9,2,3,0,1,0,0,40,0
22,10,4,6,3,1,0,0,25,0
42,3,2,7,0,1,0,0,44,0
42,10,0,3,4,0,0,0,40,0
46,9,0,3,1,0,0,0,40,0
45,10,2,11,0,1,15024,0,99,1
55,9,2,3,0,1,0,0,55,0
57,13,2,10,0,1,0,0,40,1
25,8,4,2,3,1,0,0,40,0
43,9,2,13,0,1,0,0,30,0
34,13,0,4,1,1,0,0,60,0
27,13,0,9,2,0,0,0,40,0
25,9,4,6,3,0,2176,0,40,0
37,10,4,3,1,0,0,0,40,0
48,10,0,11,4,1,0,0,45,0
38,9,2,7,0,1,0,0,45,0
17,6,4,2,1,1,594,0,30,0
70,11,2,6,0,1,9386,0,50,1
37,9,0,0,4,0,0,0,37,0
45,9,2,2,0,1,0,0,46,0
56,9,2,11,0,1,0,0,55,1
64,9,2,6,0,1,0,0,40,0
35,10,0,0,3,0,0,0,38,0
23,9,4,11,3,1,0,0,40,0
42,9,2,10,0,1,0,0,90,0
23,10,4,5,3,1,0,0,30,0
56,9,2,13,0,1,0,0,40,1
41,13,2,9,0,1,0,1887,40,1
47,3,2,11,0,1,0,2179,50,0
21,10,4,5,3,1,0,0,40,0
29,9,4,2,3,1,0,0,40,0
32,10,3,4,3,1,0,0,50,0
72,5,6,7,4,0,0,0,20,0
69,15,2,9,0,1,99999,0,40,1
19,10,4,0,2,1,0,0,25,0
25,13,4,2,3,1,0,0,25,0
56,10,2,11,0,1,0,1848,50,1
42,14,4,9,1,0,8614,0,50,1
58,13,0,3,4,0,0,0,35,0
24,13,4,12,3,1,0,0,40,0
41,11,2,12,5,0,0,0,38,1
40,6,2,3,0,1,0,0,40,1
25,12,0,0,4,0,0,0,40,0
43,13,2,11,3,0,0,0,40,1
36,9,4,2,3,1,0,0,40,0
41,9,2,6,0,1,0,0,40,0
31,13,4,9,1,0,0,0,40,0
22,9,4,3,3,0,0,0,40,0
36,11,2,2,0,1,0,0,40,0
42,6,2,6,0,1,0,0,40,0
29,9,2,2,0,1,0,0,60,0
25,9,4,0,4,0,0,0,46,0
23,13,4,3,1,1,0,0,40,0
34,9,5,11,4,0,0,0,20,0
27,9,2,0,0,1,2580,0,45,0
32,13,2,11,0,1,15024,0,50,1
33,10,3,9,1,1,0,0,40,0
38,13,0,3,1,0,0,0,55,0
39,11,2,2,0,1,0,0,40,0
50,13,2,3,0,1,0,0,40,1
32,10,4,0,1,1,0,0,30,0
40,9,2,3,0,1,0,0,40,1
58,10,2,3,0,1,15024,0,40,1
20,9,4,0,3,0,0,0,20,0
56,13,2,0,0,1,0,0,50,0
30,13,2,10,0,1,0,0,40,0
39,10,0,3,4,0,0,0,39,0
25,12,4,9,1,1,0,0,50,1
33,9,2,6,0,1,0,0,40,1
41,13,4,9,1,1,0,0,40,0
50,10,0,2,1,1,0,0,40,0
44,10,2,13,0,1,0,0,40,0
27,13,4,3,1,1,0,0,40,0
27,13,4,9,1,1,13550,0,40,1
58,3,2,6,0,1,0,0,40,0
25,10,4,12,3,1,0,0,15,0
31,9,2,6,5,0,0,0,40,0
39,9,2,3,0,1,0,0,50,1
55,11,2,2,0,1,0,0,40,1
22,11,4,7,3,0,0,0,12,0
44,12,5,3,1,1,0,0,40,0
44,8,0,13,1,0,0,0,40,0
61,4,2,4,0,1,0,0,54,0
32,11,2,6,0,1,0,0,40,0
35,13,2,3,0,1,0,0,45,1
28,10,2,2,0,1,0,0,40,0
57,13,2,3,0,1,0,0,40,1
32,16,2,9,0,1,0,0,65,1
46,4,4,7,1,0,0,0,40,0
26,9,2,7,5,0,0,1579,20,0
43,9,2,2,0,1,0,0,40,0
62,9,0,7,1,0,0,0,35,0
60,14,2,9,0,1,0,0,38,1
67,9,0,11,1,0,0,0,20,0
19,9,4,11,4,0,0,0,30,0
48,6,2,2,0,1,0,0,65,1
19,9,4,0,1,0,0,0,20,0
19,10,4,7,1,0,0,0,30,0
43,9,0,3,4,0,0,0,40,0
31,16,2,9,5,0,0,0,90,0
65,10,2,3,5,0,0,0,45,0
32,9,4,6,1,0,0,0,40,0
36,14,2,9,0,1,0,0,40,1
41,9,2,6,0,1,0,0,40,0
33,10,2,10,0,1,3908,0,40,0
34,13,2,11,0,1,0,1977,50,1
27,10,4,2,1,1,0,0,45,0
75,7,4,3,1,1,0,0,50,0
51,9,2,2,0,1,0,1887,40,1
47,9,2,4,0,1,0,0,40,0
31,10,4,9,1,1,0,0,40,0
40,14,4,3,1,0,0,0,40,1
48,9,0,11,1,0,0,0,30,0
36,13,4,10,1,1,0,0,40,0
18,9,4,7,3,1,0,0,20,0
33,9,4,3,1,0,0,0,40,0
34,14,2,11,0,1,0,0,40,0
51,10,2,2,0,1,3103,0,48,1
39,12,0,9,1,0,0,0,40,0
20,9,4,7,3,1,0,0,35,0
67,10,0,0,1,0,0,0,20,0
42,11,4,0,1,0,0,0,60,0
59,7,2,6,0,1,0,0,40,0
31,9,4,10,1,1,0,0,40,0
19,10,4,7,4,0,2036,0,30,0
47,10,0,3,1,0,0,0,48,0
68,4,2,7,0,1,0,0,30,0
30,10,2,5,0,1,0,0,40,0
34,9,4,5,1,1,0,0,60,0
49,4,2,6,0,1,0,0,40,0
38,10,2,2,0,1,0,0,40,1
60,10,2,11,0,1,7298,0,40,1
24,13,4,0,1,1,0,0,40,0
18,10,4,5,3,0,0,1602,35,0
24,13,4,3,3,0,0,0,40,0
21,3,2,7,0,1,0,0,40,0
48,9,2,12,5,0,0,1848,40,1
52,5,2,7,5,0,0,0,40,0
48,9,0,5,1,1,0,0,40,0
40,13,2,9,0,1,7688,0,66,1
20,10,4,12,3,0,0,0,20,0
31,9,0,11,4,0,0,0,25,0
30,10,2,3,0,1,0,0,50,0
51,9,4,5,3,0,0,0,40,0
29,11,0,3,1,0,0,0,40,0
56,14,4,11,1,1,0,0,16,0
46,13,5,12,4,0,0,0,40,0
41,10,5,9,3,0,0,3900,40,0
29,3,4,7,2,0,0,0,40,0
48,9,2,3,0,1,0,0,30,0
34,9,0,11,1,0,0,0,50,0
42,11,2,3,0,1,0,0,50,0
25,9,4,7,4,0,0,0,30,0
47,7,0,7,4,0,0,0,40,0
23,9,4,11,3,1,0,0,40,0
43,11,2,13,0,1,0,0,22,0
19,10,4,7,3,0,0,0,35,0
22,9,4,5,3,1,0,0,40,0
40,13,0,9,4,0,0,0,70,0
41,11,2,2,0,1,0,0,40,0
71,13,2,3,0,1,0,2392,60,1
42,9,2,0,0,1,0,0,45,0
31,13,4,0,1,1,0,0,47,0
58,9,2,4,0,1,0,0,70,0
36,7,6,7,4,0,0,0,12,0
31,9,2,13,0,1,0,0,65,0
41,9,4,0,1,0,0,0,40,0
35,10,2,2,0,1,0,0,40,0
28,13,4,9,3,0,0,0,15,0
27,8,2,4,3,1,0,0,55,0
17,7,4,5,3,1,0,0,40,0
35,9,0,11,1,1,0,0,50,1
45,10,2,7,5,0,0,0,99,0
44,13,0,0,4,0,0,0,40,0
27,11,4,7,1,0,0,0,40,0
51,5,2,2,0,1,0,0,40,0
49,9,6,7,1,0,0,0,45,0
64,6,2,9,0,1,0,0,10,1
54,4,0,13,1,1,0,0,45,0
43,9,2,2,0,1,0,0,40,0
32,9,0,2,4,1,0,0,35,0
36,12,4,11,1,1,10520,0,43,1
26,9,4,11,2,1,0,0,50,1
37,13,2,3,0,1,0,0,50,1
38,12,0,0,4,0,0,0,40,0
26,8,2,2,0,1,0,0,40,0
50,13,2,2,0,1,0,1887,50,1
47,10,2,2,0,1,7298,0,40,1
42,9,0,6,1,0,0,0,40,0
66,9,6,13,1,0,0,0,40,0
43,9,5,0,1,0,0,0,32,0
37,13,2,9,0,1,0,0,45,1
37,6,0,3,4,0,0,0,35,0
25,10,4,12,3,0,0,0,40,0
29,13,2,2,0,1,0,0,50,1
50,12,2,6,0,1,3103,0,40,1
42,14,4,9,1,1,0,0,70,0
32,9,4,2,3,1,0,0,40,0
42,10,2,10,0,1,0,0,40,1
41,9,2,3,0,1,0,0,50,0
25,13,4,11,1,1,3325,0,40,0
65,9,2,11,0,1,0,0,50,0
32,10,2,6,0,1,0,0,50,0
32,9,4,2,4,1,0,0,10,0
24,10,2,2,0,1,0,0,60,0
51,9,0,3,1,0,0,0,40,0
28,7,3,7,4,0,0,0,35,0
32,10,2,3,0,1,0,0,55,1
77,15,2,3,0,1,0,0,40,0
47,9,0,0,4,0,0,0,20,0
26,9,4,5,1,1,0,0,40,0
20,10,4,5,3,1,0,0,20,0
57,10,2,9,0,1,0,0,35,1
40,16,2,9,0,1,0,0,45,0
50,14,2,11,0,1,0,0,40,1
19,4,2,5,3,1,0,0,45,0
54,8,2,0,0,1,0,0,40,0
51,10,2,10,0,1,0,0,40,1
51,13,2,0,0,1,0,0,50,1
38,10,2,10,0,1,7688,0,40,1
17,8,4,11,3,0,0,0,20,0
32,13,4,3,1,1,0,0,40,0
29,10,2,2,0,1,0,0,45,0
42,10,0,11,4,1,0,0,40,0
40,9,0,3,4,0,0,0,40,0
27,10,2,2,0,1,0,0,40,0
22,13,4,9,3,0,0,0,20,0
58,7,6,7,1,0,0,0,40,0
61,13,2,11,0,1,0,0,45,1
42,13,2,2,5,0,0,0,35,1
49,14,3,10,1,1,0,0,40,0
43,9,0,6,1,0,0,0,40,0
46,13,0,11,4,1,0,0,40,1
28,9,2,13,0,1,0,0,45,1
39,10,2,11,0,1,7688,0,50,1
50,10,2,2,0,1,7688,0,40,1
57,10,3,0,1,1,0,0,40,0
47,9,2,7,5,0,0,0,38,0
79,9,2,4,0,1,0,0,40,0
40,9,2,8,5,0,0,0,45,0
35,13,2,9,0,1,0,0,40,0
35,13,2,3,0,1,0,1740,80,0
30,13,2,7,0,1,0,0,60,1
26,6,4,4,1,1,0,0,40,0
49,9,4,13,4,0,1506,0,40,0
48,9,2,2,0,1,0,0,40,0
22,10,4,7,1,1,0,0,45,0
22,7,4,7,3,0,0,0,30,0
50,6,5,0,1,0,0,0,47,0
47,9,2,4,0,1,0,0,60,0
36,9,2,13,0,1,0,0,50,0
44,12,2,2,0,1,0,0,40,1
73,5,6,7,4,0,0,0,9,0
34,13,2,9,0,1,0,0,40,1
37,10,2,2,0,1,0,0,40,0
46,10,2,0,5,0,0,0,40,1
29,3,2,4,0,1,0,0,40,0
24,11,2,2,0,1,0,0,40,0
29,10,4,9,1,1,0,0,35,0
18,8,4,0,3,0,0,0,20,0
41,13,0,3,4,0,0,0,90,1
59,9,2,2,0,1,0,0,40,1
27,3,4,4,4,1,0,0,50,0
50,12,2,2,0,1,0,0,45,0
25,2,4,6,1,1,0,0,24,0
42,13,0,3,4,0,0,0,45,0
36,10,2,2,0,1,0,0,40,0
62,10,2,0,0,1,0,0,60,1
71,11,4,0,1,0,0,0,40,0
38,13,0,3,1,1,0,0,55,1
44,9,3,0,4,0,0,0,40,0
49,10,2,4,0,1,0,0,60,0
60,13,2,9,0,1,7688,0,40,1
28,9,2,3,0,1,0,0,40,0
26,13,4,11,1,0,0,0,55,0
18,7,4,5,3,1,0,0,12,0
43,11,2,2,0,1,0,0,50,1
65,8,6,3,1,1,2009,0,44,0
23,6,4,2,3,1,0,0,44,0
21,10,4,7,3,0,0,0,35,0
20,9,4,4,3,1,0,0,40,0
19,10,4,11,3,0,0,0,18,0
77,9,6,0,1,0,0,0,32,0
32,11,2,12,0,1,0,0,40,0
37,10,2,13,0,1,0,0,30,0
29,9,2,13,0,1,0,0,45,0
59,16,2,9,0,1,0,2415,45,1
22,10,4,2,3,1,0,0,40,0
31,9,2,2,0,1,0,0,48,1
59,9,2,11,0,1,0,0,60,0
29,10,4,7,1,0,0,0,40,1
56,9,2,2,0,1,0,0,50,1
19,10,4,0,3,0,0,0,20,0
37,9,2,4,0,1,0,0,40,0
58,14,2,3,0,1,0,0,40,1
41,14,2,3,0,1,0,0,40,1
29,9,4,11,4,1,0,0,38,0
38,9,2,3,0,1,0,0,50,0
36,14,2,9,0,1,0,1977,50,1
19,10,4,2,3,1,594,0,40,0
46,9,2,3,5,0,0,0,28,1
42,14,2,9,5,0,0,0,45,1
29,10,4,11,1,0,0,0,40,0
42,13,2,9,0,1,7688,0,40,1
29,12,2,0,0,1,0,0,40,0
47,14,0,9,4,0,0,0,40,0
37,7,2,2,0,1,0,0,40,1
39,9,2,4,0,1,0,0,45,0
46,13,0,11,4,0,0,0,35,1
28,12,2,13,0,1,0,0,40,0
36,10,2,4,0,1,0,0,56,1
39,9,0,0,3,0,0,0,40,0
44,10,2,9,0,1,0,0,40,0
60,9,2,7,0,1,0,0,40,0
35,13,4,3,1,0,0,0,50,1
59,13,2,2,0,1,0,0,48,1
21,10,4,11,3,0,0,0,60,0
22,12,4,9,3,0,0,0,16,0
31,10,2,3,0,1,15024,0,50,1
40,13,2,3,0,1,0,1977,50,1
33,9,2,11,0,1,0,0,45,1
41,14,2,9,0,1,0,0,60,0
31,12,2,7,5,0,0,0,35,1
62,11,0,7,1,1,0,0,40,0
43,9,2,9,5,0,0,0,35,0
28,13,4,9,1,0,0,0,60,0
43,6,2,6,0,1,0,1887,40,1
55,14,2,11,0,1,3103,0,55,1
42,9,5,7,4,0,0,0,25,0
23,13,4,9,1,0,0,0,40,0
55,10,2,0,0,1,0,0,40,1
44,13,2,3,0,1,99999,0,45,1
19,7,4,11,3,0,0,0,32,0
23,9,4,6,3,1,0,0,40,0
41,9,0,2,4,0,0,0,50,0
51,9,5,5,4,0,0,0,40,0
49,9,0,13,1,1,0,0,90,0
29,14,4,9,4,0,0,0,20,0
25,10,4,9,1,1,8614,0,40,1
44,15,2,9,0,1,99999,0,50,1
17,7,4,5,3,1,0,0,30,0
42,14,2,3,0,1,0,0,40,1
21,7,4,12,3,0,0,0,35,0
26,10,4,13,1,1,0,0,40,0
24,10,4,9,1,1,0,0,40,0
30,13,2,3,0,1,0,0,42,1
19,9,4,5,3,1,0,0,28,0
65,4,6,7,2,0,0,0,24,0
52,10,2,12,0,1,0,0,60,1
17,6,4,5,3,1,0,0,20,0
27,9,4,7,3,1,0,0,22,0
53,15,4,9,1,0,0,0,40,0
24,13,4,11,1,0,0,0,40,0
37,10,2,2,0,1,0,0,40,1
34,11,2,0,5,0,0,0,18,0
40,12,0,3,1,1,8614,0,50,1
49,9,2,2,0,1,0,0,40,1
86,14,4,0,1,0,0,0,40,0
49,11,2,9,5,0,15024,0,60,1
43,7,2,5,0,1,0,0,60,0
47,10,3,3,4,0,0,0,35,0
32,9,2,13,0,1,0,0,50,1
30,11,2,4,0,1,0,0,60,0
25,9,4,2,3,1,0,0,40,0
42,13,2,11,0,1,0,0,40,1
60,10,2,2,0,1,0,0,65,0
46,10,2,2,0,1,4386,0,38,1
39,10,2,10,0,1,0,0,40,1
28,12,2,12,0,1,0,1887,70,1
26,6,4,2,1,1,0,0,55,0
27,10,4,0,3,0,0,0,40,0
59,10,0,9,4,1,0,0,40,0
64,9,2,4,0,1,0,0,40,0
90,9,4,3,1,1,2964,0,12,0
51,10,0,11,1,0,0,0,45,1
36,9,2,13,0,1,0,2002,40,0
39,4,3,6,4,0,0,0,40,0
47,14,2,9,0,1,0,0,40,1
32,14,2,3,0,1,0,0,60,1
24,12,2,0,5,0,0,0,40,0
23,9,4,11,3,1,0,0,30,0
62,9,2,7,0,1,0,0,20,0
35,13,5,2,1,1,0,0,65,0
27,13,4,9,3,1,0,0,40,0
49,10,0,6,1,0,0,0,35,0
18,6,4,11,1,1,0,0,20,0
19,10,4,7,3,0,0,0,30,0
63,12,2,11,0,1,0,0,40,1
54,9,2,7,5,0,0,0,40,0
24,10,2,9,5,0,0,0,40,1
61,6,2,13,0,1,0,0,50,1
50,9,2,11,0,1,0,0,48,1
36,13,2,11,0,1,0,0,40,1
21,10,4,0,3,1,0,0,50,0
38,15,2,9,0,1,99999,0,50,1
30,10,2,3,2,1,0,0,40,0
22,9,4,2,3,1,2907,0,40,0
33,10,0,0,1,0,0,0,52,0
39,9,2,6,0,1,0,0,38,1
42,9,2,2,0,1,0,0,50,1
42,13,0,13,1,1,0,0,33,0
29,13,2,3,0,1,0,0,40,0
35,13,4,11,1,1,0,0,55,0
23,10,4,7,3,0,0,0,30,0
28,10,2,2,0,1,0,0,60,0
34,9,0,0,3,0,0,0,40,0
40,10,4,0,1,0,0,0,40,0
67,9,6,7,1,0,0,0,30,0
49,9,2,7,0,1,0,0,40,0
34,9,4,0,1,0,0,0,40,0
26,13,4,3,3,1,2463,0,35,0
25,9,4,6,3,1,0,0,40,0
40,10,0,3,4,0,1831,0,30,0
56,9,2,4,0,1,0,0,40,0
35,12,2,11,0,1,0,1887,45,1
54,9,2,2,0,1,0,2051,40,0
25,13,4,3,1,0,3325,0,40,0
28,13,2,11,0,1,0,0,40,0
31,13,4,3,1,1,0,0,40,0
45,9,0,0,4,0,0,0,40,0
52,9,2,2,0,1,5013,0,40,0
39,14,4,9,1,0,0,0,50,0
19,9,4,11,1,1,0,0,40,0
23,8,4,0,4,1,0,0,40,0
23,4,4,2,1,1,0,0,40,0
52,11,2,9,0,1,15024,0,40,1
33,15,2,9,0,1,0,0,60,1
35,13,4,5,1,0,0,0,50,0
58,9,2,2,0,1,0,0,40,0
61,9,2,2,0,1,0,0,45,1
39,13,2,3,0,1,99999,0,70,1
38,7,2,2,0,1,0,0,40,0
59,9,2,3,0,1,0,1887,40,1
41,13,0,3,1,1,0,0,50,1
19,7,4,13,2,1,0,0,10,0
22,10,4,5,3,1,0,0,20,0
59,12,6,3,4,0,0,0,40,0
37,9,2,2,0,1,3103,0,45,1
31,8,2,2,0,1,0,0,43,0
18,7,4,5,1,1,0,0,40,0
20,10,4,11,3,0,0,0,35,0
28,9,4,13,1,1,0,0,60,0
28,10,4,7,3,0,0,0,30,0
49,13,2,3,0,1,0,0,40,0
38,9,2,10,0,1,0,0,40,1
19,9,4,11,3,1,0,0,20,0
43,13,2,3,0,1,7298,0,40,1
28,9,2,3,0,1,15024,0,40,1
41,10,0,0,1,0,0,0,24,0
50,14,2,3,0,1,0,0,65,1
46,13,0,0,1,1,0,0,40,0
20,10,4,4,3,1,0,0,40,0
45,13,2,3,0,1,0,0,60,1
28,10,4,3,1,0,0,0,50,0
37,10,2,7,5,0,0,0,40,0
46,16,2,9,0,1,0,1902,50,1
66,9,2,5,0,1,0,0,40,0
38,13,2,0,5,0,0,0,50,1
25,7,4,5,3,1,0,0,45,0
55,15,2,3,0,1,15024,0,40,1
48,4,2,13,0,1,0,1902,40,0
56,10,6,2,4,0,0,0,38,0
47,14,2,3,0,1,0,0,45,0
55,13,2,3,0,1,0,0,40,1
41,12,2,10,0,1,0,0,40,0
47,10,2,11,0,1,0,0,65,1
40,9,4,3,1,1,6849,0,43,0
41,13,2,11,0,1,0,0,40,0
21,10,4,11,3,0,0,0,20,0
52,9,4,11,1,1,0,0,40,0
62,16,0,9,4,1,15020,0,50,1
46,7,2,5,0,1,0,0,45,1
35,13,2,9,0,1,0,0,40,0
29,9,3,0,3,0,0,0,40,0
21,6,2,7,0,1,3908,0,40,0
35,9,5,2,1,1,0,0,50,0
46,13,2,11,0,1,0,0,50,1
35,16,2,9,0,1,0,1902,40,1
34,10,0,2,1,1,0,0,60,0
21,11,4,6,1,1,0,0,30,0
29,9,2,4,0,1,0,0,60,0
41,14,2,3,0,1,0,0,60,1
51,9,2,11,0,1,0,0,40,0
22,9,4,0,3,0,0,0,40,0
47,13,4,3,1,1,0,0,40,0
42,15,2,9,0,1,15024,0,65,1
19,9,4,7,3,0,0,0,40,0
46,13,2,13,0,1,15024,0,40,1
23,10,4,5,3,1,0,0,40,0
49,9,2,2,0,1,0,0,40,0
58,13,0,9,1,0,0,0,40,0
41,13,2,0,0,1,0,0,50,1
50,13,2,12,0,1,0,0,40,1
77,9,6,0,1,0,0,0,10,0
27,11,2,7,0,1,0,0,60,0
29,9,2,2,0,1,0,0,60,0
54,1,2,2,0,1,0,0,40,0
39,10,5,9,4,0,0,0,37,0
32,10,2,12,0,1,0,0,50,0
36,13,2,9,0,1,0,0,40,0
24,13,4,9,3,0,0,0,20,0
50,14,2,11,0,1,7688,0,45,1
32,9,0,4,1,1,0,0,65,0
26,13,4,3,1,0,0,0,40,0
38,11,2,9,0,1,0,0,42,0
47,13,6,2,4,0,6497,0,40,0
31,10,2,3,0,1,0,0,40,1
38,9,2,2,0,1,0,0,55,0
50,10,2,11,0,1,0,0,40,1
18,7,4,5,3,1,0,0,40,0
59,14,2,11,0,1,0,0,40,0
56,10,2,2,0,1,0,0,50,1
34,9,4,0,3,1,0,0,50,0
32,13,2,9,0,1,0,0,40,0
29,13,4,7,1,1,0,0,35,0
42,13,2,12,0,1,0,0,45,1
37,10,0,7,4,0,0,0,40,0
36,9,0,3,1,0,0,0,40,0
59,14,6,3,1,0,0,0,40,1
32,13,2,11,0,1,99999,0,50,1
52,9,2,10,0,1,0,0,56,1
29,9,4,7,1,1,0,0,40,0
39,15,4,9,1,0,14084,0,35,1
39,10,4,0,1,1,0,0,40,0
69,13,6,3,1,0,2346,0,15,0
43,9,2,7,5,0,0,0,35,0
39,11,2,2,0,1,0,1628,48,0
19,10,4,7,3,0,0,0,30,0
60,11,2,3,0,1,0,0,60,1
51,9,2,6,0,1,3137,0,40,0
75,10,6,9,1,0,0,0,8,0
37,11,4,9,4,0,5455,0,40,0
20,7,4,7,3,1,594,0,20,0
58,9,2,13,0,1,0,0,70,0
21,14,4,13,3,1,0,0,15,0
28,9,5,10,2,1,0,0,40,0
40,6,2,6,0,1,0,0,40,0
45,9,2,13,0,1,0,0,50,0
40,15,2,9,5,0,15024,0,40,1
41,10,4,2,1,0,0,0,40,0
58,9,0,3,4,0,0,0,40,0
44,11,2,2,0,1,7688,0,40,1
26,9,2,11,0,1,0,0,65,0
29,12,4,11,1,1,0,0,45,0
45,14,4,9,1,0,0,0,40,0
23,12,4,7,1,1,0,0,40,0
39,9,0,0,4,0,0,0,40,0
45,16,2,9,0,1,15024,0,40,1
51,14,2,9,0,1,15024,0,40,1
22,9,4,5,3,1,0,0,40,0
28,9,2,0,0,1,0,0,40,0
23,10,4,7,4,0,0,0,25,0
33,9,2,7,0,1,0,0,35,0
37,11,2,12,0,1,0,0,43,0
19,10,4,0,3,0,0,0,40,0
35,7,2,4,0,1,0,0,40,0
62,4,0,12,4,0,0,0,38,0
25,9,4,7,1,1,0,0,40,0
21,9,4,2,2,1,0,0,40,0
32,10,4,7,3,1,0,0,35,0
32,13,2,9,5,0,5013,0,45,0
70,9,6,0,1,0,0,0,12,0
57,7,2,2,0,1,0,0,40,0
31,10,4,2,1,1,0,0,40,0
37,13,2,3,0,1,0,0,60,1
34,9,0,7,4,0,0,0,36,0
26,10,2,4,0,1,0,0,78,0
44,10,2,11,0,1,0,0,48,0
66,4,2,2,0,1,0,0,40,0
39,9,0,2,4,0,0,0,40,0
31,9,2,6,0,1,0,0,40,1
53,11,2,12,0,1,0,0,40,1
36,9,2,6,5,0,0,0,50,0
61,5,2,2,0,1,0,0,40,0
43,13,2,11,0,1,0,0,40,1
38,10,2,3,0,1,0,0,40,0
26,9,4,0,1,1,0,0,50,0
27,9,2,5,0,1,0,0,8,0
58,5,0,7,1,0,0,0,40,0
37,9,0,0,4,0,0,0,12,0
56,4,2,2,0,1,0,0,26,0
36,10,5,3,1,1,0,0,60,1
29,9,4,2,1,1,0,0,40,0
28,6,4,13,4,1,0,0,30,0
61,16,2,9,0,1,0,0,40,1
66,5,2,4,0,1,0,0,25,1
31,10,2,4,0,1,7298,0,50,1
21,12,4,7,3,0,0,0,40,0
67,9,2,13,0,1,6418,0,58,1
26,9,6,13,1,1,0,0,40,0
21,10,4,2,1,1,0,0,50,0
33,9,2,6,0,1,0,0,40,0
33,9,0,7,4,0,0,0,32,0
59,13,2,3,0,1,10605,0,50,1
82,4,2,4,0,1,0,0,50,0
34,16,2,9,5,0,0,0,50,1
29,13,2,3,0,1,0,0,50,1
19,10,0,7,3,0,0,0,40,0
57,9,2,3,0,1,0,0,1,0
41,10,2,3,0,1,99999,0,50,1
55,6,2,7,0,1,2580,0,40,0
27,10,4,5,1,1,0,0,40,0
33,9,4,2,1,1,0,0,45,0
43,10,0,0,1,1,0,0,50,1
72,10,6,12,1,0,0,0,16,0
68,9,2,11,0,1,0,0,40,0
29,9,5,0,3,0,0,0,40,0
41,13,2,9,0,1,0,0,60,0
30,9,2,10,0,1,0,0,40,0
31,13,0,7,1,1,99999,0,70,1
54,3,3,7,4,0,0,0,30,0
32,12,5,3,4,0,25236,0,50,1
56,9,6,11,1,0,0,1974,40,0
41,11,2,9,0,1,0,0,35,1
48,9,0,0,1,0,0,0,40,0
66,4,2,4,0,1,0,0,48,0
25,13,4,11,1,0,0,0,50,0
31,9,2,6,0,1,0,1573,40,0
32,12,0,11,1,1,2597,0,48,0
51,13,2,3,0,1,7688,0,40,1
42,9,4,0,2,0,0,2339,40,0
31,15,2,9,0,1,0,0,60,1
43,9,2,3,5,0,0,0,40,0
42,10,4,13,4,0,0,0,40,0
20,9,4,7,2,1,0,0,40,0
40,13,2,9,0,1,0,0,40,1
65,9,6,0,1,0,0,0,20,0
53,13,2,9,0,1,0,0,52,1
56,10,2,2,0,1,0,1902,60,1
51,16,2,3,0,1,7688,0,55,1
44,14,2,3,0,1,0,0,50,1
49,9,2,3,0,1,0,1902,60,1
47,9,0,2,1,1,8614,0,44,1
22,12,2,9,5,0,0,0,40,0
53,10,5,2,1,1,0,2444,45,1
41,10,0,10,1,1,0,0,20,0
19,9,4,0,3,1,0,2001,40,0
27,13,4,9,1,0,3325,0,43,0
48,11,2,3,5,0,0,0,25,1
52,4,4,7,3,0,0,0,7,0
61,15,2,9,0,1,0,1902,40,1
45,13,2,3,0,1,0,0,45,1
29,5,2,6,0,1,0,0,40,0
41,10,0,7,1,1,0,0,21,0
38,10,0,3,4,1,0,0,60,0
32,10,2,9,5,0,0,0,40,1
37,9,2,7,0,1,0,0,40,0
55,6,2,6,0,1,0,0,40,0
62,9,2,13,0,1,0,0,40,0
48,9,2,6,0,1,0,0,40,0
43,10,2,3,0,1,0,0,50,1
25,9,4,11,3,1,0,0,24,0
47,9,5,7,1,0,0,0,40,0
49,13,2,4,0,1,0,0,70,0
55,9,2,7,0,1,0,0,40,0
42,9,0,0,4,0,0,0,40,0
40,9,0,0,3,1,0,0,40,0
34,11,2,3,0,1,0,0,40,0
38,9,5,11,4,0,0,0,10,0
39,9,2,2,0,1,0,0,40,1
45,12,0,2,1,0,0,0,55,0
43,12,4,11,3,1,0,0,40,0
32,9,4,3,1,0,0,0,40,0
18,10,4,7,3,0,0,0,20,0
27,14,4,9,1,1,0,0,40,0
57,12,0,12,1,0,0,0,40,0
38,9,2,0,5,0,0,0,60,0
67,13,2,9,0,1,0,0,40,1
26,7,5,7,4,0,0,0,20,0
21,9,4,6,3,1,0,0,40,0
17,6,4,7,3,1,0,0,15,0
31,9,2,2,0,1,0,0,40,0
51,12,5,11,1,1,0,0,30,0
29,13,2,3,0,1,0,0,40,1
28,13,4,2,3,1,0,0,40,1
32,12,2,9,0,1,0,0,45,1
31,10,2,10,0,1,3464,0,45,0
26,10,2,5,0,1,0,0,40,1
28,13,0,9,1,0,0,0,40,0
40,14,4,9,1,0,0,0,40,0
51,4,4,5,3,1,0,0,19,0
62,10,2,13,0,1,0,0,20,0
54,6,2,6,0,1,0,0,60,0
55,9,5,7,1,0,0,0,16,0
24,9,4,5,1,1,0,0,20,0
27,14,4,0,3,1,0,0,45,0
18,9,4,13,3,1,0,0,30,0
22,13,4,9,1,0,14344,0,40,1
21,9,4,11,1,0,0,0,40,0
44,10,2,11,0,1,0,0,80,1
38,13,2,9,0,1,0,0,40,1
39,13,2,9,0,1,0,0,50,1
27,9,2,2,0,1,0,0,40,0
35,7,0,2,1,1,0,0,40,0
51,10,2,2,0,1,0,1977,60,1
60,10,2,7,0,1,0,0,40,0
38,9,2,6,0,1,0,0,40,0
37,10,5,5,1,1,0,0,35,0
43,10,0,0,3,0,0,0,40,0
49,10,0,0,4,0,0,0,50,0
17,6,4,7,3,0,0,0,25,0
32,9,4,7,1,1,0,0,60,0
23,13,4,9,1,0,0,0,38,0
28,13,2,9,0,1,0,1887,40,1
83,13,2,3,0,1,0,2392,55,1
25,13,4,0,3,0,0,0,40,0
42,13,2,3,0,1,0,1485,60,0
46,7,4,7,1,1,0,0,40,0
29,13,4,9,1,0,0,0,50,0
44,14,2,3,0,1,0,0,45,1
60,15,2,11,0,1,0,0,45,1
30,11,0,10,4,0,0,0,40,0
24,10,4,11,3,0,0,0,17,0
17,6,4,7,3,0,0,0,10,0
31,12,4,12,3,0,0,0,40,0
52,10,2,2,0,1,0,0,40,1
39,13,4,3,3,0,0,0,35,0
73,13,2,11,0,1,0,0,50,1
38,9,4,7,4,0,0,0,24,0
48,9,0,7,1,0,0,0,20,0
60,6,6,11,1,0,0,0,40,0
26,9,4,13,1,1,0,0,40,0
20,9,4,7,2,1,0,0,40,0
54,16,4,3,1,0,0,0,40,1
50,9,2,7,0,1,0,0,40,0
20,10,4,0,3,0,0,0,40,0
23,10,4,0,2,1,0,0,22,0
35,11,2,2,0,1,0,0,40,1
43,6,4,6,1,1,0,0,40,0
50,9,2,0,0,1,0,0,32,0
58,2,5,4,1,1,0,0,50,0
55,12,0,0,3,1,0,0,40,0
29,13,2,3,0,1,0,0,45,1
47,10,0,6,1,0,0,0,40,0
39,9,2,9,5,0,0,0,40,0
63,9,2,0,5,0,0,0,35,1
27,9,4,13,1,1,0,0,60,0
38,10,4,3,3,0,0,0,40,0
25,9,4,5,1,1,0,0,65,0
31,9,2,7,0,1,0,0,52,0
40,10,4,0,3,0,0,0,40,0
42,16,4,9,1,1,0,0,50,0
52,9,2,11,0,1,0,0,40,1
46,13,2,0,0,1,0,0,40,1
31,10,5,7,4,0,0,0,50,0
33,9,0,7,4,0,0,0,40,0
58,9,4,0,4,0,0,0,40,0
52,9,0,12,4,1,4934,0,36,1
25,13,4,3,1,1,13550,0,35,1
54,13,2,11,0,1,0,0,40,1
46,14,2,0,0,1,0,1740,60,0
28,9,2,2,0,1,0,0,40,0
24,4,2,2,0,1,0,0,40,0
39,13,4,3,1,0,0,0,40,0
60,10,2,12,0,1,0,0,40,0
22,9,4,7,4,0,0,0,40,0
27,13,4,3,3,0,0,0,40,0
35,13,2,11,0,1,0,0,45,1
47,13,2,9,0,1,0,0,50,0
33,13,2,9,5,0,0,0,50,1
40,13,2,3,0,1,0,0,45,1
38,13,2,3,0,1,5178,0,40,1
26,12,5,2,1,0,0,0,40,0
54,13,2,11,0,1,0,0,50,1
60,4,0,6,1,1,0,0,40,0
32,14,4,3,1,0,0,0,40,0
19,10,4,0,3,0,0,0,15,0
31,7,4,0,4,0,0,0,48,0
29,9,5,11,4,0,0,0,25,0
39,9,4,11,4,0,0,0,40,0
26,9,0,7,4,0,0,0,35,0
27,11,4,3,3,1,0,0,40,0
52,5,6,0,4,0,0,0,40,0
50,10,0,7,4,0,0,0,40,0
51,9,2,6,0,1,0,0,45,1
51,9,2,0,0,1,0,0,40,1
40,9,2,11,0,1,0,0,40,1
61,4,6,4,1,1,0,0,40,0
35,9,0,2,4,1,0,0,40,0
31,14,2,3,0,1,0,0,40,1
43,9,2,2,0,1,0,1902,40,1
20,9,4,5,3,1,0,0,40,0
35,10,5,2,1,1,0,0,40,0
30,10,2,11,0,1,0,1672,45,0
42,15,2,9,0,1,0,1887,40,1
51,9,2,5,0,1,0,0,40,1
39,14,0,3,1,1,0,0,99,1
69,5,2,4,0,1,0,0,25,0
29,10,4,0,4,0,2174,0,40,0
21,10,4,11,3,1,0,0,20,0
24,13,4,12,1,1,0,0,55,0
55,9,2,7,0,1,0,0,40,0
42,9,2,2,0,1,0,0,45,0
48,7,2,7,5,0,0,0,40,0
31,13,4,12,1,0,0,0,42,0
52,11,2,3,0,1,0,0,40,1
30,10,4,7,1,0,0,0,40,0
29,9,4,2,1,1,0,0,40,0
32,10,2,5,0,1,0,0,40,0
47,10,2,9,0,1,7688,0,40,1
56,5,2,2,0,1,0,0,40,0
40,10,2,13,0,1,0,0,40,0
20,10,4,9,3,0,0,0,10,0
36,10,5,2,1,1,0,0,40,0
45,13,4,9,1,1,0,0,40,0
38,5,2,0,0,1,0,0,40,0
60,15,2,9,0,1,0,0,40,1
70,14,2,3,0,1,0,0,40,0
21,10,4,7,3,0,0,0,30,0
57,9,6,0,1,0,0,0,40,0
33,9,2,6,0,1,0,0,48,0
37,9,2,2,0,1,0,1902,50,0
50,15,2,3,0,1,99999,0,50,1
68,10,2,11,0,1,0,2377,55,1
28,7,2,0,5,0,0,0,40,0
32,10,2,2,0,1,0,0,40,0
30,15,0,9,1,1,10520,0,50,1
18,7,4,5,3,1,0,0,30,0
45,10,0,9,4,0,0,0,20,0
22,9,4,0,4,0,0,0,40,0
38,13,4,6,1,0,0,0,8,0
37,11,0,9,1,0,0,0,40,0
23,13,4,4,1,1,0,0,40,0
59,4,2,2,0,1,0,0,40,0
48,15,2,9,0,1,15024,0,40,1
53,10,2,3,0,1,15024,0,50,1
18,9,4,0,3,1,0,0,25,0
30,13,4,11,1,0,0,0,40,0
50,10,2,11,0,1,0,0,45,1
38,9,2,2,0,1,4064,0,40,0
48,5,0,11,1,0,0,0,40,0
60,9,2,2,0,1,0,0,40,0
46,9,5,5,4,0,0,0,50,0
39,13,2,11,0,1,0,0,60,1
55,10,2,9,0,1,0,0,40,1
17,7,4,11,3,1,0,0,15,0
46,13,2,11,0,1,0,0,55,1
50,9,0,11,4,0,0,0,65,0
32,13,4,10,1,1,0,0,30,0
18,9,4,7,3,0,0,0,40,0
34,9,5,7,1,1,0,0,40,0
50,13,0,9,1,1,0,0,45,1
32,7,2,3,0,1,0,0,55,0
23,13,4,9,1,0,0,0,40,0
26,13,4,9,1,1,0,0,50,0
46,12,0,9,1,0,0,0,50,0
43,10,2,11,0,1,0,0,55,0
32,9,2,13,0,1,0,0,60,1
37,12,0,9,4,0,0,0,38,0
48,10,2,13,0,1,0,0,45,1
28,13,4,0,1,1,0,1408,40,0
43,9,2,6,0,1,0,0,40,0
51,6,6,7,1,0,0,0,24,0
30,9,4,6,1,1,0,0,50,0
34,14,2,9,0,1,0,0,50,1
34,9,2,2,2,1,0,0,40,0
41,13,2,3,0,1,0,0,60,1
53,6,0,0,4,0,0,0,48,0
42,1,2,2,0,1,0,0,40,0
18,9,4,7,3,0,0,0,30,0
81,13,6,11,1,1,0,0,50,1
40,11,2,9,0,1,0,0,40,0
26,13,4,12,3,0,0,0,35,0
20,10,4,12,3,0,0,0,15,0
41,9,4,11,1,0,0,0,50,0
49,14,2,9,0,1,0,0,45,1
22,10,4,7,1,0,0,0,20,0
46,13,0,9,1,1,0,0,45,1
56,10,0,3,1,0,0,1980,40,0
35,9,2,3,5,0,0,0,40,1
34,13,5,3,1,0,0,0,35,0
29,14,2,9,5,0,0,0,40,1
35,13,4,7,1,1,0,0,37,0
29,10,2,3,0,1,0,0,40,0
21,10,4,0,1,0,0,0,30,0
52,10,2,3,0,1,0,0,95,1
45,9,2,2,0,1,0,0,40,0
43,9,2,2,0,1,0,0,40,0
35,6,4,7,3,1,0,0,40,0
30,9,2,0,0,1,0,0,40,0
45,9,4,6,4,0,0,0,40,0
29,10,4,7,2,0,0,0,20,0
29,6,4,7,3,0,0,0,40,0
33,13,4,3,1,0,0,0,40,0
17,6,4,7,3,1,0,0,15,0
52,9,0,11,4,0,0,0,25,0
24,10,5,0,4,0,0,0,35,0
32,9,2,13,0,1,0,0,40,1
40,13,4,3,1,0,4650,0,48,0
33,13,4,11,1,0,0,0,40,0
30,4,4,2,1,1,0,0,38,0
28,9,4,0,1,1,0,0,40,0
62,12,2,4,0,1,0,0,50,0
46,13,2,10,0,1,15024,0,40,1
32,11,4,12,1,0,0,0,64,0
26,9,2,2,0,1,0,0,40,1
41,13,2,9,0,1,15024,0,40,1
57,10,2,0,0,1,0,0,40,1
52,10,2,11,0,1,7298,0,45,1
35,13,2,3,0,1,0,0,50,1
19,9,4,5,3,1,0,0,16,0
49,13,4,3,1,1,0,0,45,1
38,7,2,0,5,0,0,0,32,0
30,9,4,6,3,1,0,0,40,0
32,7,2,5,0,1,0,0,40,0
32,9,2,3,5,0,0,0,50,1
46,11,4,3,3,0,0,0,40,0
22,9,4,4,1,1,0,0,50,0
47,10,2,10,0,1,0,0,50,0
57,10,2,11,5,0,0,0,25,1
47,10,0,0,4,0,0,0,40,0
41,13,2,9,0,1,0,0,56,1
36,9,2,13,0,1,0,0,40,0
32,13,2,4,0,1,0,0,60,0
37,7,3,7,2,1,0,0,40,0
36,9,2,4,0,1,0,0,45,0
64,9,2,2,0,1,2635,0,40,0
17,6,4,7,3,1,0,0,15,0
23,10,4,0,3,0,0,0,15,0
40,10,0,0,4,0,914,0,40,0
42,13,2,3,0,1,15024,0,50,1
37,9,2,7,0,1,0,0,42,0
35,10,4,5,4,0,0,0,40,0
56,9,0,7,1,1,0,0,50,0
52,13,2,2,0,1,0,0,40,0
37,13,2,12,0,1,0,0,45,1
48,16,2,9,0,1,0,0,65,1
24,9,0,7,3,0,0,0,40,0
33,11,2,2,0,1,0,0,40,0
39,11,2,12,0,1,0,0,40,0
34,9,0,0,1,1,0,0,42,0
23,10,4,3,3,1,0,0,24,0
49,9,2,11,0,1,99999,0,65,1
18,9,4,7,1,1,0,0,25,0
20,8,4,6,3,1,0,0,40,0
54,14,2,11,0,1,0,0,55,1
19,10,4,0,3,1,0,0,40,0
53,9,2,2,0,1,0,0,46,1
28,9,4,2,3,1,0,0,40,0
35,9,2,6,0,1,0,0,40,0
20,10,4,11,1,0,0,0,20,0
31,10,0,0,1,0,0,0,50,0
37,16,5,9,4,0,0,0,40,0
64,8,2,2,0,1,0,0,40,0
42,10,2,12,0,1,0,0,40,1
27,10,0,11,1,1,0,0,50,0
36,10,4,7,4,0,0,0,50,0
36,10,2,2,0,1,0,0,40,1
23,9,4,5,3,1,0,0,40,0
46,9,2,2,0,1,3464,0,40,0
24,7,4,2,1,1,0,0,35,0
22,9,4,0,3,0,0,0,40,0
62,13,2,3,0,1,0,0,40,1
19,9,4,7,3,1,0,0,40,0
20,9,4,7,3,1,0,0,30,0
57,9,4,0,3,0,0,0,40,0
19,9,4,6,3,1,0,0,35,0
37,14,2,9,5,0,0,0,45,1
35,9,2,11,0,1,0,0,65,1
17,8,4,11,3,0,0,0,20,0
36,10,0,0,4,0,0,0,35,0
50,10,2,13,0,1,0,0,40,1
35,9,2,9,5,0,3942,0,35,0
27,16,4,9,1,1,0,0,77,0
28,9,2,2,0,1,0,1740,30,0
29,15,0,9,1,1,99999,0,60,1
25,9,5,2,1,1,0,0,40,0
47,12,6,3,1,0,0,0,67,0
29,14,2,9,5,0,0,0,45,1
19,9,4,0,1,0,0,0,40,0
49,10,2,13,0,1,0,0,40,0
31,15,2,9,0,1,0,0,25,1
43,12,2,9,5,0,0,0,40,0
56,7,2,2,0,1,0,0,40,0
42,9,0,2,4,0,0,0,40,0
45,10,2,9,0,1,0,0,56,1
40,13,6,3,4,0,0,0,40,0
44,10,0,0,4,0,0,0,38,0
36,9,0,0,4,0,0,0,40,0
19,10,4,11,3,0,0,0,20,0
53,9,2,0,5,0,0,0,40,1
72,10,2,2,0,1,0,0,35,0
46,11,2,13,0,1,0,0,60,0
33,10,5,9,4,0,0,0,37,0
22,5,4,5,3,1,0,0,40,0
46,5,2,6,0,1,0,0,43,0
33,9,4,11,3,0,0,0,20,0
32,1,2,6,0,1,0,0,40,0
52,9,0,2,1,1,0,0,40,0
27,9,4,0,3,0,0,0,40,0
48,9,2,10,0,1,0,0,72,1
22,10,4,0,1,0,0,0,35,0
25,9,0,7,1,1,0,0,50,0
38,11,2,11,0,1,0,0,40,0
37,9,2,13,0,1,0,0,50,0
49,10,0,0,4,0,0,0,40,0
40,13,2,2,0,1,0,0,30,0
48,9,2,6,0,1,3103,0,46,1
31,10,4,0,4,0,0,0,40,0
40,9,2,7,0,1,0,0,45,0
25,9,0,11,4,0,0,0,37,0
68,13,2,3,0,1,20051,0,45,1
19,8,4,4,3,0,0,0,30,0
35,9,4,13,1,1,0,0,60,0
28,9,0,0,4,0,0,0,50,0
53,9,0,11,1,0,2597,0,40,0
33,10,2,13,0,1,0,0,41,0
20,9,4,5,3,1,0,0,40,0
45,13,4,11,1,0,0,0,35,0
36,13,2,3,0,1,0,0,50,1
34,10,2,3,0,1,0,0,45,0
32,10,4,0,3,0,0,0,40,0
19,10,4,13,3,1,0,0,25,0
24,9,4,0,3,0,0,0,40,0
34,10,2,6,0,1,0,0,40,1
32,9,4,0,2,0,0,0,35,0
37,9,2,2,0,1,0,0,45,1
31,10,5,11,4,0,0,0,40,0
21,10,4,7,3,0,0,0,35,0
47,9,2,13,0,1,0,0,85,1
23,10,2,2,0,1,0,0,40,0
33,14,2,3,0,1,0,0,40,1
17,9,4,0,3,1,0,0,20,0
67,9,2,5,0,1,0,0,24,0
57,14,2,9,0,1,0,0,55,1
17,7,4,5,3,1,0,0,20,0
53,9,2,2,0,1,0,0,40,0
25,10,2,2,0,1,3103,0,50,1
24,9,2,13,0,1,0,0,49,1
48,10,2,13,0,1,0,0,40,0
51,14,2,3,0,1,0,1887,47,1
38,9,5,10,1,1,0,0,40,0
51,9,2,9,0,1,0,0,46,1
18,9,4,12,3,0,0,0,10,0
23,10,5,11,4,0,0,0,40,0
42,10,2,2,0,1,0,0,60,1
39,9,4,6,4,1,0,0,40,0
39,10,4,7,4,0,0,0,40,0
21,10,4,4,3,1,0,0,40,0
26,4,4,2,1,1,0,0,40,0
54,10,2,2,0,1,0,0,40,0
34,10,0,11,1,0,0,0,40,0
32,9,4,13,3,1,0,0,40,0
59,4,2,13,0,1,0,0,40,0
54,13,6,11,4,0,0,0,40,0
54,13,2,3,0,1,0,0,40,0
67,9,6,11,1,0,991,0,18,0
33,9,2,9,0,1,0,0,60,0
37,9,2,0,5,0,0,0,40,0
47,13,0,7,1,0,0,0,25,0
51,9,0,7,1,0,0,0,40,0
45,9,2,13,0,1,0,0,40,0
19,9,4,7,1,0,0,0,30,0
58,16,2,9,0,1,0,0,24,1
27,9,4,2,1,1,3325,0,40,0
36,10,4,7,1,0,0,1617,40,0
51,9,4,0,1,0,0,0,40,0
45,14,4,9,1,0,0,0,60,0
32,9,0,0,4,1,3887,0,40,0
59,9,0,7,1,0,0,0,40,0
45,13,2,9,0,1,0,0,40,1
54,6,0,9,4,1,14344,0,68,1
29,13,4,9,3,0,0,0,42,0
28,7,4,7,1,0,0,0,40,0
18,7,4,11,3,0,0,0,40,0
49,13,0,9,1,0,0,0,50,0
46,9,0,2,1,1,0,0,30,0
56,13,4,9,1,0,0,0,45,0
41,12,0,3,4,0,0,0,50,0
50,15,2,9,0,1,0,2415,60,1
74,10,2,9,0,1,0,1648,35,0
30,9,2,3,0,1,0,0,40,0
62,9,6,2,4,0,0,0,40,0
19,9,4,6,3,0,0,0,40,0
29,9,2,0,5,0,0,0,40,0
36,4,2,4,0,1,0,0,35,0
36,9,4,7,1,1,0,0,40,0
51,12,2,0,5,0,0,1628,30,0
37,10,2,3,0,1,4386,0,50,1
29,9,2,2,0,1,0,0,40,0
17,6,4,5,3,1,0,0,20,0
18,9,4,0,3,0,0,0,20,0
40,13,4,9,3,1,0,0,40,0
26,13,4,0,1,0,0,0,40,0
42,10,2,2,0,1,0,0,45,0
32,9,0,2,1,1,0,0,40,0
33,5,2,13,2,1,0,0,40,0
43,13,2,6,0,1,0,1902,40,1
47,9,2,2,0,1,0,0,40,0
37,10,4,12,3,0,0,0,40,0
37,9,2,7,0,1,0,0,30,0
50,10,2,0,2,0,0,0,35,1
19,9,4,11,3,1,0,0,50,0
32,10,2,7,0,1,0,0,40,0
44,11,0,12,4,1,0,0,40,0
20,10,4,7,3,0,0,0,16,0
29,10,4,12,1,0,0,0,40,0
34,11,4,9,4,0,0,0,40,0
44,13,2,3,0,1,0,0,52,0
18,7,4,7,3,0,0,0,20,0
22,10,4,12,2,0,0,0,40,0
39,16,0,9,1,0,0,0,40,1
26,10,4,10,1,1,0,0,40,0
21,10,4,7,3,1,0,0,40,0
49,13,2,9,0,1,0,0,50,0
24,12,4,6,3,1,0,0,20,0
25,10,4,10,1,1,0,0,60,0
30,12,2,9,0,1,0,0,40,0
52,13,2,9,0,1,0,0,38,1
30,9,2,2,0,1,0,0,40,0
20,9,4,0,1,1,0,0,40,0
31,9,0,5,1,1,0,0,40,0
44,13,2,3,0,1,0,0,40,1
46,10,2,11,0,1,0,0,60,1
31,9,4,4,3,0,0,0,40,0
57,4,6,7,1,0,0,0,10,0
58,9,2,2,0,1,0,0,40,0
41,9,2,2,0,1,0,0,40,0
23,9,4,0,1,0,0,0,40,0
47,9,0,7,4,0,0,0,40,0
72,15,2,9,0,1,0,2246,28,1
26,13,0,3,1,1,0,1876,38,0
45,10,4,0,3,1,0,0,40,0
48,15,2,3,0,1,99999,0,50,1
23,10,4,5,1,1,0,0,40,0
20,9,4,7,4,0,0,0,40,0
18,7,4,7,3,1,0,0,15,0
27,13,4,3,1,0,0,0,40,0
25,9,4,5,1,1,0,0,35,0
45,9,4,8,4,0,0,0,30,0
53,10,4,3,1,0,0,0,40,0
54,10,2,2,0,1,0,0,45,1
41,9,2,11,0,1,0,1902,40,1
23,5,4,6,2,1,0,0,35,0
17,6,4,7,3,1,0,0,18,0
42,9,2,2,0,1,0,0,40,0
61,8,3,9,1,1,0,0,40,0
57,10,6,0,4,0,0,2258,38,1
21,10,4,2,3,1,0,0,35,0
44,10,2,11,0,1,0,0,40,1
48,12,0,7,1,1,0,0,44,0
46,15,0,4,4,1,0,0,48,0
37,9,4,4,1,1,0,0,86,0
35,9,4,3,1,0,0,0,54,0
27,13,4,13,1,0,0,0,40,0
28,10,4,11,1,1,0,0,40,0
19,9,4,5,3,1,0,0,10,0
63,13,2,11,0,1,0,0,50,1
36,11,3,10,3,0,0,0,40,0
20,8,4,7,3,1,0,0,35,0
28,13,2,10,0,1,0,0,50,0
58,9,2,11,5,0,0,0,38,0
48,9,2,11,0,1,0,0,40,0
39,10,0,3,4,0,0,0,56,0
38,9,2,2,0,1,0,2051,44,0
50,12,0,9,1,0,0,0,40,0
35,13,4,9,1,0,0,0,40,0
45,13,0,3,4,1,0,0,50,0
38,10,2,2,0,1,0,0,38,0
54,12,0,3,4,0,0,0,55,1
42,13,4,9,3,0,0,0,12,0
63,10,2,11,0,1,0,0,30,0
21,5,4,6,1,1,0,0,48,0
46,13,2,10,0,1,0,0,40,1
43,10,4,0,4,0,0,0,40,0
35,9,2,3,0,1,0,0,60,0
37,5,2,13,0,1,0,0,40,0
51,9,4,2,4,0,0,0,45,0
45,13,2,3,0,1,0,0,72,1
19,8,4,7,3,1,0,1602,20,0
61,5,6,3,1,1,0,0,65,0
21,9,4,11,1,0,0,0,40,0
45,9,2,13,0,1,0,0,40,0
38,13,2,3,0,1,0,0,50,1
28,13,2,9,5,0,0,0,40,1
40,13,2,9,0,1,0,0,35,0
32,9,4,6,4,0,0,0,40,0
55,10,3,0,4,0,0,0,35,0
64,9,6,9,1,0,0,0,23,0
34,9,5,0,4,1,0,0,40,0
58,10,0,7,4,0,0,0,40,0
46,12,2,2,0,1,0,1485,55,0
44,11,2,3,0,1,0,0,40,0
31,10,5,7,4,0,0,0,40,0
31,9,4,6,4,0,0,0,40,0
39,10,2,11,5,0,0,0,45,1
19,8,4,11,3,0,0,0,18,0
56,9,0,7,4,0,0,0,40,0
53,5,2,3,0,1,0,0,40,0
69,9,6,7,1,0,991,0,18,0
62,10,2,11,0,1,0,0,40,1
62,9,2,7,0,1,0,0,40,0
39,9,0,7,4,0,0,0,40,0
45,12,4,3,1,1,0,0,40,0
29,10,2,0,0,1,0,0,50,0
33,10,2,7,0,1,0,0,40,0
34,10,2,6,0,1,7298,0,40,1
29,9,4,6,1,0,0,0,40,0
65,7,2,3,0,1,6418,0,35,1
18,10,4,11,3,0,0,0,35,0
22,9,4,4,3,1,0,0,40,0
30,13,2,0,0,1,0,1902,40,1
44,13,2,6,0,1,0,0,40,1
48,10,0,9,4,0,0,0,20,0
52,9,0,0,1,1,0,0,45,0
53,13,2,3,0,1,7688,0,20,1
48,9,3,0,4,0,1471,0,40,0
25,13,4,0,3,0,0,0,40,0
41,13,2,11,0,1,7688,0,50,1
37,9,4,2,1,1,0,0,40,0
55,6,2,13,0,1,0,0,45,0
67,9,4,0,1,0,0,0,38,0
36,10,0,0,1,1,0,0,45,0
47,9,5,11,1,0,0,0,52,0
25,13,4,11,1,0,0,0,16,0
19,5,4,4,2,1,0,0,16,0
24,4,5,6,3,1,0,0,40,0
30,10,4,11,3,1,0,0,25,0
17,7,4,0,3,1,0,0,16,0
28,13,4,0,3,1,0,0,40,0
34,11,2,0,0,1,3908,0,45,0
35,10,2,11,0,1,0,0,46,0
24,10,2,10,0,1,0,0,40,0
43,9,2,0,5,0,0,0,35,1
55,14,0,3,4,1,0,0,40,1
22,10,4,0,3,0,0,0,35,0
20,10,4,7,3,1,0,0,50,0
44,9,0,7,4,0,0,0,40,0
38,12,4,2,1,1,0,0,40,0
53,5,6,11,4,0,0,0,25,0
26,10,5,11,3,1,2597,0,48,0
58,10,2,10,0,1,0,1902,40,1
23,9,4,3,1,1,0,0,40,0
53,2,2,13,0,1,0,0,50,0
35,9,0,2,4,1,2354,0,40,0
41,9,2,11,0,1,0,0,62,0
31,9,2,6,0,1,0,0,40,0
50,9,6,9,4,0,0,0,40,0
57,5,2,11,0,1,0,0,55,1
25,7,2,12,0,1,0,0,40,0
23,9,2,6,0,1,0,0,40,0
48,13,4,3,1,1,0,0,50,0
34,10,0,11,1,0,0,0,60,0
43,13,2,11,2,1,0,0,45,0
20,10,4,11,2,1,1055,0,20,0
40,13,2,9,0,1,99999,0,75,1
27,10,2,0,5,0,0,1579,40,0
35,6,2,2,0,1,0,0,40,0
33,13,4,11,1,0,0,0,40,0
57,10,0,2,1,0,0,0,40,0
43,12,2,12,0,1,0,0,40,0
40,12,2,3,0,1,0,1848,55,1
54,10,0,13,1,1,0,0,55,0
28,10,0,0,1,0,0,0,40,0
32,9,2,2,0,1,0,0,40,0
49,9,2,11,0,1,0,0,50,1
52,9,2,2,0,1,0,0,40,0
41,6,2,13,0,1,0,0,60,0
19,9,4,4,3,1,0,0,40,0
33,9,0,2,3,0,0,0,42,0
25,13,2,9,5,0,0,0,32,0
44,7,0,11,4,0,0,0,44,0
20,10,4,9,3,1,0,0,40,0
46,6,3,7,1,1,0,0,37,0
39,9,2,11,0,1,0,0,50,0
34,9,4,5,1,1,0,0,40,0
19,9,4,5,3,1,0,0,35,0
27,9,2,2,0,1,5178,0,40,1
53,5,2,13,0,1,0,0,40,0
46,11,0,6,4,1,0,0,40,0
39,10,4,6,2,1,0,0,40,0
30,9,2,5,0,1,0,0,40,0
53,14,2,3,0,1,0,0,45,1
33,5,2,5,0,1,0,0,40,0
22,10,2,3,5,0,0,0,40,0
44,10,0,7,4,0,0,0,35,0
30,10,0,11,4,0,0,0,40,0
66,10,0,0,1,0,0,0,20,0
39,13,2,2,0,1,0,0,40,0
37,9,2,9,0,1,0,0,50,1
34,9,2,5,5,0,0,0,40,0
17,7,4,2,3,1,0,0,20,0
43,13,4,11,1,1,0,0,60,1
46,13,2,9,0,1,0,0,50,1
17,7,4,7,1,1,0,0,20,0
60,4,2,6,0,1,3137,0,40,0
63,14,2,12,0,1,5013,0,40,0
42,12,2,11,0,1,0,0,40,0
30,5,2,2,0,1,0,0,40,0
33,9,2,13,0,1,0,0,40,0
43,10,2,11,0,1,0,0,40,0
20,5,4,3,2,0,0,0,40,0
30,10,4,4,2,1,0,0,72,0
37,9,2,13,0,1,0,0,45,0
49,13,2,9,0,1,0,0,40,1
65,9,6,7,4,0,0,0,17,0
35,15,2,9,0,1,0,0,55,1
27,13,2,2,0,1,0,0,40,0
33,9,2,11,0,1,0,1977,45,1
18,8,4,11,3,0,0,0,20,0
41,14,2,9,0,1,0,0,50,0
38,13,4,3,1,1,0,1340,40,0
45,9,2,6,0,1,0,0,40,0
33,10,5,7,4,0,0,0,38,0
47,9,0,9,4,0,0,0,40,0
30,12,2,0,5,0,0,0,20,0
36,12,2,9,0,1,0,0,40,0
21,9,4,11,3,1,0,0,30,0
44,13,4,9,1,1,0,0,40,0
33,9,3,11,1,1,0,0,20,0
29,10,2,2,0,1,0,0,40,0
45,10,2,2,0,1,0,0,40,1
29,11,4,10,1,1,0,1564,56,1
27,13,4,9,3,0,0,0,40,0
21,10,2,6,0,1,0,0,20,0
49,10,2,2,0,1,0,0,45,1
35,10,2,3,0,1,0,0,50,0
47,9,2,2,0,1,5178,0,40,1
37,10,2,13,0,1,0,0,40,0
37,11,2,9,0,1,0,0,48,1
26,9,0,2,1,1,0,0,40,0
55,10,2,2,0,1,0,0,45,0
47,12,2,11,0,1,5178,0,50,1
59,9,5,2,4,0,0,0,40,0
70,9,6,0,4,0,0,0,5,0
53,9,2,12,0,1,0,0,40,1
39,9,0,9,4,0,0,0,40,0
38,5,2,5,0,1,0,0,40,0
33,10,5,12,4,0,0,0,50,0
28,9,4,0,1,1,0,0,40,0
74,6,0,7,1,0,0,0,1,0
40,13,2,0,0,1,0,0,40,1
35,11,0,11,1,1,0,0,40,0
35,9,0,2,1,1,0,0,50,0
41,10,2,11,0,1,0,0,40,1
38,10,4,11,1,1,0,0,50,0
29,6,2,2,0,1,0,0,35,1
46,9,2,3,0,1,0,0,50,0
46,9,0,2,1,0,0,0,40,0
40,13,2,9,0,1,0,0,60,1
29,13,2,3,0,1,7688,0,40,1
39,12,2,10,0,1,0,0,60,0
31,9,4,3,3,1,0,0,60,0
50,14,0,3,1,0,4650,0,70,0
31,13,4,9,1,0,0,0,40,0
27,10,2,2,0,1,0,0,45,0
27,10,4,5,1,1,0,0,25,0
28,13,4,9,1,0,0,0,20,0
21,9,4,7,3,0,0,0,30,0
57,13,0,3,1,1,0,0,40,0
56,14,0,9,1,0,0,0,40,0
48,1,5,7,4,0,0,0,40,0
36,10,0,11,4,1,0,0,55,0
51,8,2,13,0,1,0,0,40,0
39,12,4,13,1,1,0,0,48,0
43,9,2,13,0,1,0,0,70,1
51,9,2,6,0,1,0,0,40,0
43,9,2,9,0,1,0,0,40,0
44,14,2,9,0,1,7298,0,40,1
35,9,0,3,4,0,0,0,50,0
40,9,2,9,0,1,0,1902,40,1
39,6,5,7,3,0,0,0,12,0
23,1,4,7,3,0,0,0,15,0
26,7,2,6,0,1,0,0,40,0
25,9,4,9,3,0,0,0,40,0
29,10,5,5,1,1,0,0,42,0
30,9,4,6,1,1,0,0,45,0
57,13,2,0,0,1,0,1485,40,0
37,11,2,11,0,1,0,0,40,1
39,13,2,11,0,1,3103,0,48,1
37,14,4,3,1,0,0,0,40,1
21,10,4,11,3,0,0,0,16,0
25,10,2,0,5,0,0,0,40,0
61,9,6,0,4,0,0,0,40,0
59,9,2,0,0,1,2414,0,15,0
28,9,4,5,3,1,0,0,40,0
24,10,4,0,4,0,0,0,40,0
47,9,2,6,0,1,0,0,40,1
29,9,1,13,0,1,0,0,80,0
49,5,0,7,1,0,0,0,20,0
41,13,0,9,4,0,0,0,35,0
33,10,4,3,1,0,0,0,40,0
40,16,2,9,5,0,0,1977,20,1
32,10,0,5,1,1,0,0,16,0
48,13,0,11,1,1,0,0,40,1
24,10,4,11,3,0,0,0,40,0
50,11,2,12,0,1,0,0,38,1
31,9,4,10,2,1,0,0,40,0
23,11,2,2,0,1,0,0,55,1
35,9,2,7,0,1,0,0,40,0
50,9,2,10,0,1,0,0,40,0
39,5,0,5,1,1,0,0,50,0
52,4,2,7,0,1,0,0,48,0
44,9,2,4,0,1,0,0,80,0
43,13,2,9,0,1,0,0,50,1
39,9,2,9,0,1,0,0,40,0
33,4,4,4,1,1,0,0,40,1
31,14,4,3,1,1,0,1564,40,1
40,10,2,9,5,0,0,0,40,1
28,15,2,9,0,1,0,0,40,0
19,8,4,9,1,0,0,0,25,0
35,11,2,2,0,1,0,0,50,0
44,13,2,9,0,1,0,0,60,0
40,13,2,0,0,1,0,0,40,0
20,10,4,0,3,0,0,0,35,0
55,9,0,2,4,1,0,0,48,1
30,4,5,13,1,1,0,0,35,0
38,9,2,11,0,1,0,0,55,1
75,9,2,11,0,1,2653,0,20,0
17,7,4,7,3,1,0,0,15,0
20,10,4,11,3,1,0,0,30,0
25,12,4,12,1,1,0,0,30,0
27,13,2,11,0,1,0,0,45,0
19,10,4,11,3,0,0,0,20,0
21,10,2,11,5,0,0,0,40,0
19,10,4,7,3,1,0,0,20,0
42,10,4,7,1,1,0,0,40,0
28,6,2,2,0,1,0,0,36,0
47,10,2,2,0,1,0,0,40,1
59,10,0,7,4,0,0,0,32,0
50,9,2,2,0,1,0,0,40,1
48,9,2,3,0,1,0,0,80,0
33,9,2,10,0,1,0,0,40,0
27,12,4,11,1,0,0,0,40,0
45,16,4,9,1,1,99999,0,30,1
24,4,4,11,3,1,0,0,40,0
31,9,2,0,5,0,0,0,40,1
24,3,4,4,2,1,0,0,40,0
29,9,4,3,1,1,0,0,40,0
24,9,4,6,3,1,0,0,30,0
24,13,4,0,1,0,0,0,30,0
28,10,4,3,1,0,0,0,45,0
36,10,2,5,0,1,0,0,50,0
58,4,2,13,0,1,0,0,40,0
51,10,0,3,1,0,0,0,36,0
42,10,2,2,0,1,0,0,50,1
39,10,2,6,0,1,0,0,40,0
26,13,4,9,3,0,0,0,40,0
39,10,4,2,1,1,0,0,40,0
28,13,4,9,1,1,0,0,45,0
51,13,2,9,0,1,15024,0,40,1
45,13,3,3,4,1,0,0,40,0
45,11,2,2,0,1,0,0,40,0
23,13,4,9,1,0,0,0,40,0
38,10,4,7,1,1,0,1408,40,0
38,7,3,13,3,1,0,0,36,0
39,10,2,6,0,1,0,0,40,0
52,11,4,4,1,1,0,0,50,0
17,8,4,11,3,0,0,0,6,0
31,13,2,3,0,1,0,0,50,0
22,9,4,13,3,1,0,0,24,0
47,9,0,0,4,0,1831,0,38,0
28,10,4,0,1,0,0,0,40,0
41,9,2,13,0,1,0,0,50,1
29,14,4,9,1,1,0,0,42,0
42,15,0,9,4,1,0,0,60,1
52,10,2,0,0,1,0,0,40,0
35,13,4,9,1,0,0,0,40,0
28,12,4,0,3,0,0,0,40,0
46,14,2,9,0,1,7688,0,46,1
45,9,3,0,4,0,0,0,40,0
21,9,4,13,3,1,0,0,40,0
74,6,2,0,0,1,0,0,20,0
29,9,2,13,2,1,0,0,40,0
39,9,0,0,4,0,0,0,40,0
44,10,2,2,0,1,7688,0,45,1
23,13,4,4,1,1,0,0,40,0
32,12,0,3,1,0,0,0,40,0
43,9,0,3,1,0,0,0,30,1
23,1,4,7,1,0,0,0,40,0
18,10,4,0,3,0,0,0,38,0
38,9,2,5,0,1,0,0,40,0
33,13,5,9,1,1,4650,0,35,0
19,10,4,7,3,0,0,0,35,0
23,10,4,13,1,1,4101,0,40,0
37,9,0,12,3,1,0,0,45,0
25,9,4,4,3,1,0,0,40,0
45,8,2,0,5,0,3103,0,40,1
32,13,4,0,1,0,0,0,48,0
18,7,4,2,3,1,0,0,40,0
25,9,4,13,4,1,0,0,40,0
53,10,2,2,0,1,0,0,40,0
33,16,2,9,0,1,0,0,60,1
27,13,4,2,1,1,0,0,45,0
24,9,2,10,0,1,0,0,40,0
54,4,2,6,0,1,0,0,50,0
23,10,4,11,1,0,0,0,30,0
45,11,6,0,1,0,0,0,40,0
36,10,2,3,5,0,0,0,35,1
36,7,2,2,0,1,5178,0,40,1
44,14,4,9,1,0,0,1669,40,0
24,9,4,13,4,1,0,0,40,0
39,10,0,11,3,1,0,1380,70,0
50,9,3,5,4,0,0,0,40,0
38,9,2,3,5,0,15024,0,40,1
58,13,6,3,4,0,0,0,40,0
44,9,2,7,0,1,0,0,48,0
24,13,4,11,3,1,0,0,55,0
52,9,2,3,0,1,15024,0,40,1
46,13,0,11,1,1,8614,0,40,1
50,16,2,9,0,1,15024,0,60,1
34,12,2,2,0,1,0,0,44,0
40,12,4,12,1,1,0,0,40,0
53,13,0,0,4,0,0,0,40,0
24,9,4,0,3,0,0,0,40,0
26,10,2,2,0,1,0,0,45,0
22,12,4,5,3,1,0,0,40,0
36,9,2,2,0,1,0,0,40,0
36,13,2,9,0,1,0,0,45,1
43,13,2,9,5,0,0,0,28,0
60,4,2,5,0,1,0,0,40,0
49,14,2,9,0,1,7298,0,40,1
34,4,4,5,4,1,0,0,10,0
46,10,2,0,0,1,0,0,40,0
46,13,2,13,0,1,0,0,40,0
69,9,2,7,0,1,0,0,20,0
32,6,2,2,0,1,0,0,40,1
40,13,4,9,1,1,0,0,50,1
61,3,2,5,0,1,3411,0,45,0
56,10,2,3,0,1,0,0,40,1
47,9,2,12,0,1,0,0,40,0
29,9,2,6,0,1,0,0,40,0
37,9,2,6,0,1,0,0,46,0
51,15,4,9,1,0,0,2559,50,1
44,14,2,3,0,1,0,1902,40,1
33,9,5,7,4,0,0,0,40,0
51,15,0,9,1,1,0,0,80,1
24,11,2,6,0,1,0,0,40,0
37,11,4,7,3,0,0,0,40,0
40,10,0,3,1,1,0,0,40,0
34,14,4,3,3,1,0,0,40,0
69,7,6,0,1,0,0,0,20,0
41,11,0,7,4,0,0,0,10,0
40,9,2,2,0,1,0,0,40,0
57,10,4,5,3,1,0,0,40,0
26,13,2,3,0,1,0,0,55,0
53,9,2,2,0,1,0,0,46,1
39,13,0,3,1,1,0,0,55,0
51,13,6,0,1,0,0,0,40,0
56,13,2,3,0,1,0,0,40,1
51,6,5,0,4,0,0,0,40,0
17,8,4,9,3,1,0,0,20,0
42,10,0,3,1,0,0,1741,50,0
42,10,0,0,3,0,0,0,40,0
29,15,4,9,4,1,27828,0,45,1
33,13,2,9,0,1,0,0,40,1
43,10,0,6,1,1,0,0,40,0
64,15,2,9,0,1,0,0,9,1
40,9,0,13,1,1,0,0,60,1
21,3,4,5,1,1,0,0,40,0
31,10,2,3,0,1,0,0,40,0
60,11,6,3,4,0,0,0,40,1
32,8,2,11,0,1,0,0,40,1
27,9,4,2,3,1,0,0,20,0
40,9,2,3,5,0,0,0,40,0
27,9,2,7,5,0,0,0,40,1
18,10,4,7,3,1,0,0,30,0
43,9,5,7,1,0,0,0,40,0
52,9,2,6,0,1,0,0,48,1
31,9,4,7,1,1,0,0,85,0
28,9,2,13,0,1,0,0,60,0
44,14,4,9,1,0,0,0,35,0
37,10,2,4,0,1,0,0,84,0
35,13,2,3,0,1,0,0,50,1
42,5,5,2,4,1,0,0,40,0
18,6,4,7,3,1,0,0,10,0
46,14,2,11,0,1,0,1977,60,1
54,9,2,0,0,1,0,0,40,1
54,9,2,11,0,1,0,1672,50,0
56,10,0,0,1,0,0,0,45,0
27,10,4,11,4,1,0,0,50,0
26,13,4,0,3,0,0,0,40,0
41,10,2,2,0,1,0,0,40,0
32,10,0,6,4,0,0,0,40,0
18,9,4,0,3,0,0,0,30,0
36,9,2,5,0,1,0,0,65,0
37,6,4,5,1,1,0,0,40,0
31,3,4,4,3,1,0,0,25,0
46,13,2,3,0,1,0,0,51,0
24,9,0,6,1,1,0,0,40,0
25,13,4,3,3,1,0,0,35,0
55,3,2,2,0,1,0,0,50,0
64,9,6,3,1,1,0,0,40,0
30,13,4,9,1,0,0,0,40,0
65,14,4,9,1,1,0,0,99,0
46,13,0,9,1,1,0,0,40,0
45,14,2,3,0,1,15024,0,60,1
18,10,4,11,3,0,0,0,25,0
32,13,2,3,0,1,0,0,40,0
34,16,2,9,0,1,0,0,45,1
35,9,2,2,0,1,3137,0,40,0
26,9,4,2,3,1,3325,0,40,0
24,10,4,11,2,1,0,0,35,0
45,9,2,11,0,1,15024,0,80,1
36,6,4,5,1,0,0,0,34,0
44,4,2,6,0,1,0,0,40,0
23,10,4,0,1,0,0,0,60,0
57,9,2,2,0,1,0,0,55,0
41,10,2,11,0,1,0,0,60,1
20,9,2,10,0,1,0,0,30,0
32,10,2,2,0,1,0,0,36,0
60,9,2,7,5,0,99999,0,40,1
38,13,4,2,1,0,0,0,20,0
29,9,4,13,1,0,0,0,45,0
22,9,4,2,3,1,0,0,40,0
21,10,4,11,3,1,0,0,30,0
40,9,2,7,2,1,3137,0,40,0
59,10,2,3,0,1,0,1848,45,1
45,14,0,3,1,1,0,0,45,0
76,9,6,7,1,0,0,0,13,0
45,13,2,6,0,1,0,0,40,1
49,14,5,9,4,0,0,0,70,0
36,11,4,10,1,0,0,0,60,1
22,7,4,2,3,1,0,0,35,0
47,11,0,9,4,0,0,0,44,0
26,9,1,11,0,1,0,0,55,0
21,10,0,2,3,1,0,0,40,0
27,9,4,13,3,0,0,0,15,0
26,13,4,7,1,1,0,0,40,0
20,11,4,12,3,0,0,0,25,0
31,14,4,9,1,1,0,0,45,0
57,14,0,7,4,0,0,0,40,0
39,7,0,11,2,0,0,0,40,0
36,12,4,12,1,1,14344,0,40,1
66,10,2,3,0,1,0,0,45,0
34,10,2,2,0,1,0,0,40,0
21,9,4,7,2,0,0,0,40,0
40,13,2,3,0,1,0,1902,32,1
49,12,0,0,1,0,0,0,30,0
48,10,0,11,1,0,3325,0,60,0
19,10,4,7,1,1,594,0,24,0
42,7,2,13,0,1,0,0,40,0
59,9,2,13,0,1,0,0,45,0
63,10,0,7,1,0,0,0,40,0
26,9,4,2,2,1,0,0,40,0
41,5,0,7,2,0,0,0,35,0
42,10,2,0,0,1,0,1628,40,0
19,9,4,7,3,1,0,0,20,0
45,7,2,7,5,0,0,0,25,0
47,9,2,7,5,0,0,0,30,1
47,9,0,0,1,0,0,0,40,0
34,11,2,2,0,1,0,0,40,0
49,13,2,11,0,1,15024,0,40,1
36,9,0,13,1,1,0,0,40,0
53,9,6,2,4,1,0,0,40,1
39,9,0,5,1,1,0,0,40,0
52,11,2,2,0,1,0,0,40,0
18,10,4,11,3,0,2176,0,35,0
59,11,4,2,1,1,0,0,40,0
50,9,2,2,0,1,0,0,50,1
31,13,2,12,0,1,0,0,40,1
41,10,2,3,0,1,0,0,40,1
45,12,6,12,4,1,0,0,40,1
54,14,0,9,1,0,0,0,40,0
22,9,4,4,1,1,0,0,25,0
50,9,2,13,0,1,7298,0,40,1
43,9,0,0,1,0,0,0,40,0
48,13,2,9,0,1,0,0,40,0
24,13,4,3,1,1,2174,0,45,0
54,10,2,11,0,1,15024,0,40,1
26,9,2,0,0,1,0,0,40,0
53,13,2,2,0,1,0,0,40,1
51,16,2,9,0,1,15024,0,40,1
54,14,2,3,0,1,0,1887,44,1
32,9,2,2,0,1,0,0,49,1
46,9,2,2,0,1,0,0,40,0
52,9,0,0,1,0,0,0,45,0
44,9,0,0,1,0,0,0,40,0
56,10,2,3,0,1,0,1672,40,0
57,9,2,3,0,1,0,0,40,0
35,9,4,7,4,0,0,0,40,0
30,12,4,12,1,0,0,0,40,0
29,10,4,5,1,1,0,0,35,0
49,13,2,3,0,1,7688,0,66,1
28,6,4,5,1,1,0,0,40,0
30,10,5,0,4,0,0,0,40,0
45,9,0,7,1,1,0,1980,40,0
17,6,4,7,3,1,0,0,12,0
54,6,2,0,0,1,0,0,40,0
31,10,2,0,0,1,0,0,40,0
54,16,2,3,0,1,0,1977,50,1
37,5,2,5,0,1,0,0,50,0
34,9,0,2,1,1,0,0,48,1
38,13,2,9,0,1,0,0,40,0
51,10,2,3,0,1,0,0,45,0
41,9,4,3,1,1,0,0,60,0
24,10,4,5,1,1,0,0,40,0
56,13,2,3,0,1,15024,0,50,1
33,9,4,2,3,1,0,0,40,0
31,6,2,6,0,1,0,0,40,0
27,10,4,5,1,1,0,0,50,0
32,13,2,11,2,1,0,0,45,0
35,12,2,3,0,1,0,0,40,0
43,10,2,2,0,1,0,0,45,1
40,9,0,7,4,0,0,0,36,0
19,9,4,7,3,1,0,0,53,0
23,12,4,5,3,1,0,0,32,0
40,9,5,6,4,1,0,0,40,0
59,9,0,2,1,1,0,0,38,1
43,9,2,2,0,1,0,0,40,0
53,9,6,6,1,0,0,0,40,0
26,9,2,11,0,1,0,0,40,0
68,10,2,3,0,1,10605,0,20,1
41,13,2,11,0,1,0,0,48,1
32,9,0,2,4,1,0,0,40,0
25,13,4,3,1,1,0,0,40,0
20,9,4,7,3,1,0,0,40,0
22,10,4,7,1,1,0,0,15,0
33,6,2,2,0,1,0,0,40,0
26,10,2,7,2,1,0,0,40,0
29,9,4,7,4,0,0,0,25,0
20,9,4,11,3,0,0,0,23,0
58,10,0,9,4,0,0,0,40,0
32,9,0,6,1,1,0,0,40,0
23,12,4,7,1,0,0,0,25,0
30,5,2,7,0,1,0,0,40,0
67,10,2,4,0,1,0,0,8,0
26,12,4,0,4,0,0,0,32,0
53,9,2,3,0,1,0,0,35,0
27,9,2,13,0,1,0,0,60,0
29,10,2,4,3,1,0,0,65,0
38,16,2,9,0,1,0,0,40,1
17,5,4,7,3,0,0,0,40,0
48,14,2,12,0,1,0,0,40,1
28,12,2,3,5,0,0,0,40,0
18,10,4,11,3,1,0,0,15,0
28,10,0,11,1,1,0,0,30,0
34,10,2,2,0,1,0,0,40,0
62,9,2,9,0,1,0,0,40,1
46,3,2,6,0,1,0,0,40,0
30,10,0,0,4,0,0,0,40,0
20,10,4,13,3,1,0,0,40,0
29,9,4,3,1,1,2174,0,50,0
55,10,2,0,0,1,0,0,25,0
20,10,4,9,3,1,0,0,24,0
54,6,2,13,0,1,0,0,40,0
27,6,4,2,1,1,0,0,30,0
43,10,4,0,1,1,0,0,55,0
48,14,0,10,1,1,0,0,72,0
34,13,4,3,3,1,0,0,40,0
29,13,4,9,1,0,0,0,40,0
37,11,0,11,4,0,0,0,40,0
56,10,2,9,0,1,0,0,40,1
58,6,2,2,0,1,0,0,40,1
54,13,2,11,0,1,0,0,40,0
45,10,5,2,1,1,0,0,41,0
29,9,2,7,0,1,0,0,40,0
26,12,2,0,5,0,0,0,40,0
43,9,2,0,0,1,0,0,40,1
33,9,2,7,0,1,0,0,40,0
45,10,2,7,0,1,3103,0,42,0
25,10,4,11,1,1,0,0,30,0
25,9,2,2,0,1,0,0,40,0
37,12,2,0,0,1,0,0,40,0
20,9,4,3,1,1,0,0,25,0
39,14,2,9,5,0,0,1977,24,1
17,6,4,11,3,0,0,0,20,0
27,9,4,4,3,1,0,0,40,0
26,9,4,7,2,0,0,0,40,0
55,3,2,6,0,1,0,0,40,0
39,7,2,9,0,1,0,0,60,0
41,9,5,7,1,0,0,0,40,0
34,2,2,2,0,1,0,0,40,0
51,11,2,3,0,1,0,0,50,1
40,10,0,6,3,1,0,0,40,0
58,12,2,2,0,1,0,1740,40,0
23,9,4,11,1,0,0,0,40,0
45,14,2,9,0,1,0,0,50,1
51,13,2,11,0,1,7688,0,50,1
43,10,0,3,4,1,0,0,40,0
25,13,4,7,1,0,2597,0,50,0
36,13,2,3,0,1,2407,0,40,0
58,9,2,2,0,1,0,0,50,0
33,9,0,6,1,1,0,0,40,0
60,11,2,7,0,1,0,0,40,0
24,9,4,11,3,1,0,0,40,0
45,9,0,3,1,0,0,0,46,0
49,9,0,0,1,0,0,0,40,0
19,8,4,0,1,0,0,0,40,0
34,10,3,0,4,0,0,0,38,0
42,13,0,0,1,1,0,0,40,0
25,9,4,8,1,0,0,0,50,0
59,3,2,7,0,1,2580,0,15,0
28,9,2,6,0,1,2885,0,40,0
19,7,4,7,2,1,0,0,30,0
31,13,4,9,1,0,0,0,40,0
58,13,4,9,1,1,0,0,48,0
47,9,2,3,0,1,0,0,50,1
30,13,4,11,1,1,0,0,40,1
41,4,2,2,0,1,0,0,40,0
43,10,5,13,4,1,4934,0,51,1
48,9,5,0,1,0,0,2001,40,0
44,13,2,11,0,1,0,0,50,1
44,10,4,0,1,0,0,0,40,0
24,13,4,3,3,0,0,0,40,0
28,9,2,2,0,1,0,0,43,0
50,9,3,3,4,0,0,0,10,0
33,10,2,2,0,1,0,0,40,1
23,13,4,9,2,0,0,0,50,0
46,6,2,5,0,1,0,0,40,0
21,10,4,12,3,1,0,0,10,0
52,5,5,7,1,0,0,0,30,0
26,13,4,9,1,1,0,0,50,0
27,13,4,12,1,1,0,0,12,0
28,7,4,6,4,0,0,0,40,0
50,13,2,11,0,1,0,0,60,1
28,9,2,2,0,1,0,0,35,0
61,7,2,3,0,1,0,0,20,0
32,4,5,11,4,0,0,0,35,0
30,10,4,2,1,1,0,0,40,0
51,13,0,0,1,0,0,0,40,0
40,10,4,10,1,1,0,2444,40,1
36,9,4,3,1,1,0,2258,70,0
28,10,0,7,2,1,0,0,24,0
49,12,2,9,0,1,0,0,45,1
61,4,2,13,0,1,0,0,30,0
41,13,2,3,0,1,0,0,60,1
55,9,6,7,4,0,0,0,30,0
36,13,2,9,5,0,0,0,40,0
21,10,4,0,3,0,0,0,40,0
57,10,2,13,0,1,0,0,45,1
49,15,2,9,0,1,99999,0,37,1
59,7,2,0,0,1,0,0,40,0
41,10,5,11,1,1,0,0,80,1
59,10,2,2,0,1,0,0,40,0
20,9,4,7,3,1,0,0,25,0
42,10,0,0,1,0,0,0,40,0
41,14,0,9,4,0,0,0,60,0
45,13,2,3,0,1,0,0,50,1
42,12,2,3,5,0,0,0,45,1
25,13,2,9,0,1,0,0,40,0
45,9,2,2,0,1,0,1887,40,1
58,9,2,11,0,1,15024,0,40,1
39,9,2,2,0,1,0,0,40,0
34,9,2,2,0,1,0,0,40,1
22,10,4,2,1,1,0,0,40,0
44,9,0,12,1,1,0,0,50,1
53,10,6,11,4,0,0,0,40,0
27,5,2,10,0,1,0,0,40,0
60,9,5,7,1,0,0,0,25,0
46,13,2,9,0,1,3103,0,40,1
56,15,2,9,0,1,99999,0,40,1
36,13,4,3,1,1,27828,0,40,1
56,9,0,0,4,0,0,0,32,0
29,13,2,3,0,1,0,1740,70,0
19,6,4,5,3,1,0,0,39,0
38,9,2,7,0,1,0,0,40,0
40,10,2,12,0,1,0,0,40,1
52,12,2,3,0,1,0,0,55,1
22,10,2,3,5,0,0,0,40,0
32,9,0,7,1,0,0,0,25,0
27,13,4,3,3,0,0,0,40,0
25,13,4,9,3,0,0,0,40,0
36,14,2,9,0,1,0,0,40,1
22,8,4,5,3,1,0,0,40,0
32,9,2,2,0,1,0,0,45,0
37,13,5,3,4,0,0,0,40,0
22,9,4,9,3,1,0,0,54,0
29,9,2,0,5,0,0,0,40,1
42,1,4,5,1,1,0,0,25,0
45,11,4,11,1,0,0,0,38,0
33,13,0,0,1,0,0,0,45,0
39,10,5,9,4,0,0,0,40,0
27,8,4,6,1,1,0,0,45,0
53,13,2,9,5,0,0,0,50,1
30,13,4,7,1,0,0,0,40,0
52,10,6,2,1,1,0,0,35,0
43,13,2,11,0,1,15024,0,60,1
47,14,4,9,1,1,0,0,35,1
61,9,2,10,0,1,0,0,40,0
39,14,0,9,1,1,0,0,40,0
47,10,0,11,4,1,0,0,50,0
19,9,2,2,0,1,0,0,25,0
37,10,2,6,0,1,3464,0,40,0
31,9,2,2,0,1,0,0,51,0
69,11,2,11,0,1,0,0,8,0
29,9,2,6,0,1,0,0,40,0
24,10,4,6,3,1,0,0,14,0
42,9,5,5,4,1,0,0,40,0
30,13,2,10,0,1,0,0,72,1
28,14,3,11,1,0,0,0,80,1
27,11,4,5,1,1,0,0,40,0
53,9,0,3,1,0,0,0,40,0
35,9,2,2,0,1,0,1651,40,0
22,8,2,13,0,1,0,0,40,0
25,9,5,10,3,1,0,0,40,0
38,13,2,9,5,0,0,1887,40,1
27,13,4,0,4,0,0,0,35,0
30,5,2,7,0,1,0,0,37,0
27,13,0,9,3,0,0,0,50,0
25,13,4,9,1,1,0,0,40,0
32,9,4,6,1,0,0,0,40,0
70,6,6,2,4,1,0,0,45,0
50,9,2,3,0,1,0,0,40,0
40,10,2,7,5,0,0,0,35,0
34,7,3,2,1,1,0,0,55,0
57,9,2,2,0,1,0,0,50,0
39,14,4,7,1,0,0,0,32,0
49,10,0,7,4,0,0,0,40,0
43,10,2,9,0,1,5178,0,40,1
26,9,4,0,1,0,0,0,45,0
31,10,0,0,4,0,0,0,40,0
60,10,2,11,0,1,0,0,50,0
46,14,2,9,0,1,15024,0,50,1
26,10,2,13,0,1,7298,0,55,1
27,15,4,9,3,0,0,0,40,0
31,10,2,0,5,0,0,0,40,0
59,9,6,3,4,0,0,0,50,0
18,10,4,7,3,0,0,0,24,0
22,10,2,3,0,1,0,0,45,0
24,12,2,11,3,0,0,0,20,0
53,6,2,13,0,1,0,0,40,1
43,9,2,5,0,1,0,0,42,1
24,10,2,12,0,1,0,0,50,1
60,6,6,12,4,0,0,0,40,0
24,9,2,2,0,1,0,0,40,0
52,9,4,0,1,1,0,0,40,0
32,11,2,13,0,1,0,0,99,1
34,6,5,7,1,0,0,0,35,0
35,12,2,10,0,1,0,0,40,1
38,5,3,5,1,1,0,0,40,0
34,9,2,4,0,1,4508,0,90,0
53,15,4,9,1,0,0,0,50,1
23,9,4,0,1,0,0,0,40,0
40,10,2,0,0,1,0,0,40,0
40,9,2,2,0,1,0,0,40,0
50,9,2,4,0,1,0,0,60,1
17,6,4,11,3,0,0,0,20,0
53,13,0,9,1,0,0,1876,54,0
32,13,0,2,1,1,0,0,50,1
18,7,4,11,3,1,0,0,16,0
62,6,0,7,3,0,0,0,40,0
45,14,2,7,0,1,0,0,40,0
46,16,2,9,0,1,0,0,70,0
73,4,2,4,0,1,0,0,40,0
64,16,2,9,0,1,0,0,60,1
26,13,2,9,5,0,0,0,45,1
23,9,4,11,1,1,0,0,48,0
30,9,4,6,2,1,0,0,40,0
51,10,0,0,4,0,0,0,40,0
35,13,0,3,4,0,0,0,55,0
39,10,4,0,1,0,13550,0,45,1
35,14,2,9,0,1,0,0,40,1
41,9,6,6,1,0,0,0,40,0
31,10,0,2,3,1,4650,0,40,0
40,13,2,11,0,1,0,0,50,1
46,15,2,9,0,1,0,0,40,1
31,9,4,7,1,0,0,0,30,0
41,10,0,6,1,0,0,0,40,0
42,13,2,3,0,1,3137,0,40,0
23,9,4,11,3,1,0,0,40,0
49,10,2,0,0,1,0,0,45,1
53,11,0,12,1,1,0,0,40,0
38,13,4,10,1,0,4787,0,43,1
36,12,0,3,4,0,0,0,40,0
32,10,4,2,4,1,0,0,72,0
20,7,4,13,2,1,0,0,40,0
22,10,4,12,2,0,0,0,32,0
25,11,4,2,4,1,0,0,40,0
58,9,2,2,0,1,0,1902,40,0
24,10,4,4,1,1,0,0,20,0
48,9,0,2,3,1,8614,0,40,1
20,2,4,4,1,1,0,0,30,0
60,10,2,3,0,1,0,0,40,1
20,9,4,7,2,1,0,0,30,0
52,10,2,3,0,1,0,0,45,1
36,9,2,13,5,0,0,0,40,1
46,13,2,9,0,1,0,0,40,1
22,7,4,11,4,0,0,0,25,0
19,10,4,3,3,0,0,0,35,0
37,9,4,11,4,1,0,0,40,0
30,11,0,11,1,0,0,0,40,1
44,12,4,2,1,1,0,0,25,0
22,9,4,11,1,1,0,0,45,0
31,13,2,11,0,1,3908,0,50,0
17,7,4,0,3,1,0,0,40,0
21,9,4,5,1,1,0,0,40,0
67,14,2,3,0,1,0,0,40,1
46,4,0,3,1,1,0,0,40,0
29,9,0,5,3,1,0,0,50,0
20,10,4,5,3,0,0,0,6,0
27,10,4,7,3,1,0,0,24,0
35,10,2,2,0,1,0,0,40,1
19,10,4,0,3,0,0,0,30,0
36,8,5,7,4,0,0,0,40,0
43,13,2,3,0,1,15024,0,50,1
62,13,0,9,1,1,0,0,40,0
28,15,4,9,1,1,0,2339,40,0
18,7,4,7,3,0,0,0,15,0
59,15,2,13,0,1,15024,0,50,1
37,13,0,3,1,1,0,0,40,0
27,10,4,2,1,1,0,0,40,0
46,14,0,9,4,0,0,0,43,0
29,7,5,11,1,0,0,2754,42,0
33,13,2,3,5,0,0,0,40,1
62,9,2,2,0,1,0,0,40,0
46,16,2,9,0,1,0,2415,55,1
28,6,2,6,0,1,0,0,40,0
22,10,4,11,3,0,0,0,35,0
46,14,2,1,0,1,0,1887,40,1
54,10,2,11,0,1,0,1977,40,1
34,9,2,2,0,1,0,0,72,0
62,13,2,11,0,1,0,0,20,1
30,10,2,5,0,1,0,0,40,0
19,9,4,7,3,1,0,0,20,0
27,11,4,6,4,1,0,0,45,0
36,10,2,2,0,1,0,0,50,1
52,13,2,6,0,1,0,0,40,1
47,8,3,3,1,0,0,0,55,0
57,9,0,10,1,0,0,0,40,0
64,10,3,3,4,0,0,0,40,0
53,7,6,7,3,0,0,0,47,0
53,13,2,2,0,1,0,0,44,1
31,10,5,11,4,1,0,0,40,0
41,13,2,3,0,1,7688,0,45,1
45,9,5,7,4,0,0,0,40,0
45,9,0,0,2,0,0,0,40,0
23,10,4,7,1,0,0,0,28,0
39,14,2,9,0,1,0,0,72,0
31,11,2,3,0,1,0,0,40,0
35,13,2,4,0,1,0,0,45,0
54,14,2,13,0,1,7688,0,60,1
40,13,0,9,4,0,5455,0,40,0
55,13,2,3,0,1,0,0,40,1
31,9,2,2,0,1,0,0,40,0
58,7,2,13,0,1,0,0,60,0
31,16,2,9,0,1,0,1977,99,1
46,9,6,7,2,0,0,0,40,0
38,11,2,2,0,1,0,0,40,0
22,10,4,9,3,0,594,0,25,0
48,9,2,2,0,1,0,0,60,0
73,13,2,9,0,1,0,0,15,0
25,13,2,0,0,1,0,0,45,1
53,10,0,4,1,1,0,0,40,0
46,10,2,13,0,1,7298,0,45,1
37,13,4,9,1,0,0,0,40,0
30,9,2,5,0,1,0,0,50,0
29,9,2,6,0,1,0,0,40,0
29,10,2,10,0,1,0,0,40,0
58,14,2,3,0,1,0,0,40,1
42,4,2,7,5,0,0,0,50,0
62,5,0,10,1,1,0,0,24,0
45,13,2,4,0,1,7298,0,40,1
38,13,2,11,0,1,0,0,40,1
36,13,2,11,0,1,0,0,50,1
42,4,2,11,0,1,0,0,30,0
47,14,2,9,0,1,15024,0,35,1
42,10,4,2,4,1,0,0,40,0
43,10,2,0,5,0,0,0,38,1
37,11,2,2,0,1,0,0,40,1
36,10,2,3,5,0,7298,0,39,1
27,13,4,12,1,0,0,0,40,0
54,3,3,6,4,1,0,0,40,0
48,9,2,2,0,1,0,1902,40,1
29,9,4,7,4,0,0,0,30,0
29,9,2,6,0,1,0,0,38,0
37,10,0,7,1,1,0,0,47,0
55,10,2,11,0,1,0,0,40,0
67,9,2,8,5,0,0,0,20,0
51,9,6,5,1,1,0,0,30,0
35,14,4,9,4,0,0,0,32,0
64,9,6,7,2,0,0,0,40,0
23,3,4,5,1,1,0,0,55,0
49,13,4,7,1,0,0,0,35,0
38,13,2,9,0,1,0,0,70,0
62,9,4,5,2,0,0,0,40,0
62,4,2,2,0,1,0,0,10,0
45,14,0,2,1,1,0,0,40,0
20,12,4,11,3,0,0,0,40,0
38,9,2,6,0,1,0,0,48,0
50,13,2,0,0,1,0,0,40,0
40,10,2,0,0,1,0,0,55,1
30,9,2,2,0,1,0,0,70,0
52,10,5,3,1,0,0,0,40,0
28,13,4,9,1,1,0,0,50,1
62,9,2,13,0,1,0,0,30,0
31,9,0,7,4,0,0,0,40,0
40,9,2,3,0,1,0,0,40,1
34,9,0,11,1,0,0,1590,40,0
53,10,2,11,0,1,0,0,40,1
42,8,4,4,3,1,0,0,40,0
26,10,2,7,0,1,0,0,25,0
51,9,2,13,0,1,0,0,40,1
49,14,2,9,0,1,0,0,50,1
43,9,2,6,0,1,0,0,40,0
42,10,0,4,1,1,0,0,40,0
31,7,3,11,3,0,0,0,40,0
26,9,2,13,0,1,0,0,40,0
50,13,5,9,4,0,0,0,40,0
35,9,2,6,0,1,0,0,40,0
37,10,4,12,2,0,0,0,40,0
20,10,4,11,3,1,0,0,16,0
31,15,2,9,0,1,0,0,40,1
28,9,4,2,1,1,0,0,35,0
46,9,2,12,0,1,0,0,40,1
21,10,4,9,3,0,0,0,8,0
41,14,2,3,0,1,7298,0,70,1
30,13,4,3,1,1,0,0,70,1
66,13,2,3,0,1,0,0,70,0
37,10,2,11,0,1,0,0,60,1
74,4,6,5,1,0,0,0,20,0
46,10,2,10,0,1,0,0,70,1
51,14,2,3,0,1,0,1977,50,1
33,13,2,3,0,1,15024,0,50,1
30,3,2,6,0,1,3464,0,40,0
47,13,2,3,0,1,0,0,50,1
49,13,0,3,4,0,0,0,40,0
53,9,0,2,4,0,0,0,48,0
24,11,4,6,1,1,0,0,40,0
54,9,2,13,0,1,0,0,50,0
32,10,4,2,3,1,0,0,40,0
45,10,2,11,0,1,0,0,45,0
46,9,3,4,1,1,3325,0,45,0
37,10,0,7,1,1,0,0,65,0
48,14,2,9,0,1,0,0,61,1
25,13,4,0,1,0,0,0,40,0
27,10,4,0,4,0,0,0,40,0
69,9,6,0,4,1,0,0,8,0
38,13,2,11,0,1,0,0,52,1
47,8,4,0,2,0,0,0,40,0
30,10,4,0,1,0,0,0,60,0
46,9,4,5,3,1,3674,0,30,0
27,15,4,9,1,0,0,0,45,0
19,10,4,11,3,1,0,0,35,0
18,9,2,8,1,0,3103,0,40,0
24,7,2,2,0,1,0,0,50,1
32,13,4,9,1,0,0,0,40,0
38,9,2,5,0,1,0,0,40,0
19,1,4,4,1,1,0,0,36,0
28,10,4,5,1,1,0,0,40,0
39,14,4,9,1,0,0,0,55,0
38,10,5,11,1,1,0,0,60,0
42,9,2,6,5,0,0,0,40,1
31,10,2,0,5,0,0,0,40,1
46,5,5,6,1,0,0,0,40,0
53,10,6,3,1,0,0,0,54,0
21,12,4,5,3,1,0,0,15,0
48,9,2,11,0,1,0,0,50,0
46,9,2,0,5,0,3103,0,52,1
30,9,2,13,0,1,0,0,45,0
24,9,4,0,2,1,0,0,40,0
32,6,4,2,1,1,0,0,50,0
30,9,0,7,1,0,0,0,40,0
57,16,0,9,4,0,0,0,50,0
56,4,4,0,1,1,0,0,40,0
27,9,4,3,1,0,0,0,37,0
38,13,2,6,0,1,0,0,40,0
19,9,4,0,3,1,0,0,40,0
61,10,2,0,0,1,0,0,50,1
49,11,0,12,4,0,0,0,40,0
28,9,2,2,0,1,0,0,38,0
50,14,2,9,0,1,0,0,55,1
43,13,2,2,0,1,0,0,84,1
34,9,4,6,4,0,0,0,48,0
28,7,2,2,0,1,0,0,40,0
31,10,2,2,0,1,0,0,40,0
55,9,6,6,4,0,0,0,44,0
26,13,2,3,5,0,0,0,45,1
51,16,2,9,5,0,0,0,40,1
35,9,2,2,0,1,0,0,40,0
42,12,3,3,4,0,0,0,31,0
31,14,4,9,1,1,0,0,30,0
22,9,4,4,3,1,0,0,20,0
67,9,0,13,1,1,0,0,60,0
63,9,6,7,4,0,0,0,24,0
31,9,2,6,0,1,0,0,40,1
17,7,4,9,3,1,0,0,40,0
41,9,2,13,0,1,0,0,40,0
53,4,2,13,0,1,0,0,38,0
44,10,2,10,0,1,0,0,99,0
24,13,4,4,1,1,0,0,40,0
35,11,0,12,3,1,0,0,35,0
61,10,2,12,5,0,0,0,40,1
31,12,4,9,2,0,0,0,40,0
44,13,2,12,0,1,5178,0,40,1
56,9,2,11,0,1,0,0,36,1
66,12,0,0,4,0,0,0,40,0
45,10,2,2,0,1,0,0,40,0
69,13,2,9,0,1,20051,0,45,1
64,9,2,2,0,1,0,0,40,0
38,9,2,0,5,0,0,0,36,1
43,10,5,2,1,1,0,0,40,0
37,9,0,2,1,1,0,0,49,0
19,9,4,0,3,0,0,0,16,0
59,9,2,3,0,1,0,0,40,0
50,10,2,0,0,1,0,0,40,0
33,13,2,3,0,1,0,0,50,1
56,10,2,12,0,1,0,0,45,1
28,11,2,11,0,1,0,0,40,0
27,9,2,0,5,0,0,0,34,0
34,9,2,7,0,1,0,0,40,0
19,7,4,11,3,1,0,0,30,0
68,9,2,3,0,1,0,0,40,1
28,14,2,9,0,1,0,0,38,1
22,9,4,4,3,1,0,0,40,0
58,12,0,0,1,0,0,0,40,0
31,10,4,6,1,0,0,0,25,0
17,7,4,10,3,1,0,0,30,0
25,10,4,13,1,1,10520,0,50,1
23,10,4,7,3,0,0,0,23,0
25,8,4,7,2,1,0,0,40,0
47,9,4,2,1,1,0,0,40,0
39,13,2,3,5,0,0,0,60,1
44,9,2,2,0,1,0,0,40,0
46,11,2,9,0,1,0,0,40,1
38,10,2,4,0,1,0,0,35,0
23,9,4,6,3,1,0,0,30,0
34,13,3,9,1,0,0,0,35,0
33,9,4,2,1,1,0,0,40,1
38,9,6,7,4,0,0,0,20,0
52,11,2,3,0,1,0,0,40,0
50,9,0,11,1,0,0,0,33,0
38,13,4,11,1,0,0,2444,45,1
35,13,2,7,0,1,0,0,40,0
67,16,2,9,0,1,10605,0,35,1
60,9,2,6,0,1,7688,0,40,1
44,9,4,11,2,0,0,0,15,0
38,9,0,4,3,1,0,0,50,0
29,9,2,9,0,1,0,0,40,1
65,14,2,9,0,1,5556,0,50,1
33,12,4,0,1,0,0,0,40,0
18,7,4,11,3,0,0,0,30,0
43,15,0,3,1,1,0,0,40,0
42,11,0,3,3,0,0,0,40,0
42,9,2,13,0,1,0,0,40,0
32,9,2,5,0,1,0,0,30,0
36,12,4,12,1,0,0,0,40,0
41,13,2,4,0,1,0,0,40,1
30,10,4,7,3,0,0,0,40,0
21,9,4,7,3,1,0,0,35,0
33,10,2,13,0,1,0,0,40,1
19,9,4,5,3,1,0,0,25,0
35,9,0,13,1,1,0,0,40,0
43,9,0,12,4,0,0,0,35,0
45,9,2,13,0,1,0,0,24,0
25,13,4,3,3,1,0,0,50,0
39,13,2,3,0,1,0,0,40,0
26,9,4,5,1,1,0,0,40,0
60,14,2,13,0,1,0,0,10,0
52,16,2,9,5,0,0,0,40,1
22,8,4,13,4,1,0,0,30,0
23,10,4,7,3,0,0,0,40,0
46,9,2,7,5,0,0,0,40,0
34,13,2,11,0,1,0,0,30,0
39,13,2,9,0,1,0,0,50,1
38,9,4,9,1,0,0,0,40,0
56,14,2,3,0,1,0,0,25,0
55,9,0,0,1,0,0,0,40,0
40,10,2,3,5,0,7688,0,40,1
23,10,4,6,1,1,0,0,40,0
39,13,0,0,1,1,0,0,40,0
24,13,2,11,0,1,0,0,30,0
51,9,2,11,0,1,0,0,40,1
47,13,2,3,0,1,0,0,50,1
25,9,4,4,1,1,0,0,50,0
34,15,2,9,0,1,0,0,55,1
18,7,4,11,3,0,0,1602,20,0
19,10,4,3,3,0,0,0,28,0
32,10,0,2,4,1,0,0,40,0
49,9,2,11,0,1,0,0,40,1
43,9,2,2,0,1,0,0,55,0
71,14,2,3,0,1,99999,0,40,1
59,9,4,0,4,1,0,0,40,0
32,13,2,3,5,0,0,0,40,1
25,13,4,3,1,1,0,0,40,0
32,9,2,3,0,1,0,0,40,0
17,7,4,5,1,0,0,0,15,0
57,15,2,9,0,1,0,0,35,1
17,8,4,5,3,1,0,0,15,0
27,13,4,12,3,0,0,0,40,0
41,9,2,10,0,1,0,0,40,0
19,7,4,11,1,0,0,0,25,0
41,3,0,7,4,0,0,0,40,0
39,13,4,3,1,1,0,0,50,1
30,9,4,2,1,1,0,0,40,0
37,13,2,6,0,1,0,0,40,1
18,7,4,0,3,0,0,0,15,0
40,13,2,11,0,1,0,0,45,1
38,10,2,11,0,1,0,1485,60,1
24,9,4,11,2,1,0,0,40,0
33,9,2,2,0,1,0,0,50,0
48,13,2,5,0,1,0,0,40,0
51,13,2,11,0,1,0,0,40,1
48,9,2,2,0,1,0,0,40,0
43,4,2,2,0,1,0,0,45,0
34,15,4,3,3,1,0,0,50,0
41,11,5,2,1,1,0,0,30,0
51,15,0,9,1,1,27828,0,60,1
25,9,4,2,3,1,0,0,40,0
20,9,4,7,3,1,0,0,50,0
61,9,2,3,0,1,2829,0,45,0
35,10,0,3,1,0,0,0,70,0
42,14,0,9,4,0,0,0,40,0
26,9,4,7,2,1,0,0,16,0
46,9,2,7,0,1,0,0,50,0
39,13,4,9,1,1,0,0,40,1
29,10,4,11,3,1,0,0,80,0
39,10,3,2,4,1,0,0,40,1
47,9,2,2,0,1,0,0,40,1
40,10,2,13,0,1,0,0,50,1
43,9,2,2,0,1,0,0,40,1
32,9,0,5,1,1,0,0,40,0
31,6,0,11,2,0,0,0,40,0
44,12,2,0,0,1,0,0,40,1
46,13,2,10,0,1,0,0,40,1
53,14,2,9,0,1,0,0,50,1
43,13,2,3,0,1,0,0,40,0
41,13,4,9,1,0,0,0,40,0
35,9,6,7,4,1,0,0,40,0
48,13,2,11,0,1,0,0,45,0
28,14,2,3,5,0,0,0,40,0
44,13,6,9,4,0,0,0,32,0
51,15,6,9,1,0,0,0,40,0
28,9,4,13,4,1,0,0,50,0
36,13,4,2,1,1,0,0,60,0
28,9,2,7,0,1,0,0,35,0
21,10,4,11,3,1,0,0,40,0
36,10,2,2,0,1,0,0,40,0
31,9,4,9,1,1,0,0,43,0
44,9,2,4,0,1,0,0,60,0
49,7,0,5,4,1,0,0,40,0
40,9,2,2,0,1,0,0,40,0
64,16,2,9,0,1,0,0,40,1
54,14,2,9,0,1,7688,0,40,1
27,10,2,11,0,1,0,0,55,0
18,10,4,7,3,0,0,0,20,0
68,5,2,2,0,1,0,0,44,0
64,16,6,9,1,1,0,0,80,1
36,9,2,13,0,1,0,0,40,0
21,9,4,4,3,1,0,0,24,0
22,10,4,2,3,1,0,0,30,0
61,13,2,9,0,1,0,0,40,0
24,10,4,11,3,1,0,0,10,0
49,13,2,9,0,1,0,0,50,1
25,10,5,8,2,0,0,0,30,0
29,10,4,9,1,1,0,0,45,0
22,9,4,11,3,0,0,0,40,0
57,10,2,9,0,1,0,0,40,0
41,13,4,9,1,0,0,1741,40,0
29,9,2,2,0,1,0,0,40,1
20,10,4,0,4,0,0,0,35,0
47,15,2,11,0,1,0,0,45,1
22,9,4,3,1,0,0,0,55,0
59,11,0,9,1,1,0,0,50,1
42,14,2,0,0,1,0,0,40,1
64,10,4,9,1,0,0,0,35,0
29,9,3,7,4,1,0,0,40,0
25,10,4,2,1,1,0,0,20,0
62,10,0,3,1,0,0,0,40,0
44,14,0,3,1,1,10520,0,45,1
21,9,5,7,1,0,0,0,40,0
60,10,2,9,0,1,7298,0,40,1
46,6,0,6,4,1,0,0,40,0
44,13,0,12,1,1,0,2258,40,1
21,9,4,7,3,0,0,0,19,0
18,7,4,5,3,1,0,0,18,0
39,13,2,9,5,0,5013,0,32,0
33,14,2,9,0,1,0,0,45,1
63,2,0,13,1,1,0,0,40,0
52,9,2,10,0,1,0,0,52,1
17,5,4,11,3,1,0,0,22,0
45,15,2,9,0,1,0,1485,50,1
31,9,4,11,3,1,0,0,40,0
35,10,2,12,0,1,0,0,40,0
31,9,2,6,0,1,0,0,40,1
51,10,0,9,1,0,0,0,40,0
48,9,2,2,0,1,0,0,60,0
28,9,2,5,0,1,0,0,40,0
38,10,0,0,4,0,0,0,40,0
43,13,2,9,0,1,0,0,40,1
30,9,2,5,0,1,0,0,40,0
24,8,4,11,2,1,0,0,55,0
46,13,2,3,0,1,0,0,60,1
50,6,2,13,0,1,0,0,60,0
22,9,5,7,2,1,0,0,35,0
18,9,4,0,3,1,0,0,15,0
53,13,2,9,0,1,0,0,45,1
40,13,2,9,0,1,0,0,44,1
36,16,2,9,0,1,0,0,35,0
32,13,2,3,0,1,0,0,43,1
39,9,4,4,3,1,0,0,12,0
46,9,2,5,0,1,0,0,40,0
26,13,4,0,1,1,0,0,42,0
19,10,4,11,3,1,0,0,15,0
24,9,2,6,1,0,0,0,40,0
28,14,4,9,3,1,0,0,40,0
25,14,4,9,3,0,0,0,40,0
44,10,2,3,0,1,0,0,40,1
38,9,2,2,0,1,0,0,40,0
42,14,0,3,1,1,0,0,45,0
28,9,2,2,3,1,0,0,40,0
47,13,4,11,1,1,0,0,60,1
46,9,2,6,0,1,3411,0,35,0
21,10,4,0,3,0,0,0,40,0
35,13,4,3,1,0,0,0,45,0
26,9,2,2,0,1,0,0,40,0
21,10,4,7,1,0,0,0,30,0
67,4,2,4,0,1,0,0,40,0
54,9,4,3,4,1,0,0,40,1
26,14,4,12,2,1,0,0,25,0
51,13,0,9,1,0,0,0,50,0
27,10,0,2,1,1,0,0,45,0
39,10,0,6,3,0,0,0,40,0
32,13,0,3,1,0,0,0,48,1
52,9,5,2,1,1,0,0,40,0
21,10,2,5,0,1,0,0,40,0
27,9,4,10,3,1,0,0,38,0
46,4,3,13,1,1,0,0,45,0
42,11,2,7,0,1,0,0,30,0
79,13,2,11,0,1,0,0,20,1
50,13,2,3,5,0,0,0,40,1
43,10,4,0,2,1,2174,0,40,0
51,14,2,9,0,1,0,0,60,0
45,10,2,13,0,1,7298,0,50,1
65,9,5,10,1,1,991,0,20,0
66,13,2,11,0,1,0,0,5,1
36,11,2,4,0,1,0,0,99,0
26,12,4,9,3,0,0,0,36,0
28,10,4,11,1,1,0,0,50,0
39,15,2,9,0,1,0,0,45,1
43,10,2,13,0,1,0,0,60,0
20,9,4,7,3,0,0,0,40,0
29,10,0,12,4,1,0,0,40,0
32,13,2,11,0,1,0,1848,50,1
44,13,0,3,1,0,3325,0,40,0
60,10,2,5,0,1,0,0,40,0
34,9,2,11,0,1,0,0,40,1
60,9,6,5,1,0,0,0,40,0
38,7,0,11,4,0,0,0,40,0
29,11,2,6,0,1,0,0,40,0
41,10,4,2,1,1,0,1408,40,0
49,13,0,3,1,0,0,0,40,0
37,3,5,7,4,0,0,0,40,0
37,16,4,9,1,0,0,2559,60,1
43,10,2,11,0,1,0,0,38,1
41,14,6,9,1,0,4650,0,55,0
19,5,4,2,2,1,0,0,60,0
29,10,2,13,0,1,0,0,35,0
40,9,2,2,0,1,0,0,15,0
53,4,2,3,0,1,0,0,40,1
27,13,2,11,0,1,0,0,55,0
44,9,2,2,0,1,7298,0,50,1
29,12,0,2,4,0,0,0,38,0
25,3,2,6,0,1,0,0,40,0
38,9,2,11,0,1,0,0,55,0
48,13,2,3,0,1,0,0,50,1
18,10,4,7,3,0,0,0,12,0
50,9,0,2,4,1,0,1408,50,0
37,9,2,0,5,0,0,0,40,1
48,13,6,7,4,0,0,0,20,0
50,10,4,7,1,1,0,0,32,0
24,10,4,0,3,0,0,0,30,0
34,10,2,12,0,1,0,0,40,1
19,10,4,11,3,1,0,0,40,0
39,9,4,6,3,1,0,0,40,0
40,10,0,7,1,0,0,0,40,0
30,9,4,0,4,0,0,0,40,0
27,9,4,0,1,1,0,0,40,0
46,10,2,0,0,1,0,0,40,1
24,13,4,9,3,0,0,0,50,0
18,8,4,7,3,1,0,0,20,0
50,16,2,9,0,1,0,0,60,1
42,7,2,6,0,1,0,0,40,0
42,5,2,13,0,1,0,0,40,0
37,11,2,0,0,1,3471,0,40,0
57,10,6,12,1,0,0,0,16,0
27,13,2,12,0,1,0,0,40,1
31,6,2,6,0,1,0,0,40,0
34,14,5,9,4,0,0,0,40,0
55,9,0,7,2,0,0,0,40,0
56,7,2,6,0,1,0,0,40,0
36,13,2,9,5,0,0,1672,38,0
35,10,4,4,3,1,0,0,40,0
28,14,4,9,1,1,0,0,50,0
38,13,0,3,1,1,0,0,40,0
30,9,2,5,0,1,0,0,60,0
18,10,4,7,3,0,0,0,20,0
35,11,2,12,0,1,0,0,40,1
53,9,0,7,1,0,0,0,40,0
46,15,0,9,4,0,0,0,40,0
45,10,2,0,0,1,0,0,40,0
35,6,2,7,0,1,0,0,60,0
41,9,4,0,3,1,0,0,40,0
60,9,2,11,0,1,0,0,70,1
18,10,4,0,3,1,0,1602,15,0
19,9,4,6,3,1,0,0,40,0
24,9,2,6,0,1,0,1579,50,0
56,13,2,9,0,1,15024,0,40,1
28,9,0,13,1,1,0,0,70,0
29,9,4,7,1,1,0,0,32,0
35,10,4,2,3,1,0,0,40,0
18,9,4,0,3,1,0,0,35,0
53,9,4,2,1,1,0,0,40,0
26,14,2,6,0,1,0,0,20,0
55,10,2,12,0,1,0,0,40,1
45,10,2,3,0,1,0,0,40,1
28,9,4,6,3,1,0,0,40,0
32,13,2,3,0,1,0,0,40,1
27,9,4,5,3,1,0,0,40,0
35,9,0,2,1,0,0,0,40,0
36,9,0,5,4,0,0,0,37,0
41,13,2,11,0,1,15024,0,45,1
23,13,4,11,3,1,0,0,20,0
22,8,4,13,2,1,0,0,40,0
36,15,0,9,4,1,25236,0,40,1
65,13,2,3,0,1,0,0,40,1
25,9,4,11,3,0,0,0,40,0
33,10,2,10,0,1,0,1887,40,1
31,10,2,11,0,1,0,0,40,0
50,13,2,3,0,1,0,0,40,1
49,10,2,9,0,1,0,0,50,1
43,13,0,3,4,0,0,0,40,0
23,10,2,0,2,0,0,0,40,0
34,14,2,3,0,1,3103,0,40,1
23,10,0,11,3,0,0,0,40,0
63,6,2,2,0,1,0,0,40,0
33,9,4,4,1,1,0,0,40,0
51,13,0,4,4,1,0,0,50,0
31,9,0,2,1,1,0,0,45,0
32,10,2,3,3,0,2597,0,40,0
31,10,4,0,1,0,0,0,36,0
47,11,2,11,0,1,0,0,40,1
54,10,2,10,0,1,0,0,40,1
23,10,4,11,1,1,0,0,40,0
34,9,2,3,0,1,0,0,40,1
46,7,2,7,5,0,0,0,35,1
34,12,0,11,1,1,0,0,50,1
31,9,4,7,1,1,0,0,50,0
41,9,2,12,0,1,0,0,40,0
27,11,4,9,2,1,0,0,30,0
23,10,4,2,3,1,0,0,40,0
59,12,2,0,0,1,0,0,40,0
56,9,2,2,0,1,5013,0,40,0
35,9,2,13,0,1,0,0,40,0
59,9,2,7,0,1,0,0,45,0
47,11,2,2,0,1,0,0,40,1
51,9,0,11,1,0,0,0,44,0
42,13,0,0,4,0,0,0,45,0
29,10,3,0,3,0,0,0,40,0
23,9,4,2,4,1,0,0,45,0
43,9,2,2,0,1,0,0,60,0
46,10,2,3,0,1,0,0,40,0
30,10,5,0,1,0,0,0,40,0
23,10,4,12,3,0,0,0,20,0
29,14,4,9,1,0,0,0,35,0
33,9,0,3,1,0,0,0,45,0
33,9,2,7,0,1,2105,0,40,0
46,10,0,0,4,0,0,0,45,0
35,10,3,0,1,0,0,0,40,0
36,13,2,3,0,1,0,1887,40,1
25,9,5,3,4,0,0,0,37,0
35,13,2,11,0,1,0,0,40,0
30,4,4,6,4,1,0,0,42,0
39,10,2,7,0,1,0,0,84,1
37,10,2,2,0,1,0,0,55,0
22,9,4,6,1,1,0,0,42,0
25,9,2,13,0,1,0,0,60,0
50,9,2,11,5,0,0,0,40,0
33,11,5,9,1,1,0,0,45,0
59,3,2,4,0,1,0,0,40,0
24,9,4,0,1,0,0,0,40,0
41,13,2,11,0,1,0,0,55,0
60,13,0,3,3,1,0,0,60,0
19,9,4,6,4,1,0,0,30,0
23,10,4,2,2,1,0,0,40,0
57,14,2,11,0,1,99999,0,40,1
36,14,2,0,0,1,0,1977,40,1
24,13,4,9,3,1,0,0,40,0
32,9,2,2,0,1,0,0,50,1
27,13,2,11,0,1,0,0,45,1
43,11,4,0,3,0,0,0,55,0
54,11,6,3,1,0,0,0,40,0
22,9,2,4,0,1,0,0,45,0
29,9,4,2,1,1,0,0,50,0
22,8,4,4,1,1,0,0,50,0
37,13,2,11,0,1,0,0,50,1
38,16,2,9,0,1,0,0,50,1
34,10,2,5,0,1,0,0,40,0
45,10,2,6,0,1,0,0,84,1
28,2,4,8,1,0,0,0,40,0
68,16,0,9,1,0,0,0,40,0
36,9,2,6,0,1,0,0,40,0
20,5,4,7,4,1,0,0,30,0
24,10,4,2,3,0,0,0,45,0
38,10,0,3,4,0,0,0,40,0
32,13,4,3,1,0,0,0,40,0
34,10,2,9,0,1,7298,0,50,1
47,9,6,0,1,0,2174,0,40,0
28,13,4,7,1,0,0,0,50,0
32,15,2,9,0,1,0,0,40,1
58,9,2,6,0,1,0,0,40,0
64,15,2,9,0,1,99999,0,35,1
38,10,4,11,3,0,0,0,50,0
43,9,4,0,1,0,0,0,40,0
28,8,0,4,1,1,0,0,40,0
23,13,4,9,3,0,0,0,20,0
25,5,4,5,3,1,2907,0,40,0
41,9,5,0,1,1,2354,0,40,0
41,10,2,2,0,1,0,0,40,0
27,13,2,9,0,1,0,0,40,0
54,4,6,7,4,1,0,0,30,0
28,9,5,13,3,0,0,0,25,0
29,4,2,4,0,1,0,2042,40,0
36,9,0,2,1,1,0,0,30,0
41,13,2,3,0,1,0,1977,60,1
60,10,2,3,0,1,0,0,40,0
34,14,2,3,0,1,0,0,38,0
27,10,2,11,5,0,0,0,42,1
60,6,2,11,0,1,0,0,40,0
39,11,2,2,0,1,0,0,40,0
59,8,0,13,2,1,0,0,35,0
34,16,2,9,0,1,0,0,32,1
36,11,2,3,0,1,0,0,40,0
54,10,2,11,0,1,0,0,40,1
48,11,2,12,0,1,0,0,40,1
19,4,4,7,3,1,0,0,33,0
40,15,2,9,0,1,0,0,40,1
25,9,4,5,1,1,0,0,45,0
39,12,5,0,4,1,0,0,40,0
34,10,2,2,0,1,0,0,40,0
30,9,5,7,4,0,0,0,30,0
43,9,4,7,4,0,0,0,24,0
35,13,2,9,0,1,0,0,40,1
36,16,2,9,0,1,0,1887,50,1
59,9,2,4,0,1,0,0,65,1
33,9,2,2,0,1,0,0,40,0
22,10,4,5,3,1,0,0,50,0
48,9,2,2,0,1,0,0,45,0
54,9,6,0,4,0,0,0,40,0
49,10,0,0,1,0,0,0,38,0
37,13,4,12,1,0,0,0,40,0
45,9,2,6,0,1,0,0,40,0
51,10,5,11,1,0,0,0,40,0
46,10,2,2,0,1,0,0,40,0
31,13,2,3,5,0,0,0,40,1
39,10,2,0,3,0,0,0,50,1
35,9,2,5,0,1,5013,0,40,0
26,13,4,0,3,0,0,0,40,1
51,10,2,0,0,1,7298,0,40,1
31,14,2,9,0,1,0,0,6,0
39,9,2,6,0,1,0,0,40,1
26,7,4,7,2,1,0,0,30,0
25,13,2,12,0,1,0,0,35,0
61,10,2,0,0,1,0,1887,40,1
49,9,0,11,3,0,0,0,40,0
53,13,4,9,1,0,0,0,45,0
52,1,2,6,0,1,0,0,40,0
52,9,2,13,0,1,0,0,55,0
50,9,0,0,1,1,0,0,40,0
29,13,4,11,1,0,13550,0,35,1
76,4,6,10,1,1,0,0,30,0
19,9,4,0,3,0,0,0,15,0
25,9,2,13,0,1,0,0,40,0
45,9,0,0,4,0,0,0,40,0
34,12,0,0,3,0,0,0,35,0
20,10,4,7,3,0,0,0,16,0
27,10,2,12,0,1,0,0,40,0
41,10,2,0,0,1,2829,0,40,0
43,9,2,7,0,1,0,0,60,0
23,9,4,0,3,0,0,0,40,0
37,10,0,0,4,0,0,0,40,0
31,13,2,3,0,1,0,0,40,0
33,10,2,2,0,1,0,0,4,0
28,12,4,11,3,1,0,0,20,0
35,10,0,0,4,0,0,0,40,0
41,12,2,12,0,1,0,0,75,1
17,7,4,7,2,0,0,0,12,0
41,13,2,9,5,0,0,0,40,1
44,11,0,11,1,1,0,0,45,0
47,4,2,2,0,1,0,0,40,0
24,9,4,5,3,1,0,0,40,0
38,11,0,7,4,0,0,0,40,0
34,10,2,3,0,1,0,0,52,0
62,9,0,7,1,0,0,0,35,0
27,9,2,0,0,1,0,0,38,0
59,10,2,0,5,0,0,0,40,1
35,14,2,3,0,1,0,0,40,0
38,9,5,7,4,0,0,0,32,0
28,10,4,7,3,0,0,0,50,0
28,9,4,0,2,0,0,0,38,0
59,5,2,13,0,1,0,0,40,0
42,10,5,0,3,0,0,0,40,0
54,14,4,9,1,0,0,0,32,1
39,9,2,9,0,1,0,0,45,0
41,13,2,4,0,1,0,0,40,0
43,13,0,0,4,0,0,0,40,0
32,13,2,7,0,1,0,0,50,1
62,10,5,11,4,0,0,1617,33,0
58,9,0,0,1,0,0,0,40,0
43,9,0,2,1,1,0,0,40,0
31,9,0,6,4,0,0,0,40,0
51,14,2,9,5,0,0,0,70,1
54,13,4,7,3,0,0,0,36,0
20,10,4,6,1,1,0,0,70,0
35,10,2,11,0,1,0,0,40,1
22,9,4,7,3,0,0,0,36,0
38,13,0,3,1,1,6849,0,60,0
42,9,2,3,0,1,0,0,40,0
44,14,2,0,0,1,0,0,40,1
28,9,2,4,0,1,0,0,70,1
74,10,2,3,0,1,0,0,35,1
34,9,2,3,5,0,0,0,40,0
50,9,2,9,0,1,0,0,52,0
50,11,6,3,4,0,0,0,40,0
43,9,2,5,0,1,0,0,40,0
29,9,2,2,0,1,0,0,40,0
61,9,2,3,0,1,0,0,50,1
21,10,4,0,3,0,0,0,40,0
47,16,2,9,0,1,0,0,40,1
39,12,0,9,4,0,0,1380,40,0
33,9,2,2,0,1,0,0,40,0
22,9,4,11,2,0,0,0,37,0
38,10,0,0,4,0,0,0,40,0
45,10,2,2,0,1,0,0,40,0
42,9,2,6,0,1,0,0,45,1
35,10,4,2,1,1,0,0,45,0
21,9,4,0,1,0,0,0,40,0
49,11,0,0,1,0,0,0,44,0
50,13,5,9,3,0,0,0,40,0
36,16,2,9,5,0,0,0,36,1
20,9,4,0,3,1,0,0,20,0
49,9,5,9,4,0,0,0,40,0
40,13,2,9,0,1,0,0,60,1
22,10,0,0,4,0,0,0,40,0
67,7,6,0,4,0,0,0,20,0
21,10,4,0,1,0,0,0,40,0
60,9,2,4,0,1,0,0,50,0
17,7,4,7,3,0,0,0,12,0
43,14,2,3,5,0,15024,0,32,1
49,13,2,3,0,1,0,0,45,1
41,13,5,9,1,0,99999,0,60,1
38,10,0,2,4,1,0,0,40,0
38,9,2,2,0,1,0,0,40,0
35,12,2,3,0,1,0,0,99,1
40,10,4,11,1,1,0,0,40,0
40,9,2,13,0,1,0,0,60,1
46,9,0,0,4,0,0,0,40,0
25,10,3,0,4,0,0,0,22,0
36,9,2,6,0,1,5178,0,40,1
24,12,4,5,1,1,0,0,48,0
62,9,2,6,0,1,0,0,48,0
54,1,2,2,0,1,0,0,40,0
23,13,2,0,2,0,0,0,40,0
60,9,2,0,5,0,0,0,40,0
18,9,4,4,3,0,0,0,8,0
41,10,2,0,5,0,0,0,40,0
45,14,4,9,1,0,0,0,40,0
62,11,6,3,4,0,0,0,40,0
28,13,3,12,4,0,0,0,40,0
36,10,2,3,0,1,0,0,60,1
31,9,4,11,2,1,0,0,40,0
33,9,5,2,4,1,0,0,50,0
62,15,2,9,0,1,0,0,16,0
27,4,2,7,5,0,0,0,40,0
42,11,0,0,4,0,0,0,40,1
55,5,4,5,2,1,0,0,37,0
41,9,4,11,1,0,0,0,50,0
26,10,2,3,0,1,4064,0,50,0
45,10,2,0,5,0,0,0,40,1
67,9,6,4,1,1,0,0,65,0
25,11,2,2,0,1,0,0,45,0
30,9,2,2,0,1,0,1887,48,1
22,13,4,3,4,1,0,0,40,0
19,10,4,7,3,1,0,0,20,0
26,13,4,3,1,0,0,0,45,0
61,9,2,2,0,1,0,0,50,0
32,15,4,11,1,0,13550,0,50,1
43,9,0,0,1,0,0,0,40,0
53,9,0,8,1,0,0,0,20,0
53,10,0,0,1,1,0,0,45,0
42,8,0,2,1,1,0,0,10,0
36,9,2,0,5,0,0,0,40,1
55,13,2,3,0,1,0,0,99,0
35,13,2,9,0,1,7298,0,40,1
17,7,4,11,3,0,0,0,16,0
55,15,0,9,1,0,0,0,35,0
36,9,2,3,0,1,0,0,40,0
40,14,2,9,5,0,0,0,40,1
54,6,0,7,1,0,0,0,10,0
45,13,0,9,1,1,0,0,45,0
48,10,2,12,0,1,0,0,40,1
40,15,4,3,1,1,0,0,60,1
31,13,2,9,0,1,0,0,50,0
26,13,4,0,3,1,0,0,40,0
34,10,2,3,5,0,0,1485,40,1
19,9,4,0,3,0,0,0,25,0
31,12,2,2,0,1,0,0,40,0
34,9,4,9,1,0,0,0,30,0
55,14,2,3,0,1,0,0,55,1
38,10,2,2,0,1,0,0,40,0
21,9,4,5,2,1,0,0,20,0
27,4,2,2,0,1,0,0,40,0
35,9,5,7,1,1,0,0,40,0
20,10,4,0,3,0,0,0,20,0
24,11,4,7,4,0,0,0,38,0
18,7,4,6,3,1,0,0,4,0
28,10,3,0,4,0,0,0,40,0
36,9,0,13,1,0,0,0,40,0
66,10,2,13,0,1,0,1258,20,0
19,10,4,7,3,0,0,0,15,0
59,6,2,3,5,0,0,0,36,0
33,9,2,13,0,1,0,0,46,0
28,4,5,5,1,1,0,0,40,0
34,13,4,7,1,1,0,2001,40,0
41,10,0,0,1,0,0,0,55,0
30,7,2,2,0,1,0,0,45,0
59,9,2,2,0,1,0,0,40,0
42,13,2,11,0,1,0,0,60,0
47,9,5,9,2,0,14084,0,38,1
29,6,3,0,4,0,0,0,40,0
60,10,3,6,1,1,0,0,50,1
53,9,2,2,0,1,5013,0,35,0
41,4,2,3,0,1,0,0,60,0
32,10,0,11,4,0,0,0,30,0
20,9,4,11,1,0,0,0,30,0
49,14,2,11,0,1,0,0,40,1
36,13,4,9,4,1,0,0,40,0
33,10,0,0,4,0,0,0,45,0
25,10,4,7,1,0,0,0,34,0
40,12,2,10,0,1,0,0,40,0
48,9,2,13,0,1,0,0,44,0
51,10,2,5,0,1,0,0,50,0
22,12,4,5,3,1,0,0,20,0
34,10,2,9,0,1,0,0,50,0
22,6,2,11,5,0,0,0,40,0
34,9,2,3,0,1,0,2002,40,0
56,9,0,7,1,1,0,0,40,0
49,9,2,6,0,1,0,1902,40,0
36,13,4,7,1,0,0,0,40,0
18,10,4,11,3,0,0,0,20,0
26,9,4,2,3,1,0,0,50,0
48,9,2,3,0,1,0,0,50,0
35,9,2,3,0,1,0,0,40,0
29,9,4,5,3,1,0,0,40,0
47,9,2,2,0,1,0,0,40,1
21,11,2,0,5,0,0,0,12,0
28,10,4,11,1,0,0,0,50,0
53,10,2,13,0,1,0,0,40,1
65,9,0,0,1,0,0,0,40,0
26,10,3,0,4,0,0,0,40,0
50,13,2,3,0,1,0,1902,50,1
26,9,2,2,0,1,0,0,50,0
70,9,2,9,0,1,0,0,20,0
55,10,0,6,3,1,0,0,40,0
27,13,4,13,2,1,0,0,35,0
31,10,2,3,0,1,0,0,40,1
43,13,2,11,0,1,0,1902,55,1
24,7,2,2,0,1,0,0,40,0
22,4,4,7,4,0,0,0,40,0
26,9,4,2,4,0,0,0,40,0
23,6,4,2,1,0,0,0,40,0
41,9,2,4,0,1,0,0,60,0
52,14,2,11,0,1,0,0,40,0
41,9,2,4,5,0,0,0,40,0
59,6,2,4,0,1,0,0,40,0
56,10,2,3,5,0,0,1977,50,1
58,9,0,2,1,1,14344,0,48,1
65,13,2,3,0,1,0,0,40,1
24,13,4,9,1,1,0,0,40,0
51,12,2,11,0,1,5178,0,45,1
31,10,2,5,0,1,0,0,45,0
84,9,6,9,1,0,0,0,16,0
51,10,2,2,0,1,0,0,40,0
24,13,4,9,1,1,0,0,50,0
30,9,2,6,0,1,0,0,45,0
22,6,4,7,1,1,0,0,40,0
30,14,4,9,1,1,0,0,40,0
47,10,0,3,4,0,0,0,40,0
19,9,4,11,3,0,0,0,35,0
43,10,0,0,4,0,0,0,36,0
30,13,4,3,1,0,0,0,50,0
46,14,0,3,1,0,0,0,45,0
49,13,2,9,0,1,0,0,60,0
37,3,4,6,4,0,0,0,40,0
42,14,4,3,1,1,0,0,40,0
57,10,2,11,0,1,5013,0,50,0
46,12,4,0,1,0,0,0,40,0
23,10,4,7,3,0,0,0,20,0
26,13,2,2,0,1,0,0,58,1
64,14,4,9,2,0,0,0,8,0
20,9,4,0,4,0,0,0,40,0
31,9,0,13,1,1,0,0,40,0
38,13,2,12,0,1,0,1977,40,1
44,10,0,6,1,1,0,0,40,0
42,11,2,2,0,1,2885,0,40,0
23,13,4,3,4,1,0,0,40,0
31,14,2,9,0,1,0,0,90,1
35,7,2,2,0,1,0,0,36,0
30,10,0,2,1,1,0,0,35,0
35,9,0,2,3,1,0,0,20,0
40,9,3,0,3,0,0,0,38,0
18,7,4,7,3,0,0,0,20,0
63,9,2,0,0,1,0,0,40,0
20,9,4,13,3,1,0,0,40,0
50,14,2,3,0,1,0,0,60,1
49,14,2,11,0,1,0,0,45,0
53,6,2,4,0,1,0,0,40,0
34,9,5,0,3,0,0,0,40,0
54,9,0,13,1,1,0,0,56,1
40,10,2,0,0,1,0,0,40,1
22,13,4,11,1,0,0,0,40,0
28,6,4,4,2,1,0,0,35,0
24,9,4,2,3,1,0,0,40,0
37,2,4,7,4,0,0,0,48,0
62,9,2,11,5,0,0,0,16,0
51,11,6,9,4,0,0,0,40,0
65,10,6,0,1,0,2346,0,40,0
31,9,4,0,3,0,0,0,8,0
42,10,0,3,4,1,0,0,90,1
42,9,2,7,5,0,0,0,35,0
54,12,2,2,0,1,0,0,40,0
23,13,4,3,3,0,0,0,60,0
28,9,4,7,1,0,0,0,46,0
42,7,0,2,1,1,0,0,40,0
30,9,4,3,1,1,0,0,40,0
33,9,2,2,0,1,0,0,40,0
33,9,0,12,1,0,0,0,40,0
39,9,0,6,4,1,2977,0,40,0
27,7,2,5,0,1,0,0,40,0
62,3,2,4,0,1,0,0,40,0
17,6,4,11,2,1,0,0,30,0
58,10,0,0,1,0,0,0,55,1
69,14,2,3,0,1,6514,0,40,1
34,13,2,9,0,1,0,0,42,1
34,13,5,11,1,1,0,2824,50,1
20,9,4,5,3,1,0,0,35,0
64,10,2,0,5,0,0,0,40,1
41,9,2,0,5,0,0,0,40,1
40,4,2,2,0,1,0,0,40,0
53,14,2,0,0,1,0,0,38,1
44,16,4,9,1,1,0,0,45,0
37,3,4,0,2,0,0,0,40,0
46,13,2,12,0,1,0,0,60,1
17,5,4,6,3,1,0,0,20,0
35,9,0,2,1,1,0,0,40,0
36,12,5,0,4,0,0,0,40,0
49,9,2,5,0,1,0,0,40,1
48,15,0,9,4,0,0,0,25,0
26,13,4,11,2,1,0,0,40,0
26,12,4,0,1,0,0,0,8,0
35,9,2,2,0,1,0,0,40,0
29,5,4,6,1,1,0,0,40,0
54,10,2,11,0,1,7298,0,50,1
36,10,5,0,3,1,0,0,40,0
25,13,2,9,0,1,0,0,40,0
18,6,4,7,3,1,0,0,25,0
21,10,4,11,3,0,0,0,20,0
22,9,2,7,3,1,0,0,40,0
52,9,2,2,0,1,0,0,45,1
36,10,2,7,5,0,0,0,40,0
25,13,4,3,3,0,0,1726,60,0
49,16,4,9,1,1,99999,0,70,1
42,10,2,11,0,1,0,0,50,1
37,11,2,11,0,1,0,0,54,0
39,12,4,2,3,1,0,0,40,0
32,13,4,9,1,1,0,0,40,0
53,9,2,3,0,1,0,0,40,0
30,7,2,2,0,1,0,0,40,0
51,10,2,12,5,0,0,0,40,1
62,11,0,0,1,0,0,0,40,0
38,3,2,6,0,1,0,0,40,0
23,13,4,12,1,1,0,0,40,0
39,9,2,6,0,1,0,2051,40,0
37,10,4,0,3,1,0,0,40,0
41,10,2,6,0,1,0,0,40,0
47,13,2,11,0,1,0,0,40,1
25,10,2,3,5,0,0,0,40,1
35,12,0,7,4,0,0,0,50,0
47,9,2,2,0,1,0,1977,45,1
30,9,4,7,1,1,0,0,40,0
29,11,2,12,0,1,0,2051,40,0
36,11,2,3,5,0,0,0,50,1
42,13,3,13,1,1,0,0,60,0
51,9,2,13,0,1,0,0,40,0
34,9,0,0,3,1,0,0,40,0
44,9,0,2,1,1,0,0,60,0
27,13,4,6,1,1,0,0,41,0
39,9,5,5,1,1,0,0,40,0
46,9,0,2,1,1,0,1741,40,0
32,9,0,11,3,1,0,1590,62,0
31,13,4,11,1,0,0,0,50,0
23,7,4,2,4,1,0,0,35,0
47,14,2,3,0,1,15024,0,55,1
66,13,2,9,0,1,0,0,99,0
26,9,4,6,3,1,0,0,40,0
52,9,2,5,0,1,0,0,40,1
53,7,6,3,1,0,0,0,30,0
48,13,2,3,0,1,0,0,40,0
37,12,5,3,4,1,0,0,50,0
17,7,4,7,3,0,0,0,5,0
50,11,2,2,0,1,0,0,40,1
17,7,4,0,1,0,0,1602,40,0
39,10,0,2,4,1,0,0,40,0
28,13,4,12,1,0,0,0,40,0
38,12,0,2,1,1,0,0,40,0
53,9,2,13,0,1,0,1902,40,1
28,13,0,9,1,1,0,0,40,0
42,10,2,9,0,1,15024,0,32,1
40,5,4,13,1,1,0,0,45,0
20,10,4,6,3,1,0,0,40,0
32,13,2,10,0,1,0,0,40,1
23,13,4,0,3,1,0,0,40,0
25,13,4,11,3,1,2174,0,40,0
41,9,2,2,0,1,0,0,40,0
42,13,2,9,0,1,7688,0,40,1
18,8,4,11,3,1,594,0,14,0
29,13,2,9,0,1,0,1848,60,1
36,9,2,11,0,1,0,0,50,0
34,6,2,2,0,1,0,0,40,0
34,9,0,2,4,1,0,0,44,0
48,15,2,9,0,1,15024,0,50,1
36,15,2,9,0,1,0,0,80,1
67,9,6,7,4,1,0,0,40,0
53,9,2,2,0,1,7298,0,40,1
53,13,2,3,0,1,0,2415,40,1
45,16,0,9,1,1,0,0,45,1
22,6,5,7,4,0,0,0,35,0
25,13,2,3,0,1,0,0,43,0
61,10,0,7,1,0,0,0,40,0
31,10,4,0,1,0,0,0,40,0
47,9,2,9,0,1,0,0,38,0
31,2,2,9,0,1,0,0,45,0
17,5,4,11,2,0,0,0,32,0
38,10,2,11,0,1,0,0,50,1
42,10,6,3,1,0,0,0,40,0
78,3,2,13,0,1,0,0,36,0
54,11,2,3,0,1,0,0,40,1
26,13,4,0,3,0,0,0,50,0
30,9,2,9,0,1,0,0,35,1
46,13,2,2,0,1,0,0,40,1
26,13,4,9,1,0,0,0,45,0
30,9,4,11,3,0,0,0,35,0
66,16,2,9,0,1,20051,0,35,1
23,9,4,2,3,1,2597,0,40,0
25,10,4,12,3,1,0,0,40,0
32,13,2,11,0,1,0,0,40,0
25,9,2,2,0,1,0,0,38,0
51,7,2,6,0,1,0,0,40,0
24,13,4,9,1,1,0,0,40,0
22,10,4,12,3,0,0,0,40,0
28,9,4,3,1,0,0,0,40,0
29,7,0,7,4,0,0,0,20,0
26,13,4,7,3,1,0,0,40,0
41,13,4,3,1,1,0,0,40,1
19,10,4,11,3,0,0,0,35,0
51,15,2,9,0,1,0,0,50,1
27,3,2,4,0,1,0,0,40,0
33,13,2,9,0,1,0,0,40,1
19,9,4,11,3,0,0,0,8,0
41,13,2,9,0,1,0,0,45,1
29,14,2,9,0,1,0,0,40,1
28,9,2,0,0,1,0,0,40,0
25,10,4,3,3,1,0,0,40,0
21,9,4,0,3,1,0,0,36,0
24,10,4,12,1,1,14344,0,50,1
48,7,0,7,1,0,0,0,31,0
46,15,2,9,0,1,0,0,60,1
35,10,2,11,0,1,0,0,50,0
35,13,2,3,0,1,0,0,40,1
50,6,2,2,0,1,0,0,40,0
45,10,2,3,0,1,0,0,40,0
62,13,2,9,5,0,0,0,40,0
39,14,2,9,0,1,0,1977,45,1
33,9,0,2,4,1,0,0,40,0
22,10,4,5,1,0,0,0,30,0
50,9,2,2,0,1,0,0,48,1
25,7,0,3,4,0,0,0,40,0
44,10,0,7,4,0,0,0,40,0
26,9,2,13,0,1,0,0,40,1
31,14,0,3,4,0,0,0,50,1
56,9,2,11,5,0,0,0,15,0
49,4,2,11,0,1,0,0,40,0
49,8,2,2,0,1,0,0,40,1
46,9,6,0,4,0,0,0,43,0
33,10,4,2,1,1,0,0,40,0
25,13,4,9,1,0,0,0,30,0
40,12,0,3,1,0,0,0,40,1
32,14,4,9,1,1,0,0,10,0
44,13,2,13,0,1,0,0,55,0
48,9,0,0,1,0,0,0,30,0
17,6,4,11,3,0,0,0,12,0
50,11,2,9,5,0,0,1887,36,1
61,10,2,0,5,0,15024,0,34,1
22,9,4,5,3,1,0,0,40,0
17,7,4,5,3,1,0,0,17,0
49,15,2,9,0,1,0,0,60,1
26,9,2,7,0,1,0,0,50,0
19,10,4,9,3,1,0,0,10,0
17,8,4,7,3,0,0,0,16,0
38,9,2,7,0,1,0,0,40,0
34,11,0,10,3,1,0,0,40,0
51,9,2,2,0,1,7298,0,50,1
48,9,2,2,0,1,0,0,42,1
63,14,2,9,0,1,0,0,50,1
19,9,4,6,3,0,0,0,40,0
73,10,2,0,5,0,20051,0,36,1
51,9,0,9,1,0,0,0,43,0
54,10,2,9,0,1,0,0,40,1
41,9,2,2,0,1,0,1848,40,1
36,13,2,3,0,1,4386,0,50,1
42,4,2,2,0,1,0,0,40,0
38,10,2,2,0,1,7688,0,40,1
37,13,2,3,0,1,0,0,50,1
35,9,2,2,0,1,0,1485,40,1
51,10,2,2,0,1,0,0,40,0
23,11,4,0,1,0,0,0,40,0
27,13,4,9,3,0,0,0,40,0
37,11,2,6,0,1,0,0,42,1
29,9,2,6,0,1,0,0,45,0
33,2,2,2,1,1,0,2603,32,0
60,9,0,6,1,1,4650,0,40,0
22,13,4,0,3,1,0,0,20,0
60,11,6,7,1,0,0,0,37,0
35,7,5,7,4,1,0,0,20,0
45,11,0,0,1,0,0,0,40,0
30,9,2,6,0,1,0,0,40,1
43,10,2,3,0,1,0,0,70,1
32,14,4,0,1,0,0,0,38,0
35,9,2,2,0,1,0,0,42,0
32,11,0,7,4,0,0,0,40,0
61,11,2,2,0,1,0,0,40,1
40,14,0,3,4,0,1506,0,40,0
42,13,2,11,0,1,0,0,60,1
21,10,4,11,4,0,0,0,35,0
21,10,4,11,3,0,0,0,20,0
26,13,4,3,1,0,0,0,40,0
36,9,2,3,0,1,0,0,60,1
24,13,2,11,2,1,0,0,40,0
47,13,2,3,0,1,0,0,57,1
51,12,0,12,1,1,0,0,30,0
67,10,6,11,1,0,0,0,25,0
49,9,2,4,0,1,0,0,25,0
58,11,2,2,0,1,0,1887,48,1
61,4,0,6,4,0,0,0,40,0
36,9,2,2,0,1,0,0,35,0
19,10,4,12,2,1,0,0,40,0
29,10,2,2,0,1,0,0,35,0
43,13,2,6,0,1,0,1887,40,1
60,9,0,11,1,1,2597,0,55,0
21,10,4,11,4,1,0,0,40,0
22,9,5,11,4,0,0,0,40,0
33,13,2,3,0,1,0,0,65,1
36,13,4,11,1,0,0,0,50,0
37,13,4,13,1,1,0,0,46,0
35,12,1,0,5,0,0,0,40,0
17,6,4,8,3,1,0,0,30,0
37,9,2,2,0,1,0,0,60,1
28,10,2,2,0,1,0,0,40,1
42,10,0,6,1,0,0,0,40,0
57,9,2,13,0,1,5178,0,60,1
26,10,4,4,2,0,0,0,65,0
45,7,2,7,0,1,0,0,50,0
32,13,2,2,0,1,0,0,44,1
63,10,6,0,4,0,0,0,43,0
22,10,4,9,2,0,0,0,20,0
36,10,2,3,0,1,0,0,55,1
45,9,2,3,5,0,0,0,40,0
34,15,2,9,0,1,0,0,55,1
27,13,4,9,1,1,0,0,60,0
47,9,2,4,0,1,0,0,56,1
46,4,4,7,3,1,0,0,52,0
28,10,4,6,3,0,0,0,40,0
45,9,4,5,2,1,0,0,40,0
26,13,4,0,3,0,0,0,40,0
32,6,2,3,0,1,0,0,45,0
30,8,2,0,5,0,0,0,40,0
59,6,2,13,0,1,0,0,40,0
58,16,4,3,1,0,0,0,43,1
45,10,0,5,1,1,0,0,30,0
76,10,6,13,1,1,0,0,40,0
38,9,0,0,3,0,0,0,40,0
32,14,4,11,3,1,0,0,40,0
38,9,0,4,1,1,0,0,50,0
30,12,4,9,4,0,0,0,36,0
53,11,2,3,0,1,0,0,40,1
27,13,4,9,1,1,0,0,50,0
44,12,2,4,0,1,0,0,30,0
35,14,2,3,0,1,0,0,50,1
36,2,4,7,2,0,0,0,40,0
51,10,2,3,5,0,0,0,10,1
42,9,2,13,0,1,0,0,40,0
40,13,1,9,0,1,7298,0,50,1
45,9,2,5,0,1,0,0,40,0
55,5,0,2,4,0,99999,0,37,1
36,4,2,6,0,1,0,0,40,0
57,9,2,2,0,1,0,0,40,1
27,9,0,12,1,0,0,0,45,0
62,14,4,5,1,1,4650,0,40,0
29,13,2,11,0,1,0,0,55,0
38,13,4,2,1,1,0,0,30,0
29,9,2,2,0,1,0,0,50,0
32,14,4,9,1,0,4865,0,40,0
34,13,4,3,1,1,0,1741,40,0
25,12,4,9,1,1,0,0,55,0
34,14,4,9,1,1,0,0,35,0
37,10,2,3,0,1,0,0,38,0
37,9,2,2,0,1,0,0,45,0
18,9,4,5,3,1,0,0,25,0
24,11,4,2,3,1,0,0,40,0
17,8,4,7,3,0,0,0,30,0
35,13,0,11,1,0,0,0,40,0
31,11,5,12,4,0,0,0,32,0
29,12,4,2,1,1,0,0,60,0
49,9,2,2,0,1,0,0,40,0
35,9,2,0,0,1,0,0,40,0
55,9,2,2,0,1,0,0,50,0
37,3,2,6,0,1,0,0,40,0
33,10,4,0,4,0,0,0,18,0
49,13,2,11,0,1,0,0,45,1
32,9,2,5,0,1,0,0,45,0
39,14,4,9,1,1,0,0,40,0
42,9,2,4,0,1,0,0,40,0
30,14,2,9,5,0,0,0,50,1
30,11,4,9,1,1,0,0,40,0
48,9,2,4,0,1,0,0,40,1
57,13,2,11,0,1,0,0,10,0
56,6,0,7,4,0,0,0,45,0
28,10,4,10,3,1,0,0,40,0
43,13,2,12,0,1,0,0,24,1
46,9,2,2,0,1,0,0,60,0
60,13,2,3,0,1,15024,0,45,1
50,14,0,9,4,0,0,0,65,0
37,15,2,9,0,1,0,0,50,1
41,9,0,8,2,0,0,0,40,0
38,10,2,3,5,0,0,0,38,1
23,10,4,7,3,0,0,0,40,0
59,10,2,3,0,1,0,0,50,1
72,14,4,9,1,1,2329,0,60,0
47,10,0,0,1,0,0,0,33,0
29,11,4,2,2,1,0,0,40,0
35,13,2,9,0,1,0,0,60,0
24,10,2,0,0,1,0,0,15,0
22,9,4,11,4,0,0,0,40,0
24,9,4,3,3,1,0,0,40,0
42,13,2,9,0,1,7298,0,45,1
40,14,0,9,4,0,0,0,20,0
61,9,0,0,1,0,0,0,40,0
58,13,4,4,3,1,0,0,72,0
39,9,0,9,1,1,0,0,40,0
45,10,0,9,1,0,0,0,50,0
25,9,4,5,1,1,0,0,45,0
34,11,2,2,0,1,7688,0,40,1
45,13,2,9,0,1,0,0,45,1
28,10,5,5,1,1,0,0,40,0
27,10,4,0,1,0,0,0,60,0
41,9,4,7,1,0,0,0,40,0
18,9,4,11,1,0,0,0,30,0
44,13,2,12,0,1,0,0,40,1
47,11,2,3,5,0,0,0,45,1
36,9,2,3,0,1,0,0,40,0
66,1,6,8,2,0,0,0,40,0
33,9,0,0,4,0,0,0,45,0
39,9,0,5,1,1,0,0,40,1
30,9,4,13,3,1,0,0,40,0
34,9,2,2,0,1,0,0,40,1
62,14,0,9,4,0,0,0,32,0
21,10,4,0,1,0,0,0,45,0
50,14,2,9,0,1,7298,0,50,1
30,13,2,3,0,1,3103,0,60,1
43,9,2,3,0,1,0,0,40,1
19,10,4,7,2,0,0,0,40,0
26,11,4,2,3,1,0,0,50,0
50,4,2,13,0,1,0,1579,65,0
45,14,0,3,1,1,0,0,40,1
46,14,2,11,0,1,0,0,50,1
17,6,4,7,3,1,0,0,15,0
56,4,2,3,0,1,0,0,40,1
25,10,2,0,5,0,3103,0,40,1
47,14,5,6,4,0,0,0,42,0
23,9,2,11,0,1,0,0,45,0
51,9,5,7,4,0,0,0,20,0
19,10,4,12,1,0,0,0,25,0
33,9,2,2,0,1,0,0,40,0
32,9,0,7,4,0,0,0,80,0
52,9,0,13,1,1,0,0,40,0
36,10,5,7,2,0,0,0,40,0
34,9,0,2,1,1,0,0,40,0
26,8,2,11,0,1,0,0,98,0
35,10,2,2,0,1,0,0,40,0
58,13,2,0,0,1,0,0,40,1
32,7,0,2,3,1,0,0,50,0
23,10,4,7,2,0,0,0,40,0
28,10,4,6,1,1,0,0,40,0
20,6,4,7,2,1,0,0,35,0
17,6,4,7,3,1,0,0,20,0
56,9,2,13,0,1,3103,0,45,1
26,9,0,0,3,0,0,0,40,0
43,13,0,9,4,0,1506,0,36,0
45,10,4,9,1,1,0,0,35,0
34,10,2,3,5,0,7688,0,50,1
54,2,2,7,0,1,0,0,35,0
51,9,6,7,4,0,0,0,40,0
58,10,2,4,0,1,0,0,60,0
49,12,5,0,1,0,2597,0,40,0
21,11,4,0,3,0,0,0,40,0
44,10,4,7,1,0,0,0,40,0
26,13,4,3,1,0,0,0,50,0
39,13,2,9,0,1,0,0,40,0
37,10,2,5,0,1,0,0,40,0
49,9,0,0,1,1,0,0,32,0
45,9,5,6,4,0,0,0,40,0
60,9,4,0,1,0,0,0,40,0
28,13,4,3,1,1,0,0,40,0
23,10,2,6,0,1,0,0,30,0
44,13,4,9,1,0,0,0,45,0
19,10,4,4,3,1,0,0,12,0
37,9,2,3,0,1,0,0,40,1
41,9,2,4,0,1,0,0,38,0
56,13,2,3,0,1,7688,0,40,1
44,12,2,3,0,1,0,0,54,1
30,13,2,2,0,1,0,0,36,1
23,13,4,11,1,0,0,0,40,0
44,9,2,3,5,0,3103,0,40,1
38,9,2,3,0,1,7688,0,70,1
32,10,2,11,0,1,5178,0,50,1
57,14,4,4,1,1,0,0,20,0
35,15,2,9,0,1,7688,0,50,1
48,13,2,3,0,1,99999,0,50,1
32,10,2,10,0,1,0,0,99,0
76,14,6,9,1,0,0,0,15,0
57,9,0,5,1,0,0,0,30,0
51,14,2,3,0,1,7298,0,50,1
50,6,2,7,0,1,0,0,40,0
38,9,1,7,5,0,0,0,25,0
53,9,2,13,0,1,0,2002,40,0
59,4,2,2,0,1,0,0,20,0
23,9,4,13,3,1,0,0,40,0
44,11,0,3,1,1,8614,0,40,1
23,13,4,11,1,0,0,0,40,0
23,12,4,11,3,1,0,0,20,0
44,13,2,3,0,1,0,0,40,1
30,9,2,12,0,1,0,0,40,0
28,9,2,11,0,1,0,0,40,0
46,10,0,3,1,0,0,0,40,0
34,1,4,0,3,0,0,0,25,0
38,13,5,3,1,1,27828,0,45,1
26,10,4,11,1,0,0,0,37,0
39,9,2,2,0,1,0,0,40,0
28,10,4,11,3,1,0,0,40,0
33,14,2,9,0,1,0,0,19,0
43,14,0,9,4,0,0,2547,40,1
30,13,0,3,1,0,0,0,40,0
59,14,2,3,0,1,0,0,50,1
26,9,2,6,0,1,0,0,45,0
28,10,4,12,3,1,0,0,24,0
48,10,4,7,1,1,0,0,40,0
49,13,6,9,4,0,1506,0,35,0
41,9,2,5,0,1,0,2179,40,0
20,10,4,0,3,0,0,0,30,0
49,9,2,10,0,1,0,0,40,1
37,13,4,9,2,1,0,0,40,0
18,8,4,11,3,0,0,0,8,0
61,9,2,12,0,1,0,0,40,1
26,9,2,5,0,1,0,0,48,0
66,13,6,7,1,1,0,0,12,0
68,14,4,9,1,0,3273,0,40,0
27,9,2,10,5,0,0,0,40,0
66,10,2,4,0,1,0,0,7,0
28,6,4,7,4,0,0,0,15,0
26,13,4,9,1,0,0,0,40,0
46,10,2,13,0,1,0,0,48,0
35,9,4,6,3,1,0,1974,40,0
26,9,4,4,3,1,0,0,60,0
40,9,5,6,1,0,0,0,40,0
31,10,4,3,1,1,0,0,45,0
52,9,6,13,1,1,0,0,40,0
61,9,2,7,0,1,0,0,12,0
39,7,2,2,0,1,0,0,40,0
25,9,4,7,3,0,114,0,40,0
47,13,2,12,0,1,0,0,48,0
33,13,2,6,0,1,0,0,40,0
17,7,4,7,3,1,0,0,25,0
26,9,2,0,0,1,0,0,45,0
25,9,4,5,2,1,0,0,40,0
39,9,2,3,0,1,0,0,16,0
33,14,2,3,0,1,7298,0,45,1
46,10,2,3,0,1,0,0,40,0
27,10,5,0,4,0,0,0,20,0
48,9,2,9,0,1,7298,0,40,1
29,7,2,7,5,0,0,0,5,0
40,13,4,11,3,1,0,0,40,0
24,13,4,11,3,1,0,0,40,0
55,13,2,3,0,1,0,1579,35,0
56,9,2,3,0,1,0,0,40,1
25,12,4,2,1,1,0,0,30,0
36,10,2,2,0,1,0,0,50,0
26,9,2,3,0,1,0,0,45,0
37,9,2,5,0,1,0,0,44,1
36,9,2,2,0,1,0,0,40,0
23,7,4,2,3,1,0,0,50,0
25,13,2,9,0,1,0,0,60,0
36,9,0,0,3,0,0,0,40,0
39,12,2,11,0,1,5178,0,48,1
35,11,4,2,3,1,0,0,40,0
33,7,4,5,3,1,0,0,40,0
31,10,4,2,1,1,0,0,46,0
49,10,2,9,0,1,0,0,22,0
40,9,2,13,0,1,0,0,60,0
27,10,6,0,4,0,0,0,40,0
50,16,2,9,0,1,0,0,23,0
38,8,4,6,1,0,0,0,50,0
55,13,0,3,4,1,0,0,40,0
49,4,2,7,0,1,0,0,70,0
40,13,3,7,1,1,0,0,40,0
42,11,0,12,1,0,0,0,30,0
51,13,2,9,0,1,0,0,50,1
27,13,4,0,3,0,0,0,50,0
30,9,2,10,0,1,0,0,40,1
40,6,4,7,4,0,0,0,40,0
43,13,5,2,4,1,0,0,35,0
24,9,4,7,1,0,0,0,40,0
38,13,2,11,0,1,0,0,60,1
52,9,2,2,0,1,0,0,40,0
32,11,2,11,0,1,0,0,50,1
33,11,5,10,1,0,0,0,40,0
21,9,4,6,3,1,0,0,40,0
27,10,4,11,1,1,0,0,50,0
31,9,0,3,1,1,0,0,50,0
29,14,2,9,5,0,0,0,40,1
49,3,2,7,0,1,0,2603,40,0
46,13,2,11,0,1,0,0,50,1
37,7,2,2,0,1,0,0,40,0
56,13,2,0,0,1,0,0,40,1
37,10,2,2,0,1,0,0,40,0
26,9,2,0,0,1,0,0,40,0
31,10,4,0,4,0,0,0,35,0
36,9,2,7,5,0,0,0,40,0
52,6,2,5,0,1,0,0,45,0
40,10,0,2,1,1,0,0,60,0
21,9,3,3,2,0,0,0,60,0
63,6,5,6,1,1,0,0,40,0
30,9,4,0,1,0,0,0,40,0
30,13,2,11,0,1,0,0,20,0
50,13,2,3,0,1,0,0,60,0
41,14,2,3,0,1,0,0,45,0
39,13,2,3,0,1,0,0,60,1
23,9,5,6,4,0,0,0,48,0
52,9,2,11,0,1,0,2377,40,0
46,11,0,12,4,0,0,625,40,0
26,10,2,0,5,0,0,0,42,0
30,10,2,2,0,1,0,1740,40,0
23,10,0,3,1,1,0,0,50,0
21,10,4,0,3,0,0,0,12,0
39,9,2,13,0,1,0,0,55,0
37,11,2,10,0,1,0,0,40,0
40,14,2,3,0,1,99999,0,50,1
38,10,0,0,4,0,0,0,20,0
47,13,2,11,0,1,4064,0,60,0
20,10,4,7,3,1,0,0,35,0
35,9,2,2,0,1,0,0,40,0
62,13,0,9,1,1,14084,0,40,1
32,7,0,7,4,0,0,0,15,0
42,13,2,11,0,1,0,0,60,1
32,6,4,2,4,1,0,0,40,0
27,10,4,7,3,0,0,0,30,0
53,13,2,11,0,1,0,0,45,1
28,3,2,5,0,1,0,0,25,0
26,9,2,11,0,1,0,0,40,0
47,15,2,3,0,1,0,0,45,1
23,10,4,10,3,0,0,0,40,0
70,10,2,3,0,1,0,0,30,0
41,13,2,3,0,1,0,0,40,0
43,14,4,9,1,1,0,0,45,0
40,9,2,2,0,1,0,1672,40,0
64,9,2,3,0,1,0,0,45,1
40,10,0,3,1,1,0,0,45,0
43,13,0,3,1,1,0,0,35,0
50,9,2,0,0,1,0,0,48,0
32,7,2,4,0,1,0,0,40,0
42,7,0,11,4,1,1506,0,50,0
41,9,2,2,0,1,0,0,40,1
30,10,4,3,1,0,0,0,40,0
20,10,4,7,3,1,0,0,30,0
45,9,2,2,0,1,0,0,40,0
42,16,2,9,0,1,0,1902,50,1
24,12,4,6,3,1,0,0,40,0
43,13,0,11,1,0,0,0,50,0
28,9,2,13,0,1,0,0,40,0
35,9,4,6,1,0,0,0,40,0
38,9,4,0,4,0,0,0,40,0
32,13,0,9,4,0,0,0,35,0
50,9,2,10,0,1,0,0,40,0
34,9,2,2,0,1,0,0,55,1
35,9,4,7,3,1,0,0,40,0
30,14,4,0,1,0,0,0,40,0
61,3,2,13,0,1,0,0,40,0
27,13,4,0,3,1,0,0,38,0
61,9,4,6,1,0,0,0,40,0
18,3,4,5,2,1,0,0,40,0
31,9,2,10,0,1,0,0,40,1
31,13,0,9,1,1,0,0,60,0
20,9,4,7,1,0,0,0,40,0
35,8,2,13,0,1,0,0,40,0
51,9,4,2,1,1,0,0,40,0
43,10,2,11,0,1,7688,0,40,1
18,7,4,5,3,1,0,0,20,0
55,15,2,3,0,1,99999,0,40,1
59,9,6,8,1,0,0,0,40,0
21,9,4,7,3,0,0,0,40,0
22,6,4,7,3,0,0,0,40,0
60,10,6,3,1,0,0,0,40,0
49,9,2,2,0,1,0,0,40,1
21,9,4,5,3,0,0,0,40,0
61,9,2,6,0,1,0,0,40,0
64,3,0,2,1,1,0,0,40,0
63,9,4,2,1,1,0,0,40,0
27,13,4,3,1,0,0,0,40,0
23,13,4,7,3,0,0,0,30,0
41,9,0,3,4,0,0,0,45,0
40,9,2,2,5,0,7298,0,40,1
55,13,2,3,0,1,0,0,40,1
17,6,4,7,3,0,0,1602,12,0
34,10,4,2,1,1,0,1504,60,0
24,13,4,0,3,0,0,0,40,0
30,15,2,9,5,0,0,0,45,1
29,14,4,3,1,1,0,0,60,0
52,13,2,3,0,1,0,0,40,1
57,10,2,3,0,1,0,0,40,1
38,13,4,12,1,0,0,0,45,0
43,14,0,3,1,0,0,0,50,1
61,10,6,0,2,0,0,0,40,0
38,13,2,3,0,1,15024,0,65,1
51,9,2,6,0,1,0,0,40,1
40,13,2,0,0,1,0,0,40,0
41,10,2,0,0,1,0,0,40,1
19,10,4,7,3,0,0,0,20,0
28,4,2,4,0,1,0,0,40,0
59,10,2,11,0,1,0,0,40,0
32,13,4,9,3,0,0,0,40,0
31,9,2,3,0,1,0,0,40,1
30,12,4,6,1,1,0,0,48,0
54,10,2,11,0,1,0,0,40,0
33,11,5,2,1,1,0,2444,42,1
20,10,4,0,3,0,0,0,10,0
32,9,2,13,0,1,0,0,48,0
35,9,2,13,5,0,0,0,40,0
27,7,4,2,1,1,0,0,45,0
40,13,2,9,0,1,0,0,46,1
34,11,2,11,0,1,0,0,40,0
34,12,2,9,0,1,0,0,40,1
38,10,4,2,3,0,0,0,25,0
28,9,2,7,0,1,0,0,40,0
65,10,2,5,0,1,0,0,27,0
61,10,4,12,3,1,0,0,16,0
18,7,4,11,3,0,0,0,25,0
35,13,2,11,3,1,5178,0,50,1
45,13,0,3,4,0,0,0,40,0
25,10,2,3,0,1,0,0,50,0
48,15,0,11,1,1,0,0,13,0
19,10,4,0,1,0,0,0,40,0
43,13,4,3,1,0,0,0,50,1
54,13,2,2,0,1,0,0,45,1
47,13,0,11,1,1,0,0,50,0
25,11,4,0,1,0,4865,0,40,0
30,12,2,2,0,1,0,0,40,0
35,9,0,5,4,0,0,0,40,0
26,10,2,11,0,1,0,0,18,0
61,9,2,11,0,1,0,0,40,0
54,9,0,7,4,1,0,0,32,0
50,8,2,11,0,1,0,0,40,1
32,5,5,6,4,0,0,0,40,0
34,9,0,6,1,0,0,0,25,0
36,9,4,7,1,1,0,0,40,0
50,10,2,2,0,1,0,0,40,1
28,7,2,4,0,1,0,0,40,0
22,9,4,7,3,0,0,0,19,0
58,7,2,7,0,1,0,0,20,0
27,3,4,7,1,1,0,0,75,0
62,13,2,12,0,1,0,0,38,0
36,13,4,12,1,1,27828,0,55,1
21,10,4,0,1,0,594,0,4,0
41,14,2,9,5,0,0,0,45,0
28,10,2,6,0,1,0,0,45,0
33,13,2,5,0,1,0,0,40,0
54,13,2,3,0,1,0,0,45,1
19,10,4,11,3,0,0,1721,25,0
76,4,4,4,1,1,0,0,30,0
34,13,2,3,0,1,0,0,50,1
40,13,4,0,1,0,0,0,40,0
22,7,4,11,4,0,0,0,30,0
17,7,4,5,3,1,0,0,15,0
55,10,0,7,1,0,0,0,20,0
51,10,2,0,5,0,0,0,40,0
26,3,2,5,0,1,0,0,40,0
44,13,4,7,1,1,0,0,48,0
54,9,2,3,0,1,0,0,40,1
34,12,4,2,1,1,0,0,40,0
42,9,0,0,4,1,0,0,40,0
26,9,4,2,1,1,0,0,70,0
39,3,2,7,0,1,0,0,40,0
34,13,4,7,1,1,0,0,40,0
59,9,0,2,1,1,0,0,40,0
20,9,4,7,3,1,0,0,50,0
34,10,2,6,0,1,0,0,45,1
51,9,2,2,0,1,0,0,20,0
34,10,2,5,0,1,0,0,40,1
47,13,5,9,4,0,0,0,50,0
30,11,0,2,1,1,0,0,49,0
38,9,5,11,1,1,0,0,60,0
45,13,2,9,5,0,5178,0,40,1
23,10,4,3,1,0,0,0,35,0
34,10,2,2,0,1,0,0,48,1
22,8,4,5,1,1,0,0,40,0
31,9,4,2,2,1,0,0,40,0
50,9,2,2,0,1,0,0,40,0
19,2,4,5,2,1,0,0,52,0
28,13,2,11,5,0,15024,0,45,1
23,9,4,0,1,0,0,0,50,0
35,9,2,5,0,1,0,0,40,0
28,9,2,6,0,1,0,0,40,0
27,10,4,0,3,1,0,0,30,0
46,13,2,11,0,1,0,0,55,0
27,9,0,5,1,1,0,0,40,0
25,6,2,7,5,0,0,0,40,0
34,10,2,2,0,1,0,0,70,0
33,9,4,6,4,1,0,0,40,0
36,10,4,2,1,0,0,0,40,0
30,4,2,2,0,1,0,0,48,0
23,10,2,11,5,0,0,0,47,0
36,3,3,2,2,1,0,0,32,0
29,13,4,9,1,0,0,0,45,0
50,10,2,4,0,1,7688,0,40,1
19,8,4,5,1,1,0,0,40,0
52,9,2,6,0,1,0,0,40,1
20,9,2,2,0,1,0,0,40,0
22,11,4,0,1,0,0,0,40,0
34,10,2,11,0,1,0,0,55,1
60,10,2,2,0,1,0,0,40,0
19,7,4,7,1,1,0,0,40,0
59,9,2,4,0,1,0,0,20,0
36,9,4,13,2,1,0,0,50,0
25,9,4,2,3,1,0,0,40,0
49,4,0,2,1,1,0,0,70,0
25,9,4,7,4,0,0,0,30,0
50,7,0,7,4,0,0,0,40,0
44,12,0,9,1,0,0,0,43,0
33,10,2,11,0,1,0,0,20,0
40,13,5,2,3,1,0,0,50,0
56,10,2,3,0,1,0,0,45,0
56,10,2,3,0,1,0,0,50,1
23,13,4,9,3,1,0,0,42,0
21,10,4,9,3,0,0,0,10,0
67,4,2,2,0,1,0,0,24,0
54,11,2,10,0,1,0,0,40,0
50,9,4,7,1,0,0,0,40,0
59,4,2,6,0,1,0,0,40,0
51,7,6,5,4,0,0,0,40,0
30,9,5,3,4,0,0,0,29,0
42,9,2,2,0,1,0,0,40,1
26,13,4,11,1,1,0,0,40,0
47,11,2,0,0,1,4064,0,40,0
78,10,2,2,0,1,0,0,3,1
24,9,0,2,1,1,0,0,50,0
27,7,5,4,2,1,0,0,40,0
51,14,2,3,0,1,0,0,50,1
46,9,2,6,0,1,0,0,40,1
55,9,2,4,0,1,0,0,60,0
20,10,4,7,3,1,0,0,40,0
30,9,2,3,0,1,0,0,50,0
19,9,4,7,3,0,0,0,20,0
30,13,2,9,0,1,0,0,40,1
31,12,2,2,1,1,0,0,50,1
26,9,2,6,0,1,0,0,96,0
53,9,2,13,0,1,0,0,60,1
24,10,4,0,1,0,0,0,40,0
24,10,5,9,3,1,0,0,54,0
36,9,0,3,4,0,0,0,50,0
39,14,2,3,0,1,0,0,50,1
53,9,0,6,4,1,0,0,32,0
75,9,6,11,2,1,0,0,35,1
36,9,2,3,0,1,0,0,50,1
46,10,2,11,0,1,0,0,40,0
56,9,2,11,0,1,0,1902,40,1
29,9,2,5,0,1,0,0,40,0
60,5,2,6,0,1,0,0,49,0
58,9,6,11,1,1,0,0,38,0
67,9,2,4,0,1,0,0,55,0
35,10,2,9,0,1,7688,0,38,1
39,10,2,4,0,1,0,0,80,0
37,10,2,13,0,1,0,0,50,0
63,15,2,9,0,1,0,0,30,0
47,7,0,7,1,0,0,0,38,0
23,13,4,0,3,0,0,0,40,0
55,9,5,6,1,1,4865,0,45,0
49,7,2,11,5,0,0,0,40,0
39,11,2,6,0,1,5178,0,40,1
23,9,4,6,3,1,0,0,40,0
19,10,4,7,3,0,0,0,12,0
44,14,2,3,0,1,0,0,40,1
25,11,4,7,4,0,0,0,40,0
35,11,0,9,3,1,0,0,40,0
23,9,0,0,3,0,0,0,40,0
48,11,2,2,0,1,0,0,40,0
48,10,0,5,3,1,2176,0,40,0
44,9,0,0,4,0,0,0,40,0
55,13,2,3,5,0,0,0,25,0
33,9,2,2,0,1,0,0,50,0
18,8,4,5,3,1,0,0,20,0
24,13,4,0,3,1,2202,0,30,0
32,12,2,10,0,1,0,0,56,1
24,13,4,9,1,0,0,0,20,0
44,13,2,3,0,1,99999,0,70,1
27,13,2,0,0,1,0,0,45,0
39,12,2,12,0,1,0,0,40,1
26,6,2,7,0,1,0,0,40,0
34,14,2,3,0,1,0,0,40,1
38,14,2,9,0,1,99999,0,65,1
41,14,2,9,0,1,0,0,75,1
32,9,2,11,0,1,0,0,50,0
56,14,2,3,0,1,0,0,40,1
59,13,2,3,0,1,0,1977,50,1
44,10,2,11,0,1,0,0,60,1
35,13,4,11,3,1,0,1590,40,0
52,9,2,6,0,1,3781,0,40,0
30,10,4,9,3,1,3325,0,50,0
23,13,2,11,0,1,0,0,40,0
43,9,4,0,4,0,8614,0,43,1
61,9,2,3,0,1,0,0,50,0
38,9,4,0,4,0,0,0,35,0
68,6,2,11,0,1,0,0,16,0
41,14,4,3,1,1,27828,0,50,1
42,10,4,9,1,1,0,0,40,0
19,9,0,7,1,0,0,0,40,0
31,7,3,5,1,1,0,0,40,0
40,12,2,2,0,1,0,2377,50,0
32,13,4,12,1,0,0,0,40,0
51,9,0,3,1,1,14084,0,40,1
44,13,2,9,0,1,0,0,40,1
23,13,4,11,3,0,0,0,30,0
44,13,4,9,1,0,0,0,45,0
24,9,2,4,0,1,0,0,60,0
34,9,2,11,0,1,0,0,60,0
61,14,2,9,0,1,0,0,45,1
30,13,4,3,3,1,0,0,40,0
45,13,4,2,1,1,0,0,40,0
22,11,4,0,3,0,0,0,40,0
49,10,2,7,0,1,0,0,40,0
39,12,6,0,4,0,0,0,45,0
34,10,4,0,2,0,0,0,40,0
52,10,2,3,0,1,0,0,40,1
24,11,4,0,1,0,0,0,40,0
38,13,2,9,0,1,0,0,45,1
19,7,4,6,3,1,0,0,40,0
24,9,4,7,1,0,0,0,30,0
25,12,4,7,3,1,0,0,43,0
71,4,6,13,1,1,0,0,10,0
27,9,2,9,5,0,0,0,40,0
28,11,4,12,1,0,0,0,40,0
54,11,2,10,0,1,15024,0,38,1
18,7,4,11,3,0,0,0,10,0
49,9,2,7,0,1,0,0,40,0
36,9,3,7,4,0,0,0,25,0
57,9,6,13,4,1,0,0,50,0
56,14,2,3,0,1,0,0,40,1
17,6,4,7,3,1,0,0,20,0
30,9,2,3,0,1,0,0,50,0
41,6,4,11,3,0,0,0,40,0
26,9,4,5,3,1,0,0,40,0
61,6,2,2,0,1,0,0,48,0
24,9,4,6,1,1,0,0,45,0
44,7,4,7,1,0,0,0,40,0
38,14,4,9,2,0,0,0,40,0
25,13,4,11,3,1,0,0,50,0
34,9,2,11,0,1,0,0,70,0
38,10,4,13,1,1,0,0,40,0
42,9,2,2,0,1,0,0,55,0
48,4,2,6,0,1,0,0,40,0
38,14,2,9,0,1,0,0,40,1
52,9,2,2,0,1,0,0,50,1
55,11,6,9,4,0,6849,0,40,0
41,9,0,4,2,1,0,0,20,0
45,3,4,6,3,0,0,0,35,0
49,4,4,6,1,1,0,0,45,0
19,10,4,7,1,1,0,0,20,0
39,13,2,0,0,1,0,0,45,0
43,10,4,7,1,1,2174,0,45,0
42,10,2,3,0,1,0,0,65,0
17,7,4,5,3,1,0,0,12,0
30,12,4,9,1,0,0,0,25,0
61,14,0,9,1,0,0,0,70,0
48,14,2,3,0,1,15024,0,40,1
57,9,2,13,0,1,0,0,40,1
27,3,2,5,0,1,0,0,45,0
24,9,2,11,0,1,0,0,48,0
41,8,0,13,1,1,0,0,84,1
42,9,6,13,4,1,0,0,40,0
34,13,4,9,3,0,0,0,15,0
47,9,0,3,4,0,0,0,43,0
50,9,4,0,1,1,0,1980,40,0
30,9,4,2,1,1,0,0,40,0
38,13,2,2,0,1,0,0,45,0
31,9,2,9,0,1,0,0,55,1
44,10,2,0,5,0,0,0,45,1
34,10,2,2,0,1,0,1651,38,0
52,9,0,6,1,1,14344,0,40,1
34,9,2,2,0,1,0,0,50,0
31,10,2,3,0,1,0,0,40,0
68,10,0,11,1,0,0,0,20,0
22,9,4,0,3,0,0,0,40,0
42,13,4,3,1,0,0,0,35,0
37,9,2,2,0,1,0,0,35,0
36,9,2,4,0,1,0,0,35,0
38,10,0,0,4,0,0,0,30,0
72,9,2,7,0,1,0,0,55,0
40,3,2,7,0,1,0,0,40,0
19,10,4,11,3,1,0,0,30,0
55,11,2,2,0,1,0,0,50,1
30,12,2,2,0,1,0,0,40,0
52,13,5,0,4,0,0,1092,40,0
29,13,2,11,0,1,3103,0,45,1
41,10,2,9,0,1,0,0,4,0
29,13,4,0,1,0,0,0,45,0
24,13,4,11,1,0,0,0,20,0
46,15,2,9,0,1,0,0,45,1
44,9,2,3,0,1,0,0,60,1
17,6,4,11,3,0,0,0,15,0
35,11,0,7,4,0,0,0,35,0
38,9,0,2,4,1,0,0,40,0
36,5,4,5,3,1,0,0,40,0
24,7,2,6,0,1,0,0,60,0
38,13,2,4,0,1,0,0,99,0
19,7,4,11,1,0,0,0,40,0
30,9,2,13,0,1,0,0,45,0
36,11,2,13,0,1,0,0,40,0
27,10,4,2,1,1,0,0,45,0
27,12,2,0,0,1,0,0,40,1
65,10,2,3,0,1,0,2174,40,1
37,14,4,3,1,0,0,0,40,1
17,7,4,11,3,1,0,0,30,0
57,3,2,13,0,1,0,0,50,0
54,14,0,9,1,0,0,0,30,0
21,10,4,7,1,0,0,0,40,0
43,9,5,5,1,1,0,0,40,0
50,9,2,2,0,1,0,0,40,0
38,7,2,5,0,1,0,0,48,1
31,9,2,9,0,1,15024,0,40,1
41,15,0,9,4,0,0,0,38,0
20,10,4,9,1,0,0,0,40,0
28,13,2,0,2,0,0,0,15,0
62,5,2,7,0,1,0,0,35,0
41,8,0,6,1,0,0,0,40,0
37,9,2,2,0,1,0,0,45,0
53,10,2,4,0,1,0,0,30,0
28,13,2,11,0,1,0,0,50,1
23,14,4,9,1,0,0,0,30,0
46,9,2,4,0,1,0,0,35,0
28,9,4,11,1,0,0,0,45,0
50,6,5,0,4,0,0,0,40,0
19,10,4,2,1,1,0,0,45,0
84,4,2,9,0,1,0,0,10,0
48,15,2,9,0,1,0,0,35,1
61,9,6,0,4,0,0,0,20,0
44,10,0,2,1,1,0,0,42,0
32,9,5,5,4,0,0,0,60,0
25,10,4,0,3,1,0,0,35,0
47,10,0,0,1,0,0,0,40,0
19,10,4,11,3,0,0,0,15,0
37,10,2,7,0,1,0,0,17,0
28,9,0,12,3,0,0,0,40,0
34,12,2,0,5,0,0,0,40,1
32,10,0,7,1,0,0,0,35,0
24,10,4,7,1,1,0,0,30,0
30,10,2,3,0,1,0,0,99,0
56,14,2,3,0,1,0,0,40,0
30,13,2,11,0,1,0,0,40,1
28,10,4,0,3,0,0,0,26,0
40,10,2,2,0,1,0,1887,68,1
28,10,4,11,1,1,0,0,45,0
39,8,4,5,1,1,0,0,40,0
33,9,2,2,0,1,0,0,40,1
23,10,4,7,1,1,0,0,40,0
32,10,4,6,2,1,0,0,55,0
37,9,2,2,0,1,0,0,40,0
71,3,6,8,1,0,0,0,75,0
30,10,2,0,0,1,0,0,40,1
20,10,4,3,1,0,0,0,40,0
53,9,2,13,0,1,0,1740,50,0
42,9,0,2,4,1,0,0,45,0
44,13,2,3,0,1,0,1902,56,1
26,14,4,9,1,0,0,0,40,0
21,10,4,7,3,0,0,0,16,0
37,9,3,7,4,0,0,0,40,0
36,13,0,9,4,0,0,0,40,0
25,9,4,11,4,0,0,0,40,0
54,16,2,3,0,1,0,1977,43,1
38,13,2,9,0,1,0,0,50,1
29,9,4,7,1,1,0,0,40,0
20,10,4,2,3,1,0,0,38,0
32,9,4,2,2,1,0,0,50,0
24,12,4,3,1,1,0,0,20,0
59,9,2,0,0,1,0,0,40,1
56,13,2,0,0,1,0,0,40,1
40,9,0,13,1,1,0,0,84,0
35,13,2,11,0,1,0,0,40,1
38,13,2,9,5,0,15024,0,40,1
24,10,4,11,3,0,0,0,20,0
30,10,2,11,0,1,0,1848,40,1
36,2,4,4,1,1,0,0,40,0
20,10,4,10,3,0,0,0,20,0
36,9,4,11,3,0,0,0,40,0
45,13,4,3,1,0,0,0,40,0
22,13,4,0,3,0,0,0,40,0
31,9,4,4,1,1,0,2001,40,0
34,9,4,13,3,1,0,0,40,0
24,7,4,2,4,1,0,0,40,0
23,13,4,11,1,1,0,0,25,0
46,15,5,9,4,0,0,0,40,1
60,15,2,9,0,1,0,0,70,1
40,10,0,6,4,0,0,0,40,0
55,9,0,6,1,0,0,0,40,0
47,14,5,12,1,1,27828,0,40,1
28,9,2,7,0,1,0,0,43,0
55,15,2,3,0,1,0,0,60,1
47,14,2,9,0,1,0,0,40,1
54,14,2,3,0,1,0,0,52,1
32,7,2,7,5,0,0,0,60,0
38,12,2,3,0,1,0,0,40,1
61,10,6,6,1,0,0,0,40,0
62,14,2,9,0,1,0,0,40,0
29,10,2,2,0,1,5013,0,40,0
26,9,4,10,1,0,0,0,32,0
19,10,4,4,3,1,0,0,50,0
40,6,2,2,0,1,0,0,40,0
36,9,2,6,0,1,7298,0,40,1
42,9,2,13,0,1,2885,0,45,0
55,14,4,9,2,0,0,0,40,0
55,9,2,7,5,0,2407,0,35,0
43,13,2,11,0,1,0,0,40,1
39,9,2,2,0,1,0,0,40,0
38,10,2,0,0,1,0,0,45,1
28,9,4,7,4,0,0,0,40,0
36,10,0,12,4,0,0,0,40,0
49,10,2,4,0,1,0,0,50,0
41,10,0,0,3,0,0,0,40,0
60,4,2,6,5,0,0,0,40,0
35,13,2,3,0,1,0,0,70,0
36,13,0,9,4,0,0,0,40,0
51,9,2,0,0,1,0,0,40,1
23,9,4,7,1,1,0,0,40,0
51,9,2,2,0,1,0,0,40,0
17,7,4,11,3,0,1055,0,18,0
33,10,2,11,0,1,0,0,25,0
50,9,0,10,1,1,0,0,40,0
38,8,2,2,0,1,0,0,40,1
18,9,4,0,3,0,0,0,35,0
26,9,4,13,3,1,0,0,40,0
21,10,4,11,3,0,0,0,47,0
26,9,2,3,0,1,0,0,52,0
30,9,2,0,5,0,0,0,40,1
33,9,4,7,1,1,0,0,40,0
42,10,0,13,4,1,0,0,38,0
28,15,4,9,1,0,0,0,50,0
20,9,4,7,3,1,0,0,35,0
66,13,6,9,1,0,0,2206,25,0
31,10,2,0,0,1,0,0,50,0
36,10,0,0,4,1,0,0,40,0
39,12,4,9,1,1,0,0,40,1
52,9,2,0,0,1,0,0,40,0
61,4,2,2,0,1,7688,0,40,1
27,9,2,13,0,1,0,0,40,0
45,9,0,0,1,0,0,0,50,0
21,5,4,7,3,1,0,0,40,0
25,9,4,0,3,0,0,0,40,0
24,10,4,7,3,0,0,0,25,0
38,12,2,3,0,1,0,0,55,0
29,13,2,9,5,0,0,1902,50,1
45,9,0,0,4,0,0,0,38,0
59,6,2,13,0,1,0,0,50,0
41,9,2,0,3,1,0,0,40,0
23,13,4,0,3,0,0,0,40,0
43,10,0,0,1,1,0,0,45,0
17,7,4,11,3,1,0,0,20,0
32,13,2,3,0,1,15024,0,50,1
42,11,2,6,0,1,0,0,40,0
68,14,2,3,0,1,0,2392,40,1
55,9,2,12,0,1,0,1887,40,1
43,9,2,0,0,1,0,0,40,0
61,9,2,0,0,1,0,0,40,1
28,9,2,6,0,1,0,0,40,0
47,9,0,6,4,0,0,0,60,0
21,4,4,2,1,1,0,0,40,0
39,10,4,2,1,1,0,0,40,0
39,7,0,2,1,1,0,1876,46,0
34,10,2,13,0,1,0,2179,40,0
27,13,0,5,3,1,0,0,40,0
21,10,4,7,3,0,0,0,12,0
25,3,4,6,1,1,0,0,40,0
51,10,2,11,0,1,0,0,50,1
35,13,4,11,3,0,0,0,40,0
19,10,4,7,3,1,0,0,12,0
27,13,2,3,0,1,7298,0,55,1
34,10,4,11,2,0,0,0,35,0
36,9,0,2,4,1,0,0,40,0
33,13,2,2,0,1,0,0,35,0
60,13,2,2,0,1,0,0,40,0
42,10,2,3,0,1,15024,0,50,1
47,9,2,9,5,0,0,0,40,0
42,9,0,2,1,1,0,0,75,1
34,10,2,3,0,1,0,0,65,1
21,9,4,7,3,0,0,0,32,0
30,14,2,7,0,1,0,0,15,1
53,14,2,3,5,0,0,0,50,1
34,9,2,2,0,1,0,0,40,0
37,13,2,5,0,1,0,0,40,0
27,9,4,0,3,0,0,0,40,0
31,13,4,11,1,1,0,0,40,0
30,10,2,0,5,0,0,0,40,0
33,9,0,13,1,1,0,0,45,0
41,10,2,3,0,1,0,0,40,0
23,10,2,9,0,1,0,0,30,0
65,10,2,3,5,0,0,0,40,0
30,9,4,7,4,0,0,0,40,0
51,11,2,7,0,1,4064,0,55,0
30,10,4,5,3,1,0,0,40,0
49,14,0,11,1,1,4787,0,45,1
37,9,2,9,0,1,3137,0,30,0
42,9,4,2,1,1,0,0,40,0
62,11,2,3,5,0,0,0,45,1
31,10,2,13,0,1,5178,0,40,1
50,13,2,12,0,1,0,0,20,1
33,13,2,0,2,1,0,0,40,0
27,10,4,13,2,1,0,0,40,0
31,11,2,2,0,1,4386,0,40,1
35,10,4,6,2,1,0,0,40,0
55,10,2,13,0,1,0,0,6,1
54,13,2,3,5,0,0,1977,35,1
56,13,2,12,0,1,0,0,48,1
21,11,4,0,1,0,0,0,40,0
66,4,6,7,1,0,0,0,20,0
46,9,2,2,0,1,0,0,50,0
23,13,4,3,1,0,0,0,38,0
43,14,4,3,1,0,0,0,45,0
40,9,2,6,0,1,0,0,55,0
52,3,2,2,0,1,0,0,40,0
59,13,2,9,0,1,0,0,50,1
36,11,5,0,3,0,0,0,40,0
33,9,4,13,1,1,0,0,40,0
20,9,2,11,0,1,0,0,40,0
21,9,4,6,1,1,0,0,35,0
42,14,2,3,0,1,0,0,50,1
62,9,6,11,1,0,0,0,43,0
54,9,4,11,1,1,0,0,40,0
35,4,4,6,3,0,0,0,30,0
36,12,4,12,1,0,0,0,40,0
21,9,4,0,2,0,0,0,45,0
30,9,5,4,4,0,0,0,14,0
46,10,2,2,0,1,0,0,40,1
32,3,2,6,5,0,0,0,40,1
21,10,4,11,2,1,0,0,64,0
39,9,4,0,1,1,0,0,40,0
54,9,3,3,1,0,0,0,43,0
32,10,2,6,0,1,3464,0,40,0
23,9,4,6,3,1,0,0,40,0
42,2,2,6,0,1,0,0,40,0
28,10,4,7,1,1,0,0,35,0
28,9,2,2,0,1,0,0,40,0
35,12,2,12,0,1,0,0,40,0
19,10,4,3,3,0,0,0,40,0
27,9,4,5,1,1,0,0,35,0
54,2,2,13,0,1,0,0,50,0
19,9,4,11,3,0,0,0,35,0
27,10,4,11,1,0,0,0,30,0
35,12,4,0,1,0,0,0,35,0
19,10,4,9,3,0,0,0,20,0
30,9,2,5,0,1,0,0,40,1
32,13,4,12,1,1,0,0,40,0
31,10,4,11,1,0,0,0,40,0
26,11,4,11,2,1,0,0,65,0
44,10,6,11,1,0,0,0,25,0
52,13,2,3,0,1,0,0,50,1
30,10,2,4,0,1,0,0,40,0
32,9,4,7,1,0,0,0,60,0
19,9,4,2,3,1,0,0,40,0
33,9,5,6,1,1,0,0,30,0
20,10,4,5,1,1,0,0,40,0
61,4,2,6,0,1,0,0,40,0
33,10,4,7,1,0,0,0,35,0
24,10,4,11,3,0,0,0,35,0
31,13,0,2,1,1,0,0,60,0
32,11,0,3,4,0,0,0,50,0
29,12,2,12,5,0,0,0,40,0
61,6,0,7,1,1,0,0,24,0
48,9,2,6,5,0,0,0,50,0
29,12,0,0,1,0,0,0,40,0
22,12,4,0,1,0,0,0,15,0
32,9,2,2,0,1,0,1672,40,0
38,9,2,2,0,1,0,0,40,0
27,10,0,6,4,0,0,0,40,0
26,9,4,2,2,1,0,0,40,0
35,9,4,0,1,1,8614,0,40,1
62,9,0,0,4,0,0,0,40,0
28,9,4,7,4,0,0,0,40,0
50,9,5,2,1,1,0,0,40,0
34,13,4,11,1,1,99999,0,50,1
37,9,2,2,0,1,0,0,40,0
63,2,6,6,4,0,0,0,44,0
35,5,4,5,1,1,0,0,40,0
55,13,2,11,0,1,0,0,40,1
40,9,2,11,5,0,0,0,40,1
25,9,2,11,0,1,0,0,50,0
51,10,2,3,0,1,0,0,40,0
37,13,2,3,0,1,7298,0,40,1
54,13,2,3,0,1,7298,0,55,1
47,10,2,7,0,1,0,0,40,1
26,13,4,3,3,0,0,0,40,0
46,11,3,2,4,1,0,0,40,0
24,8,4,2,2,1,0,0,40,0
19,4,4,0,3,1,0,0,80,0
35,9,2,11,0,1,0,1902,40,1
36,13,4,9,3,1,0,0,35,0
18,8,4,7,3,0,0,0,20,0
46,14,2,9,0,1,0,0,40,1
30,9,4,7,4,0,0,0,32,0
29,9,4,7,1,0,0,0,40,0
65,9,6,7,4,0,0,0,20,0
41,14,2,3,5,0,0,0,40,1
34,13,2,3,0,1,0,0,40,0
58,4,2,13,0,1,0,0,40,0
39,9,4,7,4,0,0,0,40,0
21,10,4,7,3,0,0,0,40,0
31,9,2,13,0,1,0,0,50,1
33,16,2,9,0,1,0,0,50,1
28,13,2,3,0,1,0,0,60,0
32,9,4,0,4,0,2977,0,35,0
32,13,4,3,1,1,0,0,55,1
31,9,5,7,4,0,0,0,40,0
41,15,2,3,0,1,15024,0,40,1
48,13,2,12,0,1,0,0,45,1
27,9,4,13,3,1,0,0,40,0
45,9,6,2,4,0,0,0,40,0
34,9,2,3,0,1,0,0,50,0
17,6,4,11,3,0,0,0,10,0
25,9,4,5,3,1,0,0,23,0
34,13,4,9,1,0,0,0,62,1
33,9,0,11,4,0,0,0,40,0
21,10,4,0,1,0,0,0,20,0
22,9,4,6,1,1,0,0,50,0
61,10,2,9,0,1,0,0,42,0
40,9,2,0,5,0,0,0,30,1
58,10,2,11,0,1,0,0,12,0
30,10,2,2,0,1,0,0,58,0
24,9,4,2,3,1,0,0,60,0
52,8,2,3,0,1,0,0,50,1
50,9,6,11,4,0,0,0,40,0
49,10,2,2,0,1,0,0,30,0
22,9,4,0,3,0,0,0,40,0
21,10,4,0,3,0,0,0,40,0
25,10,4,6,3,0,0,0,50,0
34,9,2,0,0,1,0,0,45,0
48,6,2,3,0,1,0,0,45,1
21,10,4,0,4,0,0,0,40,0
20,4,4,6,3,0,0,0,52,0
30,10,2,0,0,1,0,0,40,1
44,9,2,11,0,1,0,1902,40,1
44,9,4,2,1,1,0,0,60,0
29,9,2,13,0,1,0,0,60,0
31,15,0,12,1,0,0,0,35,0
35,9,2,2,0,1,0,0,40,0
27,9,4,0,1,1,0,0,40,0
26,13,4,3,1,0,0,0,45,0
37,5,2,13,0,1,0,0,70,1
44,4,2,7,5,0,0,0,55,0
34,13,2,3,0,1,0,0,40,1
28,12,4,2,3,1,0,0,5,0
30,10,2,7,5,0,0,0,45,0
41,13,2,9,0,1,0,0,35,0
23,13,4,12,3,0,0,0,40,0
19,9,4,5,2,1,0,0,70,0
48,2,2,4,0,1,3781,0,50,0
26,10,4,7,1,1,0,0,20,0
32,13,2,11,0,1,0,0,40,1
26,9,0,0,4,0,0,0,48,0
36,14,2,9,0,1,7298,0,55,1
49,9,2,13,0,1,0,0,40,0
54,14,0,12,1,1,0,0,40,1
36,9,0,2,1,1,0,0,55,0
41,9,0,5,4,1,0,0,48,0
27,13,4,7,1,1,0,0,35,0
40,11,2,4,0,1,0,0,60,0
46,9,0,2,1,1,0,0,40,0
43,5,0,13,1,1,0,0,40,0
46,9,0,2,2,1,0,0,40,0
51,10,2,3,0,1,0,0,60,0
19,10,4,0,3,0,0,0,15,0
67,16,4,9,1,0,7896,0,50,1
31,9,2,6,0,1,0,0,40,0
27,13,2,11,0,1,0,0,50,1
21,10,4,7,3,0,0,0,40,0
36,9,2,13,0,1,0,0,50,0
23,9,4,6,3,0,0,0,16,0
62,14,2,9,5,0,0,0,40,1
31,13,2,10,0,1,0,0,50,1
52,13,2,3,0,1,0,1887,40,1
39,9,2,4,0,1,0,0,40,0
24,13,4,9,3,1,0,0,30,0
38,9,2,6,0,1,0,0,40,0
36,9,2,3,0,1,0,0,40,0
17,7,4,11,3,0,0,0,15,0
27,9,3,7,4,0,0,0,40,0
30,10,0,2,1,1,0,0,40,0
43,9,0,3,4,0,0,0,40,0
51,7,0,7,4,0,0,0,30,0
47,13,6,8,4,0,25236,0,35,1
49,16,4,3,1,0,0,2258,50,1
34,9,2,2,0,1,0,0,48,1
79,16,6,3,1,1,0,0,6,1
28,10,0,7,4,1,0,0,40,0
41,10,2,3,0,1,0,0,50,0
21,10,2,7,0,1,0,0,50,0
31,13,4,12,1,0,0,0,40,0
45,9,2,3,0,1,0,0,45,0
23,9,4,13,1,1,0,0,50,0
32,10,2,3,0,1,0,0,50,0
67,7,2,13,0,1,0,0,40,0
32,14,2,3,0,1,0,0,55,1
35,9,2,4,0,1,0,0,50,0
29,10,2,9,0,1,0,0,40,0
38,9,2,2,0,1,0,0,40,0
38,10,2,11,0,1,0,0,60,0
18,9,4,9,1,1,0,0,30,0
47,9,2,9,0,1,5013,0,24,0
22,9,4,0,1,0,0,0,40,0
21,10,2,3,0,1,0,2377,48,0
40,15,2,9,0,1,15024,0,55,1
23,13,4,6,3,0,0,1719,40,0
25,10,2,6,0,1,0,0,40,0
44,10,4,11,1,1,0,2258,60,0
43,9,2,0,5,0,0,0,25,1
31,13,2,3,0,1,0,1977,55,1
33,10,2,2,0,1,0,0,40,0
41,9,2,3,0,1,0,0,40,1
29,14,2,2,0,1,0,0,30,0
78,4,2,5,0,1,1797,0,15,0
64,9,2,3,0,1,0,0,40,1
58,13,2,3,0,1,0,0,50,1
20,9,4,0,3,0,0,0,40,0
35,10,2,11,0,1,0,0,40,0
27,9,2,6,0,1,0,0,40,0
37,9,2,11,0,1,99999,0,50,1
42,11,4,0,1,0,0,0,40,0
47,8,2,0,0,1,0,0,35,0
29,9,4,5,1,0,0,0,40,0
33,2,4,11,3,0,0,0,24,0
44,10,6,3,1,0,0,0,40,0
25,9,4,13,1,1,0,0,78,0
24,13,4,0,2,0,0,0,10,0
42,13,0,0,4,0,2977,0,40,0
53,13,2,3,0,1,0,0,50,1
39,13,0,3,4,0,0,0,60,0
72,9,2,4,0,1,0,0,40,0
43,5,4,11,3,0,0,0,44,0
25,10,2,10,0,1,0,0,40,0
37,12,2,9,0,1,0,0,45,1
27,9,4,6,1,0,0,0,40,0
39,16,2,9,0,1,0,0,50,1
64,9,2,2,0,1,2635,0,24,0
29,9,4,2,1,1,0,0,50,1
50,13,2,3,0,1,0,0,50,1
33,3,4,7,4,0,0,0,40,0
18,9,4,11,1,0,0,0,20,0
20,7,4,5,1,1,0,0,32,0
32,10,5,12,4,0,0,0,50,0
45,10,0,0,4,0,0,0,40,0
48,9,2,5,5,0,0,0,40,0
23,9,4,6,3,0,0,0,40,0
34,13,2,10,0,1,0,1902,48,1
43,13,5,3,4,1,8614,0,40,1
44,13,2,11,0,1,0,0,40,1
47,10,2,12,0,1,0,0,40,1
47,9,3,2,1,0,0,0,40,0
46,2,4,7,1,0,0,0,20,0
19,9,4,11,3,0,0,0,40,0
51,9,2,0,0,1,0,0,40,0
41,9,5,3,4,1,0,0,40,0
37,7,5,7,4,0,0,0,40,0
31,9,4,2,3,1,0,0,40,0
25,9,4,7,1,1,0,0,40,0
46,10,2,12,0,1,0,0,40,1
53,9,2,2,0,1,5178,0,45,1
47,16,4,9,4,0,0,0,40,0
28,9,2,3,0,1,0,0,50,1
60,10,2,13,0,1,3137,0,46,0
43,9,2,6,0,1,0,0,40,0
45,9,2,2,0,1,7688,0,50,1
28,6,4,5,2,1,0,0,40,0
19,7,4,5,2,1,0,0,30,0
51,15,2,9,0,1,99999,0,70,1
19,9,4,2,2,1,0,0,35,0
64,16,2,9,0,1,0,0,60,1
44,16,2,3,0,1,0,0,60,1
21,9,4,2,1,1,0,0,48,0
33,9,4,9,1,1,0,0,40,0
63,13,2,10,0,1,0,0,40,1
44,14,2,9,0,1,15024,0,35,1
28,9,4,3,4,0,0,0,70,0
24,13,4,11,3,1,0,0,40,0
20,10,4,0,3,0,0,0,20,0
20,9,4,5,3,1,0,0,40,0
21,9,4,5,3,1,0,0,40,0
34,10,2,6,0,1,0,0,52,0
17,7,4,11,3,0,0,0,15,0
35,7,5,7,4,0,0,0,40,0
26,9,4,4,1,1,0,0,40,0
35,9,0,4,1,1,0,0,70,0
25,9,4,6,1,1,0,0,40,0
27,10,2,7,0,1,0,0,40,0
52,11,2,10,0,1,0,0,40,1
43,13,4,9,4,0,0,0,50,0
36,14,2,11,0,1,7688,0,50,1
37,9,4,6,3,1,0,0,40,0
58,9,4,0,1,0,0,0,40,0
25,12,4,2,1,1,0,0,45,0
54,14,2,7,0,1,0,0,40,0
65,13,2,3,0,1,99999,0,65,1
44,9,4,6,1,0,0,0,45,0
61,3,2,2,0,1,0,0,40,0
29,9,2,2,0,1,0,0,40,0
34,10,2,2,0,1,0,0,40,1
24,10,4,7,1,0,0,0,40,0
40,12,2,12,0,1,0,0,42,1
42,15,2,9,0,1,0,0,60,1
50,9,4,6,1,1,0,0,40,0
49,9,2,6,0,1,0,0,40,0
38,9,0,6,1,1,0,0,40,0
41,9,2,0,0,1,0,0,45,0
70,10,4,3,1,1,0,0,5,0
51,10,2,2,0,1,0,0,40,1
24,13,4,9,1,0,0,0,40,0
57,9,2,2,0,1,0,0,48,1
22,10,4,0,3,0,0,0,20,0
31,10,2,2,0,1,0,0,40,1
28,10,2,12,5,0,0,0,40,0
45,9,2,3,0,1,0,0,50,0
39,9,2,2,0,1,0,0,40,1
26,10,4,11,1,0,0,0,40,0
38,9,2,2,0,1,0,0,40,0
38,14,2,9,0,1,99999,0,60,1
19,9,4,5,3,1,0,0,20,0
30,9,2,6,0,1,0,0,44,0
28,14,2,9,0,1,0,0,40,1
53,5,4,2,1,1,0,0,40,0
32,13,4,9,1,1,0,0,38,0
57,15,2,9,0,1,15024,0,60,1
47,14,0,9,1,0,0,0,40,0
36,10,2,2,0,1,0,0,56,0
21,7,4,11,3,0,0,0,38,0
25,13,2,10,0,1,0,0,40,1
37,9,0,10,4,0,0,0,40,0
31,9,0,7,4,0,0,0,30,0
43,9,2,13,0,1,0,0,50,0
61,9,0,11,4,0,0,2754,25,0
56,10,2,0,0,1,0,0,35,0
59,4,5,7,3,0,0,0,38,0
44,10,2,2,0,1,0,1887,55,1
47,14,0,9,4,0,0,0,40,0
44,13,2,9,0,1,0,0,55,1
64,10,2,7,0,1,0,0,40,0
26,9,2,2,0,1,0,0,45,0
53,13,2,3,0,1,0,0,40,1
46,9,0,0,1,0,0,0,44,0
45,9,2,11,0,1,0,0,50,1
44,9,4,0,4,0,0,0,40,0
59,10,2,3,0,1,0,1977,48,1
65,16,2,3,0,1,99999,0,40,1
23,9,4,6,3,0,0,0,40,0
33,10,0,0,4,0,0,0,38,0
34,9,0,11,3,0,0,0,35,0
38,11,0,0,4,0,0,0,40,0
62,13,2,3,0,1,0,0,35,1
21,10,4,11,2,1,0,0,40,0
41,9,2,2,0,1,0,0,8,0
35,9,4,5,2,1,0,0,40,0
62,10,0,7,1,1,0,0,45,0
53,9,2,2,0,1,0,0,40,1
69,10,2,13,0,1,0,0,16,0
19,10,4,11,3,0,0,0,16,0
47,13,2,3,0,1,0,0,40,1
52,10,2,11,0,1,0,0,90,1
54,9,2,2,0,1,0,0,40,0
30,9,2,13,0,1,0,0,73,1
39,9,2,0,5,0,0,0,25,0
73,13,2,9,0,1,1173,0,75,0
64,13,2,11,0,1,0,0,40,0
32,9,4,2,3,1,0,0,40,0
51,9,2,9,0,1,0,0,40,1
57,13,4,11,1,1,0,0,40,0
25,9,4,6,4,1,0,0,40,0
53,9,2,7,0,1,0,1740,40,0
39,10,4,7,1,0,0,0,25,0
49,9,0,0,4,0,0,0,16,0
23,13,4,9,1,0,0,1092,40,0
28,13,4,9,1,1,0,0,55,1
46,14,2,9,0,1,0,1977,50,1
40,10,4,2,3,1,0,0,40,0
24,9,2,6,0,1,0,0,50,0
50,6,2,7,0,1,0,0,8,0
35,9,2,3,0,1,0,0,40,0
33,13,4,9,1,0,0,0,46,0
54,13,0,3,1,1,0,0,40,0
35,9,2,13,0,1,0,0,45,0
31,9,2,10,0,1,0,0,40,1
47,10,2,4,0,1,0,0,40,0
48,9,0,11,3,0,0,0,20,0
33,11,4,0,3,1,0,1669,55,0
35,13,2,3,0,1,0,0,40,1
36,1,4,6,1,1,0,0,40,0
30,13,4,3,1,0,0,0,55,0
39,10,2,2,0,1,0,0,55,1
25,10,4,5,1,1,0,0,40,0
40,9,0,7,1,0,0,0,35,0
25,9,2,3,0,1,0,0,40,0
33,9,2,6,5,0,0,0,40,0
53,10,0,5,1,1,0,0,40,0
18,7,4,7,3,1,0,0,10,0
41,9,4,6,4,1,0,0,40,0
25,13,2,9,0,1,0,0,50,0
66,4,6,4,4,1,0,0,50,0
53,10,0,0,4,0,1471,0,40,0
27,9,2,2,0,1,0,0,40,0
28,9,5,11,4,0,0,0,40,0
23,9,4,5,3,1,0,0,40,0
29,6,0,2,1,1,0,0,80,0
26,10,2,3,5,0,0,0,40,0
26,9,4,5,1,1,0,0,42,0
26,5,4,7,1,1,0,0,35,0
38,9,2,2,0,1,0,0,40,0
36,3,2,2,0,1,0,0,40,0
34,10,2,2,0,1,15024,0,45,1
32,9,4,0,1,1,0,0,40,0
57,9,2,2,0,1,0,0,50,1
31,10,0,0,4,0,0,0,40,0
38,13,4,3,1,0,0,0,38,0
39,9,0,7,1,0,0,0,40,0
35,9,2,2,0,1,0,2377,40,0
18,7,4,7,3,0,0,0,20,0
28,9,4,7,1,1,0,0,40,0
41,14,4,3,1,0,0,0,55,0
39,5,2,6,0,1,0,0,40,1
31,10,4,12,1,1,0,0,40,0
38,9,0,0,1,0,0,0,38,0
27,9,2,2,0,1,0,0,40,0
42,14,2,9,0,1,0,1902,55,1
46,13,5,9,4,0,0,0,36,0
20,9,4,0,3,0,0,0,40,0
42,10,0,9,4,0,0,0,20,0
69,9,6,3,1,0,0,0,40,0
47,11,2,0,5,0,0,0,35,0
49,9,2,2,0,1,0,0,40,0
20,10,4,3,3,0,0,0,30,0
52,3,2,11,5,0,0,0,15,0
33,3,2,7,0,1,0,0,59,0
18,7,4,7,3,0,0,0,6,0
55,9,5,4,4,0,0,0,55,0
61,4,2,4,0,1,0,0,40,0
61,10,2,0,0,1,9386,0,40,1
39,13,0,3,1,1,0,0,45,1
30,10,2,2,0,1,0,0,40,0
61,9,0,0,4,0,0,0,40,0
36,12,2,11,5,0,0,0,15,0
34,10,2,2,0,1,0,0,50,0
53,14,2,9,0,1,4386,0,40,1
38,11,2,12,5,0,0,0,36,1
46,13,2,3,0,1,7298,0,50,1
27,9,2,5,0,1,0,0,40,0
32,7,5,5,4,0,0,0,40,0
60,13,6,9,4,0,0,0,60,1
23,13,4,3,3,1,0,0,40,0
29,13,4,9,4,0,14344,0,50,1
22,9,4,2,3,1,0,0,50,0
25,9,4,11,3,1,0,0,35,0
29,13,2,6,0,1,0,0,48,0
90,9,2,2,0,1,0,0,30,0
37,9,0,0,4,0,0,0,40,0
32,9,4,2,3,1,0,0,38,0
18,9,3,7,3,1,0,0,40,0
35,10,4,7,1,0,0,0,65,0
50,5,2,2,0,1,2885,0,40,0
54,9,2,2,0,1,5178,0,40,1
43,13,2,3,0,1,0,0,45,1
28,9,4,3,1,1,0,0,65,1
51,5,2,4,0,1,0,0,40,0
31,10,4,2,4,1,0,0,42,0
69,9,5,13,4,0,2387,0,40,0
57,13,2,3,0,1,0,0,40,1
28,6,0,6,3,0,0,0,40,0
25,9,4,5,3,1,0,0,95,0
49,12,2,2,0,1,0,0,30,0
52,5,2,5,0,1,0,0,40,0
32,3,3,2,2,1,0,0,40,0
31,10,4,11,1,0,0,0,50,0
30,9,4,2,3,1,0,0,50,0
24,9,2,2,0,1,0,0,60,0
45,12,2,2,0,1,0,0,66,0
30,9,2,6,0,1,0,0,40,0
52,13,2,3,0,1,15024,0,55,1
42,9,0,0,1,0,0,0,25,0
49,9,2,4,0,1,0,0,40,0
20,9,4,7,3,1,0,0,30,0
25,13,4,0,3,0,0,0,40,0
41,5,2,7,0,1,0,0,55,0
55,9,0,11,4,0,0,0,40,0
31,11,2,3,0,1,3137,0,50,0
25,13,4,10,1,0,0,0,40,0
32,9,2,3,0,1,0,0,40,0
29,10,4,0,2,1,0,0,40,0
52,4,6,7,1,0,0,0,40,0
19,10,4,0,3,0,0,0,15,0
43,12,0,2,1,1,0,0,40,0
40,10,2,13,0,1,0,0,40,1
54,2,5,8,2,0,0,0,40,0
35,13,0,11,1,1,0,0,40,0
34,11,4,12,1,0,0,1974,40,0
35,10,2,9,0,1,0,0,40,1
57,16,2,9,0,1,0,0,40,1
26,13,4,7,2,0,0,0,40,0
55,13,6,11,4,0,0,0,15,0
51,13,5,0,4,0,0,0,40,0
35,12,4,13,1,1,0,0,30,0
31,9,2,5,0,1,0,0,40,0
17,7,4,0,3,0,0,0,8,0
38,9,2,6,5,0,0,0,40,0
39,15,2,9,0,1,0,1887,50,1
29,9,2,2,0,1,0,0,45,0
39,11,0,11,4,0,0,0,40,0
42,10,2,9,0,1,0,0,40,1
46,14,2,3,0,1,0,0,50,1
73,4,2,5,0,1,0,0,25,0
47,10,0,9,1,0,0,1876,40,0
28,9,4,11,4,0,0,0,70,0
27,6,4,11,2,1,0,1980,40,0
38,15,4,3,1,1,0,0,40,1
19,9,4,11,1,1,0,0,35,0
60,11,0,9,4,1,0,0,40,1
24,10,4,6,1,1,0,0,40,0
52,7,2,6,0,1,0,0,40,0
36,13,0,3,1,0,0,0,45,0
26,14,4,9,1,0,0,0,40,0
28,13,4,9,3,1,0,0,16,0
38,13,2,2,0,1,0,0,50,1
47,14,2,3,0,1,0,0,50,1
50,13,0,3,4,0,0,0,40,1
27,9,2,11,0,1,0,0,40,0
47,10,6,9,4,0,0,0,40,0
36,6,2,6,3,0,3464,0,40,0
49,9,0,6,1,1,0,0,40,0
63,9,0,3,1,0,0,0,40,0
36,9,2,13,0,1,0,0,70,1
42,10,0,0,4,0,0,0,35,0
28,14,4,3,1,0,0,0,45,0
38,9,2,0,5,0,0,0,22,0
43,13,2,9,0,1,0,1902,40,1
49,10,2,9,0,1,0,0,40,1
59,9,0,6,1,0,0,0,40,0
25,13,2,11,0,1,0,0,40,1
26,12,4,9,1,0,0,0,36,0
59,10,0,9,1,0,0,0,48,0
34,10,2,2,0,1,0,0,45,0
34,14,2,9,0,1,0,0,43,1
67,9,6,7,1,0,0,0,24,0
45,11,0,3,1,0,0,0,44,0
64,4,2,2,0,1,0,0,40,0
51,14,2,9,0,1,0,0,38,1
31,13,2,11,0,1,0,0,55,1
42,13,2,3,0,1,0,0,45,1
65,3,2,7,0,1,0,0,40,0
23,10,4,0,1,1,0,0,20,0
31,10,2,2,0,1,0,0,45,0
33,6,0,6,1,0,0,0,40,0
17,7,4,2,3,1,0,0,35,0
63,14,2,5,0,1,0,0,46,0
48,9,2,6,0,1,0,0,60,1
45,12,2,5,0,1,0,0,40,0
17,6,4,5,3,1,0,0,10,0
26,9,2,2,0,1,0,0,40,0
38,10,0,12,4,0,0,0,40,0
29,9,2,3,5,0,0,0,40,0
44,10,6,0,4,0,0,0,32,0
43,14,2,2,0,1,0,0,40,0
39,13,2,3,0,1,0,0,40,0
43,9,4,7,1,1,0,0,40,0
23,9,4,0,4,0,0,0,45,0
19,9,4,7,3,0,0,0,40,0
49,5,2,2,0,1,0,0,40,0
52,10,2,2,0,1,5013,0,40,0
32,9,2,13,0,1,0,0,50,0
38,13,2,13,0,1,4508,0,40,0
44,10,0,5,3,1,0,0,40,0
63,4,2,11,0,1,0,0,40,0
21,10,4,11,3,1,0,0,40,0
32,10,2,2,0,1,0,0,40,0
24,9,5,7,4,0,0,0,50,0
50,9,2,13,0,1,0,0,40,0
26,13,2,11,0,1,0,0,80,1
35,9,2,3,0,1,0,0,35,0
31,13,2,2,0,1,0,0,44,1
24,2,4,4,1,1,0,0,66,0
40,9,2,2,0,1,0,0,56,0
31,13,4,3,1,1,0,0,55,0
43,9,4,5,3,1,0,0,40,0
44,9,2,11,0,1,0,0,35,1
40,13,4,9,2,0,0,0,40,0
52,10,2,10,0,1,3137,0,42,0
51,3,2,2,0,1,0,0,40,0
39,13,2,9,0,1,0,0,40,0
40,12,2,11,0,1,7688,0,50,1
40,10,4,6,1,1,0,0,35,0
33,9,2,2,0,1,0,0,40,0
38,10,2,10,0,1,0,0,60,1
29,11,0,5,4,1,0,0,50,0
37,10,0,0,1,0,0,0,37,0
37,9,2,2,0,1,15024,0,45,1
19,9,4,6,3,1,0,0,40,0
46,9,2,6,0,1,0,0,40,0
46,12,2,3,0,1,0,0,40,1
37,10,4,10,3,1,0,0,30,0
38,10,0,0,4,0,0,0,43,0
26,9,2,2,0,1,0,0,40,0
34,13,4,7,1,0,0,0,35,0
57,13,2,9,0,1,0,0,40,0
33,7,4,2,1,1,0,0,65,0
26,10,4,10,3,1,0,0,40,0
20,9,4,11,1,0,0,0,84,0
38,13,2,9,0,1,7298,0,60,1
61,10,2,7,0,1,0,0,6,0
17,10,4,2,3,1,0,0,16,0
40,10,2,6,0,1,0,0,40,1
18,7,4,7,3,1,0,0,16,0
21,12,4,11,3,0,0,0,32,0
41,9,4,7,3,1,0,0,40,0
46,7,5,6,1,0,0,0,40,0
55,9,2,3,0,1,0,0,40,0
27,12,4,11,1,1,0,0,52,0
39,9,2,7,0,1,0,0,42,0
36,9,4,13,3,1,0,0,48,0
51,10,2,13,0,1,3908,0,40,0
27,13,4,11,1,1,0,0,40,0
30,13,2,9,0,1,0,0,40,1
42,9,0,11,1,1,0,0,47,0
23,13,4,7,3,0,0,0,20,0
56,11,2,3,0,1,15024,0,40,1
41,10,2,2,0,1,0,0,50,0
49,9,2,2,0,1,0,0,46,0
46,11,0,2,1,0,0,0,60,0
54,9,2,2,0,1,0,0,40,0
38,10,2,13,0,1,7298,0,43,1
45,15,2,9,0,1,0,0,50,1
50,15,2,9,0,1,0,2415,30,1
22,10,4,11,1,0,0,0,40,0
31,9,4,4,1,1,0,0,40,0
27,9,0,7,1,1,0,0,30,0
34,9,2,2,0,1,0,0,40,0
46,7,4,13,3,1,0,0,30,0
47,13,2,11,0,1,0,0,60,1
36,11,2,7,0,1,0,0,40,0
22,9,4,5,3,1,0,0,40,0
51,9,2,11,0,1,0,2002,45,0
43,10,0,7,1,1,0,0,30,0
54,10,6,9,1,1,0,0,50,0
24,5,4,6,3,0,0,0,40,0
29,15,4,9,1,1,0,0,55,0
40,10,0,0,4,0,0,0,38,0
18,7,4,7,3,1,0,0,20,0
31,13,4,0,1,1,0,0,50,0
57,16,2,12,0,1,0,1977,40,1
32,14,4,0,1,0,0,0,40,0
48,14,2,3,0,1,0,0,40,1
24,10,2,2,0,1,0,0,35,0
24,12,0,7,1,0,0,0,22,0
24,11,2,2,0,1,0,0,40,0
49,13,2,9,5,0,7688,0,30,1
27,9,2,4,0,1,0,1573,70,0
37,10,0,12,4,0,0,0,40,0
33,10,2,2,0,1,0,0,60,1
19,10,4,11,3,1,0,0,25,0
45,13,2,3,5,0,0,0,40,1
54,14,0,9,1,0,0,0,40,0
47,9,0,2,4,1,0,625,40,0
22,10,3,11,3,0,0,0,22,0
20,9,4,7,1,1,0,0,40,0
36,5,2,5,0,1,0,0,40,0
58,4,2,13,0,1,0,0,40,1
34,13,0,11,4,0,0,0,40,0
36,14,2,9,5,0,0,1977,44,1
28,13,4,0,1,0,4101,0,60,0
38,11,0,3,3,1,0,0,40,0
32,7,4,2,1,1,0,0,40,0
35,9,2,3,0,1,0,0,60,0
51,12,2,11,0,1,0,0,60,0
33,10,4,3,1,1,0,0,45,0
71,14,0,9,1,0,0,0,15,0
48,14,2,9,0,1,0,0,40,1
53,9,2,11,0,1,0,0,50,0
40,11,2,0,0,1,0,0,40,1
64,9,2,11,0,1,0,0,5,0
42,9,2,0,0,1,0,0,48,1
25,9,2,2,0,1,0,0,40,1
66,10,6,11,4,0,0,0,50,1
42,10,2,3,0,1,0,0,55,1
24,9,4,4,4,1,0,0,40,0
19,9,4,5,3,0,0,0,25,0
26,10,4,11,3,0,0,0,24,0
22,9,4,7,3,1,0,0,30,0
33,10,2,11,0,1,0,0,40,0
63,7,4,4,1,1,0,0,12,0
20,10,4,5,1,1,0,0,30,0
33,3,3,2,1,1,0,0,40,0
56,9,2,2,0,1,0,0,40,0
70,11,2,4,0,1,0,0,24,1
42,9,2,12,0,1,0,0,40,1
25,13,4,9,1,0,0,0,40,0
28,10,2,6,0,1,0,0,40,1
80,9,2,7,0,1,1409,0,40,0
36,6,4,13,1,0,0,0,40,0
37,14,2,3,0,1,0,0,40,1
38,9,2,0,0,1,0,0,60,1
52,9,5,7,1,0,0,0,35,0
49,9,6,0,4,0,0,0,40,0
30,9,2,13,0,1,0,0,40,0
36,10,2,11,0,1,7688,0,50,1
70,15,2,9,0,1,0,0,35,1
55,10,6,4,1,1,0,2258,62,1
25,13,6,3,1,0,0,0,40,0
59,9,2,6,5,0,0,0,40,1
22,10,4,2,1,1,0,0,40,0
41,12,5,2,1,1,0,0,50,0
62,9,2,3,0,1,0,0,45,1
54,9,4,0,2,0,0,0,40,0
38,9,4,7,4,0,0,0,40,0
52,9,2,9,0,1,7688,0,40,1
36,7,2,6,0,1,0,0,40,0
74,9,2,3,0,1,0,0,30,1
35,3,2,7,5,0,0,0,15,0
41,8,0,0,1,1,0,0,40,0
30,11,2,12,5,0,0,0,40,0
25,9,2,6,0,1,0,0,48,0
35,10,4,3,1,1,13550,0,60,1
38,13,2,3,0,1,15024,0,50,1
34,14,2,6,0,1,0,1848,40,1
48,14,2,3,0,1,0,0,50,1
50,3,4,12,1,0,0,0,15,0
19,9,4,0,3,0,0,0,40,0
51,10,2,11,0,1,0,0,40,0
39,13,0,0,4,1,0,0,40,0
20,7,4,7,3,0,0,0,40,0
17,7,4,5,3,1,0,0,16,0
42,10,2,11,0,1,0,0,50,1
25,10,4,7,2,0,0,0,25,0
36,9,0,0,4,0,0,0,40,0
65,16,6,9,1,0,0,0,40,0
32,13,2,6,0,1,0,0,70,1
33,13,4,9,1,1,0,0,45,0
32,10,4,12,4,0,0,0,20,0
25,9,2,13,0,1,0,0,40,0
41,10,0,10,4,0,0,0,40,0
44,9,2,2,0,1,0,0,40,1
72,6,2,7,0,1,2414,0,12,0
36,9,0,3,1,1,0,0,52,0
67,9,2,4,0,1,1797,0,20,0
28,9,2,13,0,1,4064,0,45,0
24,7,2,5,0,1,0,0,40,0
17,4,4,11,3,1,0,0,8,0
32,13,0,3,4,0,0,0,30,0
67,7,6,7,1,0,0,0,40,0
51,14,2,9,0,1,5013,0,40,0
32,2,4,2,1,1,3674,0,40,0
39,10,2,3,0,1,0,0,40,1
18,10,4,2,1,0,0,0,35,0
50,13,2,2,0,1,0,0,45,1
24,6,4,11,1,0,0,0,15,0
21,10,4,0,1,0,0,0,40,0
24,13,4,0,2,0,0,0,16,0
34,11,4,7,3,1,0,0,40,0
49,6,4,2,1,1,0,0,32,0
50,9,0,6,1,0,0,0,40,0
33,12,0,3,3,0,0,0,40,0
18,10,4,0,3,1,0,0,40,0
45,11,0,0,4,0,0,0,55,1
20,9,4,11,1,0,0,0,35,0
46,13,2,3,0,1,3103,0,37,1
64,9,6,0,1,0,0,0,40,0
39,16,4,9,1,1,0,0,45,0
35,9,4,2,1,1,0,0,70,0
21,10,4,7,1,1,0,0,32,0
29,12,4,12,1,1,0,0,45,0
38,13,2,3,5,0,0,0,30,1
45,9,0,7,4,0,0,0,40,0
30,14,0,9,1,1,0,0,50,1
41,10,2,0,5,0,0,0,40,1
37,9,4,2,1,1,0,0,40,0
45,13,2,11,0,1,0,1887,60,1
45,9,2,3,0,1,0,0,48,1
20,9,4,0,2,1,0,0,20,0
63,10,6,11,1,0,14084,0,60,1
35,10,2,3,0,1,0,0,40,0
24,13,2,9,0,1,0,0,50,0
19,10,4,13,1,1,0,0,50,0
23,9,4,7,3,1,0,0,35,0
34,13,4,9,1,0,0,0,45,0
36,3,2,13,0,1,0,0,50,1
46,9,4,5,2,1,0,0,5,0
38,13,2,3,0,1,0,0,42,1
55,8,6,0,1,0,0,0,40,0
27,10,4,0,2,1,0,0,40,0
48,10,2,2,0,1,0,0,45,1
35,9,0,7,3,0,0,0,50,0
53,10,2,2,0,1,7688,0,40,1
47,9,2,2,0,1,0,0,40,0
50,10,0,2,1,1,4650,0,22,0
32,10,2,11,0,1,0,0,40,0
40,9,2,5,0,1,0,0,46,0
41,10,2,11,0,1,0,0,50,1
47,13,0,9,1,1,0,0,40,0
21,10,4,11,3,0,0,0,25,0
45,14,2,0,0,1,0,0,35,0
33,4,4,7,4,0,0,0,14,0
68,10,3,4,4,0,0,0,25,0
44,15,2,3,0,1,0,0,55,1
49,6,2,6,0,1,0,0,50,0
45,16,2,9,0,1,0,0,40,1
41,10,2,13,0,1,0,1848,65,1
29,4,2,13,0,1,0,0,40,0
19,9,4,2,2,1,0,0,25,0
56,6,2,5,0,1,0,0,40,0
55,9,2,2,0,1,0,0,60,0
29,9,4,2,1,1,0,0,50,0
21,9,4,8,1,0,0,0,25,0
52,3,4,5,1,1,0,0,50,0
22,9,4,7,3,0,0,0,40,0
20,9,2,0,0,1,0,0,60,0
31,9,4,2,3,1,0,0,50,0
39,9,2,2,0,1,0,0,40,0
55,10,0,12,1,0,0,0,40,0
35,12,5,11,4,1,0,0,40,0
45,13,2,2,0,1,7298,0,55,1
61,14,2,3,0,1,0,0,60,1
18,9,4,5,3,1,0,0,30,0
51,13,6,0,1,1,0,0,40,0
37,9,2,6,0,1,0,0,40,0
32,10,4,7,3,0,0,0,38,0
48,9,5,2,4,1,0,0,45,0
62,4,2,13,0,1,0,0,53,0
28,9,4,13,1,1,0,0,45,0
19,6,4,5,2,1,0,1602,45,0
20,10,4,0,3,0,0,0,15,0
41,13,2,4,0,1,0,0,40,0
29,13,4,0,1,0,0,0,40,0
47,13,2,3,0,1,15024,0,50,1
43,13,2,9,0,1,0,0,37,1
20,10,4,5,2,1,0,0,20,0
29,13,2,3,0,1,0,0,55,1
51,13,6,9,1,0,0,0,40,0
40,11,2,2,0,1,0,0,40,1
26,3,4,13,1,1,0,0,40,0
30,13,4,9,3,0,0,0,40,0
36,9,6,7,1,0,0,0,40,0
68,9,6,10,1,1,0,1668,20,0
42,10,4,12,1,0,0,0,40,1
41,9,2,5,0,1,0,0,40,0
43,13,2,3,0,1,0,0,45,1
20,10,4,5,3,1,0,0,20,0
43,13,0,12,3,1,0,0,40,0
53,9,2,11,0,1,15024,0,60,1
45,10,2,9,0,1,0,0,40,1
39,9,4,4,4,1,0,0,40,0
31,14,2,9,0,1,0,0,45,0
23,10,4,11,2,1,0,0,25,0
38,14,0,0,1,0,0,0,40,0
37,9,2,13,0,1,0,0,45,1
18,9,4,6,2,0,0,0,40,0
41,9,2,3,0,1,0,0,45,0
30,13,2,11,5,0,3103,0,55,1
26,13,4,9,3,1,0,0,30,0
37,9,2,2,0,1,0,0,40,0
25,10,4,12,1,0,2174,0,50,0
33,10,2,9,0,1,0,0,40,1
37,13,2,3,0,1,15024,0,40,1
31,13,4,12,1,1,0,0,40,0
27,10,2,3,0,1,0,0,80,0
35,14,2,11,0,1,0,0,40,1
28,10,2,0,5,0,0,0,30,1
59,9,4,0,1,1,0,0,50,0
42,13,2,9,0,1,0,0,40,0
50,9,2,13,0,1,0,0,40,1
32,10,0,6,4,0,0,0,40,0
27,9,5,2,4,1,0,0,40,0
43,13,0,6,2,1,0,0,40,0
46,7,0,9,4,1,0,0,40,1
41,10,2,11,0,1,0,0,50,1
59,14,0,9,4,0,8614,0,60,1
20,10,4,11,3,0,0,0,30,0
46,9,2,4,0,1,4386,0,70,0
45,4,2,6,0,1,0,0,40,0
29,9,4,5,4,1,0,1590,45,0
23,7,2,5,0,1,0,0,40,0
46,9,4,13,1,1,0,1590,48,0
58,10,2,2,0,1,0,0,40,1
38,11,4,3,2,0,0,0,40,0
29,10,4,11,2,1,0,0,50,0
26,13,4,9,1,0,0,0,40,0
42,13,2,0,0,1,0,0,40,1
61,9,5,13,4,1,0,0,45,1
31,10,2,11,0,1,15024,0,45,1
43,9,0,6,3,1,0,0,40,0
47,13,2,2,0,1,15024,0,50,1
51,9,2,2,0,1,0,0,56,1
23,9,4,5,1,1,0,0,40,0
24,9,4,6,4,0,0,0,40,0
38,11,2,2,0,1,0,0,50,0
48,9,2,5,5,0,0,0,16,1
33,9,4,2,1,1,0,0,30,0
18,4,4,7,2,0,0,0,40,0
52,9,2,2,0,1,0,0,40,0
46,13,2,9,0,1,0,1848,45,1
28,9,4,9,1,1,0,0,40,0
37,10,4,7,2,1,0,0,30,0
45,14,2,9,0,1,0,0,50,1
17,6,4,11,3,0,0,0,16,0
56,14,2,9,0,1,0,0,40,1
38,12,0,3,4,1,0,0,45,0
81,4,2,13,0,1,0,0,10,0
22,10,4,6,3,0,0,0,30,0
43,10,0,0,4,0,0,0,40,0
31,12,2,0,5,0,0,1740,40,0
42,13,2,9,0,1,0,1887,40,1
50,9,2,13,0,1,0,0,40,1
31,10,5,5,1,1,0,0,40,0
35,10,0,3,1,0,0,0,40,0
36,13,5,7,4,0,0,0,35,0
33,4,2,4,0,1,0,0,40,0
36,13,0,9,4,0,0,213,40,0
50,9,4,5,3,1,0,0,25,0
55,10,2,9,0,1,0,0,40,1
29,9,0,6,4,0,0,0,40,0
24,10,4,7,2,0,0,0,30,0
39,10,0,0,1,1,0,0,40,1
34,13,4,11,1,1,0,0,40,0
29,4,0,2,4,0,0,0,55,0
60,10,2,2,0,1,0,0,32,1
33,14,2,3,5,0,0,0,50,1
58,5,4,5,3,1,0,0,40,0
27,10,5,11,1,1,0,0,40,0
46,10,0,10,4,0,0,0,40,0
63,9,0,10,1,1,0,0,40,0
38,10,0,7,4,0,0,0,40,0
23,10,4,2,3,1,0,0,15,0
29,13,4,9,1,0,8614,0,40,1
31,15,2,9,5,0,0,0,60,1
49,9,2,3,0,1,0,0,40,1
45,16,2,9,0,1,0,0,60,1
42,5,2,13,0,1,0,0,40,0
48,9,2,6,0,1,0,0,40,0
33,9,2,2,0,1,0,0,40,0
24,10,4,0,3,1,0,0,40,0
49,10,2,11,0,1,0,0,50,0
40,10,2,6,0,1,2580,0,40,0
57,11,2,9,0,1,0,1902,45,0
50,9,0,0,1,0,0,0,40,0
46,13,2,3,0,1,15024,0,55,1
35,10,2,3,0,1,3908,0,60,0
19,10,4,7,3,0,0,0,20,0
18,6,4,7,3,0,0,0,28,0
20,9,4,2,1,1,0,0,40,0
42,9,0,13,1,1,0,0,40,0
46,9,2,6,0,1,0,0,40,1
40,9,2,0,5,0,0,0,20,1
54,14,2,3,0,1,0,0,45,1
28,9,2,2,0,1,0,0,45,0
38,10,2,2,0,1,0,0,40,1
28,10,4,8,1,0,0,0,40,0
22,7,4,2,3,1,0,0,40,0
31,13,2,3,0,1,0,0,50,1
27,9,2,2,0,1,0,0,40,0
45,13,2,9,0,1,0,0,42,1
38,13,2,3,0,1,0,0,40,1
67,12,2,3,5,0,20051,0,4,1
75,14,4,10,1,1,0,0,16,0
41,14,0,3,4,0,0,0,60,1
37,13,2,11,0,1,0,0,60,1
47,9,4,3,3,0,0,0,50,0
34,13,2,9,0,1,0,0,45,1
25,9,2,2,3,1,0,0,40,0
52,9,6,0,1,0,0,0,40,0
27,9,4,10,3,1,2174,0,40,0
35,9,4,4,1,1,0,0,40,0
44,8,2,7,2,0,0,0,35,0
27,9,2,3,0,1,0,0,80,1
42,10,4,12,1,1,0,0,33,0
26,5,4,7,3,0,0,0,38,0
23,9,4,9,1,1,0,0,40,0
28,9,4,9,1,0,0,0,40,0
38,9,2,2,0,1,0,0,50,0
28,10,4,2,3,1,0,0,50,0
29,9,4,0,2,0,0,0,40,0
56,5,2,3,2,1,3411,0,50,0
30,10,4,3,3,0,0,0,40,0
48,10,2,5,0,1,0,0,40,0
38,14,2,3,0,1,0,0,60,1
24,9,4,5,2,1,0,0,40,0
47,16,2,9,0,1,0,0,40,1
29,10,4,9,2,0,0,0,40,0
45,12,0,2,1,1,0,0,40,0
24,9,4,2,3,1,0,0,40,0
40,9,2,6,0,1,0,0,40,0
28,5,2,2,0,1,0,0,40,1
46,13,0,9,4,0,0,0,50,1
32,10,2,6,0,1,0,0,40,0
20,9,4,11,1,1,0,0,40,0
23,10,4,7,4,1,0,0,35,0
46,9,2,7,0,1,0,0,40,0
21,9,4,11,3,0,0,0,35,0
59,14,2,3,0,1,0,0,40,1
31,10,2,9,0,1,0,0,50,0
48,10,0,3,1,0,0,0,40,0
34,4,2,13,0,1,0,0,40,0
19,10,4,7,3,1,0,0,25,0
20,10,4,11,3,1,0,0,35,0
29,13,4,9,3,1,0,0,50,0
54,10,2,2,0,1,0,0,40,1
36,9,2,2,0,1,0,0,52,0
43,13,4,11,1,1,0,0,50,1
46,13,2,12,0,1,3103,0,40,1
33,14,2,9,0,1,0,0,45,1
33,6,0,7,4,0,0,0,45,0
36,10,2,13,0,1,0,0,40,0
37,9,2,5,0,1,5178,0,40,1
45,9,2,2,0,1,0,0,60,0
25,13,4,0,1,0,0,0,40,0
28,11,2,6,0,1,0,0,40,0
26,9,4,0,3,0,2354,0,40,0
23,9,4,8,3,1,0,0,40,0
24,9,4,3,1,0,0,0,40,0
58,10,0,9,1,0,0,0,40,0
36,11,0,12,4,0,0,0,40,0
46,10,2,11,0,1,0,0,50,0
32,10,2,11,0,1,4386,0,50,0
26,9,4,7,4,1,0,0,40,0
52,3,4,5,1,0,0,0,40,0
19,9,4,7,1,0,0,0,45,0
33,13,2,9,0,1,0,0,60,1
60,9,2,2,0,1,0,0,40,0
39,10,0,3,1,1,0,0,38,0
45,13,0,3,1,1,0,0,45,0
37,10,3,0,4,0,0,0,40,0
29,12,4,12,3,1,0,0,40,0
53,10,2,2,0,1,0,0,66,0
46,10,2,3,0,1,0,1740,40,0
20,10,4,13,3,1,0,0,40,0
39,14,4,9,3,0,0,0,40,0
48,10,2,9,5,0,7298,0,40,1
38,9,2,2,0,1,4386,0,48,0
36,9,2,2,0,1,0,0,45,0
53,4,0,6,4,0,0,0,56,0
29,9,4,2,1,1,0,1974,35,0
64,4,2,0,0,1,2580,0,50,0
34,10,2,3,0,1,0,0,50,1
41,13,0,9,4,0,0,0,40,0
34,9,0,3,4,0,0,0,38,0
22,10,2,12,0,1,0,0,40,0
43,8,2,2,0,1,0,0,40,0
36,10,4,3,1,1,0,0,40,0
47,9,2,11,0,1,0,0,55,1
33,10,5,6,1,1,0,0,40,0
27,10,4,6,2,0,0,0,40,0
33,10,4,12,1,1,0,0,70,0
24,9,2,13,3,0,0,0,40,0
47,10,0,9,1,0,0,0,40,0
48,6,2,3,0,1,0,0,40,0
28,9,2,11,0,1,0,0,50,0
33,13,2,9,0,1,0,0,40,1
44,13,2,6,0,1,0,1977,40,1
33,11,4,10,1,1,0,0,56,0
26,10,4,0,1,0,0,0,25,0
22,11,4,3,3,1,0,0,40,0
34,10,2,3,0,1,0,0,55,1
31,10,4,3,3,1,0,0,45,0
38,11,2,3,0,1,0,0,40,0
51,10,2,9,5,0,0,0,40,1
36,10,2,3,0,1,0,0,40,0
29,10,2,10,0,1,7688,0,54,1
64,9,2,11,0,1,0,0,15,1
24,10,4,6,3,1,0,0,55,0
21,10,4,3,3,0,0,0,20,0
28,10,2,2,0,1,0,0,60,1
41,9,2,2,0,1,0,0,50,0
17,5,4,7,3,1,0,0,16,0
58,16,2,9,0,1,0,0,50,1
50,13,2,11,0,1,0,0,8,0
30,7,3,5,1,1,0,0,40,0
47,9,2,2,0,1,0,0,40,0
24,10,4,11,3,1,0,0,20,0
50,10,2,3,0,1,0,0,40,0
29,14,4,9,1,1,0,0,55,0
31,16,2,9,0,1,0,0,40,1
40,9,2,4,0,1,0,0,70,1
31,10,4,11,1,0,0,0,60,0
53,5,2,6,0,1,0,0,40,0
33,9,4,0,1,0,0,0,40,0
43,13,2,7,0,1,0,0,40,0
56,10,2,3,5,0,7688,0,50,1
38,13,2,3,5,0,0,0,50,1
18,7,4,11,3,0,0,0,30,0
50,9,2,3,0,1,0,0,40,1
78,9,6,11,4,0,2329,0,12,0
27,7,2,2,0,1,0,0,40,0
19,10,4,11,3,0,0,0,25,0
24,13,4,12,1,0,0,0,40,0
20,10,4,11,3,1,0,1602,15,0
25,14,4,9,3,1,0,0,35,0
34,13,0,11,1,0,0,0,50,1
30,11,2,11,0,1,0,0,35,0
37,14,0,9,1,0,0,0,40,0
38,9,2,6,0,1,0,0,48,1
67,9,2,0,0,1,0,0,12,0
35,9,2,13,0,1,0,0,30,0
75,9,2,4,0,1,0,0,30,0
47,10,2,3,5,0,0,0,50,0
23,6,2,5,0,1,0,0,40,0
51,9,0,0,1,0,0,0,8,0
42,9,0,7,1,1,0,0,40,0
32,10,2,12,5,0,0,0,32,1
54,9,5,11,4,0,0,0,35,0
20,10,4,5,3,0,0,0,40,0
39,9,2,2,0,1,0,0,40,1
41,9,2,2,0,1,7688,0,38,1
35,9,4,6,1,0,0,0,40,0
45,13,2,2,0,1,0,0,35,1
27,13,4,11,1,0,0,0,40,0
61,4,2,11,0,1,0,0,30,1
41,9,4,11,1,1,0,0,50,0
22,10,4,12,3,1,0,0,40,0
55,10,2,2,0,1,15024,0,40,1
25,10,2,2,0,1,0,0,40,0
20,10,4,7,3,0,0,0,35,0
20,10,4,6,2,0,0,0,35,0
67,13,2,3,0,1,0,0,16,0
44,10,2,11,0,1,0,0,60,1
42,9,2,11,0,1,0,0,60,1
29,10,4,0,1,1,0,0,40,0
48,10,4,2,4,0,0,0,38,1
25,9,4,0,2,0,0,0,40,0
31,9,0,7,4,0,0,0,99,1
48,13,3,11,4,0,0,2472,70,1
40,14,0,9,1,1,0,0,20,0
26,10,2,11,0,1,0,0,40,0
28,9,2,7,3,0,0,0,35,0
52,10,2,2,0,1,0,0,40,1
41,9,2,9,0,1,0,0,40,0
39,13,2,4,5,0,0,0,50,0
48,9,4,0,1,0,0,0,16,0
19,9,4,11,1,0,0,0,30,0
27,10,2,6,0,1,0,1651,40,0
59,11,2,11,0,1,0,1740,50,0
19,10,4,11,2,1,0,0,40,0
32,9,4,5,3,1,0,0,50,0
39,9,4,5,2,1,0,0,40,0
33,9,2,2,0,1,0,0,40,0
38,9,4,5,1,1,0,0,40,0
27,10,4,4,3,1,0,0,45,0
23,9,4,3,3,0,0,0,45,0
25,13,4,0,1,1,0,0,20,0
37,12,2,11,0,1,0,0,68,0
31,9,2,13,0,1,0,0,65,0
24,12,4,11,3,0,0,0,37,0
53,13,0,0,4,0,0,0,38,0
25,10,2,0,5,0,0,0,40,1
59,7,4,6,1,1,0,0,40,0
39,9,0,0,4,0,0,0,40,0
28,10,4,5,3,1,0,0,40,0
22,9,4,5,1,1,0,0,40,0
20,9,4,2,2,1,0,0,40,0
25,10,4,7,3,0,0,0,40,0
27,10,4,2,4,1,0,0,50,0
20,9,4,11,4,1,0,0,40,0
43,6,0,4,4,1,0,0,25,0
39,10,0,0,1,0,0,0,40,0
27,13,4,9,1,1,0,0,45,0
17,6,4,11,3,0,0,0,5,0
40,15,2,9,0,1,0,0,72,0
50,10,2,2,0,1,0,0,48,1
23,13,4,0,3,0,0,0,35,0
60,9,2,11,0,1,7298,0,65,1
30,9,4,3,1,0,0,0,40,0
24,9,2,5,0,1,0,0,50,0
23,13,4,0,3,0,0,0,20,0
24,13,2,9,0,1,5013,0,30,0
45,13,2,2,0,1,0,0,20,0
58,10,2,3,0,1,7298,0,60,1
22,10,4,11,2,1,0,0,20,0
41,10,4,5,1,1,0,0,40,0
48,4,2,6,0,1,0,0,40,1
31,9,0,6,2,1,0,0,40,0
33,15,2,9,0,1,0,1977,50,1
49,13,2,3,0,1,0,0,50,0
30,13,2,9,0,1,7688,0,50,1
38,9,4,2,1,1,0,0,40,0
58,9,2,13,0,1,0,0,48,0
58,13,0,9,1,0,0,0,50,0
61,9,2,3,0,1,0,0,40,0
58,9,2,11,0,1,7688,0,40,1
32,11,2,12,0,1,0,0,45,1
33,9,0,2,1,1,0,0,50,0
28,13,5,3,1,0,0,0,50,1
22,10,4,7,3,0,0,0,11,0
35,9,2,2,0,1,0,0,40,1
59,9,2,11,0,1,0,0,55,0
50,9,2,11,0,1,0,0,40,0
56,8,6,3,1,0,0,0,40,0
36,9,4,2,1,1,0,0,40,0
28,10,2,11,0,1,0,0,60,0
42,11,2,9,0,1,0,0,40,1
60,9,2,7,0,1,0,0,40,0
41,10,2,11,0,1,0,0,91,0
42,13,2,12,0,1,7298,0,45,1
36,9,2,2,0,1,0,0,55,1
52,14,2,9,0,1,0,0,40,1
42,9,2,13,0,1,0,0,40,0
26,10,2,10,0,1,0,0,55,1
31,13,0,9,4,0,0,0,40,0
47,3,5,11,4,0,0,0,40,0
35,10,2,6,0,1,0,0,50,0
19,5,4,5,3,1,0,0,25,0
59,10,2,11,5,0,0,0,80,1
38,13,2,3,0,1,0,0,40,1
36,13,2,3,0,1,0,0,50,0
35,14,4,3,1,0,0,0,55,0
39,9,2,4,0,1,0,0,30,0
64,10,5,7,1,1,0,0,40,0
17,6,4,7,3,0,0,0,25,0
49,10,2,7,0,1,0,0,32,0
19,10,4,7,3,0,0,0,25,0
36,9,2,9,5,0,3137,0,40,0
26,9,4,5,1,1,0,0,45,0
27,3,4,8,2,0,2176,0,40,0
66,13,2,9,0,1,20051,0,40,1
38,4,2,0,0,1,0,0,40,0
25,13,4,3,2,0,0,0,25,0
19,9,4,9,1,0,0,0,40,0
30,12,4,2,1,1,4787,0,50,1
22,11,4,3,4,1,0,0,40,0
60,10,0,2,3,1,0,0,44,1
54,10,2,12,0,1,0,1977,18,1
46,9,5,2,1,1,0,0,37,0
33,10,4,7,3,1,0,0,40,0
51,14,0,3,1,0,0,0,40,0
43,15,2,9,0,1,15024,0,60,1
60,9,2,4,0,1,0,0,25,0
39,9,2,4,0,1,0,0,60,0
23,13,4,12,3,0,3325,0,40,0
39,12,4,12,1,0,0,0,40,0
40,10,4,3,1,1,0,0,40,0
48,10,2,3,0,1,0,0,65,1
24,9,4,5,2,1,0,0,40,0
32,9,0,5,1,1,0,0,40,0
31,10,2,2,0,1,0,0,60,0
39,9,4,6,1,1,0,0,40,0
27,14,4,3,3,0,0,0,40,0
45,14,4,0,1,1,0,0,38,0
31,13,4,2,1,1,0,0,40,0
63,9,0,3,1,0,0,0,40,0
45,13,2,3,0,1,0,0,50,1
28,10,5,0,4,0,0,0,50,0
23,13,4,11,3,0,0,0,40,0
50,9,2,2,0,1,0,0,44,1
33,8,2,10,0,1,0,0,40,0
27,13,4,11,1,1,13550,0,46,1
29,10,2,13,0,1,0,0,40,0
36,9,0,0,4,0,0,0,35,0
60,2,2,2,0,1,0,0,40,1
23,13,4,11,3,1,0,0,55,0
38,9,2,3,0,1,0,0,50,0
60,15,2,3,0,1,0,0,40,1
20,10,4,2,1,0,0,0,35,0
37,10,6,6,4,0,0,0,48,0
37,9,4,2,4,1,0,0,40,0
58,9,2,2,0,1,0,0,40,0
25,13,4,2,3,1,0,0,30,0
27,10,4,0,4,0,0,0,60,0
33,10,2,6,0,1,0,0,55,0
43,10,0,0,1,0,0,0,40,0
21,10,4,12,3,1,0,0,20,0
45,9,2,2,0,1,0,0,40,0
44,3,2,6,0,1,0,0,40,0
53,9,0,9,1,1,4787,0,46,1
31,9,4,7,3,0,0,0,20,0
18,7,4,7,3,1,0,0,15,0
20,9,4,7,3,0,0,0,30,0
32,9,4,6,1,1,0,0,40,0
48,6,2,13,0,1,0,0,40,0
46,9,2,7,0,1,0,0,40,0
28,9,2,6,0,1,0,0,50,0
27,9,4,11,1,1,0,0,40,0
18,10,4,11,3,0,0,0,32,0
69,9,2,3,0,1,9386,0,12,1
50,14,2,11,0,1,0,0,40,1
43,9,2,6,5,0,0,0,40,0
32,13,0,11,4,0,0,0,30,0
43,9,5,3,1,0,0,0,48,0
52,9,2,11,0,1,7688,0,55,1
35,10,0,3,1,0,0,0,40,1
46,9,0,0,3,0,0,0,45,0
58,9,2,13,0,1,0,0,60,1
46,15,2,9,0,1,15024,0,60,1
40,9,4,2,1,1,0,0,50,0
25,13,4,0,3,1,0,0,40,0
22,12,4,0,1,0,0,0,25,0
33,13,2,9,0,1,0,0,40,0
49,11,2,2,0,1,0,0,40,0
62,6,0,9,4,0,0,0,40,0
56,10,0,10,1,1,0,0,48,0
24,9,4,13,4,0,0,0,40,0
42,9,4,7,1,0,0,0,40,0
41,14,0,3,4,0,0,0,40,0
23,13,4,7,1,1,0,0,66,0
35,13,4,0,2,1,0,0,40,0
22,9,4,6,3,1,0,0,40,0
32,9,2,2,0,1,0,0,50,0
25,9,4,2,3,1,0,0,40,0
66,3,0,8,1,0,0,0,15,0
26,9,2,10,0,1,0,0,38,0
46,10,0,13,3,1,3325,0,55,0
55,13,2,3,0,1,0,0,45,1
24,9,2,2,0,1,0,0,40,0
25,9,4,11,4,1,0,0,40,0
22,10,4,0,1,0,0,0,40,0
31,9,4,7,1,1,0,0,40,0
30,9,0,0,1,0,0,0,40,0
54,9,4,7,1,1,0,0,15,0
56,5,0,2,1,0,0,0,40,1
47,9,2,2,0,1,0,0,60,0
29,9,2,2,0,1,0,0,40,0
53,9,2,2,0,1,0,0,40,0
22,9,4,6,4,0,0,0,40,0
42,9,0,3,1,0,0,0,40,1
21,10,4,11,2,1,0,0,40,0
36,9,4,7,1,0,0,0,70,0
69,11,6,11,1,0,0,0,25,0
31,9,2,13,0,1,0,0,40,0
48,10,0,0,4,0,0,0,55,0
23,9,4,3,1,0,0,0,40,0
24,12,5,2,4,1,8614,0,40,1
47,9,2,0,0,1,0,0,40,1
36,9,4,6,4,0,0,0,40,0
39,12,2,3,0,1,0,0,50,1
22,9,4,13,1,0,0,0,46,0
27,13,4,11,1,1,10520,0,45,1
36,9,2,6,0,1,0,0,40,0
54,2,2,7,0,1,0,0,40,0
33,9,0,0,4,0,0,0,40,0
42,9,2,9,0,1,7688,0,50,1
52,10,2,11,0,1,0,0,65,0
23,13,4,11,3,1,0,0,32,0
33,2,2,5,0,1,0,0,40,0
30,11,0,0,1,0,0,0,38,0
35,11,2,12,0,1,0,0,38,0
27,9,4,5,3,1,0,0,37,0
24,9,4,7,3,1,0,0,35,0
44,9,2,6,0,1,0,0,40,0
62,11,5,8,1,0,0,0,20,0
45,13,2,3,0,1,15024,0,40,1
75,9,2,4,0,1,0,0,20,0
47,13,2,9,0,1,0,0,50,0
64,15,2,3,0,1,0,0,60,0
54,9,0,12,1,1,0,0,42,1
41,13,2,3,0,1,0,0,40,1
33,12,2,2,0,1,0,0,40,0
20,10,4,0,3,0,0,0,10,0
51,13,0,11,1,1,0,0,50,1
45,15,4,2,1,1,0,0,50,1
43,6,2,13,0,1,0,0,40,0
30,9,4,2,3,1,0,1504,40,0
32,9,0,0,3,0,0,0,40,0
61,10,0,11,1,0,0,0,40,0
21,2,2,7,2,1,0,0,40,0
56,7,0,2,1,1,0,0,49,0
28,9,4,5,2,1,0,0,60,0
23,10,4,5,3,0,0,0,40,0
55,10,2,13,0,1,0,0,84,0
33,9,4,13,1,1,0,0,70,0
22,10,4,0,3,0,0,0,20,0
43,11,2,3,0,1,0,0,40,0
32,9,0,3,4,0,0,0,40,0
38,10,2,11,5,0,0,0,40,0
18,5,4,4,3,1,0,0,20,0
35,10,2,2,0,1,0,0,50,1
29,9,0,6,3,0,0,0,40,0
19,2,4,5,1,1,0,0,55,0
39,7,2,2,0,1,0,0,35,0
29,10,2,3,0,1,0,1887,50,1
45,15,2,9,0,1,0,0,55,1
44,10,2,6,0,1,3103,0,40,1
42,4,2,2,0,1,0,0,40,0
34,13,4,11,1,1,0,0,40,0
52,13,2,12,0,1,0,0,40,0
64,9,2,4,0,1,0,0,25,0
30,13,2,11,0,1,0,0,45,1
43,13,0,3,4,1,0,0,42,0
49,10,4,2,4,1,0,0,40,0
35,10,2,9,0,1,0,0,40,1
37,15,2,9,0,1,0,0,50,1
49,4,2,5,0,1,0,0,40,0
19,7,5,7,3,0,0,0,40,0
22,13,4,3,3,1,2202,0,4,0
31,9,4,7,3,1,0,0,40,0
26,10,2,2,0,1,0,0,40,0
44,10,2,11,0,1,0,0,55,0
38,10,2,7,5,0,0,0,40,0
33,9,2,11,0,1,0,0,60,0
18,8,4,7,3,1,0,0,20,0
32,11,6,12,4,0,0,0,40,0
27,9,0,0,1,0,0,0,40,0
28,14,2,3,0,1,0,0,40,0
30,11,4,2,1,1,0,0,40,0
33,9,4,7,1,1,0,0,38,0
74,14,0,11,1,0,0,0,10,0
36,9,4,2,1,1,0,0,70,0
36,12,2,12,0,1,0,0,55,0
29,9,2,0,5,0,0,2057,20,0
39,13,0,3,4,0,0,0,45,0
25,13,4,11,1,1,0,0,80,0
21,9,5,4,3,1,0,0,40,0
39,11,4,3,4,0,0,0,50,0
38,10,0,9,1,0,0,0,32,0
20,9,4,11,1,0,0,0,25,0
51,9,0,2,1,1,0,0,40,0
21,9,4,0,4,0,0,0,40,0
36,10,4,9,1,0,0,0,40,0
50,9,5,7,4,0,0,0,40,0
38,9,2,3,0,1,0,0,55,1
25,13,4,9,1,0,0,0,40,0
23,10,4,11,3,0,0,0,15,0
36,13,2,3,0,1,0,0,55,1
41,13,2,9,0,1,0,0,40,0
34,14,4,3,1,0,0,0,50,0
19,10,4,7,3,1,0,0,10,0
18,6,4,7,3,0,0,0,3,0
36,6,0,11,3,1,0,0,40,0
46,10,2,13,0,1,0,1887,40,1
29,10,4,2,3,1,0,0,45,0
23,9,4,3,1,0,0,0,32,0
35,9,2,5,0,1,0,0,40,0
35,9,4,13,3,1,0,0,40,0
40,9,2,13,0,1,0,0,40,0
22,10,4,13,3,1,0,0,40,0
19,10,4,0,3,0,0,0,15,0
70,7,2,13,0,1,0,0,40,0
38,10,0,13,1,1,0,0,55,0
35,10,2,11,0,1,0,0,50,0
25,10,4,7,3,0,0,0,35,0
39,10,2,2,0,1,0,0,45,1
43,12,2,9,0,1,0,0,50,0
37,10,2,0,0,1,0,0,40,1
51,9,2,7,0,1,7298,0,40,1
20,9,4,7,3,1,0,0,40,0
21,10,4,0,1,0,0,0,40,0
47,9,2,5,5,0,0,0,40,0
44,12,0,12,4,0,0,0,40,0
17,5,4,5,3,1,0,1719,15,0
25,7,4,7,1,1,0,0,40,0
43,16,4,9,1,0,0,0,40,0
46,11,2,0,0,1,0,0,40,1
42,10,2,6,0,1,0,0,60,0
46,14,0,9,1,1,0,0,40,0
22,10,4,7,1,0,0,0,30,0
49,9,2,13,0,1,0,0,40,0
21,9,2,6,0,1,0,0,50,0
53,14,2,0,5,0,0,0,40,1
43,10,0,2,4,1,0,0,42,0
22,9,4,7,3,1,0,0,50,0
33,13,4,9,1,0,10520,0,45,1
28,11,4,0,3,0,0,0,40,0
25,10,4,12,4,0,0,0,24,0
40,13,2,3,0,1,0,0,40,1
50,10,2,12,0,1,0,0,45,1
48,10,0,11,4,1,0,0,65,1
30,9,2,6,0,1,0,0,40,0
33,9,3,7,4,0,0,0,38,0
34,10,2,2,0,1,0,0,40,0
42,13,2,0,0,1,0,0,40,1
48,10,2,3,0,1,0,0,65,0
38,13,2,9,0,1,7688,0,45,1
29,9,2,6,0,1,0,0,40,0
33,6,4,5,1,1,0,0,40,0
64,13,0,3,1,1,27828,0,55,1
44,11,2,13,5,0,0,0,25,0
42,13,2,3,0,1,7298,0,50,1
49,9,2,6,0,1,0,0,45,0
25,9,2,5,0,1,0,0,40,0
33,13,4,3,1,0,0,0,40,0
38,10,2,11,0,1,0,0,60,0
20,9,4,11,1,0,0,0,38,0
44,9,4,5,1,1,0,0,50,0
45,13,2,13,0,1,0,0,40,1
27,9,4,11,1,1,0,0,50,0
18,9,4,6,3,1,0,0,40,0
38,9,0,2,4,1,0,0,50,0
45,7,2,2,0,1,0,0,42,0
27,9,4,10,1,1,2174,0,40,0
64,3,6,7,1,0,0,0,16,0
66,9,2,3,0,1,3432,0,20,0
34,13,4,11,1,0,0,0,35,0
45,13,2,13,0,1,0,0,40,1
42,9,0,2,1,1,0,0,40,0
32,13,2,3,0,1,0,1902,60,1
26,6,4,0,1,1,0,0,20,0
27,11,4,2,2,1,0,0,40,0
21,10,4,11,2,0,0,0,40,0
47,10,2,2,0,1,0,0,40,0
20,10,4,0,3,0,0,0,40,0
46,13,2,9,0,1,0,0,38,1
55,13,2,3,0,1,0,1887,40,1
28,10,4,12,3,0,0,0,24,0
21,10,4,11,3,0,0,0,40,0
36,9,4,6,1,1,0,0,40,0
29,16,0,9,1,0,0,0,60,1
37,13,2,3,0,1,0,0,50,1
81,2,6,11,2,1,0,0,45,0
41,10,0,3,1,0,0,0,40,0
29,13,4,11,3,0,0,0,40,0
30,12,0,0,1,0,0,0,40,0
25,9,4,0,1,1,0,0,40,0
42,9,4,0,4,0,0,0,40,0
30,9,0,13,3,1,0,0,40,0
18,9,4,7,3,1,0,0,35,0
26,7,4,6,4,1,6497,0,48,0
30,10,4,10,3,1,0,0,48,0
61,12,2,3,0,1,0,0,42,0
21,9,4,6,1,1,0,0,45,0
53,9,2,6,0,1,0,0,48,0
41,15,2,3,5,0,0,2415,55,1
43,10,2,3,0,1,15024,0,45,1
60,4,5,8,4,0,0,0,15,0
47,6,2,2,0,1,0,0,40,0
48,10,0,0,1,1,0,0,40,0
32,13,4,9,4,0,0,0,40,0
31,13,4,9,4,1,0,0,40,0
33,14,4,9,1,1,0,0,30,0
27,9,2,4,0,1,0,0,50,0
44,9,0,0,4,0,0,0,40,1
44,10,2,9,0,1,7298,0,45,1
37,10,2,6,0,1,0,0,40,0
34,9,0,5,1,1,0,0,40,0
51,10,2,9,0,1,0,0,40,1
51,14,0,10,4,1,0,0,40,0
25,13,2,9,0,1,0,0,60,0
25,13,4,7,1,0,0,0,24,0
29,13,1,9,0,1,0,0,50,1
36,9,4,4,1,1,0,0,70,1
55,9,0,6,1,0,0,0,40,0
39,13,0,11,4,0,0,0,40,0
31,6,0,5,1,1,0,0,40,0
31,15,2,12,0,1,0,0,40,0
51,11,4,0,3,0,0,0,40,0
30,11,4,0,2,1,2463,0,40,0
62,9,4,0,1,0,0,0,32,0
37,13,2,11,0,1,99999,0,60,1
30,13,2,11,0,1,7688,0,50,1
27,13,0,3,1,1,0,0,52,0
32,13,2,3,0,1,7298,0,45,1
23,10,4,0,3,1,0,0,30,0
35,5,2,2,0,1,0,0,50,0
46,12,4,9,4,0,0,0,36,0
45,13,0,3,4,1,0,0,50,1
27,9,2,5,0,1,0,0,40,0
46,9,2,11,0,1,0,0,40,1
22,7,2,0,5,0,0,0,20,0
37,10,0,9,4,0,0,0,30,0
42,10,2,3,0,1,0,0,40,0
45,9,0,6,4,0,0,0,40,0
33,11,2,9,0,1,0,0,40,0
46,11,3,6,4,1,0,0,40,0
24,9,4,13,3,1,0,0,50,0
56,9,5,2,1,0,0,0,40,0
34,10,4,9,1,0,0,0,12,1
50,9,2,6,0,1,0,0,40,1
48,13,2,3,0,1,0,0,50,1
45,7,2,7,5,0,0,0,36,0
55,11,2,13,0,1,5178,0,50,1
41,10,0,0,1,0,0,0,40,0
66,10,2,3,0,1,0,0,24,0
29,10,4,9,1,0,0,1408,40,0
37,10,2,12,5,0,5013,0,40,0
61,12,2,11,0,1,15024,0,40,1
64,13,0,3,4,1,27828,0,50,1
35,9,2,5,0,1,0,0,35,0
22,10,4,0,3,0,0,0,40,0
58,4,2,6,0,1,2936,0,50,0
58,10,2,11,0,1,0,0,45,1
24,9,4,5,3,0,0,0,48,0
34,10,0,9,4,0,0,0,6,0
33,14,4,9,1,0,0,0,50,0
33,9,2,13,0,1,0,0,60,0
17,7,4,7,3,0,0,0,15,0
27,13,2,11,2,1,0,0,40,1
20,10,4,0,3,0,0,0,20,0
52,13,0,9,4,0,0,1755,40,1
30,4,0,13,1,1,0,0,40,0
22,13,4,9,1,1,0,0,40,0
20,12,4,7,1,0,0,0,40,0
49,14,2,3,0,1,15024,0,50,1
46,9,2,0,0,1,0,0,80,1
17,6,4,7,3,1,0,0,20,0
45,2,2,6,0,1,0,0,40,0
27,13,4,3,3,0,0,0,40,0
45,11,0,11,4,0,0,0,30,0
26,9,0,3,1,1,0,0,78,1
23,12,4,0,3,0,0,1974,20,0
44,13,0,9,4,1,0,0,45,0
36,13,0,3,1,1,0,1741,40,0
35,5,4,3,1,0,0,0,40,0
56,13,3,9,4,0,0,0,40,0
47,14,0,12,1,1,0,0,40,0
32,13,2,5,0,1,0,0,50,1
29,13,4,3,3,0,3325,0,10,0
35,13,2,3,0,1,0,0,50,1
37,9,2,2,0,1,0,0,68,0
36,11,2,4,0,1,3908,0,75,0
33,9,2,11,5,0,0,0,45,0
34,9,0,13,1,1,0,0,50,0
24,10,4,5,3,1,0,0,40,0
25,9,4,0,1,0,0,0,40,0
31,9,4,2,1,1,0,0,45,0
38,11,2,2,0,1,0,0,40,0
30,13,2,11,0,1,0,0,40,1
35,9,2,2,0,1,0,0,32,0
34,13,2,9,5,0,0,0,40,0
46,9,2,0,5,0,0,0,40,0
19,10,4,11,3,0,0,0,16,0
26,12,4,7,3,0,0,0,15,0
28,10,4,9,1,1,0,0,40,0
47,10,2,2,0,1,0,0,40,0
49,14,2,0,0,1,0,0,40,1
33,15,2,9,0,1,0,1887,40,1
44,13,2,9,0,1,0,0,40,1
30,9,4,8,3,0,0,0,40,0
18,10,4,7,3,1,0,0,16,0
60,9,2,13,0,1,3103,0,60,1
44,14,4,3,1,1,14084,0,56,1
43,10,4,7,1,0,0,0,40,0
35,8,4,4,1,1,0,0,20,0
58,9,2,4,0,1,0,0,72,0
32,13,2,9,0,1,0,0,40,0
40,9,2,13,0,1,0,0,35,0
32,9,4,7,3,0,0,0,40,0
21,10,4,0,3,0,0,1721,35,0
44,9,2,7,0,1,0,0,25,0
33,13,2,0,0,1,0,1902,45,1
25,10,4,11,3,0,0,0,40,0
42,9,0,6,1,1,0,0,40,0
27,9,4,13,3,1,0,0,40,0
33,13,4,9,2,0,0,0,40,0
50,10,2,2,0,1,0,0,55,0
50,14,2,9,0,1,7688,0,50,1
46,11,2,9,0,1,0,0,60,0
22,12,4,7,4,0,0,0,35,0
66,15,2,3,0,1,20051,0,55,1
52,9,4,7,4,0,0,0,45,0
57,2,6,2,2,0,0,1602,45,0
41,11,0,4,1,1,0,0,40,0
42,9,2,6,0,1,0,1579,42,0
19,8,4,7,2,0,0,0,30,0
45,13,0,3,4,0,0,0,60,0
51,8,2,7,0,1,0,0,99,0
45,13,2,9,0,1,0,0,30,0
48,10,0,0,1,0,0,0,50,0
60,10,2,0,0,1,7298,0,40,1
42,9,4,11,3,0,0,0,40,0
19,10,4,0,3,0,0,0,10,0
39,9,2,11,0,1,0,0,70,0
46,9,2,6,0,1,0,0,50,1
58,9,2,10,0,1,3908,0,40,0
36,10,0,9,4,0,0,0,45,0
21,9,4,2,4,1,0,0,35,0
41,15,2,3,0,1,0,0,40,1
17,7,4,7,3,0,0,0,20,0
29,9,2,6,0,1,0,0,40,0
52,10,0,0,1,0,0,0,60,0
33,12,2,11,0,1,0,0,40,0
38,14,4,3,4,0,0,0,35,0
42,13,2,11,0,1,0,0,40,1
24,12,2,0,0,1,0,0,30,0
59,10,2,3,0,1,0,0,60,1
36,13,2,11,0,1,0,2415,45,1
54,10,2,12,0,1,7688,0,40,1
39,13,2,11,0,1,15024,0,50,1
42,9,2,13,0,1,0,0,96,0
54,13,2,2,0,1,0,0,50,0
50,9,2,5,0,1,0,0,40,1
42,11,2,7,0,1,0,0,45,0
48,13,2,0,5,0,7688,0,40,1
31,13,6,7,1,0,0,0,30,0
56,9,4,9,1,0,0,0,45,0
28,12,2,0,5,0,0,0,40,1
34,9,2,0,0,1,0,0,45,1
28,9,4,13,1,0,0,0,40,0
44,10,2,13,0,1,0,1887,60,1
34,12,2,2,0,1,0,0,65,0
26,14,4,9,1,1,0,0,55,1
37,13,4,3,1,1,0,2824,40,1
25,11,0,0,4,0,0,0,40,0
48,10,2,2,0,1,0,0,40,0
47,10,0,0,1,0,0,0,40,0
17,7,4,7,2,0,0,0,20,0
44,3,2,6,0,1,0,0,40,0
46,10,0,13,1,0,0,0,40,0
42,10,2,13,0,1,0,0,40,0
33,13,0,11,1,1,0,0,50,1
61,9,0,7,1,0,0,0,40,0
47,13,2,2,0,1,0,0,40,0
35,13,4,11,1,0,8614,0,45,1
62,6,2,2,0,1,0,0,40,0
62,13,2,3,0,1,0,0,40,0
38,15,2,9,0,1,99999,0,60,1
33,13,2,9,0,1,0,0,40,0
39,13,2,9,5,0,0,0,42,0
17,7,4,5,3,1,0,0,10,0
58,10,2,3,0,1,0,0,40,0
35,13,5,9,1,0,0,0,50,0
34,9,2,10,0,1,4064,0,50,0
32,10,2,2,0,1,0,0,40,0
19,9,4,11,3,1,0,0,40,0
41,9,2,6,0,1,0,0,40,0
24,9,0,7,4,0,0,0,40,0
48,13,2,9,0,1,0,0,40,0
32,10,0,9,1,0,0,0,30,0
47,9,0,0,4,0,0,0,35,0
38,15,2,11,5,0,0,0,40,0
18,9,4,5,3,1,0,0,40,0
25,9,2,2,0,1,0,0,40,0
36,13,2,9,5,0,0,0,32,1
40,11,0,9,1,0,0,0,20,0
56,7,2,2,0,1,0,0,20,0
50,11,0,9,4,0,0,0,40,1
55,9,2,0,0,1,6418,0,50,1
32,9,2,10,0,1,0,0,40,0
41,11,2,2,0,1,0,0,43,1
28,10,4,0,1,0,0,0,52,0
53,10,2,3,0,1,0,0,55,0
60,13,5,9,4,0,5455,0,55,0
21,10,4,7,3,1,0,0,20,0
29,9,2,13,0,1,0,0,40,0
73,10,2,9,0,1,0,2174,50,1
43,13,2,11,0,1,0,0,45,1
45,10,2,11,0,1,0,0,45,0
36,9,0,9,3,0,0,0,40,1
25,9,4,11,2,0,0,0,50,0
38,10,2,5,0,1,0,0,40,0
30,10,0,0,4,0,0,0,40,0
49,10,2,3,0,1,7298,0,40,1
41,9,2,2,0,1,0,0,40,0
27,10,2,3,0,1,0,0,40,0
64,10,2,3,0,1,0,0,20,0
41,9,2,13,0,1,0,0,45,0
37,13,2,3,0,1,0,1887,47,1
51,3,5,6,4,0,0,0,40,0
35,10,0,9,4,0,7443,0,40,0
61,2,2,7,0,1,0,0,40,0
52,4,0,8,3,0,0,0,16,0
40,12,2,11,0,1,0,0,60,1
20,9,4,5,3,1,0,0,40,0
52,14,2,9,0,1,0,0,40,0
50,10,2,12,0,1,0,0,40,1
49,13,0,3,4,0,0,0,40,1
36,13,4,9,4,0,0,0,40,0
33,14,4,3,4,1,0,0,40,0
40,9,2,9,0,1,0,0,50,0
45,13,2,3,0,1,0,0,50,1
22,10,4,2,3,0,0,0,35,0
47,14,2,9,5,0,0,0,2,1
24,9,4,11,1,1,0,0,30,0
19,10,4,11,1,0,0,0,30,0
40,9,0,2,1,0,0,0,40,0
40,10,4,12,1,0,0,0,50,1
54,9,2,11,0,1,15024,0,50,1
43,15,2,9,0,1,0,0,35,1
63,13,2,13,0,1,0,0,40,0
18,7,4,7,3,0,0,0,20,0
19,2,4,6,2,1,0,0,40,0
49,9,2,3,0,1,0,0,45,0
27,14,2,3,0,1,0,0,45,1
49,14,0,3,1,0,0,0,40,0
60,9,2,2,0,1,0,0,50,0
34,9,2,13,0,1,0,0,40,0
29,13,2,9,5,0,0,0,46,1
30,10,2,11,0,1,0,0,44,0
46,9,4,5,3,1,0,0,17,0
32,11,2,2,0,1,0,0,40,0
25,9,4,2,1,1,0,0,75,0
22,10,1,7,5,0,0,0,40,1
32,10,2,13,0,1,0,0,50,0
40,16,2,9,5,0,0,0,30,1
51,14,4,9,1,1,27828,0,40,1
20,9,4,2,3,1,0,0,30,0
34,9,0,3,1,0,0,0,48,0
40,10,4,3,1,1,0,0,50,0
34,11,4,0,4,0,0,0,40,0
19,6,4,5,3,1,0,0,25,0
53,6,2,2,0,1,0,0,40,0
42,10,2,0,0,1,0,0,40,1
38,14,2,3,0,1,0,0,65,1
41,9,2,2,0,1,0,0,60,1
30,10,4,9,1,1,0,0,40,0
20,7,2,4,3,1,0,0,40,0
19,9,4,7,3,0,0,0,30,0
20,9,4,11,2,1,0,0,60,0
35,13,2,3,0,1,0,0,45,0
33,9,2,2,0,1,0,0,40,0
43,10,2,3,0,1,0,1902,15,1
38,10,0,3,4,0,0,0,38,0
50,10,2,3,5,0,0,0,30,0
23,9,0,7,3,0,0,0,10,0
30,10,4,0,3,0,0,0,10,0
33,13,5,3,4,0,0,0,40,0
48,9,0,6,1,1,0,0,40,0
43,13,0,9,4,0,0,0,24,0
33,10,4,12,1,1,0,0,40,0
50,14,2,3,0,1,0,0,45,1
23,10,2,0,0,1,0,0,40,1
36,10,0,5,1,1,0,0,50,0
50,9,0,0,4,0,0,0,46,0
26,9,2,11,5,0,0,0,20,0
55,14,2,9,5,0,0,2267,40,0
37,9,2,4,0,1,0,0,40,0
43,9,2,6,0,1,0,0,40,0
38,10,2,13,0,1,0,0,40,0
42,4,2,5,0,1,0,0,30,0
47,16,2,13,0,1,0,2002,45,0
44,13,2,3,0,1,0,0,40,0
28,9,2,2,0,1,0,0,40,0
51,10,6,0,1,0,0,0,40,0
51,9,2,2,0,1,0,0,40,0
49,13,2,3,0,1,0,0,40,0
62,16,2,9,0,1,15024,0,50,1
31,10,4,0,4,0,0,0,40,0
29,7,2,5,5,0,2829,0,14,0
23,10,4,4,1,1,0,0,30,0
40,10,0,11,1,0,0,0,40,0
66,4,2,3,0,1,0,0,50,0
17,7,4,7,1,0,0,0,20,0
37,10,2,2,0,1,0,0,40,1
69,15,2,9,0,1,0,0,3,0
23,13,4,0,1,0,0,0,40,0
38,9,2,3,0,1,0,0,42,1
37,9,2,2,0,1,0,0,40,0
38,10,0,11,1,0,0,0,40,0
38,5,2,4,0,1,0,0,54,0
37,13,4,9,1,0,0,0,40,0
37,9,2,3,0,1,0,0,50,1
23,5,4,4,4,1,0,0,70,0
17,6,4,7,3,0,0,0,15,0
48,13,2,9,0,1,0,0,35,0
17,7,4,0,3,0,0,0,23,0
55,14,2,3,0,1,0,1977,60,1
35,10,2,3,0,1,0,0,40,1
35,13,2,2,0,1,0,0,45,0
53,13,2,3,0,1,0,0,60,1
43,9,2,6,0,1,0,0,48,0
36,14,4,9,3,1,0,0,40,0
24,9,5,7,4,0,0,0,40,0
45,10,2,13,0,1,0,0,48,0
34,10,2,0,5,0,0,2057,40,0
56,9,4,0,1,0,0,0,38,0
36,9,2,2,0,1,0,0,45,1
22,10,4,9,3,1,0,0,50,0
33,9,4,7,3,1,0,0,36,0
48,9,4,7,1,0,0,0,32,0
20,10,4,7,3,0,0,0,30,0
64,12,2,11,0,1,0,1887,50,1
47,7,2,2,0,1,0,0,40,0
20,10,4,7,1,0,0,0,25,0
44,13,0,3,1,0,0,0,40,0
45,13,2,4,0,1,0,0,77,0
45,9,2,13,5,0,5178,0,40,1
45,14,2,9,0,1,0,0,37,1
27,13,4,9,1,1,0,0,40,0
41,9,2,2,0,1,0,0,72,1
20,9,4,4,1,1,0,0,55,0
17,6,4,7,3,0,0,1602,10,0
50,9,2,9,0,1,0,0,40,1
31,14,4,12,1,1,0,0,40,0
49,9,4,2,1,1,0,0,30,0
44,14,2,0,0,1,0,0,40,0
49,9,0,2,1,1,0,0,50,0
28,13,4,9,1,1,0,0,52,0
43,10,2,12,0,1,4386,0,99,1
33,12,0,6,4,0,0,0,40,0
35,10,0,6,4,0,0,0,55,0
17,7,4,11,3,0,0,0,20,0
25,9,2,5,0,1,0,0,40,0
41,9,0,2,4,0,0,0,40,0
30,14,4,12,4,1,0,0,45,0
48,11,2,7,0,1,0,0,56,1
61,10,2,0,0,1,0,0,35,0
41,9,5,2,1,1,0,0,40,0
36,9,4,12,1,1,0,0,50,0
24,10,4,10,1,1,0,0,40,0
27,9,4,0,3,1,0,0,40,0
18,7,4,9,3,0,0,0,2,0
20,10,4,9,3,0,0,0,15,0
18,10,4,7,3,1,0,0,12,0
23,9,2,2,0,1,0,0,40,0
43,14,2,9,0,1,0,1887,45,1
38,10,2,3,5,0,0,0,40,0
36,10,0,0,4,0,0,0,40,0
28,13,4,3,1,1,0,0,50,0
51,16,2,3,0,1,15024,0,84,1
35,13,2,3,0,1,0,0,40,1
38,13,2,10,0,1,0,0,60,0
47,10,2,0,0,1,0,0,40,1
26,7,0,2,1,0,0,0,40,0
31,10,0,10,1,1,0,0,40,1
46,10,0,0,4,0,0,0,35,0
49,10,4,3,4,0,0,0,40,0
19,9,4,11,3,0,0,0,30,0
45,10,2,4,0,1,0,0,50,0
46,13,2,9,0,1,7688,0,45,1
70,10,2,12,0,1,0,0,20,0
19,10,4,0,3,0,0,0,20,0
46,11,2,2,0,1,0,0,50,0
20,10,4,13,3,1,0,0,35,0
17,7,4,7,2,0,0,0,22,0
43,10,2,3,0,1,0,0,49,1
19,10,4,7,3,0,0,0,15,0
37,9,2,2,0,1,0,0,40,0
51,9,6,9,4,0,0,0,40,0
40,13,2,9,0,1,0,0,40,1
24,10,4,2,3,1,0,0,60,0
31,12,2,9,0,1,0,0,40,0
59,11,2,9,0,1,5178,0,50,1
27,9,4,7,4,0,0,0,40,0
40,13,2,9,0,1,15024,0,99,1
30,9,2,2,0,1,0,0,40,0
28,12,4,0,3,1,0,0,32,0
25,9,4,2,3,1,0,0,50,0
22,13,4,11,1,0,0,0,20,0
21,10,4,3,3,1,0,0,40,0
35,13,4,3,1,0,0,0,60,1
54,9,2,3,0,1,0,0,56,0
36,9,2,6,0,1,0,0,40,0
29,13,2,11,0,1,0,0,40,0
32,9,4,3,4,0,0,1380,40,0
55,9,0,13,1,1,0,0,40,0
56,14,0,0,4,0,0,0,40,0
19,10,4,7,3,1,0,0,25,0
36,9,4,7,1,0,0,2001,40,0
58,9,6,0,1,0,0,0,40,1
35,9,0,0,4,0,0,0,40,0
44,6,5,6,4,0,0,0,40,0
40,9,2,3,0,1,0,0,40,0
18,9,4,7,3,0,0,0,20,0
71,9,2,4,0,1,0,0,35,0
51,9,2,3,0,1,0,0,57,1
20,8,4,7,3,1,0,0,35,0
34,11,0,12,4,0,0,0,40,0
28,11,2,7,0,1,0,0,40,1
23,10,4,0,1,0,0,0,24,0
36,10,2,2,0,1,3137,0,50,0
42,15,0,9,1,0,0,0,39,1
31,13,4,2,1,1,8614,0,40,1
38,14,0,9,1,1,0,0,40,0
22,9,4,0,4,0,0,0,40,0
36,11,0,0,4,0,0,0,54,0
36,14,2,11,0,1,0,1977,50,1
17,7,4,5,3,1,0,1719,18,0
30,10,4,0,3,0,0,0,40,0
35,5,2,2,0,1,2635,0,30,0
32,14,4,3,1,1,14084,0,40,1
42,13,2,3,0,1,7688,0,40,1
54,10,4,3,1,0,0,0,45,1
36,13,2,11,0,1,0,1887,35,1
58,6,4,7,1,1,0,0,40,0
39,11,2,7,0,1,0,0,40,0
62,9,6,0,1,0,0,0,38,0
51,9,0,9,4,1,0,0,40,0
52,10,0,3,1,0,0,0,50,0
25,9,4,11,3,0,0,0,30,0
26,13,4,0,1,0,0,0,40,0
26,6,2,2,3,1,0,0,40,0
59,13,4,3,1,0,0,0,40,0
21,9,4,4,2,1,0,0,50,0
45,14,2,12,0,1,0,0,18,1
26,9,2,2,0,1,0,0,36,0
68,6,6,4,4,1,0,0,20,0
60,9,2,7,0,1,0,0,40,1
65,9,2,11,0,1,0,0,18,0
41,14,0,3,4,0,0,0,45,0
34,9,2,13,0,1,0,0,50,0
28,9,2,0,0,1,0,0,40,0
40,11,4,0,1,0,0,0,40,0
57,14,2,9,0,1,0,0,60,1
37,7,2,2,0,1,0,0,50,0
34,6,0,6,1,1,0,0,60,0
57,13,2,12,0,1,0,0,48,1
55,13,2,3,0,1,0,1887,40,1
56,13,2,0,0,1,0,0,40,1
32,10,4,3,1,1,0,0,60,0
18,10,4,11,3,1,0,0,15,0
48,11,3,9,1,1,0,0,40,0
41,15,2,9,0,1,0,0,50,1
33,9,2,13,0,1,0,0,20,0
33,9,4,5,3,1,0,0,40,0
47,3,3,6,2,1,0,0,40,0
46,9,2,3,5,0,15024,0,40,1
40,9,0,0,4,0,0,0,38,0
42,9,2,6,0,1,0,0,40,0
31,13,2,9,0,1,7298,0,55,1
51,7,2,5,0,1,0,0,40,0
44,10,0,0,4,0,0,0,57,0
37,9,5,12,4,0,0,0,40,0
25,7,4,6,3,0,0,0,40,0
63,4,2,4,0,1,7688,0,60,1
52,9,0,11,1,1,0,0,45,0
42,10,0,12,1,0,3325,0,40,0
28,9,4,0,1,0,0,0,40,0
30,14,4,9,1,1,10520,0,40,1
34,13,2,11,0,1,0,0,50,0
37,12,2,3,5,0,0,0,40,1
31,9,2,6,0,1,0,0,45,0
35,10,0,11,1,0,0,0,35,0
25,10,4,0,3,0,0,0,40,0
38,9,0,3,1,1,0,0,40,0
43,9,4,4,1,1,0,0,60,0
22,10,4,2,2,0,0,0,40,0
18,7,4,7,3,1,0,0,20,0
26,9,4,0,1,0,0,0,40,0
36,9,2,13,0,1,0,0,60,1
43,9,0,11,1,1,0,0,20,0
21,10,4,0,1,0,0,0,25,0
62,10,6,10,1,0,0,0,40,0
26,9,2,2,0,1,0,0,40,0
54,13,2,3,0,1,0,0,40,1
18,7,4,11,3,0,0,0,20,0
65,9,2,11,0,1,0,0,55,0
41,9,4,2,1,1,3325,0,50,0
31,5,4,7,4,0,0,0,20,0
56,5,0,11,4,0,0,0,40,0
50,13,2,3,0,1,0,0,50,1
22,13,4,0,3,0,0,0,35,0
36,10,2,10,0,1,0,0,48,0
48,16,2,9,0,1,0,0,40,1
30,9,2,7,5,0,0,0,30,0
35,10,2,12,0,1,0,0,45,0
37,9,2,13,0,1,0,0,30,0
56,14,2,3,5,0,0,0,50,0
41,12,0,11,4,1,0,0,40,0
38,9,4,7,1,1,0,0,40,0
34,5,5,6,4,0,0,0,35,0
54,8,4,7,3,1,4101,0,40,0
42,11,0,9,1,0,0,0,40,0
33,9,2,4,0,1,0,0,50,0
21,9,4,9,3,0,0,0,30,0
69,6,2,13,0,1,0,0,10,0
32,12,4,11,1,0,0,0,46,0
50,9,2,2,0,1,0,0,40,0
45,9,0,7,1,0,0,0,40,0
31,9,2,0,0,1,0,0,35,0
24,13,2,9,5,0,0,0,40,0
28,13,4,9,1,1,0,0,60,1
21,12,4,7,3,0,0,0,5,0
43,11,0,3,1,1,0,0,25,0
22,9,4,11,1,0,0,0,25,0
62,9,2,2,0,1,0,1740,40,0
21,10,4,12,1,1,0,0,25,0
37,10,2,13,0,1,0,0,45,0
34,10,0,7,4,0,0,0,40,0
74,13,2,3,0,1,0,1825,12,1
43,10,0,6,4,0,0,0,38,0
25,10,4,9,1,0,0,0,40,0
43,7,2,5,0,1,0,0,40,0
23,7,2,7,0,1,0,0,40,0
33,9,5,6,4,0,0,0,40,0
51,13,2,3,0,1,0,0,35,1
64,13,4,11,4,0,0,0,40,0
35,10,4,3,1,1,0,0,50,0
69,6,3,4,1,1,3273,0,45,0
32,13,2,3,0,1,0,0,48,1
20,10,4,7,3,0,0,0,40,0
66,9,2,13,0,1,0,0,50,1
31,10,4,2,1,1,0,0,40,0
22,10,4,7,3,0,0,0,24,0
32,15,4,9,1,1,0,0,40,0
23,12,4,11,3,0,0,0,40,0
21,10,4,0,3,1,0,0,40,0
36,9,2,7,5,0,0,0,2,0
62,4,2,2,0,1,2829,0,40,0
24,9,4,5,1,1,0,0,40,0
45,10,2,13,0,1,7298,0,50,1
27,7,2,5,0,1,3942,0,40,0
38,15,2,9,0,1,0,2415,90,1
30,10,2,6,0,1,0,0,30,0
21,11,2,4,0,1,0,0,40,0
56,9,2,11,0,1,0,0,40,0
59,14,6,9,4,0,4787,0,60,1
37,10,0,3,4,0,0,0,40,0
52,10,0,3,4,0,0,0,40,0
50,10,2,3,0,1,0,0,40,1
55,13,2,3,0,1,7298,0,60,1
55,13,2,9,0,1,0,0,40,1
72,10,2,9,0,1,3471,0,20,0
39,10,0,3,1,0,0,0,40,0
28,8,0,6,1,0,0,0,40,0
38,13,0,12,2,1,0,0,40,0
44,10,5,2,1,1,0,1876,55,0
51,9,4,11,1,1,0,0,40,0
20,10,4,7,3,1,0,1719,36,0
25,10,4,13,1,0,0,0,45,0
52,10,0,11,2,0,0,0,20,1
45,9,6,2,1,0,0,0,40,0
17,7,4,0,3,0,0,0,12,0
64,14,2,9,0,1,0,0,25,0
34,9,2,0,0,1,0,1485,40,0
74,10,2,3,0,1,0,0,4,0
58,7,0,2,1,0,14084,0,40,1
44,14,2,9,0,1,0,0,40,1
23,12,4,0,1,0,0,0,25,0
23,9,4,5,3,1,0,0,50,0
27,11,4,12,2,0,0,0,36,0
34,13,2,11,0,1,0,0,45,1
18,9,4,11,3,0,0,0,24,0
33,7,4,11,4,0,0,0,17,0
50,10,2,2,0,1,0,0,48,0
47,9,0,11,1,1,0,0,50,0
50,15,2,9,0,1,99999,0,55,1
18,7,4,11,3,0,0,0,15,0
49,15,2,9,5,0,0,1977,60,1
34,10,2,5,0,1,0,0,50,0
51,14,2,9,0,1,7688,0,45,1
56,10,2,3,0,1,0,0,40,1
64,9,6,0,4,0,0,0,8,0
23,10,4,4,1,0,0,0,50,0
33,10,2,13,0,1,0,0,40,0
43,14,2,3,0,1,0,0,45,0
60,9,0,3,1,1,10520,0,40,1
57,8,0,7,4,0,0,0,40,0
22,13,4,11,1,1,0,0,45,0
23,13,4,6,3,1,0,0,40,0
54,10,2,11,0,1,0,2415,50,1
39,9,2,0,0,1,7688,0,52,1
32,14,4,9,1,1,0,0,40,0
20,10,4,12,3,1,0,0,15,0
30,10,4,3,1,1,0,0,52,0
56,9,2,4,0,1,0,0,45,0
34,9,2,5,0,1,0,0,40,0
32,9,4,2,4,1,0,0,40,0
59,14,2,9,0,1,0,0,50,1
19,10,4,9,3,1,0,0,11,0
29,9,2,5,0,1,0,0,42,0
24,10,2,2,0,1,0,0,60,0
41,14,0,9,1,1,0,0,35,0
23,4,2,5,2,0,0,0,30,0
32,9,2,11,0,1,0,1902,50,1
18,9,4,11,3,1,0,0,10,0
38,9,5,13,4,0,0,0,30,0
29,13,4,9,1,1,0,0,50,0
25,9,2,13,0,1,0,0,45,0
31,15,4,12,1,1,0,0,55,0
34,13,3,0,1,0,0,0,25,0
34,9,2,3,0,1,0,1887,45,1
66,9,2,3,0,1,0,1825,40,1
41,3,2,5,0,1,0,0,40,0
62,4,2,9,0,1,0,0,20,0
58,9,2,2,0,1,0,0,40,0
40,9,5,3,4,0,0,0,40,0
24,13,4,3,3,0,0,0,40,0
47,9,2,3,0,1,0,0,40,1
19,9,4,7,3,1,0,0,25,0
32,10,2,2,0,1,0,0,45,0
51,10,0,0,1,0,0,0,40,0
25,5,2,13,0,1,0,0,45,0
22,10,4,13,1,1,0,0,40,0
29,13,2,3,5,0,0,0,50,1
20,9,2,11,3,1,0,0,40,0
42,4,0,2,4,1,0,0,40,0
18,9,4,6,3,1,0,0,20,0
23,6,2,6,3,0,0,0,40,0
55,13,0,9,1,0,0,0,40,1
40,9,0,6,1,1,0,0,40,0
52,10,0,11,1,1,0,0,50,0
37,9,0,6,4,1,0,0,40,1
21,10,4,11,3,0,0,1602,22,0
35,11,4,7,1,1,0,0,60,0
45,10,0,6,4,1,0,0,48,0
39,9,0,0,4,0,0,0,40,0
54,9,2,2,0,1,0,0,44,0
42,4,0,11,1,0,0,0,40,0
59,12,2,2,0,1,0,0,40,0
42,9,2,11,5,0,0,0,40,1
22,10,4,10,3,0,0,0,20,0
33,13,4,9,1,0,0,0,40,0
39,10,2,6,0,1,0,0,40,1
18,7,4,4,3,1,0,0,70,0
46,10,2,11,0,1,0,0,60,1
24,13,4,7,1,1,0,0,40,0
28,11,2,5,5,0,0,0,30,0
21,9,4,0,3,0,0,0,43,0
22,7,4,2,3,1,0,0,30,0
61,3,2,5,0,1,7298,0,40,1
56,10,2,0,0,1,0,0,40,0
21,10,4,11,3,0,0,0,20,0
17,6,4,5,3,1,0,0,26,0
28,9,2,10,0,1,0,0,40,1
62,9,6,0,1,0,0,0,38,0
39,9,5,6,1,1,2176,0,40,0
30,9,4,10,1,1,0,0,40,0
18,7,4,0,3,1,0,0,12,0
54,9,4,5,3,1,0,0,40,0
49,10,2,13,0,1,0,0,40,1
33,16,2,9,0,1,0,0,50,0
50,13,2,11,0,1,0,0,40,1
57,9,2,7,0,1,0,0,78,0
50,9,0,0,3,0,0,0,40,0
45,13,2,3,0,1,0,0,40,1
41,10,2,3,3,1,0,0,40,1
23,9,2,6,0,1,0,0,48,0
23,13,4,11,1,0,0,0,40,0
47,9,2,0,5,0,0,0,40,0
39,13,2,3,0,1,0,0,50,0
29,11,2,6,0,1,0,1887,48,1
46,9,2,6,0,1,0,0,40,0
18,3,4,5,3,1,0,0,40,0
68,4,2,2,0,1,0,0,40,0
62,11,2,12,0,1,0,0,40,1
43,12,2,12,0,1,0,0,40,0
35,9,2,2,0,1,0,0,40,0
21,9,4,0,3,0,0,0,40,0
21,10,4,5,3,1,0,0,40,0
41,11,0,2,4,0,0,0,45,0
61,9,2,13,0,1,0,0,40,0
24,9,4,2,1,1,0,0,50,0
21,9,4,10,3,1,0,0,40,0
36,3,2,7,0,1,0,0,40,0
37,11,4,10,1,0,0,0,40,0
69,8,2,13,0,1,9386,0,60,1
49,10,0,3,1,0,0,0,50,0
55,9,2,4,0,1,0,0,53,1
21,9,2,6,0,1,0,0,40,0
18,6,4,7,3,1,0,0,40,0
26,9,2,9,1,1,0,0,40,0
46,9,2,4,0,1,4064,0,55,0
23,6,4,2,1,1,0,0,40,0
48,9,2,2,0,1,0,0,40,1
36,9,2,2,0,1,0,1902,48,1
42,14,0,9,1,1,0,0,40,0
41,14,2,9,0,1,0,0,38,1
45,12,6,11,4,0,0,0,40,0
52,9,0,2,1,1,3325,0,40,0
22,13,4,9,3,0,0,0,18,0
20,10,4,6,1,0,2176,0,40,0
27,9,5,6,1,1,0,0,43,0
36,9,0,3,1,1,0,0,40,0
34,9,2,13,0,1,0,0,52,0
38,14,2,9,0,1,0,0,50,1
47,9,0,11,4,0,0,0,45,0
21,9,2,2,0,1,0,0,50,0
33,9,4,13,1,1,0,0,40,0
31,12,4,10,4,1,0,0,40,0
61,8,2,2,0,1,0,0,40,0
46,6,2,5,0,1,0,0,45,0
55,14,2,9,0,1,0,0,40,1
19,10,4,9,3,1,0,0,40,0
39,9,2,6,0,1,0,0,40,1
61,9,2,7,0,1,0,0,40,0
28,10,2,5,0,1,0,0,40,0
28,6,2,13,0,1,0,0,40,0
61,9,2,2,0,1,0,0,37,0
54,10,2,11,0,1,0,0,40,0
50,10,2,6,0,1,0,0,70,0
37,14,2,9,5,0,0,0,45,1
56,9,2,11,5,0,0,0,4,0
31,13,0,3,1,0,0,0,50,1
32,13,2,3,5,0,0,0,55,1
28,7,0,7,4,0,0,0,40,0
34,11,2,12,0,1,0,0,40,0
33,6,4,7,3,0,0,0,25,0
42,11,0,0,1,0,0,0,35,0
64,11,2,2,0,1,0,0,48,0
29,10,2,5,0,1,0,0,20,0
45,10,2,13,0,1,0,0,40,0
48,14,2,9,0,1,0,0,45,1
44,10,5,12,1,0,0,0,38,0
34,10,4,0,1,1,0,0,40,0
40,9,4,6,1,1,0,0,45,0
45,9,2,2,0,1,0,2051,40,0
23,10,4,7,3,0,0,0,20,0
51,13,2,9,0,1,0,0,55,1
24,9,2,2,0,1,2885,0,50,0
57,13,6,9,4,1,10520,0,40,1
23,10,4,0,1,0,0,1721,40,0
34,10,2,4,0,1,0,0,40,1
36,9,0,6,1,1,4101,0,40,0
56,15,2,9,0,1,0,0,32,1
42,9,0,3,4,0,0,0,40,0
45,13,2,3,0,1,0,0,60,0
38,13,2,9,0,1,15024,0,70,1
29,11,2,10,0,1,7688,0,40,1
54,13,0,9,1,1,0,1340,40,0
40,9,2,6,0,1,0,0,40,1
29,9,2,13,0,1,0,0,40,0
35,13,4,3,3,1,0,0,40,0
47,9,5,3,4,0,0,0,37,0
51,11,4,3,1,0,0,0,43,0
28,9,4,7,2,1,0,0,40,0
58,9,2,6,0,1,0,0,45,1
24,9,4,6,3,0,0,0,25,0
46,9,0,3,1,1,0,0,40,0
57,6,2,6,0,1,0,0,48,0
22,9,4,5,2,1,0,0,20,0
28,13,4,12,1,1,0,0,30,0
23,9,4,11,3,1,0,0,60,0
19,9,4,5,1,1,0,0,40,0
66,9,6,9,4,0,0,0,35,0
38,10,2,3,0,1,0,0,55,0
39,10,0,3,4,0,0,0,40,0
47,9,2,6,0,1,5178,0,40,1
39,9,0,13,3,1,0,0,60,0
22,10,4,13,3,1,0,0,40,0
36,9,4,2,3,1,0,0,30,0
32,10,2,6,0,1,0,0,40,0
43,13,4,9,1,1,0,0,40,0
51,9,2,2,0,1,0,0,40,0
42,3,2,2,0,1,0,0,60,0
32,8,4,0,4,0,0,0,40,0
34,10,4,0,3,1,0,0,40,0
51,11,2,2,0,1,0,0,57,0
38,13,2,11,0,1,0,0,44,0
21,9,4,5,3,1,0,0,20,0
33,13,4,7,1,0,0,0,15,0
34,9,2,2,0,1,0,0,40,0
32,9,2,3,0,1,0,0,40,0
27,9,2,7,0,1,0,0,60,1
35,10,2,11,0,1,0,0,50,1
29,13,4,9,1,1,0,0,50,0
40,9,2,2,0,1,0,0,40,0
46,4,2,4,0,1,0,0,30,0
37,9,4,7,4,0,0,0,30,0
38,9,2,2,0,1,3411,0,25,0
37,10,2,3,0,1,0,1887,60,1
44,13,2,9,0,1,0,0,45,1
25,14,4,9,1,1,0,0,30,0
38,9,4,11,4,1,0,0,42,0
34,12,0,0,4,0,0,0,10,0
50,9,2,11,0,1,0,1902,60,1
46,10,2,3,0,1,0,0,50,1
20,3,4,5,4,1,0,0,30,0
47,11,2,3,0,1,0,0,38,1
46,16,2,9,0,1,0,0,60,1
34,12,0,11,1,1,0,0,40,0
61,9,2,13,0,1,0,0,40,0
55,10,0,9,1,0,0,0,37,0
36,9,4,13,1,1,0,0,35,0
28,10,4,3,1,0,10520,0,40,1
22,9,4,7,1,1,0,0,40,0
34,10,4,11,3,0,0,0,35,0
33,10,4,6,1,1,0,0,40,0
27,9,4,7,3,0,0,0,32,0
43,14,2,5,0,1,5013,0,12,0
55,6,2,2,0,1,99999,0,40,1
39,6,3,7,1,0,0,1721,15,0
20,10,4,7,3,1,0,0,33,0
38,9,4,5,1,1,0,0,40,0
30,10,4,2,1,1,0,0,40,0
21,7,4,7,3,1,0,0,42,0
60,9,2,9,0,1,0,0,30,0
43,10,4,5,1,1,0,0,40,0
36,9,2,2,0,1,0,0,45,1
23,10,4,7,4,0,0,0,48,0
57,10,2,5,0,1,7298,0,40,1
25,9,4,5,2,1,0,0,40,0
38,9,0,7,4,0,0,0,32,0
22,9,2,2,0,1,0,0,35,0
23,3,4,2,1,1,0,0,40,0
61,9,4,11,1,0,0,0,44,0
28,10,0,2,1,1,0,0,46,0
21,10,4,7,3,0,0,0,25,0
49,14,2,9,0,1,0,0,40,0
37,8,0,2,3,1,0,0,35,0
23,10,4,7,3,0,0,0,40,0
38,10,2,9,0,1,3137,0,50,0
34,13,2,9,5,0,0,0,46,1
21,9,4,6,3,0,0,0,40,0
27,10,2,3,0,1,0,0,40,1
57,9,2,2,0,1,0,0,84,1
22,9,4,5,3,1,0,0,25,0
20,10,4,0,1,0,0,0,35,0
49,10,2,9,5,0,0,0,65,1
38,9,2,2,0,1,0,0,40,0
40,13,2,12,0,1,0,0,40,0
44,9,2,2,0,1,0,1485,40,0
37,10,2,0,5,0,0,0,20,0
57,14,0,9,1,1,0,0,30,0
56,4,4,7,3,0,0,0,30,0
41,12,0,9,1,1,0,0,80,0
50,9,2,7,0,1,0,0,60,0
33,5,4,6,1,1,0,0,50,0
29,14,2,11,0,1,0,0,20,0
28,13,2,3,0,1,5178,0,40,1
35,6,2,6,0,1,0,0,50,0
36,9,0,2,4,1,0,0,40,0
45,16,0,9,4,0,0,3004,35,1
30,12,4,2,3,1,0,0,40,0
35,9,2,7,0,1,0,0,60,0
27,11,2,11,0,1,0,0,40,0
22,9,4,3,1,1,0,0,40,0
24,10,4,5,3,1,0,0,30,0
47,13,2,9,0,1,0,0,50,1
47,10,2,3,0,1,0,0,40,1
18,7,4,7,3,0,0,0,15,0
18,10,4,0,3,1,0,0,30,0
31,9,0,10,1,1,0,0,47,1
43,14,0,7,4,0,0,0,30,0
45,9,2,13,0,1,4064,0,40,0
39,9,2,13,0,1,0,0,40,0
30,13,4,0,1,1,0,0,50,0
22,10,4,0,1,0,0,0,35,0
30,9,2,4,0,1,0,0,85,0
36,16,2,9,0,1,0,0,60,1
20,12,4,9,1,1,0,0,30,0
27,9,2,13,0,1,0,1902,45,0
59,10,2,3,0,1,0,0,60,1
60,9,2,2,0,1,0,0,40,0
43,13,0,3,1,0,0,0,40,0
35,9,0,13,1,1,0,0,60,0
40,13,2,0,0,1,0,0,50,1
20,7,2,5,2,1,2961,0,35,0
47,14,2,3,0,1,0,0,40,0
40,12,0,9,1,1,0,0,50,0
20,9,4,6,3,1,0,0,40,0
25,10,4,0,3,0,0,0,40,0
47,11,2,9,0,1,0,0,40,1
29,12,6,11,4,0,0,0,40,1
34,9,2,13,0,1,0,0,45,0
45,13,5,9,1,0,0,0,40,0
23,10,4,5,3,1,2597,0,50,0
46,12,6,0,4,0,0,0,40,0
41,10,0,6,1,0,0,0,38,0
29,13,2,9,0,1,0,0,40,1
17,7,4,5,3,1,0,0,20,0
39,5,2,2,0,1,0,0,40,0
37,9,4,6,4,0,0,0,40,0
20,9,4,2,1,1,0,0,40,0
52,11,2,2,0,1,0,0,40,1
42,12,2,9,5,0,0,0,40,0
22,3,2,2,0,1,0,0,35,0
66,10,0,3,1,0,0,0,55,0
35,9,2,13,0,1,0,0,65,0
40,12,4,9,1,1,0,0,40,1
21,9,0,11,4,0,0,0,38,0
51,9,0,10,4,1,0,0,52,0
34,6,2,2,0,1,0,0,40,0
24,9,2,2,0,1,0,0,40,0
43,13,3,0,4,0,0,0,40,0
34,13,2,3,5,0,0,0,40,1
42,14,4,9,4,0,0,0,40,0
41,11,4,2,1,1,0,0,30,0
21,9,4,13,3,0,0,0,40,0
64,4,2,10,0,1,0,0,10,0
24,9,4,0,1,0,0,1974,40,0
23,10,4,5,3,1,0,0,10,0
29,9,2,11,0,1,0,0,50,0
44,9,0,3,4,0,0,0,60,0
28,13,2,9,0,1,0,0,55,0
33,9,2,11,0,1,0,0,50,1
35,10,2,2,0,1,0,0,40,0
41,6,3,2,1,0,0,0,40,0
42,13,2,11,0,1,0,0,40,1
51,10,2,3,0,1,0,0,99,1
32,7,4,7,4,0,0,0,40,0
37,9,4,2,3,1,0,0,40,0
18,7,4,11,3,0,0,0,25,0
24,11,4,7,3,0,0,0,35,0
45,10,2,0,0,1,0,0,40,0
52,13,2,3,0,1,0,0,45,1
35,9,4,7,1,0,0,0,40,0
46,13,0,3,1,0,0,0,50,0
63,9,6,3,4,1,0,0,50,1
32,13,2,9,5,0,0,0,35,1
24,9,4,7,3,0,594,0,15,0
29,13,4,0,1,0,0,0,40,0
35,13,2,3,0,1,7688,0,50,1
70,6,2,5,0,1,0,0,32,0
36,9,4,6,1,0,0,0,30,0
53,9,2,7,0,1,4386,0,30,1
49,9,2,13,0,1,0,0,40,0
60,15,2,3,0,1,0,1902,40,1
18,7,4,5,3,1,0,0,40,0
21,10,4,7,3,1,0,0,35,0
42,6,4,13,1,1,0,0,40,0
25,14,4,9,1,0,0,0,37,0
32,9,2,2,0,1,0,0,40,0
47,13,2,0,0,1,7298,0,40,1
30,11,4,9,1,0,0,0,40,0
38,13,2,4,0,1,0,0,60,0
34,9,2,13,0,1,0,2051,55,0
37,12,4,7,1,0,0,0,30,0
56,9,2,3,5,0,0,0,40,1
52,11,2,3,0,1,0,0,40,0
23,13,4,9,3,1,0,0,40,0
29,9,2,10,0,1,0,0,42,0
45,9,2,2,0,1,0,0,40,1
23,13,4,9,1,0,0,0,40,0
45,14,2,3,0,1,0,0,65,1
30,13,4,3,1,1,0,0,42,0
45,13,2,11,0,1,0,0,50,0
26,9,2,6,0,1,0,0,40,0
23,10,2,6,0,1,0,0,40,0
43,14,6,3,4,1,4934,0,40,1
42,9,0,5,4,1,0,0,40,0
72,10,6,0,1,0,0,0,25,0
57,13,2,3,0,1,15024,0,60,1
24,13,2,11,0,1,0,0,45,0
27,9,2,5,0,1,0,0,40,0
54,9,2,11,0,1,0,0,40,0
42,9,2,3,0,1,0,0,60,1
17,5,4,7,3,1,0,0,40,0
48,13,2,3,0,1,0,0,55,1
39,13,0,11,1,0,0,0,40,0
41,13,2,3,0,1,7688,0,70,1
57,9,0,13,1,1,0,0,45,0
44,16,2,9,0,1,0,0,36,1
49,9,2,11,0,1,0,0,40,0
44,12,4,9,4,0,1151,0,50,0
42,11,4,2,1,1,0,0,44,0
18,8,4,7,3,1,0,0,18,0
51,9,6,12,4,0,0,0,40,0
28,13,4,9,1,0,0,0,40,0
39,12,2,3,5,0,15024,0,45,1
25,9,2,11,0,1,0,0,52,0
41,15,2,9,0,1,0,1977,50,1
39,10,2,11,0,1,0,0,40,1
42,7,5,7,4,0,0,0,30,0
33,9,4,0,1,0,0,1617,40,0
47,10,0,11,4,0,0,0,45,1
27,13,2,10,0,1,0,0,68,0
39,14,2,3,0,1,0,1848,45,1
20,10,4,4,3,1,0,0,40,0
49,9,4,7,1,0,0,0,40,0
46,9,2,5,0,1,0,1740,35,0
47,9,2,11,0,1,0,0,30,1
35,5,4,2,1,1,0,0,40,0
24,9,4,5,1,1,0,0,40,0
43,13,0,7,1,0,0,0,35,0
53,7,2,6,0,1,0,0,48,1
47,10,0,3,4,0,0,0,40,0
34,10,2,5,0,1,0,0,40,0
37,11,4,7,1,1,0,0,40,0
35,9,4,7,3,1,0,0,30,0
23,10,4,3,1,0,0,0,40,0
29,9,4,13,2,1,0,0,50,0
23,10,4,2,1,1,0,0,40,0
35,9,0,7,1,0,0,0,35,0
27,13,4,9,1,0,0,0,40,0
40,9,4,0,1,0,0,0,70,0
31,13,2,11,0,1,0,0,65,0
18,10,4,11,4,1,2176,0,40,0
25,12,4,9,1,0,0,0,40,0
36,10,4,10,4,0,0,0,40,0
38,6,0,2,1,1,0,0,40,0
52,9,6,2,1,1,0,0,40,0
23,9,4,7,4,1,0,0,35,0
48,10,2,3,0,1,0,0,30,1
46,9,2,0,0,1,0,0,40,1
26,9,3,10,1,1,0,0,40,0
47,9,2,6,0,1,0,0,40,0
65,13,0,9,1,1,6723,0,40,0
31,9,2,13,0,1,0,0,40,0
38,9,2,3,5,0,7688,0,40,1
68,9,2,3,0,1,0,0,40,0
26,13,4,0,2,0,0,0,40,0
42,9,0,7,1,1,0,0,40,0
49,9,2,2,0,1,0,0,40,1
42,13,2,0,5,0,0,1887,40,1
39,14,2,3,0,1,7688,0,65,1
31,5,2,2,0,1,0,0,40,0
28,13,2,9,0,1,0,0,20,0
36,13,0,9,1,0,0,0,50,0
42,10,2,3,5,0,0,0,40,1
62,9,2,6,0,1,0,0,40,0
21,9,4,4,3,1,0,0,24,0
21,10,4,0,3,0,0,0,20,0
22,10,4,7,3,0,0,0,25,0
30,6,2,2,0,1,0,0,40,0
64,9,6,0,1,0,0,0,40,0
28,13,2,3,5,0,15024,0,28,1
41,12,2,2,0,1,0,1887,40,1
25,9,4,2,2,1,0,0,40,0
27,9,2,4,0,1,0,0,40,0
40,12,2,12,0,1,0,0,44,0
58,10,2,3,0,1,0,0,40,1
31,15,4,9,1,0,0,0,99,0
50,9,6,13,4,0,0,0,40,0
27,9,5,5,4,1,0,0,40,0
50,13,2,11,0,1,0,0,40,0
45,9,2,10,0,1,0,0,40,1
33,8,4,10,3,1,0,0,40,0
62,10,0,0,1,1,0,1974,40,0
38,9,2,2,0,1,0,2051,40,0
19,10,4,7,3,0,0,0,35,0
30,7,2,7,5,0,0,0,30,0
38,10,0,11,3,0,0,0,25,0
42,9,2,4,0,1,0,0,99,1
49,10,0,11,1,1,0,0,25,0
53,14,2,3,0,1,0,1902,50,1
45,10,2,2,0,1,0,1887,40,1
24,10,4,0,3,0,0,0,40,0
29,11,4,0,3,0,0,0,35,0
24,10,4,11,3,0,5060,0,30,0
25,11,4,13,4,1,0,0,55,0
51,6,2,2,0,1,0,0,40,0
19,10,4,0,3,0,0,0,8,0
38,10,2,2,0,1,0,0,52,1
60,9,0,7,1,0,0,0,40,0
29,9,4,11,1,1,0,0,40,0
28,6,2,7,5,0,0,0,40,0
36,9,2,9,0,1,0,0,45,1
24,12,4,2,3,1,0,0,40,0
43,12,4,0,1,0,0,0,38,0
29,15,2,9,0,1,0,0,55,1
67,15,2,9,0,1,20051,0,25,1
20,9,4,10,3,1,0,0,40,0
21,10,4,7,3,1,0,0,20,0
20,6,4,5,3,1,0,0,40,0
42,12,2,3,0,1,0,0,60,1
20,10,4,7,3,0,0,0,10,0
19,9,4,0,3,1,0,0,35,0
34,9,2,2,0,1,0,0,45,0
40,13,4,9,4,0,0,0,45,0
33,10,5,7,4,0,0,0,25,0
36,10,0,2,1,0,0,0,37,0
43,12,0,2,1,1,0,2444,70,1
41,9,5,7,4,0,0,0,40,0
34,9,2,12,0,1,0,0,40,1
33,12,2,11,0,1,0,0,40,1
47,9,2,6,0,1,0,0,40,0
41,2,2,11,0,1,0,0,50,0
40,9,3,2,1,1,0,0,40,1
28,13,4,2,3,1,0,0,40,0
62,9,2,11,0,1,0,0,90,1
29,9,0,0,4,0,0,0,50,0
46,10,0,0,1,0,0,0,40,0
28,9,4,7,1,1,0,0,60,0
57,9,0,0,1,0,0,0,40,0
22,10,4,11,3,0,0,0,40,0
28,12,4,0,1,0,0,0,40,0
24,13,4,0,1,0,0,0,45,0
54,13,0,4,1,1,27828,0,50,1
22,7,5,2,1,1,0,0,40,0
36,13,4,10,4,0,0,0,40,0
50,10,0,0,4,0,0,0,40,0
18,7,4,5,3,1,0,0,24,0
52,12,2,11,0,1,0,0,40,1
36,13,4,11,1,0,0,1741,40,0
34,13,4,9,1,0,0,0,55,1
21,11,4,2,3,1,0,0,40,0
46,9,4,3,1,1,0,0,40,0
61,14,4,9,4,0,0,0,25,0
22,10,4,13,3,1,0,0,25,0
36,15,2,9,5,0,15024,0,50,1
43,14,0,9,4,0,914,0,40,0
25,12,2,0,5,0,0,0,37,1
17,6,4,8,2,1,0,0,30,0
45,11,2,2,0,1,4386,0,38,1
30,15,4,9,1,1,0,1590,80,0
40,14,4,9,1,1,0,0,35,0
31,14,4,3,1,1,0,0,45,0
42,13,2,3,0,1,0,0,40,1
53,9,2,2,0,1,0,0,40,1
37,2,2,13,0,1,0,0,40,0
37,9,3,7,4,0,0,0,20,0
54,10,2,11,5,0,0,0,40,1
36,9,0,7,3,0,0,0,30,0
46,10,0,0,4,0,0,0,40,0
46,13,2,11,0,1,0,0,48,0
32,5,2,13,0,1,0,0,50,0
17,7,4,2,3,1,594,0,40,0
42,13,0,9,1,1,0,0,40,0
37,9,4,2,1,1,0,0,40,0
29,9,2,6,0,1,0,0,48,0
54,13,2,3,0,1,0,0,40,1
38,8,2,2,0,1,0,0,48,0
46,9,2,13,0,1,0,0,40,0
24,9,2,5,0,1,0,0,40,0
57,2,2,5,0,1,0,0,40,0
59,2,2,6,0,1,0,0,40,0
33,13,2,3,0,1,0,0,40,1
35,9,0,7,4,0,0,1594,40,0
53,9,2,6,0,1,2829,0,40,0
26,9,4,6,2,1,0,0,40,0
55,14,2,11,0,1,2228,0,50,0
46,9,5,7,1,0,0,0,45,0
44,13,2,9,0,1,0,0,38,1
30,11,2,11,0,1,3137,0,60,0
24,10,4,5,3,1,0,0,24,0
32,6,3,7,1,0,0,0,37,0
35,13,4,11,1,0,0,0,40,0
67,14,2,11,0,1,0,0,30,1
56,13,2,3,0,1,0,0,20,1
26,14,4,9,1,1,0,0,20,0
46,12,6,12,4,0,6497,0,40,0
52,9,2,2,0,1,0,0,48,1
38,10,0,2,1,1,0,0,40,0
31,9,0,11,4,1,0,0,50,0
53,9,5,13,1,1,0,0,30,0
27,9,4,5,1,1,0,0,40,0
39,13,4,0,1,0,0,0,40,0
22,9,4,6,3,1,0,0,40,0
37,10,2,2,0,1,0,0,35,1
20,9,4,0,3,1,0,0,30,0
60,9,2,10,0,1,0,0,40,0
51,11,0,12,4,0,0,0,48,0
57,15,0,9,1,0,0,0,50,1
59,10,2,2,0,1,0,0,40,1
37,9,2,2,0,1,0,0,40,0
35,9,2,5,5,0,0,0,40,0
43,10,2,11,0,1,0,0,72,1
17,8,4,7,3,1,0,0,35,0
45,13,2,9,0,1,0,0,50,1
18,9,4,11,3,0,0,0,40,0
52,8,5,6,2,0,0,0,40,0
18,10,4,5,3,1,0,0,9,0
20,10,4,5,3,1,0,0,40,0
34,9,4,12,1,1,0,0,40,0
19,9,4,6,3,0,0,0,20,0
17,5,4,7,3,1,0,0,45,0
30,13,4,0,1,0,0,0,35,0
29,13,4,2,1,0,0,0,45,0
30,10,0,3,1,1,8614,0,50,1
50,13,0,0,1,0,0,0,37,0
22,9,4,11,2,1,0,0,40,0
21,9,4,0,3,0,0,0,35,0
39,5,2,4,2,1,0,0,40,0
20,10,4,7,2,0,4416,0,25,0
62,12,6,7,1,0,0,0,7,0
32,10,0,3,1,0,0,0,38,0
38,12,2,12,0,1,0,0,40,1
32,10,5,12,4,0,3887,0,40,0
55,13,2,0,5,0,3464,0,40,0
38,14,2,3,0,1,99999,0,70,1
34,7,4,7,1,1,0,0,30,0
28,9,4,7,3,1,0,0,20,0
26,10,4,11,1,0,0,0,37,0
41,9,2,11,0,1,0,0,40,0
61,16,2,9,0,1,0,1902,40,1
75,9,2,4,0,1,3456,0,40,0
21,11,2,7,2,0,0,0,50,0
50,9,2,5,0,1,0,0,40,1
26,9,2,13,0,1,0,0,65,0
39,4,4,7,3,1,0,0,40,0
24,10,4,9,1,1,0,0,40,0
56,9,2,5,0,1,0,0,18,0
17,7,4,7,3,1,0,0,17,0
37,9,2,2,0,1,0,0,52,1
23,11,2,6,3,0,0,0,30,0
57,9,2,4,0,1,0,0,60,0
42,13,2,0,0,1,0,0,45,1
25,13,0,11,1,0,0,0,40,0
22,13,4,4,1,1,0,0,20,0
39,9,2,2,0,1,0,0,40,0
54,7,2,7,5,0,0,0,40,1
41,13,0,3,1,1,0,0,50,0
43,9,2,3,0,1,0,0,40,0
19,9,4,2,1,0,0,0,40,0
35,10,2,9,0,1,0,0,40,0
34,9,2,9,0,1,0,0,60,1
19,9,5,0,4,0,0,0,30,0
33,10,0,3,4,0,0,0,40,0
33,10,4,9,1,1,0,0,52,0
49,14,2,3,0,1,0,0,65,1
31,9,0,0,4,0,0,0,50,0
41,11,2,11,0,1,4386,0,60,1
24,9,5,6,4,0,0,0,40,0
45,9,0,3,4,0,0,0,38,1
63,13,2,9,0,1,15024,0,45,1
75,10,2,13,0,1,0,0,16,0
34,9,4,6,4,1,0,0,40,0
69,13,2,3,0,1,9386,0,50,1
33,14,4,9,1,0,0,0,40,0
44,9,4,0,1,0,0,0,43,0
45,13,2,2,0,1,3103,0,40,1
18,7,4,11,3,0,0,0,20,0
48,9,0,11,1,0,0,0,52,0
43,9,2,2,0,1,0,0,40,1
26,9,2,2,0,1,0,1848,60,1
35,9,4,2,4,1,0,0,50,0
34,10,4,0,4,0,0,0,40,0
48,9,2,0,0,1,0,0,70,1
54,9,6,7,4,0,0,0,40,0
57,9,2,11,0,1,0,0,40,0
21,9,4,6,3,1,0,0,60,0
28,10,2,3,0,1,0,0,55,0
51,11,2,2,0,1,0,0,40,1
34,9,2,10,0,1,0,0,53,1
41,10,2,10,0,1,0,0,45,1
21,10,4,0,1,0,0,0,27,0
26,13,2,9,0,1,0,0,58,1
66,9,4,0,1,0,0,0,40,0
40,16,2,9,0,1,0,1977,45,1
48,12,0,0,4,0,0,0,40,0
41,9,2,6,0,1,0,0,40,0
41,13,2,10,0,1,15024,0,60,1
55,12,2,9,0,1,0,0,40,1
43,13,0,11,1,1,0,0,40,1
51,11,2,7,0,1,0,0,50,1
31,7,2,2,0,1,0,0,40,0
30,13,3,2,1,1,6849,0,60,0
51,9,2,0,5,0,0,0,40,0
31,9,0,7,4,1,0,0,40,0
18,10,4,7,3,1,0,0,37,0
60,9,0,3,1,0,0,1092,40,0
29,9,4,3,1,0,0,0,40,0
33,9,4,13,1,1,0,0,40,0
34,3,2,4,0,1,0,0,40,0
40,14,4,7,3,1,0,0,99,0
57,10,0,7,1,0,0,0,38,0
55,13,2,9,5,0,0,0,60,0
40,12,2,3,0,1,0,0,60,0
26,13,4,3,1,0,0,0,35,0
29,10,2,0,0,1,0,0,40,0
30,13,2,0,5,0,0,0,40,0
29,14,4,11,1,1,0,0,50,1
43,10,2,13,0,1,0,0,50,1
65,7,6,0,1,0,0,0,8,0
19,10,4,11,3,1,0,0,35,0
35,9,2,11,0,1,0,1887,50,1
28,9,2,13,0,1,0,0,40,0
34,9,2,3,0,1,0,0,40,0
61,11,2,2,0,1,0,1887,60,1
63,9,2,3,5,0,0,0,32,0
47,13,2,3,0,1,0,0,40,1
31,10,0,2,1,1,0,0,40,0
18,10,4,13,3,1,2907,0,30,0
29,13,2,11,0,1,0,0,45,1
59,9,2,2,0,1,0,0,40,0
50,14,0,3,1,1,0,0,62,1
49,4,2,13,0,1,2407,0,50,0
60,13,2,3,0,1,0,0,45,1
35,14,2,11,0,1,0,0,40,1
48,9,0,5,1,1,0,0,40,0
41,9,5,5,1,1,0,0,40,0
56,10,2,2,0,1,0,0,50,0
26,8,4,7,4,1,0,0,40,0
53,9,0,0,4,0,0,0,40,0
23,9,4,5,1,1,0,0,40,0
58,4,2,4,0,1,0,0,50,0
61,9,2,2,0,1,0,0,40,0
29,10,2,5,0,1,0,0,60,0
22,9,4,13,3,1,0,0,40,0
43,13,2,3,0,1,0,1977,50,1
31,10,4,7,1,1,0,0,30,0
90,9,2,6,0,1,0,0,40,0
53,11,0,9,4,0,0,0,40,0
55,9,2,13,0,1,3411,0,40,0
34,16,4,9,1,0,0,0,60,0
28,10,2,5,0,1,5013,0,55,0
36,9,4,0,1,0,0,0,40,0
33,13,5,9,2,0,0,0,40,0
17,6,4,7,3,0,0,0,12,0
38,7,0,2,1,1,0,0,40,0
60,11,2,2,0,1,0,0,60,0
34,13,2,3,0,1,0,0,50,1
57,3,2,7,0,1,0,0,40,0
39,9,0,11,1,1,0,0,60,0
50,13,2,4,0,1,0,0,80,0
45,13,2,9,0,1,0,0,40,0
37,13,5,3,1,1,0,0,35,0
27,10,4,5,1,1,0,0,48,0
43,13,0,3,1,0,0,0,45,1
41,10,0,12,4,0,0,0,36,0
20,14,4,3,3,1,0,0,25,0
44,14,5,3,4,0,0,0,20,0
50,11,2,3,0,1,0,0,50,1
54,9,6,3,4,0,0,0,45,0
31,13,4,3,1,0,0,1564,60,1
33,10,4,0,4,0,0,0,35,0
22,5,4,7,3,1,0,0,50,0
46,10,2,2,0,1,0,0,40,0
30,13,2,0,5,0,0,0,40,1
57,10,6,3,2,1,0,0,25,0
26,9,4,6,1,1,0,0,40,0
52,12,2,10,0,1,0,0,40,1
55,14,0,9,4,0,0,0,45,0
47,13,2,11,0,1,0,0,40,1
19,9,4,2,3,1,0,0,40,0
26,9,4,13,3,1,0,0,40,0
44,12,0,9,1,0,0,0,40,1
42,14,4,3,1,1,0,0,40,1
39,10,2,3,0,1,0,0,60,0
26,9,4,0,1,0,0,0,50,0
26,14,2,9,0,1,0,0,20,0
50,14,2,11,0,1,0,0,55,0
46,14,2,3,0,1,0,0,50,1
18,10,4,12,3,1,2176,0,20,0
26,13,4,3,4,1,0,0,60,0
32,13,2,11,0,1,0,1902,40,1
50,3,3,7,4,0,0,0,34,0
47,10,2,10,0,1,0,0,40,1
52,9,2,7,5,0,0,0,25,0
25,10,2,3,0,1,0,0,40,1
42,7,2,13,0,1,0,0,40,0
53,9,2,3,0,1,0,0,45,0
30,9,4,5,3,0,0,0,8,0
23,2,4,4,1,1,0,0,36,0
32,10,2,4,0,1,0,0,60,0
29,9,5,9,2,1,0,0,25,0
40,12,2,7,0,1,0,0,40,0
45,14,2,9,0,1,0,0,40,1
55,13,2,9,0,1,0,0,40,1
59,14,2,9,0,1,0,0,40,1
56,11,2,11,0,1,15024,0,40,1
23,8,4,2,1,1,0,0,50,0
37,9,2,10,0,1,0,0,40,0
25,9,2,2,0,1,0,0,48,0
27,5,4,8,4,0,0,0,24,0
21,9,4,7,4,0,0,0,40,0
47,9,2,13,0,1,5178,0,40,1
38,10,2,6,0,1,0,0,60,0
62,14,0,9,1,0,10520,0,33,1
27,10,2,11,0,1,0,0,40,0
27,9,4,7,3,0,0,0,40,0
40,10,2,0,5,0,0,0,40,1
22,10,4,11,3,1,99999,0,55,1
33,9,0,3,1,1,0,0,60,0
28,11,2,9,5,0,0,0,5,0
28,9,2,6,0,1,0,0,40,0
29,9,4,13,4,1,0,0,55,0
46,5,0,3,4,0,0,0,40,0
30,9,2,6,0,1,0,0,40,0
28,10,4,2,1,1,0,0,40,0
39,13,2,0,0,1,0,0,40,0
35,10,4,11,1,1,0,0,40,0
50,10,2,11,5,0,0,0,39,0
63,5,6,7,1,0,0,0,20,0
56,11,2,2,0,1,0,0,48,1
46,10,2,0,0,1,0,0,40,1
19,10,4,7,3,0,0,0,30,0
31,9,0,7,3,0,0,0,15,0
51,14,2,3,0,1,0,0,40,1
17,7,4,11,3,1,0,0,5,0
27,10,4,10,4,0,0,0,40,0
30,10,4,0,3,1,0,0,45,0
18,10,4,10,3,0,0,0,20,0
41,10,0,3,1,1,4650,0,40,0
40,14,2,9,5,0,0,0,40,1
35,13,4,11,1,1,0,0,50,0
29,9,4,11,1,0,0,0,10,0
27,13,2,11,0,1,0,1848,55,1
25,6,4,13,1,1,2597,0,50,0
53,2,0,7,4,0,0,0,40,0
53,13,2,7,0,1,0,0,35,0
26,9,4,2,4,1,0,0,50,0
41,13,2,9,0,1,0,0,70,0
28,9,2,3,0,1,0,0,70,0
48,14,5,9,1,1,0,0,60,0
22,13,4,3,1,1,0,0,30,0
40,15,2,9,0,1,7688,0,40,1
52,13,2,3,0,1,0,1902,60,1
53,14,6,9,4,0,0,1669,35,0
40,10,2,2,0,1,7298,0,50,1
57,12,0,6,1,1,0,0,75,0
53,11,5,2,1,1,0,0,40,0
23,10,4,0,1,0,0,0,8,0
31,10,2,2,0,1,0,0,40,0
20,5,4,5,3,1,0,0,28,0
25,15,4,9,1,0,0,0,20,0
37,10,4,3,4,0,0,0,40,0
50,9,2,2,0,1,0,0,40,1
34,9,2,13,0,1,0,0,35,0
37,13,2,3,0,1,0,0,50,1
52,13,2,3,0,1,0,0,45,1
29,11,2,4,0,1,0,0,90,0
49,10,2,3,0,1,0,1887,40,1
31,10,2,7,5,0,0,0,40,0
47,9,2,2,0,1,0,0,40,0
51,9,2,2,0,1,0,0,70,0
27,9,2,11,5,0,0,0,50,0
23,13,4,3,1,1,0,0,40,0
55,9,2,9,0,1,0,0,46,0
28,10,2,3,0,1,0,0,50,1
31,13,4,9,1,0,0,0,40,0
30,9,4,13,3,1,0,0,40,0
23,13,4,9,3,1,0,0,60,0
19,9,4,11,3,1,0,0,50,0
22,10,4,11,3,1,0,0,25,0
50,9,0,7,4,0,0,0,25,0
21,9,4,7,3,1,0,0,35,0
75,10,6,11,1,1,0,0,40,1
29,9,4,6,3,1,0,0,40,0
47,10,2,2,0,1,0,0,40,1
20,9,4,6,1,1,0,0,40,0
33,9,4,7,3,1,0,0,40,0
45,16,2,9,0,1,0,0,45,1
41,11,0,9,4,0,0,0,43,0
23,9,4,6,3,1,0,0,40,0
38,13,2,0,0,1,5178,0,50,1
67,10,2,10,0,1,0,0,41,1
21,10,4,12,3,1,0,0,35,0
38,10,4,9,1,1,0,0,45,0
31,9,2,2,0,1,0,0,40,0
59,10,2,11,0,1,0,0,40,0
36,9,4,7,1,1,0,0,40,0
50,10,6,9,4,1,0,0,40,0
60,6,2,2,0,1,0,0,40,0
30,14,2,3,0,1,0,0,45,1
28,13,4,11,1,1,0,0,50,0
36,10,2,2,0,1,0,0,60,1
27,9,2,7,0,1,0,0,40,0
18,8,4,7,3,0,0,0,20,0
44,10,2,3,0,1,0,1485,40,1
56,4,2,7,0,1,0,0,40,0
51,13,2,10,0,1,0,0,40,1
48,13,2,9,0,1,0,0,45,1
31,11,2,9,0,1,0,0,45,0
35,11,4,13,1,1,0,0,40,0
35,9,0,5,2,1,0,0,40,0
36,10,2,2,0,1,0,0,40,0
47,12,2,2,0,1,0,1672,65,0
23,10,4,7,1,1,0,0,25,0
21,10,4,11,2,0,0,0,20,0
49,10,5,3,4,0,0,0,60,0
51,15,2,9,0,1,15024,0,60,1
46,11,2,2,0,1,0,0,40,0
31,9,2,4,0,1,3137,0,45,0
27,9,2,6,0,1,0,0,40,0
48,10,2,2,0,1,0,0,40,0
30,10,0,0,4,0,0,0,40,0
29,13,0,9,1,1,0,0,50,0
50,14,4,3,1,0,0,0,50,0
18,9,4,13,1,1,0,0,35,0
37,9,2,3,0,1,0,1902,55,1
51,9,2,11,0,1,0,0,60,1
31,9,2,2,0,1,0,0,47,0
29,11,0,12,1,1,14344,0,40,1
39,6,2,2,0,1,0,2051,40,0
48,10,2,11,0,1,0,0,40,1
44,13,2,11,0,1,7688,0,50,1
39,6,2,6,0,1,0,0,40,0
22,7,4,5,3,1,0,0,35,0
42,5,0,2,1,1,0,0,40,0
18,9,4,11,3,0,0,0,33,0
27,10,3,11,1,0,0,0,25,0
51,6,5,6,4,0,0,0,40,0
27,10,2,3,0,1,0,0,40,0
60,7,2,4,0,1,0,0,50,0
36,2,2,5,0,1,0,0,40,0
45,13,2,3,0,1,0,0,60,1
40,9,2,11,0,1,0,0,52,1
63,10,2,9,0,1,4386,0,40,1
41,9,3,13,4,1,0,0,50,0
34,9,0,13,4,0,1151,0,48,0
34,10,2,0,0,1,0,0,40,0
31,13,2,0,5,0,0,0,40,1
22,12,4,9,1,0,0,0,15,0
49,10,2,3,0,1,0,0,50,1
36,15,2,9,0,1,0,0,50,1
27,13,4,12,1,1,0,0,37,0
52,9,2,4,0,1,0,1887,60,1
29,9,2,7,0,1,0,0,50,0
27,6,5,6,3,1,0,0,35,0
42,9,4,7,1,0,0,0,65,0
49,13,6,11,4,0,0,0,40,0
24,10,4,2,4,1,0,0,50,0
22,9,4,11,4,1,0,0,20,0
30,13,4,11,4,1,0,0,40,0
28,10,4,7,1,1,0,0,40,0
20,11,4,7,3,1,0,0,40,0
45,15,2,9,0,1,15024,0,43,1
39,9,0,11,1,0,4687,0,50,1
43,15,4,9,1,1,0,0,66,0
18,9,4,11,3,0,0,0,20,0
53,9,2,6,0,1,0,0,40,0
74,10,2,11,0,1,0,0,20,1
39,13,2,9,0,1,0,0,48,1
49,9,2,2,0,1,0,0,42,1
21,6,2,5,0,1,0,0,35,0
39,9,4,2,1,1,0,1564,50,1
49,11,2,11,0,1,0,0,25,0
47,13,2,3,0,1,7298,0,44,1
46,9,2,3,0,1,0,0,40,0
29,11,2,2,0,1,7298,0,32,1
61,9,6,9,4,0,0,0,16,0
48,10,0,3,1,0,0,0,38,0
44,5,0,2,1,1,0,0,40,0
37,13,2,2,0,1,0,0,60,0
45,10,2,11,0,1,0,1740,50,0
51,13,2,9,0,1,0,0,45,1
33,13,4,3,1,0,0,0,50,0
55,13,2,9,5,0,0,0,8,0
25,10,2,7,5,0,0,0,60,0
26,9,0,4,1,1,0,0,40,0
54,9,2,3,0,1,0,0,40,1
38,9,4,11,1,0,0,0,33,0
39,14,2,9,5,0,0,1977,20,1
20,10,4,9,3,1,0,0,40,0
30,9,0,0,1,0,0,0,40,0
29,9,0,0,1,1,0,0,45,0
42,9,0,5,1,0,0,0,40,0
24,12,4,0,1,1,0,0,40,0
36,9,2,6,0,1,0,0,50,1
60,14,2,0,0,1,0,0,50,1
42,9,0,4,1,1,0,0,44,0
42,6,2,2,0,1,0,0,45,0
46,9,3,6,1,0,0,0,40,0
52,14,3,3,4,0,4787,0,44,1
43,10,0,0,4,0,0,0,35,0
43,13,4,9,1,0,0,0,40,0
27,7,0,2,3,1,0,0,40,0
52,14,2,3,0,1,7298,0,60,1
31,10,2,13,0,1,0,0,50,0
44,5,4,7,4,0,0,0,40,0
27,10,0,9,3,0,0,0,40,0
50,10,0,3,1,1,0,0,40,0
23,10,4,12,1,0,0,0,40,0
22,10,4,0,4,0,0,0,30,0
36,10,4,3,4,0,0,0,40,0
24,13,4,12,1,0,3674,0,40,0
59,10,2,11,0,1,0,0,40,1
39,11,2,2,0,1,0,0,50,1
23,13,4,3,3,1,0,0,40,0
37,13,4,9,1,0,0,1340,42,0
25,12,4,0,3,0,0,0,38,0
40,9,2,2,5,0,0,1628,45,0
38,13,2,9,0,1,7688,0,60,1
31,9,2,7,0,1,0,0,35,0
28,16,0,9,1,0,0,0,40,0
24,9,4,11,4,1,0,0,25,0
46,12,2,10,0,1,0,1887,50,1
29,9,2,6,5,0,0,0,40,0
38,15,2,9,0,1,0,0,50,1
53,10,5,3,4,0,0,0,40,0
33,9,2,12,5,0,0,1902,40,1
44,9,2,6,0,1,0,0,48,0
46,13,0,9,1,1,0,0,45,1
30,13,4,11,3,1,0,0,40,0
24,10,2,11,0,1,0,0,40,0
29,9,4,0,3,0,0,0,40,0
62,10,2,3,0,1,0,0,70,0
25,9,3,3,1,1,0,0,45,0
45,10,4,7,1,1,0,0,40,0
21,10,4,2,3,1,0,0,40,0
64,10,2,13,0,1,0,0,40,1
39,13,0,12,1,1,0,0,40,0
60,9,2,11,0,1,0,0,40,0
35,9,4,12,1,1,0,0,40,0
27,13,4,12,1,1,0,0,40,0
41,9,0,2,3,1,0,0,40,0
32,14,2,9,0,1,0,0,50,0
24,9,2,2,0,1,0,0,40,0
32,13,2,2,0,1,0,0,40,1
42,10,2,3,0,1,0,0,45,1
58,14,6,11,1,0,0,0,27,0
23,14,2,9,0,1,0,1887,50,1
31,9,2,4,0,1,0,0,40,0
37,13,2,9,5,0,0,0,16,1
19,9,4,11,3,1,0,0,38,0
27,13,4,9,1,0,0,0,20,0
61,5,2,11,0,1,0,0,58,1
39,13,2,9,0,1,0,0,45,1
25,13,4,5,4,1,0,0,40,0
58,10,2,11,0,1,0,0,40,1
27,10,2,13,2,1,0,0,50,1
51,3,2,5,0,1,0,0,52,0
43,14,2,9,0,1,15024,0,40,1
46,9,0,0,4,0,0,0,40,0
50,9,2,5,0,1,0,0,40,0
20,9,4,5,3,1,0,0,15,0
35,13,6,9,4,0,0,0,32,1
57,2,2,5,0,1,0,0,40,0
40,15,2,0,2,0,0,0,40,0
42,6,4,4,4,1,0,0,35,0
67,6,2,2,0,1,0,0,40,0
47,13,2,6,0,1,7688,0,44,1
30,9,4,5,1,1,0,0,50,0
26,7,4,6,4,0,0,0,15,0
51,9,2,2,0,1,0,0,40,0
38,10,6,7,2,0,0,0,45,0
24,9,2,5,3,1,0,0,35,0
48,9,2,11,5,0,0,0,50,0
70,13,2,5,0,1,6418,0,40,1
35,9,2,2,0,1,0,0,40,0
26,10,2,2,0,1,0,0,45,1
64,9,4,3,1,1,0,0,3,0
26,9,4,0,4,0,0,0,35,0
39,9,2,13,0,1,0,0,30,0
55,10,4,0,3,0,0,0,36,0
33,9,2,2,0,1,0,0,40,0
31,13,2,3,0,1,0,0,55,1
28,9,4,0,2,1,0,0,20,0
50,14,2,6,0,1,0,0,30,0
26,13,2,9,5,0,0,0,55,1
44,12,0,0,1,0,0,1741,40,0
51,9,3,2,1,1,0,0,40,0
34,9,2,7,0,1,0,0,50,0
37,13,2,9,0,1,7688,0,39,1
29,15,2,9,0,1,0,0,50,1
24,13,4,9,1,1,0,0,40,0
27,11,0,0,4,0,0,0,40,0
44,10,2,2,0,1,0,0,45,0
24,9,4,6,1,1,0,0,40,0
54,9,2,3,0,1,0,0,55,1
47,10,5,0,4,0,0,0,50,1
30,9,4,7,1,1,0,0,30,0
35,10,0,0,1,0,0,0,40,0
39,10,2,0,0,1,0,0,40,0
42,12,5,0,4,0,0,0,40,0
70,13,2,3,0,1,0,2377,50,1
41,15,2,0,0,1,0,0,40,0
36,9,4,3,1,0,0,0,38,0
44,14,2,9,0,1,0,0,42,1
20,10,4,13,3,0,0,0,17,0
29,6,4,9,1,1,0,0,40,0
27,9,2,12,5,0,0,0,40,0
30,14,2,9,0,1,0,0,40,1
59,10,2,4,0,1,0,1579,60,0
31,13,4,7,1,0,0,0,25,0
21,9,4,7,2,1,0,0,40,0
26,10,4,2,4,1,0,0,37,0
57,9,2,11,0,1,0,0,45,1
59,10,2,2,0,1,0,0,20,1
25,10,4,13,1,1,0,0,55,0
39,14,2,9,0,1,7688,0,45,1
53,14,2,9,0,1,3103,0,40,1
32,9,4,0,1,0,0,0,40,0
38,7,2,2,0,1,0,0,40,0
21,11,4,0,4,0,0,0,35,0
17,7,4,5,3,1,0,0,30,0
44,7,4,6,4,0,0,0,40,0
23,10,4,5,3,1,0,0,20,0
57,10,2,2,5,0,9386,0,40,1
30,7,2,13,0,1,0,0,40,0
51,9,2,4,0,1,0,0,55,0
54,9,2,2,0,1,0,0,35,0
44,10,0,0,1,0,0,0,40,0
60,10,2,10,0,1,0,0,16,1
28,13,2,11,0,1,7298,0,42,1
39,9,2,6,0,1,0,0,50,1
55,14,2,9,0,1,0,0,40,1
36,14,2,9,5,0,0,0,50,1
55,14,2,9,5,0,3103,0,45,1
33,9,2,6,0,1,0,0,55,1
30,9,2,0,5,0,7298,0,40,1
40,13,2,9,0,1,0,0,20,0
30,14,2,3,0,1,0,0,50,1
40,10,0,12,1,1,0,0,30,1
24,9,4,13,1,0,0,0,50,0
18,7,4,11,3,1,0,0,20,0
18,9,4,5,3,0,0,0,25,0
49,9,2,2,0,1,0,0,45,1
42,9,2,2,0,1,0,0,50,0
28,9,2,5,0,1,0,0,40,0
32,12,2,2,0,1,0,0,40,0
48,10,5,11,4,0,0,0,50,0
24,4,4,8,3,0,0,0,32,0
73,9,2,11,5,0,0,0,25,0
23,10,2,13,0,1,0,0,60,1
19,10,4,8,1,0,0,0,40,0
27,9,2,11,0,1,0,0,35,0
27,8,4,7,1,1,0,0,40,0
41,15,2,9,0,1,0,0,50,1
31,9,2,2,0,1,0,0,20,0
64,9,2,2,0,1,0,0,40,1
45,8,4,7,3,1,0,0,10,0
47,9,2,7,5,0,0,0,35,0
22,9,4,6,2,1,0,0,35,0
24,13,4,13,4,0,0,0,40,0
69,9,2,7,0,1,0,0,20,0
40,11,2,3,0,1,0,0,40,1
45,9,2,2,0,1,0,0,40,0
47,12,4,4,2,1,10520,0,45,1
31,9,4,6,1,0,0,0,40,0
48,12,0,3,4,0,0,0,42,0
41,13,2,9,5,0,0,0,35,1
34,13,4,0,3,1,0,0,40,0
48,10,2,9,0,1,0,0,40,0
28,11,2,9,5,0,7688,0,36,1
20,12,4,3,3,0,0,0,40,0
39,13,2,0,0,1,0,0,40,1
40,10,0,3,1,0,0,0,40,0
28,6,4,13,1,1,0,0,45,0
20,10,4,11,1,0,0,0,25,0
41,13,0,9,1,1,0,0,40,0
49,10,2,11,0,1,0,0,50,1
24,9,2,6,0,1,0,0,40,0
35,9,2,10,0,1,0,0,40,0
22,10,4,11,3,1,0,0,40,0
23,13,4,7,1,0,0,0,30,0
23,9,0,3,4,0,0,0,40,0
42,11,2,13,0,1,4386,0,80,1
34,10,2,9,0,1,0,0,64,1
32,11,4,12,3,1,4650,0,40,0
54,9,2,0,0,1,0,0,54,1
48,13,5,0,4,0,0,0,40,0
38,13,2,9,0,1,0,0,40,1
48,13,0,0,4,0,0,0,40,0
22,3,2,7,0,1,0,0,40,0
42,13,2,12,0,1,0,0,50,1
31,16,2,9,0,1,0,0,40,0
27,9,4,7,1,0,0,0,50,1
57,14,5,9,1,1,10520,0,32,1
46,11,0,12,1,0,3325,0,42,0
44,11,2,2,0,1,0,0,40,1
42,10,2,10,0,1,0,0,40,1
24,13,4,3,1,1,0,0,40,0
38,2,3,2,1,1,0,0,40,0
29,13,2,3,0,1,0,0,52,1
38,9,2,2,0,1,0,0,55,0
33,10,0,3,4,0,0,0,40,0
61,9,2,7,5,0,0,0,4,0
49,11,2,2,0,1,0,0,40,1
51,12,2,3,0,1,0,0,40,1
42,9,0,7,2,0,0,0,35,0
21,9,4,5,3,1,0,0,40,0
54,10,2,4,0,1,0,0,50,0
23,10,4,0,1,0,0,0,30,0
52,6,2,2,0,1,0,0,40,0
28,14,2,9,5,0,7298,0,40,1
23,10,0,5,3,1,0,0,40,0
43,9,2,11,0,1,0,0,80,1
45,10,2,2,0,1,0,0,50,1
51,4,2,3,0,1,0,0,42,0
23,10,4,11,3,0,0,0,40,0
73,13,2,4,0,1,0,0,30,0
47,7,0,3,4,0,0,0,55,0
26,11,4,3,1,0,0,0,40,0
40,9,2,5,0,1,0,0,40,1
32,13,2,11,0,1,0,0,47,0
39,6,0,7,4,0,0,0,40,0
33,13,4,9,1,0,0,0,40,0
35,9,2,4,0,1,0,0,35,0
42,9,0,3,3,1,0,0,40,0
46,10,2,2,0,1,0,0,44,0
33,9,4,0,3,1,0,0,40,0
47,3,4,6,3,1,0,0,20,0
33,13,2,3,0,1,0,0,40,0
26,9,0,0,3,0,0,0,40,0
42,10,0,0,4,0,0,0,40,0
28,13,2,9,0,1,0,0,50,0
18,8,4,11,3,0,0,0,20,0
33,10,2,3,0,1,0,0,45,0
36,13,6,9,4,0,0,0,44,0
33,9,2,10,0,1,7688,0,48,1
40,9,3,0,4,0,0,0,40,0
57,16,2,11,0,1,0,1902,40,1
40,9,0,13,4,1,0,0,45,0
36,9,2,12,0,1,0,0,50,0
45,13,4,0,1,0,0,0,40,1
52,13,2,3,0,1,0,0,50,0
24,9,5,6,1,1,0,0,40,0
30,9,3,0,1,0,0,0,40,0
46,16,4,9,1,0,0,0,45,0
36,9,5,11,4,0,0,0,40,0
48,9,4,3,1,0,0,0,50,0
36,11,0,0,4,0,0,0,40,0
48,9,2,13,0,1,0,0,40,1
21,10,4,12,3,0,0,1719,9,0
18,9,4,0,1,0,0,0,40,0
38,13,0,9,1,0,0,0,50,1
36,13,2,10,0,1,7298,0,55,1
38,9,4,13,1,0,0,0,40,0
55,15,6,9,1,1,0,0,55,1
27,9,2,2,0,1,0,0,45,1
22,12,4,0,1,1,0,0,40,0
29,10,4,5,2,1,0,0,40,0
40,10,4,3,4,0,0,0,40,0
21,10,4,11,3,0,0,0,20,0
49,9,0,0,1,0,0,0,40,0
29,13,2,9,5,0,0,0,50,1
28,13,4,3,1,1,0,0,50,1
26,9,2,10,0,1,0,0,40,0
33,9,4,0,1,0,0,0,41,0
59,14,2,12,0,1,0,0,40,0
37,11,2,0,0,1,0,0,40,0
27,10,4,2,1,1,0,0,40,0
39,14,2,9,0,1,0,0,40,1
49,14,4,9,1,0,0,0,80,0
30,9,2,11,3,0,0,0,40,0
28,5,2,10,5,0,0,0,40,0
25,13,4,10,3,1,0,0,40,0
18,6,4,6,3,1,0,0,40,0
25,12,4,5,3,1,0,0,26,0
36,10,4,6,3,1,0,0,40,0
52,9,2,6,0,1,0,0,40,1
25,9,0,2,1,1,0,0,40,0
26,13,4,9,3,1,0,0,40,0
50,13,2,3,5,0,0,2415,20,1
48,12,2,3,0,1,0,0,40,1
39,9,2,5,0,1,0,0,40,0
30,13,2,9,0,1,0,0,40,0
26,9,2,2,0,1,0,0,60,0
36,10,2,2,0,1,0,1887,40,1
49,16,2,11,0,1,0,0,60,0
34,13,2,9,0,1,0,0,60,0
28,9,4,7,2,1,0,0,48,0
28,9,4,7,1,1,0,0,40,0
42,10,2,2,0,1,7688,0,40,1
26,9,2,2,0,1,0,0,40,0
54,9,2,2,0,1,0,0,40,1
61,9,2,11,0,1,0,0,53,0
45,15,4,9,1,1,0,0,30,1
29,13,4,0,1,0,0,0,35,0
74,9,0,5,1,0,0,0,16,0
61,9,6,9,1,0,0,0,40,0
27,10,4,11,3,1,0,0,22,0
53,13,2,9,0,1,0,0,40,1
57,9,2,4,0,1,0,0,40,0
41,10,2,2,0,1,0,0,40,0
45,13,2,9,0,1,0,0,50,0
43,9,2,11,0,1,0,0,40,0
29,9,2,7,3,1,0,0,25,0
41,13,2,3,5,0,0,0,40,0
50,9,0,6,1,0,0,0,40,0
52,9,2,11,0,1,0,0,60,1
18,9,4,13,3,1,0,0,60,0
57,9,2,2,0,1,0,0,40,0
63,10,2,0,0,1,0,1740,40,0
29,9,4,0,2,1,0,0,40,0
32,13,2,9,0,1,7688,0,40,1
34,9,2,6,0,1,0,0,40,1
43,9,0,0,4,0,0,0,58,0
39,10,2,6,0,1,0,0,40,1
28,9,4,6,3,1,0,0,45,0
32,13,4,0,1,0,0,0,40,0
28,15,4,9,1,1,0,0,90,0
40,10,2,6,0,1,4386,0,50,1
25,13,4,12,1,1,0,0,60,1
54,14,2,9,0,1,0,0,50,1
48,13,2,4,0,1,0,0,70,1
51,10,0,3,1,0,0,0,36,0
67,4,2,13,0,1,0,0,35,0
17,6,4,11,4,0,0,0,24,0
24,10,4,7,1,1,0,0,40,0
25,9,2,5,0,1,0,0,40,0
54,10,0,7,1,0,0,0,47,0
32,9,0,9,3,0,0,0,40,0
41,9,4,0,3,1,0,0,40,0
53,9,0,7,1,0,0,0,40,0
45,11,0,9,1,0,0,0,32,0
51,9,2,6,0,1,0,0,40,1
41,14,2,9,0,1,7298,0,60,1
40,11,2,9,5,0,0,0,65,1
27,9,4,4,2,1,0,0,40,0
41,13,2,0,0,1,3103,0,35,1
51,13,2,3,0,1,0,0,60,1
36,10,0,0,4,0,0,0,40,0
34,9,4,4,3,1,0,0,55,0
43,9,2,0,0,1,0,0,40,0
61,9,0,0,3,0,0,0,20,0
31,6,5,13,4,1,0,0,40,0
34,9,2,11,0,1,0,0,65,1
43,9,2,2,0,1,0,1902,99,1
52,8,2,2,0,1,0,0,40,0
18,7,4,7,3,0,0,0,20,0
37,10,2,9,0,1,0,0,40,1
60,9,2,0,0,1,0,0,40,0
47,10,6,13,4,0,0,0,25,0
21,10,4,0,3,1,0,0,30,0
34,13,2,3,0,1,7688,0,55,1
28,9,0,7,1,0,0,1741,52,0
40,11,2,10,0,1,0,0,40,1
26,12,4,7,1,1,0,0,40,0
48,10,4,7,4,0,0,0,40,0
46,10,2,4,0,1,0,0,40,0
58,10,2,11,0,1,0,0,48,0
32,9,4,2,1,1,0,0,40,0
38,10,2,2,0,1,0,0,40,1
43,10,2,4,0,1,0,0,99,0
17,7,4,8,3,0,0,0,12,0
36,9,2,2,0,1,5013,0,40,0
30,9,2,13,0,1,3103,0,70,1
45,9,2,2,0,1,0,0,40,0
51,9,2,13,0,1,0,0,50,0
29,10,2,3,0,1,0,0,48,0
35,11,4,4,3,1,0,0,65,0
19,10,4,11,3,0,0,0,20,0
56,5,2,11,0,1,0,0,40,0
24,9,2,6,5,0,0,0,24,0
33,12,2,10,0,1,0,0,40,0
43,13,4,11,4,0,0,0,35,1
22,10,4,7,3,1,0,0,45,0
44,10,4,7,1,1,0,0,55,0
37,9,5,2,1,1,0,0,50,0
34,10,4,11,1,1,0,0,75,0
43,11,5,11,4,0,0,0,45,0
39,9,0,0,4,0,0,0,40,0
30,10,2,5,0,1,0,0,32,0
58,4,4,5,1,0,0,0,33,0
45,9,0,0,4,0,0,0,35,0
30,10,0,0,4,0,0,0,40,0
42,10,2,9,5,0,0,0,36,0
50,14,2,3,0,1,0,0,50,1
25,11,4,10,3,1,0,0,30,0
34,13,2,3,0,1,0,0,40,1
50,10,2,11,0,1,0,0,40,1
60,16,2,9,0,1,0,0,55,0
41,12,2,9,0,1,15024,0,60,1
71,4,2,4,0,1,0,0,10,0
40,15,0,7,1,0,0,2339,35,0
22,13,4,3,3,0,0,0,30,0
52,13,4,9,1,1,0,0,38,0
30,10,4,5,1,1,0,0,55,0
40,10,2,6,0,1,0,0,40,0
31,12,2,11,0,1,0,0,40,0
44,13,2,3,0,1,15024,0,45,1
38,15,2,9,0,1,0,0,40,1
46,15,4,3,1,1,0,0,50,1
57,15,0,3,1,1,0,0,55,1
39,7,2,13,0,1,0,0,40,0
42,13,0,3,1,0,0,0,55,1
43,11,2,11,0,1,0,0,40,1
22,10,4,11,1,0,0,0,17,0
44,13,2,2,0,1,0,0,50,1
37,10,2,11,5,0,0,0,40,1
26,13,4,0,1,0,0,0,80,0
35,9,4,7,1,1,0,0,30,0
28,9,4,5,3,0,0,0,40,0
34,10,4,0,1,0,0,0,35,0
18,9,4,6,1,1,0,0,40,0
25,9,4,6,3,1,0,0,40,0
44,13,2,2,0,1,0,0,50,1
61,2,6,5,1,0,0,0,40,0
39,10,2,3,0,1,0,0,50,1
61,13,2,9,0,1,0,1848,40,1
22,9,6,0,3,0,0,0,40,0
19,10,4,5,3,1,0,0,25,0
45,13,4,12,3,1,0,0,40,0
20,10,4,0,3,0,0,0,25,0
37,9,0,6,1,0,0,0,40,0
26,10,4,2,1,1,0,0,40,0
26,13,2,3,5,0,0,0,55,1
58,9,5,7,4,0,0,0,40,0
64,9,6,11,1,0,8614,0,50,1
19,9,2,11,2,0,0,0,25,0
36,13,0,5,1,1,0,0,30,0
47,12,4,0,1,0,0,0,40,0
62,10,2,11,0,1,0,0,40,0
36,15,4,9,1,1,0,0,40,0
38,10,4,11,1,1,0,0,60,0
54,9,2,2,0,1,0,0,48,1
31,13,4,3,1,1,0,0,50,0
26,10,5,4,3,1,0,0,40,0
50,9,2,3,0,1,0,1902,40,1
41,10,4,12,4,0,0,0,40,0
52,13,2,10,0,1,0,0,40,1
28,9,2,7,5,0,0,0,23,0
46,10,2,3,0,1,3137,0,40,0
30,10,2,3,0,1,0,0,36,1
58,14,2,9,0,1,7688,0,30,1
36,10,2,6,0,1,0,0,48,0
31,1,4,7,1,1,0,0,24,0
52,15,2,9,0,1,0,0,70,1
29,10,2,3,0,1,3411,0,70,0
48,14,2,11,0,1,0,0,50,0
30,14,2,3,0,1,15024,0,60,1
58,7,2,13,0,1,0,0,50,0
20,10,4,10,3,1,0,0,40,0
19,10,4,7,3,1,0,0,3,0
63,9,0,7,1,0,0,0,40,0
51,13,2,12,0,1,0,0,45,1
53,12,0,0,4,0,0,0,48,0
54,9,2,3,0,1,5178,0,40,1
26,9,4,5,3,1,0,0,48,0
47,10,2,7,5,0,0,0,52,0
44,13,2,3,0,1,0,0,45,0
80,4,4,4,4,1,0,0,20,0
55,16,2,9,0,1,0,0,40,1
43,14,2,9,0,1,0,0,45,1
49,13,3,13,4,1,0,0,30,0
27,15,4,9,3,1,0,0,40,0
42,11,2,3,0,1,15024,0,55,1
39,5,2,5,0,1,0,0,40,0
32,9,5,0,4,0,0,0,40,0
58,10,2,0,5,0,0,0,55,0
63,5,5,4,1,1,0,0,40,0
49,10,2,0,0,1,0,0,40,1
36,10,2,10,0,1,0,0,60,1
46,10,2,3,0,1,0,0,50,0
47,14,2,3,0,1,99999,0,55,1
39,9,4,0,1,1,0,0,45,0
33,15,2,3,0,1,0,0,65,1
43,9,2,3,0,1,0,1887,40,1
30,10,2,9,0,1,0,0,68,0
39,11,2,0,5,0,0,0,37,0
44,10,0,0,1,0,0,0,40,0
27,13,4,12,1,1,0,0,45,0
31,12,4,9,3,1,0,0,3,0
34,9,2,9,0,1,0,0,40,0
28,12,4,13,3,1,0,0,60,0
55,9,2,6,0,1,0,0,40,1
36,9,0,2,1,0,0,0,40,0
42,10,2,13,0,1,7688,0,45,1
67,13,2,9,0,1,0,0,10,0
53,10,6,11,1,0,0,0,60,0
43,10,2,2,0,1,0,1902,40,1
29,13,4,12,1,0,0,0,42,0
19,10,4,7,3,1,0,0,30,0
51,11,2,11,0,1,0,0,40,1
21,11,4,4,3,1,0,0,98,0
54,10,5,3,1,0,0,0,40,0
42,15,0,9,4,1,7430,0,40,1
41,10,0,11,4,0,0,0,48,0
28,9,4,2,3,1,0,0,40,0
31,11,0,5,4,0,0,0,40,0
82,9,2,4,0,1,0,0,20,0
23,13,4,9,1,0,0,0,16,0
40,9,2,3,0,1,0,0,40,0
35,9,2,11,0,1,0,0,50,0
24,9,4,11,4,1,0,0,45,0
21,10,4,11,3,0,0,0,40,0
27,10,2,5,0,1,0,0,30,0
40,13,2,3,0,1,0,0,45,0
17,8,4,0,3,0,0,0,25,0
27,2,4,2,1,1,0,0,40,0
34,9,4,6,3,1,0,0,40,0
18,6,4,7,2,1,0,0,15,0
39,13,0,12,4,0,0,0,40,0
34,10,2,3,0,1,0,0,65,1
44,9,2,2,0,1,0,0,40,0
39,13,2,3,0,1,15024,0,60,1
28,2,3,7,3,0,0,0,35,0
30,9,4,6,1,0,0,0,40,0
60,9,0,0,2,0,0,0,40,0
58,9,2,7,0,1,0,0,24,0
49,13,2,2,0,1,0,0,60,0
61,9,2,11,0,1,0,0,55,1
27,9,0,0,1,1,0,0,38,0
59,12,0,12,1,1,0,0,40,0
52,10,2,3,5,0,0,0,40,1
42,13,4,3,1,0,0,0,40,0
27,10,4,7,1,0,0,0,34,0
41,14,2,3,0,1,0,0,50,1
50,13,2,9,5,0,0,0,24,0
36,6,2,2,0,1,0,0,40,0
21,9,4,4,3,1,0,0,45,0
38,12,2,2,0,1,0,0,45,0
46,10,0,9,1,0,0,0,40,0
59,10,2,11,0,1,0,0,50,0
55,9,4,0,1,0,0,0,45,0
49,14,6,9,4,0,0,323,20,0
59,10,2,2,0,1,0,0,50,1
38,10,2,11,0,1,0,0,55,1
22,10,4,13,3,1,0,0,25,0
28,8,4,11,4,0,0,0,40,0
47,13,2,3,0,1,0,2415,60,1
59,10,2,10,0,1,0,0,56,0
37,9,0,5,1,1,0,0,40,0
33,13,4,11,1,0,0,0,40,0
34,6,2,5,0,1,0,0,40,0
35,14,2,9,0,1,0,1887,40,1
55,6,4,7,1,1,0,0,40,0
18,8,4,7,3,1,0,0,30,0
48,12,2,9,5,0,0,0,30,1
48,14,2,9,0,1,0,0,40,1
27,9,2,2,0,1,0,0,40,0
43,14,6,9,4,0,0,0,37,0
32,10,2,9,0,1,0,0,38,1
50,13,5,11,1,1,0,0,40,1
38,9,4,2,1,1,0,0,15,0
18,5,4,7,3,1,0,0,35,0
46,5,0,11,1,1,0,0,35,0
26,10,4,6,1,1,0,0,45,1
44,4,2,6,5,0,0,0,40,0
32,10,4,0,1,0,0,0,60,0
25,13,2,0,5,0,0,0,40,0
55,9,0,0,4,0,0,0,40,0
55,10,4,0,4,1,0,0,40,0
25,10,2,0,5,0,0,0,40,0
40,13,2,9,0,1,0,0,50,0
29,11,4,2,1,1,0,0,50,0
60,7,2,2,0,1,0,0,40,0
45,9,2,13,0,1,0,0,45,0
43,9,2,4,0,1,0,0,30,0
24,9,4,11,3,0,0,0,55,0
34,13,0,11,1,0,0,0,40,0
47,10,4,4,1,1,0,0,60,0
24,9,0,0,1,0,0,0,32,0
47,10,2,7,0,1,0,0,38,0
18,7,4,11,3,0,0,0,40,0
50,10,2,11,0,1,0,1485,40,0
22,10,4,0,2,1,0,0,40,0
49,13,2,9,0,1,0,0,60,1
41,9,2,3,0,1,0,1485,40,1
68,9,2,2,0,1,0,0,15,0
62,4,6,4,2,0,0,0,35,0
25,13,4,9,3,0,0,0,40,0
24,10,4,6,1,0,0,0,24,0
32,5,2,4,0,1,0,0,40,0
49,14,2,9,0,1,0,0,43,1
68,10,0,11,1,0,0,0,40,0
25,12,4,11,3,0,0,0,40,0
47,13,2,9,0,1,0,0,50,0
35,13,2,3,0,1,0,0,40,1
37,7,2,13,0,1,0,0,40,0
57,9,2,3,0,1,0,0,50,0
37,13,2,3,5,0,0,1848,40,1
34,6,4,7,4,0,0,0,40,0
46,11,0,3,1,0,0,0,36,0
21,7,4,0,2,0,0,0,40,0
26,9,2,7,5,0,0,0,30,0
45,9,0,4,1,1,0,2258,44,1
17,9,4,3,3,0,0,0,35,0
36,12,2,9,0,1,0,0,70,0
33,8,0,3,1,1,0,0,40,0
27,9,4,6,3,1,0,0,40,0
32,9,2,2,0,1,0,0,48,0
24,9,4,6,4,0,0,0,40,0
37,9,0,7,4,0,0,0,30,0
53,16,2,9,0,1,0,0,50,1
44,10,0,0,3,1,14344,0,40,1
43,9,2,10,0,1,0,0,45,1
29,9,4,7,2,0,0,0,52,0
47,13,2,4,0,1,0,0,65,0
37,14,4,3,1,1,0,0,60,0
43,15,2,3,0,1,99999,0,40,1
23,10,4,11,1,0,0,0,20,0
50,13,2,11,0,1,0,0,35,0
25,10,4,9,3,1,0,0,40,0
40,10,4,3,1,1,0,0,50,0
39,11,2,2,0,1,7688,0,40,1
41,9,2,2,0,1,0,0,52,1
32,9,2,13,3,1,0,0,40,0
19,10,4,7,1,0,0,0,40,0
26,9,4,7,3,1,0,0,40,0
30,13,2,9,0,1,0,0,40,0
34,10,2,3,0,1,0,0,40,0
41,10,4,0,1,0,0,0,40,0
42,13,0,3,1,1,0,0,30,0
45,11,2,9,0,1,0,0,40,1
22,10,4,3,1,1,0,0,35,0
25,10,2,0,0,1,0,0,40,0
22,10,4,0,3,1,0,0,20,0
46,15,2,3,0,1,15024,0,40,1
48,10,0,4,1,1,0,0,45,0
45,9,2,6,0,1,0,0,52,1
19,10,4,7,3,1,0,0,14,0
31,7,2,6,0,1,0,0,40,0
30,10,2,2,0,1,0,0,70,0
40,12,2,4,0,1,0,0,50,1
22,10,4,11,3,0,0,0,15,0
25,10,0,7,3,1,0,0,38,0
51,14,2,9,0,1,0,0,80,1
32,12,2,6,0,1,0,0,62,0
51,13,2,3,0,1,0,0,25,0
42,10,0,11,1,1,0,0,50,1
39,9,2,6,0,1,0,1887,40,1
24,9,2,2,0,1,0,0,45,0
52,9,0,0,4,0,0,1741,38,0
43,14,2,9,0,1,0,0,55,0
31,9,2,6,0,1,0,0,40,0
28,9,2,11,0,1,0,0,40,0
31,14,2,3,0,1,7688,0,60,1
61,9,2,2,0,1,0,2051,20,0
26,13,4,9,3,0,0,0,40,0
46,13,4,7,1,1,0,0,40,0
50,14,0,9,1,0,0,0,35,0
18,7,4,0,3,0,0,0,5,0
23,13,4,11,1,1,0,0,48,0
21,10,4,11,3,0,0,1762,28,0
46,12,2,13,0,1,0,0,36,0
38,9,0,11,4,0,0,0,40,0
53,8,0,4,3,1,0,0,40,0
53,9,2,11,0,1,0,0,40,1
50,10,2,2,0,1,0,0,40,1
26,9,4,7,4,1,0,0,25,0
46,14,0,9,1,0,8614,0,55,1
44,13,2,9,0,1,0,0,40,1
36,14,2,9,0,1,0,0,50,1
20,10,4,7,1,0,0,0,30,0
35,4,2,12,0,1,0,0,40,0
40,13,2,3,5,0,0,0,20,0
70,9,2,11,0,1,0,0,40,0
57,4,2,11,0,1,0,0,50,0
40,1,2,7,0,1,0,1672,40,0
18,7,4,2,3,1,0,0,5,0
45,13,2,11,0,1,2829,0,60,0
52,13,2,9,0,1,0,0,40,1
42,13,2,2,0,1,0,0,60,0
28,9,5,13,3,1,0,0,45,0
32,11,4,12,4,0,0,0,60,0
56,13,0,0,1,1,0,0,40,0
44,2,2,7,5,0,0,0,40,0
20,10,4,11,4,0,0,0,30,0
32,13,2,3,0,1,0,0,60,1
59,10,5,0,2,1,3325,0,40,0
21,9,4,5,2,1,2176,0,40,0
32,14,2,9,0,1,0,0,40,1
49,9,2,11,0,1,5013,0,40,0
22,13,4,0,3,0,1055,0,30,0
51,10,2,3,0,1,0,0,50,1
33,9,2,2,0,1,3411,0,40,0
23,13,4,11,1,1,0,0,50,0
34,9,4,7,4,1,0,0,30,0
53,8,0,13,1,0,0,0,40,0
44,13,2,0,0,1,0,0,45,0
60,10,6,10,1,0,0,0,40,0
55,10,2,2,0,1,0,0,38,0
57,9,2,4,0,1,0,0,30,0
59,16,2,9,0,1,0,0,50,0
30,11,2,9,3,0,7298,0,16,1
49,13,2,3,5,0,0,0,43,0
45,8,2,2,0,1,0,0,40,0
29,13,4,11,3,0,0,0,40,0
37,9,2,4,0,1,0,0,60,1
21,8,4,4,1,1,0,0,40,0
36,9,2,3,0,1,0,0,40,0
37,13,4,11,1,1,0,0,45,0
19,9,4,0,1,0,0,0,40,0
30,11,2,12,5,0,0,0,35,0
59,10,2,12,0,1,0,0,40,1
32,11,2,7,0,1,0,0,60,1
25,13,4,0,1,1,0,0,40,0
40,13,2,5,0,1,0,0,80,1
49,13,0,9,4,0,0,0,40,1
49,10,2,0,0,1,0,0,40,0
48,5,6,13,4,1,0,0,40,1
42,10,2,9,0,1,0,0,45,0
53,7,2,2,0,1,0,0,40,0
29,9,4,2,1,1,0,0,45,0
54,9,2,13,0,1,0,0,15,0
34,13,4,0,1,0,0,0,40,0
39,13,2,3,0,1,0,1887,40,1
30,9,2,5,0,1,0,0,40,0
27,13,4,3,1,0,0,0,40,0
25,11,4,2,3,1,0,0,40,0
26,9,5,4,1,1,0,0,40,0
45,9,2,2,0,1,7298,0,60,1
55,10,5,3,4,0,0,0,10,0
26,9,4,7,2,1,0,0,40,0
45,13,5,9,4,0,0,0,56,0
61,14,0,9,1,0,0,0,40,1
26,9,2,3,0,1,0,0,60,0
44,14,4,9,1,0,0,0,40,0
45,10,0,2,1,1,0,0,30,0
55,10,0,0,1,0,0,0,40,0
20,10,4,7,2,1,0,0,30,0
48,12,2,3,0,1,0,0,50,1
33,9,0,2,1,1,0,0,60,0
44,5,2,6,0,1,0,0,40,0
32,13,2,2,0,1,0,0,50,0
54,4,2,2,0,1,0,0,40,0
40,14,2,3,0,1,0,0,40,1
29,9,2,9,5,0,0,0,10,1
56,6,2,0,0,1,0,0,40,0
47,9,2,2,0,1,0,0,40,1
22,10,4,12,1,0,0,0,40,0
46,10,2,13,0,1,0,0,45,1
24,10,4,3,3,1,0,0,40,0
37,9,0,2,1,1,0,0,40,0
49,9,0,2,4,1,0,0,40,0
44,10,4,0,1,1,13550,0,50,1
21,9,4,2,3,1,0,0,40,0
55,9,2,3,0,1,0,0,40,1
23,13,4,9,1,0,0,0,32,0
50,7,0,11,1,0,0,0,40,0
44,11,2,0,2,0,0,0,20,0
48,10,2,2,2,1,0,0,40,1
38,14,2,3,0,1,0,0,70,1
48,15,2,9,0,1,0,1977,45,1
39,10,4,2,1,1,0,0,50,0
52,9,2,0,0,1,0,0,44,1
63,9,6,7,2,0,0,0,40,0
48,9,0,3,1,0,0,2258,40,1
37,14,4,9,1,0,0,0,40,0
26,14,4,3,1,0,0,0,40,0
50,7,4,3,2,1,0,2444,40,1
47,15,2,9,0,1,15024,0,40,1
19,9,4,2,2,0,0,0,15,0
34,10,4,0,4,0,0,0,40,0
29,10,0,0,4,0,0,0,40,0
33,9,4,12,1,1,0,0,45,0
53,10,2,9,5,0,0,0,24,0
24,9,2,2,0,1,0,0,40,0
39,10,0,13,1,1,0,0,65,0
50,12,4,11,1,0,0,1408,5,0
31,13,2,9,0,1,0,0,40,0
22,11,4,11,1,0,0,0,25,0
42,13,2,10,0,1,0,0,42,0
23,8,4,11,3,0,0,0,25,0
22,7,0,11,3,1,0,0,50,0
65,3,6,6,1,0,0,0,10,0
34,9,2,2,0,1,0,0,44,0
23,10,4,0,3,1,1055,0,20,0
38,13,2,11,0,1,7298,0,40,1
45,10,2,3,0,1,0,0,80,0
19,9,4,7,1,1,0,0,40,0
46,13,4,6,1,0,0,1602,8,0
23,10,4,0,3,0,0,0,20,0
37,9,2,3,0,1,0,0,60,1
59,13,2,0,0,1,0,0,40,0
36,13,2,11,0,1,0,0,40,0
35,13,4,11,1,1,10520,0,45,1
51,10,4,3,1,0,0,0,12,0
42,13,0,9,4,0,0,0,30,0
35,14,4,11,1,0,0,0,40,0
20,9,4,7,3,0,0,0,38,0
41,6,4,6,1,1,0,0,40,0
40,9,0,13,1,1,0,0,35,0
36,12,2,3,5,0,0,0,37,0
34,14,2,11,0,1,0,0,60,1
44,13,4,11,1,1,0,0,42,0
31,13,5,9,1,1,0,0,40,0
41,9,2,2,0,1,0,0,40,0
43,10,2,6,0,1,0,0,40,0
43,14,4,12,1,0,0,0,40,0
58,6,2,2,0,1,5178,0,40,1
19,10,4,11,3,0,0,0,30,0
43,13,2,10,0,1,0,0,55,1
50,9,2,5,0,1,0,0,45,0
44,10,2,3,0,1,0,0,50,1
46,9,0,6,4,1,0,0,38,0
52,13,2,3,0,1,0,0,50,1
52,9,4,9,1,1,0,0,50,0
18,8,4,0,3,0,0,0,12,0
29,13,4,3,1,0,0,0,55,0
34,13,4,3,3,1,0,0,40,0
23,10,2,10,0,1,0,0,40,0
64,10,5,0,1,0,0,0,65,0
68,6,0,13,1,1,0,0,20,0
42,9,4,0,4,0,0,0,40,0
41,9,2,2,0,1,0,0,60,1
41,9,2,4,0,1,0,0,50,0
22,10,2,0,5,0,0,0,20,0
67,10,2,3,0,1,20051,0,20,1
27,10,2,2,0,1,0,0,40,1
25,14,2,9,0,1,0,0,40,0
28,12,4,5,1,1,0,0,45,0
51,16,2,9,0,1,15024,0,40,1
23,13,4,9,3,0,0,0,35,0
19,8,4,7,3,0,0,0,15,0
33,10,4,7,1,1,0,0,35,0
53,10,0,2,1,1,0,0,20,0
35,11,4,12,1,1,0,0,40,0
31,13,2,11,0,1,0,0,40,0
18,8,4,11,3,0,0,0,20,0
45,11,0,5,1,0,0,0,40,0
22,3,4,5,2,1,0,0,40,1
55,10,0,12,1,1,0,0,40,0
45,9,2,7,0,1,0,1902,40,1
22,9,4,11,1,0,0,0,37,0
37,9,2,13,0,1,0,1672,60,0
28,9,2,6,3,1,0,0,40,0
19,7,4,11,3,0,0,0,35,0
37,9,2,11,0,1,0,1902,45,1
50,16,2,9,0,1,0,0,40,1
31,9,0,0,4,0,0,0,35,0
40,1,4,7,1,0,0,0,20,0
51,5,2,6,0,1,0,0,45,0
56,9,0,0,1,0,0,0,40,0
21,10,4,12,3,0,0,0,35,0
40,11,2,3,0,1,7688,0,44,1
22,10,4,3,4,0,0,0,40,0
47,15,2,9,0,1,0,2415,45,1
44,9,2,3,0,1,0,0,40,0
44,10,0,7,4,0,0,0,40,0
41,9,2,11,0,1,0,0,40,1
47,12,0,11,3,1,0,0,44,0
26,10,2,3,0,1,0,0,45,1
34,11,4,12,1,1,0,0,40,0
47,15,2,3,0,1,99999,0,40,1
36,9,5,0,1,0,0,0,38,0
21,11,2,4,0,1,0,0,46,0
45,13,0,10,1,1,0,0,40,0
33,9,5,2,1,1,0,0,35,0
33,9,4,6,1,1,0,0,65,0
58,9,0,4,4,0,0,0,10,0
31,12,0,2,1,1,0,0,50,1
32,10,2,4,0,1,0,0,50,1
44,13,6,3,4,0,0,0,40,1
24,14,4,9,1,0,0,0,40,0
35,13,2,7,0,1,7688,0,20,1
43,13,2,3,0,1,0,1977,50,1
49,9,2,6,0,1,0,0,40,0
37,13,2,11,5,0,0,0,50,0
42,13,4,4,3,1,0,0,35,0
19,9,4,7,3,0,0,0,25,0
41,16,4,6,1,0,0,0,40,1
51,9,2,7,0,1,0,0,30,0
51,15,2,9,0,1,0,0,60,1
63,6,6,7,1,0,0,0,31,0
39,10,2,0,0,1,0,0,40,1
30,9,4,11,3,1,0,0,40,0
62,10,2,0,5,0,0,0,16,0
27,9,4,2,2,1,0,0,40,0
32,7,2,2,0,1,0,2042,30,0
37,13,2,7,0,1,0,0,40,1
47,14,2,9,0,1,0,1887,50,1
31,14,2,9,0,1,0,1902,43,1
42,9,2,11,0,1,0,0,40,0
37,11,3,11,4,0,0,0,32,0
60,9,2,10,0,1,0,2042,34,0
42,10,2,10,0,1,0,0,72,1
38,10,2,2,0,1,0,0,36,1
24,12,4,9,3,1,0,0,20,0
34,9,2,6,0,1,0,0,45,0
29,10,4,10,3,1,0,0,48,0
90,9,6,0,4,0,0,0,25,0
55,8,0,6,1,0,0,0,40,0
36,9,4,5,1,1,0,0,40,0
49,10,0,0,1,0,0,0,60,0
50,13,2,9,0,1,0,0,50,0
17,7,4,7,3,1,0,0,25,0
54,9,2,13,0,1,0,0,70,0
26,13,4,3,1,1,0,0,10,0
44,12,4,3,1,0,0,0,50,0
28,13,4,9,3,0,0,0,40,0
54,16,2,3,0,1,0,0,60,1
21,5,4,6,3,1,0,0,20,0
24,11,4,13,1,1,0,0,40,0
31,9,4,7,1,0,0,0,56,0
41,10,2,13,0,1,0,0,48,1
29,9,0,7,1,0,0,0,40,0
50,13,2,12,0,1,0,0,40,0
32,10,2,13,0,1,0,0,50,1
42,10,0,6,1,0,0,0,40,0
47,9,2,3,5,0,0,0,30,1
44,10,0,0,4,0,0,0,40,0
49,13,2,9,0,1,0,0,40,0
61,14,2,9,0,1,0,0,50,0
65,4,2,3,0,1,0,1411,40,0
45,9,2,10,0,1,0,0,40,1
59,9,0,6,1,1,0,0,40,0
34,10,2,11,0,1,0,0,45,1
24,2,2,5,2,1,0,0,40,0
37,10,2,2,0,1,3103,0,40,1
36,6,2,2,0,1,0,0,40,0
54,14,0,9,1,0,0,2559,40,1
34,8,3,5,4,1,0,0,35,0
41,10,0,6,3,1,0,0,40,0
26,9,2,2,0,1,0,0,48,0
23,9,4,1,1,1,0,0,8,0
34,13,2,2,0,1,0,0,40,1
54,9,6,11,1,0,0,0,37,0
37,9,2,2,0,1,0,0,72,0
54,9,2,9,0,1,0,0,40,0
22,10,4,10,2,0,0,0,43,0
32,9,2,2,0,1,0,0,40,0
42,10,0,0,3,1,0,0,40,0
31,10,4,7,3,0,0,0,37,0
48,16,2,9,0,1,0,0,45,1
28,13,4,9,1,1,0,0,40,0
31,6,0,2,1,1,0,0,38,0
28,13,2,3,0,1,0,0,40,0
24,8,2,6,0,1,0,0,40,0
50,9,0,2,1,0,0,0,45,0
26,9,2,2,0,1,0,0,72,0
37,10,2,3,0,1,0,0,50,1
24,3,3,4,1,1,0,0,40,0
32,9,4,7,4,0,0,0,40,0
23,13,4,9,1,1,0,0,55,0
33,9,0,13,1,0,0,0,35,0
49,9,2,2,0,1,0,0,40,0
75,14,6,11,1,1,0,0,45,0
74,13,6,2,1,1,15831,0,8,1
26,10,2,6,0,1,0,0,40,0
34,13,3,0,1,0,0,0,45,0
18,8,4,7,3,1,0,0,12,0
33,9,2,2,0,1,0,0,40,0
36,13,2,0,5,0,0,0,20,1
44,13,2,13,0,1,0,0,55,0
36,7,4,2,1,0,0,0,40,0
53,11,2,2,0,1,0,0,40,0
60,4,3,6,1,1,0,0,40,0
28,9,2,2,0,1,0,0,40,0
36,6,0,13,4,1,0,0,48,0
35,11,0,0,1,0,6849,0,40,0
45,11,2,9,0,1,0,0,20,0
23,10,4,0,3,1,0,0,15,0
35,10,0,0,4,0,0,0,55,0
34,10,2,3,0,1,0,0,42,1
46,1,2,6,2,1,0,0,75,0
58,9,2,2,0,1,0,0,40,0
55,14,4,9,1,0,0,0,45,0
63,9,2,2,0,1,0,0,40,0
41,10,2,11,0,1,0,0,40,0
45,11,2,2,0,1,0,0,76,0
41,14,2,9,0,1,15024,0,40,1
42,9,4,11,4,0,0,0,40,0
90,4,2,10,0,1,2653,0,40,0
41,9,4,11,3,1,0,0,40,0
22,9,4,2,1,1,0,0,50,0
53,15,4,9,1,1,27828,0,40,1
49,13,2,3,0,1,0,0,60,1
51,10,2,3,0,1,0,0,60,1
22,13,4,3,1,0,0,0,40,0
23,11,4,7,1,0,0,0,40,0
59,9,2,5,0,1,0,0,40,1
40,9,0,2,1,0,0,0,40,0
28,9,2,13,0,1,0,0,70,0
39,9,5,7,1,0,0,0,40,0
25,9,4,2,3,1,0,0,37,0
48,10,0,3,1,0,0,0,40,0
62,5,2,7,0,1,0,0,42,0
44,9,0,0,4,0,0,0,40,0
28,13,4,9,1,1,0,0,50,0
62,10,2,2,0,1,0,0,45,0
32,9,2,2,0,1,0,0,40,0
59,9,2,11,5,0,0,0,40,1
20,10,4,0,2,0,0,0,20,0
40,12,5,12,4,0,1471,0,32,0
47,10,2,7,0,1,0,0,47,1
60,10,2,11,0,1,0,0,40,0
55,9,5,10,1,1,0,0,81,0
18,8,4,0,3,1,0,0,35,0
43,13,4,0,1,1,0,1741,40,0
31,9,0,7,1,1,0,0,35,0
22,9,4,2,1,1,0,0,50,0
56,9,0,12,1,0,0,0,40,0
41,9,5,0,4,0,0,0,40,0
24,9,4,7,2,1,0,0,30,0
42,13,2,11,0,1,7298,0,40,1
53,10,2,10,0,1,0,1887,40,1
52,4,4,7,2,0,0,0,40,0
42,10,2,2,0,1,0,0,89,1
48,2,2,6,0,1,0,0,40,0
35,9,0,7,1,0,0,0,40,0
33,7,2,7,0,1,0,0,40,0
20,10,4,0,3,0,0,0,40,0
33,10,4,11,3,1,0,0,45,0
30,13,4,11,1,1,0,0,40,0
31,10,2,11,0,1,0,0,40,0
29,9,4,11,1,0,0,0,25,0
26,9,4,2,3,1,0,0,48,0
61,10,0,7,1,1,0,0,40,0
29,9,0,7,4,0,0,0,45,0
57,9,2,2,0,1,0,0,50,1
33,12,2,2,0,1,0,1902,50,1
20,10,4,11,1,0,0,0,56,0
26,13,4,9,1,0,0,0,40,0
36,13,2,3,0,1,0,0,55,1
23,13,4,3,1,0,0,0,50,0
31,9,2,7,5,0,0,0,35,0
47,9,0,7,4,0,0,0,32,0
61,7,6,5,1,0,0,0,30,0
35,13,2,3,0,1,0,0,45,0
23,2,2,6,5,0,0,0,35,0
41,9,0,7,4,0,0,0,32,0
39,13,2,0,5,0,0,0,40,0
51,16,0,3,1,0,0,0,45,1
61,4,2,4,0,1,0,0,56,0
51,4,0,6,1,0,0,0,48,0
36,1,0,7,1,1,0,0,72,0
41,13,2,9,0,1,0,0,50,0
34,9,4,5,4,0,7443,0,35,0
25,9,2,13,0,1,0,0,40,0
37,15,2,9,0,1,0,0,50,1
19,9,4,2,1,1,0,0,49,0
66,14,2,3,0,1,0,0,20,1
23,13,4,9,3,1,0,0,40,0
30,10,3,2,3,1,0,0,60,1
53,10,2,13,0,1,0,1887,45,1
25,10,4,7,1,1,0,0,40,0
18,9,4,11,3,0,0,1602,20,0
51,9,2,2,0,1,0,0,40,0
61,9,6,2,1,0,0,1669,50,0
53,9,6,6,4,0,0,0,38,0
17,6,4,7,3,1,0,0,20,0
61,4,2,2,0,1,0,0,40,0
38,5,2,13,0,1,0,0,40,0
40,10,5,3,4,0,0,0,20,0
32,10,2,11,0,1,0,0,32,0
46,10,2,11,0,1,0,0,45,1
50,10,0,0,1,0,0,0,40,0
36,13,2,11,0,1,0,0,50,1
30,7,3,2,1,1,0,0,30,0
33,14,2,12,0,1,0,0,50,1
36,13,2,9,0,1,0,1977,45,1
85,13,2,3,0,1,0,0,3,0
62,9,6,0,1,0,0,0,32,0
24,13,4,6,1,0,0,0,32,0
48,9,2,2,0,1,7298,0,50,1
58,9,2,7,0,1,0,0,40,0
45,13,2,3,0,1,0,0,45,1
66,9,6,3,1,0,0,0,25,0
37,15,2,9,0,1,15024,0,45,1
55,5,2,2,0,1,0,0,48,0
39,9,4,3,1,1,0,0,65,0
50,16,0,9,1,0,0,0,50,0
28,10,0,5,1,1,0,0,50,0
34,14,2,9,0,1,0,0,55,0
41,14,0,9,4,0,1506,0,40,0
36,12,2,2,0,1,0,0,52,1
22,9,4,5,4,1,0,0,45,0
35,8,2,2,0,1,0,0,84,0
21,12,4,7,3,1,0,0,40,0
64,4,2,7,5,0,0,0,40,0
41,14,2,3,0,1,0,0,40,1
52,11,5,11,4,0,0,0,40,0
32,10,2,9,0,1,0,0,40,0
27,10,4,7,1,0,0,0,25,0
48,10,0,3,1,0,0,0,40,0
28,9,2,6,5,0,0,0,40,0
24,10,2,7,3,0,0,0,35,0
51,10,2,11,0,1,0,0,60,0
32,10,4,3,3,1,0,0,40,0
61,9,2,11,0,1,0,0,40,0
33,9,0,0,4,0,0,0,40,0
24,7,0,6,4,0,0,0,40,0
26,10,4,2,1,1,0,0,65,0
18,7,4,9,3,1,0,0,20,0
34,9,4,7,1,0,0,0,28,0
57,9,2,13,0,1,0,0,40,0
25,9,4,2,2,1,0,0,40,0
34,7,0,13,4,1,0,880,60,0
71,5,2,7,0,1,0,0,40,0
35,13,2,9,0,1,0,0,50,0
47,9,2,2,0,1,0,0,40,0
50,14,0,11,1,0,0,0,50,1
33,6,4,0,1,1,0,0,40,0
38,11,2,2,0,1,0,0,55,1
50,13,2,9,0,1,0,0,40,0
45,6,0,7,1,0,0,0,38,0
32,9,5,11,1,0,0,0,45,0
25,13,4,0,3,0,0,0,40,0
20,9,4,6,3,1,0,0,40,0
46,14,2,9,5,0,0,0,22,1
40,11,2,2,0,1,0,0,45,0
66,6,2,2,0,1,3471,0,40,0
30,11,0,0,4,0,0,0,24,0
36,4,2,2,0,1,0,0,40,0
57,9,2,2,0,1,99999,0,40,1
46,10,2,3,0,1,0,0,48,1
27,9,4,7,4,0,0,0,64,0
33,9,2,2,0,1,0,0,40,0
58,7,2,11,0,1,0,0,40,0
30,9,0,13,1,1,0,0,55,0
26,12,4,6,2,0,0,0,15,0
32,6,2,13,0,1,0,0,40,0
22,10,4,0,3,1,0,0,40,0
31,9,2,6,5,0,0,0,40,0
29,9,5,11,4,0,0,0,35,0
34,16,2,9,0,1,0,0,60,1
54,13,2,3,0,1,0,0,50,1
37,10,0,0,4,0,0,0,39,0
22,8,4,10,3,1,0,0,35,0
34,13,4,3,1,0,0,0,55,1
30,9,4,2,1,1,0,0,46,0
38,13,0,9,4,0,15020,0,45,1
45,9,5,0,3,0,0,0,40,0
45,12,0,9,4,0,0,0,48,0
31,14,0,7,1,0,0,0,30,0
39,12,2,0,5,0,0,0,20,1
37,12,0,12,1,0,0,0,40,0
43,9,2,6,0,1,0,0,40,0
65,15,4,9,1,1,1086,0,60,0
43,10,0,0,2,0,0,0,40,0
43,10,2,2,0,1,0,0,50,0
32,6,2,5,0,1,0,0,40,0
43,11,2,11,0,1,0,0,45,0
32,14,4,12,1,1,0,0,11,0
53,14,2,3,0,1,0,0,40,1
22,10,4,10,1,1,0,0,40,0
27,12,2,12,5,0,0,0,38,0
40,9,2,6,0,1,0,0,40,1
58,9,6,0,4,0,0,0,40,0
22,9,4,0,3,1,0,0,20,0
52,9,2,3,5,0,15024,0,40,1
25,7,4,6,3,1,0,0,40,0
38,9,2,4,0,1,0,0,50,0
28,12,2,10,0,1,0,0,40,0
44,10,2,6,0,1,7688,0,40,0
34,6,4,7,1,1,0,0,30,0
63,15,2,9,0,1,3103,0,32,0
24,10,4,7,4,0,0,0,40,0
55,4,2,2,0,1,0,0,10,0
65,9,2,6,0,1,6418,0,40,0
36,13,2,0,0,1,0,0,40,0
26,9,4,0,1,0,0,0,39,0
48,9,2,6,0,1,3103,0,48,0
43,14,2,3,0,1,0,0,50,0
20,10,4,7,3,1,0,0,25,0
43,9,2,0,5,0,0,0,30,0
37,9,6,6,4,0,0,0,20,0
34,13,2,12,0,1,0,0,47,0
34,10,4,7,3,0,0,0,35,0
25,13,4,9,1,1,0,0,43,0
25,13,2,9,0,1,0,0,40,0
45,9,2,2,0,1,7298,0,90,0
22,9,4,0,3,1,0,0,20,0
23,9,5,6,4,1,0,0,54,0
54,9,2,2,0,1,0,0,35,0
32,10,4,9,1,1,0,0,60,0
46,10,2,3,0,1,7688,0,38,0
56,7,6,7,4,0,0,0,50,0
24,13,4,11,1,1,0,0,50,0
23,10,2,10,0,1,0,0,40,0
26,9,0,3,4,0,0,0,40,0
36,13,2,9,0,1,0,0,40,0
22,3,4,8,1,1,0,0,50,0
17,6,4,6,1,1,0,0,40,0
20,9,4,2,3,1,0,0,40,0
65,14,2,9,0,1,0,0,50,0
44,11,2,11,0,1,0,0,45,0
36,9,2,4,0,1,0,0,40,0
29,7,2,7,0,1,0,0,40,0
20,10,4,4,3,1,0,0,32,0
28,11,2,9,5,0,0,0,36,0
39,4,2,2,0,1,0,0,40,0
54,10,2,13,0,1,3908,0,50,0
52,7,5,8,1,0,0,0,18,0
56,9,6,3,1,0,0,0,50,0
18,10,4,7,3,1,0,0,20,0
39,9,0,5,3,1,0,0,40,0
21,10,4,7,3,0,0,1721,24,0
22,9,4,7,1,1,14084,0,60,0
38,5,3,3,1,1,0,0,54,0
21,10,4,0,3,0,0,0,40,0
63,9,2,2,0,1,0,0,40,0
34,13,2,3,0,1,3103,0,50,0
42,9,2,3,0,1,5178,0,50,0
33,9,2,5,0,1,0,0,40,0
30,13,4,3,1,0,0,0,50,0
39,10,0,11,1,1,0,0,40,0
26,14,4,3,1,0,0,0,40,0
33,9,4,6,3,0,0,0,40,0
47,9,0,0,1,0,0,0,40,0
41,12,2,2,0,1,15024,0,60,0
19,10,4,7,3,1,0,0,20,0
46,9,5,13,1,1,0,0,40,0
43,9,2,11,0,1,0,0,48,0
55,10,2,3,0,1,15024,0,45,0
46,11,2,12,0,1,0,0,40,0
30,9,2,6,0,1,0,0,40,0
21,10,5,5,1,0,0,0,40,0
46,10,2,2,0,1,0,0,40,0
41,9,2,6,0,1,0,0,50,0
69,9,2,11,0,1,0,0,30,0
50,9,2,13,0,1,0,0,40,0
20,10,4,0,1,0,0,0,40,0
45,10,2,6,0,1,0,0,50,0
23,13,4,3,1,1,0,0,40,0
24,10,5,7,1,1,0,1876,40,0
31,10,2,2,0,1,0,0,50,0
43,9,5,6,1,0,0,0,44,0
20,7,4,7,3,0,0,0,10,0
55,9,2,11,0,1,0,0,56,0
24,10,4,1,1,1,0,0,40,0
59,13,4,3,1,0,0,0,25,0
49,4,4,7,1,1,0,0,20,0
33,14,2,9,5,0,5178,0,10,0
59,13,0,0,1,1,0,0,40,0
34,14,4,7,1,1,0,0,40,0
20,9,4,5,3,1,0,0,40,0
25,13,4,3,3,0,0,0,40,0
49,6,2,4,0,1,0,0,40,0
59,9,2,13,0,1,0,0,40,0
20,9,4,0,1,0,0,0,40,0
33,10,4,0,4,0,0,0,35,0
22,10,4,13,3,1,0,0,39,0
58,5,6,7,1,0,0,0,40,0
52,9,6,0,4,0,0,0,28,0
36,6,5,6,1,0,0,0,40,0
41,9,2,10,0,1,0,0,40,0
28,9,4,13,3,1,2597,0,40,0
19,10,4,5,3,1,0,0,16,0
18,9,4,7,1,0,0,0,28,0
18,9,4,6,3,0,0,0,48,0
28,10,2,2,0,1,0,0,40,0
29,11,2,3,0,1,0,0,40,0
40,10,2,5,0,1,0,0,40,0
26,9,4,5,4,1,0,0,40,0
46,9,2,2,0,1,0,0,40,0
23,7,4,7,1,0,0,0,24,0
44,9,3,0,4,0,0,0,40,0
43,13,0,11,4,0,0,0,40,0
31,13,0,9,4,0,0,0,60,0
18,10,4,11,3,0,0,0,25,0
19,10,4,10,3,1,0,0,30,0
41,10,0,12,1,0,0,0,40,0
41,9,0,5,4,0,0,0,40,0
69,9,0,0,1,0,0,0,25,0
48,16,2,9,5,0,0,0,40,0
28,9,4,9,3,1,0,0,40,0
27,9,2,2,0,1,0,0,60,0
41,14,2,9,0,1,0,2415,50,0
41,10,2,0,0,1,0,0,40,0
24,9,4,2,4,0,0,0,40,0
42,16,2,9,0,1,0,0,41,0
57,9,2,2,0,1,0,0,48,0
30,12,4,9,1,0,0,0,40,0
36,9,2,11,0,1,0,0,60,0
49,4,2,6,0,1,0,0,40,0
33,9,2,6,5,0,0,0,35,0
23,6,2,4,0,1,0,0,40,0
46,14,2,9,0,1,0,0,40,0
18,10,4,0,3,0,0,0,22,0
40,9,2,3,0,1,7688,0,55,0
43,9,2,3,0,1,0,1887,45,0
34,14,4,9,3,0,0,0,30,0
47,9,6,3,1,0,0,0,30,0
44,11,6,3,4,0,0,0,30,0
33,9,2,11,0,1,0,0,40,0
55,13,2,3,0,1,15024,0,50,0
19,9,4,11,1,1,2907,0,30,0
28,10,4,7,1,1,0,0,14,0
27,7,2,7,5,0,0,0,32,0
50,4,2,6,0,1,0,0,20,0
22,7,4,2,4,1,0,0,40,0
40,13,2,0,0,1,0,1887,45,0
25,10,4,0,3,0,0,0,40,0
26,9,4,2,1,1,0,0,40,0
22,13,4,11,1,1,0,0,25,0
42,10,4,5,4,0,0,625,40,0
38,13,0,3,1,1,0,0,40,0
55,7,2,7,0,1,0,0,30,0
32,9,2,11,0,1,0,0,40,0
22,9,2,2,0,1,0,0,45,0
29,13,4,11,3,1,0,0,40,0
46,14,2,3,0,1,0,0,45,0
31,10,2,3,0,1,0,0,40,0
58,16,2,9,0,1,0,0,16,0
42,9,2,2,0,1,0,0,45,0
18,9,4,5,4,1,0,0,25,0
58,9,0,3,1,1,0,0,33,0
54,9,2,9,0,1,0,1887,40,0
34,14,4,9,1,1,0,0,40,0
26,13,4,0,1,0,0,0,40,0
61,8,2,3,0,1,0,0,60,0
48,14,5,0,4,0,0,0,40,0
36,10,2,3,0,1,0,0,45,0
24,11,2,6,0,1,0,0,45,0
40,10,2,6,0,1,0,0,37,0
33,9,2,11,0,1,0,0,50,0
37,10,2,6,0,1,0,1887,40,0
34,14,4,3,3,1,4650,0,40,0
56,10,2,3,0,1,15024,0,40,0
37,13,6,3,1,0,0,0,55,0
44,9,0,11,4,0,0,0,40,0
54,9,0,5,1,1,0,0,45,0
23,9,4,6,1,1,0,0,50,0
22,9,4,7,1,0,0,0,45,0
33,13,2,3,0,1,0,1977,40,0
39,13,5,9,1,1,0,0,50,0
47,10,0,0,1,0,0,0,37,0
26,9,4,9,4,0,0,0,55,0
31,10,0,3,4,0,0,0,40,0
44,10,4,13,1,1,0,0,45,0
42,15,2,9,5,0,0,0,50,0
19,9,4,6,1,0,0,0,40,0
27,9,2,5,0,1,0,0,40,0
51,10,2,10,0,1,0,0,40,0
28,13,2,3,0,1,0,0,50,0
57,13,0,2,1,1,0,0,45,0
45,13,0,9,4,0,0,0,40,0
50,11,2,9,0,1,0,0,40,0
34,13,2,11,0,1,0,0,54,0
45,4,2,2,0,1,0,0,40,0
73,9,2,3,0,1,0,0,20,0
34,13,2,9,5,0,0,0,50,0
31,10,2,11,0,1,0,0,55,0
19,7,4,11,1,1,0,0,12,0
25,10,4,7,3,0,0,0,50,0
38,11,0,2,4,0,6497,0,40,0
39,13,2,13,0,1,0,0,40,0
23,13,4,12,3,0,0,0,32,0
49,9,2,6,0,1,0,0,40,0
33,9,4,7,1,1,0,0,32,0
21,3,4,6,2,1,0,0,38,0
31,11,5,2,1,1,0,0,40,0
23,13,4,3,1,0,0,0,45,0
34,13,2,0,0,1,0,0,40,0
25,9,4,6,1,0,0,0,40,0
39,9,4,2,4,1,0,0,40,0
52,9,2,11,0,1,0,0,40,0
63,5,2,13,0,1,7688,0,40,0
41,10,2,2,0,1,0,0,40,0
46,13,2,9,0,1,15024,0,38,0
53,9,2,3,0,1,0,0,40,0
18,8,4,8,3,1,0,0,40,0
38,15,2,9,0,1,0,0,50,0
55,14,4,3,4,0,0,0,50,0
34,9,2,12,0,1,0,0,40,0
80,9,2,7,0,1,0,0,30,0
34,11,0,12,4,0,0,0,60,0
52,10,2,12,0,1,5013,0,40,0
42,9,4,7,4,0,0,0,28,0
26,10,4,11,1,0,0,0,40,0
31,9,2,13,0,1,0,0,40,0
25,9,4,7,3,0,0,0,35,0
55,9,2,2,0,1,0,2057,60,0
19,10,4,7,3,0,0,0,12,0
62,10,2,13,0,1,0,0,32,0
22,10,4,0,3,0,0,0,20,0
35,9,2,5,0,1,0,0,40,0
28,9,2,11,3,0,0,0,40,0
47,9,2,13,0,1,0,0,70,0
44,9,2,6,0,1,0,0,40,0
21,10,4,11,3,1,0,0,15,0
35,11,4,2,1,1,0,0,50,0
24,13,2,9,0,1,0,0,40,0
28,13,4,12,3,1,0,0,50,0
21,10,4,6,2,1,0,0,35,0
62,10,0,12,1,1,4650,0,40,0
39,9,4,7,1,0,0,0,40,0
30,9,4,7,1,1,0,0,40,0
72,15,4,9,1,1,0,1429,20,0
50,10,2,3,5,0,0,0,50,0
28,14,4,9,1,1,0,0,40,0
29,10,4,9,1,0,0,0,40,0
26,13,4,0,3,0,0,0,40,0
27,14,4,3,1,0,0,0,40,0
29,10,2,5,0,1,3103,0,40,0
29,6,2,2,0,1,0,0,25,0
31,7,2,11,5,0,0,0,20,0
25,9,2,3,0,1,0,0,75,0
58,6,2,13,0,1,0,0,40,0
64,10,2,3,5,0,0,0,40,0
46,14,4,3,1,1,0,0,38,0
19,9,4,7,3,0,0,0,35,0
42,9,0,7,1,1,0,0,52,0
18,7,4,5,3,1,0,0,24,0
58,13,2,2,0,1,15024,0,50,0
20,10,4,10,1,1,0,0,60,0
35,9,2,2,0,1,0,0,40,0
32,9,2,5,0,1,0,0,38,0
23,9,4,5,1,0,0,0,25,0
31,10,0,12,4,0,0,0,40,0
33,13,2,11,0,1,0,0,55,0
41,10,4,6,1,0,0,0,48,0
22,9,4,6,3,1,0,0,40,0
46,10,2,10,0,1,0,0,40,0
61,10,2,13,0,1,0,0,40,0
30,9,4,3,1,1,0,0,40,0
42,9,2,3,0,1,0,0,55,0
63,6,2,5,0,1,0,0,40,0
26,10,2,11,0,1,0,0,40,0
42,6,0,0,4,0,0,0,40,0
23,10,2,7,0,1,0,0,40,0
25,9,4,6,4,1,0,1590,40,0
30,5,2,7,0,1,0,0,32,0
23,9,4,11,3,1,0,0,40,0
34,11,4,4,1,1,27828,0,60,0
30,9,2,6,2,1,0,2057,48,0
39,10,2,2,0,1,0,0,40,0
30,7,4,5,2,1,0,1721,38,0
38,10,0,0,4,0,0,0,38,0
26,9,0,3,3,0,0,0,40,0
20,10,4,5,3,1,0,0,16,0
33,9,2,0,3,0,0,0,40,0
24,13,4,0,3,1,0,0,40,0
42,13,2,3,0,1,0,0,60,0
51,9,2,11,0,1,3103,0,84,0
56,12,2,12,0,1,0,0,45,0
22,10,4,5,3,1,0,0,40,0
52,10,2,4,0,1,0,0,60,0
44,13,0,3,4,0,4934,0,45,0
34,9,2,0,5,0,4064,0,35,0
51,10,0,2,1,1,0,0,42,0
19,10,4,11,1,0,0,0,25,0
37,13,2,3,0,1,0,0,40,0
68,9,2,6,0,1,0,0,40,0
22,10,0,10,1,1,0,0,40,0
56,13,2,3,0,1,0,0,40,0
37,9,2,2,0,1,0,0,40,0
52,2,2,6,0,1,0,0,40,0
26,9,5,5,3,1,0,0,40,0
33,14,2,9,0,1,0,0,50,0
45,14,0,9,4,0,0,0,42,0
18,7,4,7,3,1,0,0,15,0
43,10,2,4,0,1,0,0,60,0
18,9,4,5,3,1,0,0,20,0
57,9,2,2,0,1,0,0,40,0
41,9,0,0,4,0,3674,0,42,0
34,14,2,3,0,1,0,1887,50,0
19,9,4,11,4,0,0,0,40,0
44,5,0,7,4,0,0,0,55,0
56,6,6,7,4,0,0,0,40,0
36,9,2,4,0,1,0,0,80,0
48,13,0,3,4,0,0,0,48,0
29,9,2,13,0,1,0,0,40,0
33,13,4,2,1,1,2174,0,40,0
31,3,2,7,0,1,0,0,40,0
39,14,2,9,0,1,0,0,45,0
66,9,2,3,0,1,10605,0,40,0
27,13,4,9,1,0,0,0,50,0
39,9,0,3,4,0,99999,0,40,0
59,4,2,2,0,1,5178,0,50,0
26,9,4,7,3,0,0,0,40,0
31,11,0,2,4,1,0,0,40,0
23,9,4,5,3,1,0,0,30,0
36,9,0,0,4,0,0,0,40,0
34,10,2,7,5,0,0,0,12,0
32,9,2,13,0,1,0,0,84,0
37,13,2,9,0,1,0,0,50,0
33,13,4,11,1,1,0,0,45,0
50,15,2,9,0,1,99999,0,80,0
32,12,4,10,1,1,0,0,40,0
35,13,4,0,3,0,0,0,40,0
37,7,2,2,0,1,0,0,40,0
44,10,0,2,1,1,0,0,60,0
57,10,0,5,2,1,0,0,25,0
29,10,2,3,3,0,0,0,40,0
55,9,2,2,0,1,0,0,50,0
43,15,2,9,0,1,0,0,25,0
43,10,2,11,0,1,0,0,70,0
45,10,2,11,0,1,0,0,60,0
33,14,2,9,5,0,0,0,8,0
26,6,0,7,4,0,0,0,40,0
23,10,2,11,0,1,0,0,68,0
41,4,5,2,1,1,0,0,40,0
24,9,2,2,0,1,0,0,40,0
47,13,2,11,0,1,0,0,44,0
34,9,4,2,3,1,0,0,45,0
40,9,2,3,0,1,0,0,40,0
28,13,2,9,5,0,0,1485,40,0
24,9,4,3,3,0,0,0,40,0
23,9,4,2,2,1,0,0,15,0
43,9,2,3,0,1,0,0,40,0
26,13,0,12,1,0,0,0,40,0
58,16,1,3,5,0,0,1485,35,0
52,9,6,0,4,0,0,0,35,0
29,7,2,13,0,1,0,0,99,0
47,7,2,7,0,1,0,0,35,0
49,9,0,0,4,0,0,0,37,0
40,7,6,0,4,0,0,0,40,0
62,9,2,0,5,0,0,0,40,0
49,9,2,3,0,1,0,1977,55,0
50,13,0,9,2,0,0,0,50,0
31,9,4,13,3,1,0,0,40,0
48,14,4,9,1,0,0,0,50,0
24,9,4,2,4,0,0,0,40,0
37,9,5,6,3,1,0,0,60,0
45,13,2,3,0,1,0,0,45,0
36,14,2,3,0,1,0,0,45,0
45,13,2,3,0,1,0,0,40,0
41,13,4,11,1,0,0,0,40,0
26,12,4,12,2,0,0,0,20,0
17,7,4,11,3,0,0,0,25,0
43,9,2,6,0,1,0,0,65,0
35,9,4,13,3,1,0,0,55,0
38,13,0,0,4,0,0,0,40,0
26,9,4,6,1,1,0,0,40,0
28,10,4,3,3,0,0,0,40,0
38,13,2,9,5,0,0,0,24,0
36,7,0,13,4,0,0,0,40,0
33,9,2,0,5,0,0,0,40,0
19,9,4,5,3,1,1055,0,70,0
42,6,2,0,0,1,0,0,40,0
50,6,2,13,0,1,0,0,40,0
30,9,2,5,0,1,0,0,30,0
37,10,2,9,2,1,0,0,40,0
54,15,2,9,0,1,99999,0,40,0
52,13,4,3,1,1,0,0,40,0
33,9,0,2,1,0,0,0,40,0
25,10,4,12,2,1,0,0,40,0
24,13,4,11,1,1,0,0,45,0
26,11,5,0,4,0,114,0,40,0
39,9,5,0,1,1,0,0,40,0
59,9,0,7,1,0,0,0,40,0
29,10,4,0,4,0,0,0,40,0
47,7,4,7,3,0,0,0,45,0
64,9,2,13,0,1,0,0,50,0
21,9,4,7,3,1,0,0,20,0
32,10,2,0,5,0,0,0,40,0
26,9,4,3,1,0,0,0,37,0
62,14,2,9,0,1,0,0,40,0
32,13,2,2,0,1,0,0,55,0
45,9,2,3,0,1,0,0,60,0
31,13,2,3,0,1,0,1887,50,0
32,9,2,0,0,1,2580,0,40,0
24,13,2,11,0,1,0,0,40,0
25,13,4,11,3,0,0,0,40,0
41,9,2,3,0,1,0,0,60,0
18,10,4,11,3,0,0,0,20,0
44,16,2,9,0,1,0,0,55,0
40,10,2,3,0,1,3411,0,50,0
27,13,4,9,1,1,0,0,40,0
23,13,4,0,3,1,0,0,40,0
21,10,4,0,1,1,2174,0,40,0
37,9,2,13,0,1,0,0,40,0
65,9,2,4,0,1,0,0,48,0
43,14,2,9,0,1,0,0,40,0
45,9,4,0,1,1,0,0,44,0
24,13,4,3,1,0,0,0,40,0
24,10,4,6,1,1,0,0,42,0
19,10,4,10,3,1,0,1721,35,0
37,13,2,9,0,1,0,0,65,0
24,9,4,0,3,0,0,0,35,0
34,10,2,6,0,1,0,0,40,0
50,9,2,7,5,0,0,0,39,0
36,9,2,2,0,1,0,0,40,0
39,13,2,11,0,1,0,0,60,0
44,4,2,2,0,1,0,0,38,0
45,9,2,7,0,1,0,0,40,0
32,7,4,10,3,1,0,0,40,0
47,14,2,3,0,1,0,0,40,0
50,9,2,6,0,1,0,0,40,0
32,11,2,7,0,1,0,0,40,0
19,9,4,5,3,1,0,0,40,0
28,9,0,11,2,1,0,0,50,0
39,14,4,9,1,1,0,0,40,0
21,10,4,7,1,1,2907,0,40,0
73,10,6,4,1,0,0,0,75,0
39,4,2,7,0,1,4508,0,40,0
25,10,4,6,1,1,0,0,40,0
31,10,1,11,5,0,0,0,20,0
51,10,0,11,1,0,0,0,32,0
39,13,2,0,5,0,0,0,28,0
31,13,0,5,3,1,0,0,40,0
21,10,4,11,3,1,0,0,17,0
46,13,0,3,1,1,27828,0,50,0
73,9,0,3,1,0,0,0,35,0
41,9,0,2,1,1,0,0,40,0
20,9,4,13,3,1,0,0,40,0
27,12,4,7,1,1,0,0,30,0
24,13,4,9,1,1,0,0,35,0
20,10,2,2,0,1,0,0,40,0
39,11,4,6,3,1,0,0,40,0
27,13,4,5,1,1,0,0,28,0
33,7,2,11,0,1,0,0,60,0
33,9,2,5,0,1,0,0,40,0
36,5,2,2,0,1,0,0,40,0
55,10,2,3,0,1,0,0,36,0
19,10,4,6,3,1,0,0,40,0
35,9,4,3,1,1,0,0,60,0
34,3,4,6,2,1,0,0,40,0
62,15,0,9,1,0,0,0,35,0
33,10,2,2,0,1,0,0,40,0
39,5,2,2,0,1,4386,0,55,0
36,10,2,12,0,1,0,0,40,0
41,13,0,0,4,0,0,0,33,0
39,9,2,2,0,1,0,0,60,0
18,9,4,0,3,0,0,0,10,0
61,10,2,3,0,1,15024,0,45,0
20,11,4,0,3,0,0,0,36,0
35,9,2,13,0,1,0,0,65,0
27,9,4,6,3,1,0,0,40,0
66,6,6,7,4,0,0,0,38,0
21,9,4,13,2,1,0,0,40,0
20,10,4,7,3,0,0,0,18,0
34,10,0,0,3,1,0,0,40,0
31,9,5,12,1,0,0,0,40,0
41,16,2,9,0,1,0,2051,60,0
64,2,2,4,0,1,0,0,45,0
32,13,4,3,1,0,0,0,40,0
30,9,2,13,0,1,0,0,50,0
36,13,2,4,0,1,0,0,72,0
22,10,4,4,3,1,0,0,12,0
53,10,2,3,0,1,0,0,50,0
50,9,6,0,1,0,0,0,40,0
36,13,2,3,0,1,0,0,40,0
41,7,2,3,0,1,0,0,40,0
55,13,4,3,1,0,0,0,35,0
38,13,2,11,0,1,15024,0,50,0
28,13,4,3,1,1,2174,0,50,0
24,13,4,9,3,0,0,0,37,0
60,10,0,0,2,0,0,0,40,0
54,6,2,7,0,1,0,0,40,0
27,9,2,2,0,1,0,0,60,0
30,14,2,9,5,0,0,0,30,0
54,9,6,13,1,1,0,0,45,0
44,10,2,2,0,1,5178,0,40,0
52,9,2,13,0,1,0,0,60,0
18,7,4,7,3,1,0,0,20,0
55,4,2,13,0,1,0,0,50,0
35,13,2,9,0,1,0,0,50,0
37,13,0,3,1,0,0,0,40,0
22,10,4,0,3,0,0,0,40,0
45,13,2,3,0,1,0,0,45,0
38,13,2,4,0,1,0,0,60,0
48,13,2,9,0,1,0,0,40,0
35,11,2,7,0,1,0,0,40,0
21,11,2,2,2,1,0,0,50,0
37,9,2,2,0,1,0,0,60,0
18,7,4,11,3,1,0,0,25,0
26,6,0,6,3,1,0,0,35,0
48,13,2,2,0,1,0,0,50,0
51,10,5,0,1,1,8614,0,40,0
52,10,2,2,0,1,0,0,40,0
32,13,2,4,0,1,0,0,40,0
39,13,2,7,0,1,0,0,60,0
51,13,2,9,0,1,0,0,40,0
54,13,2,11,0,1,0,0,50,0
21,10,4,9,1,0,0,0,25,0
43,9,5,0,4,0,0,0,40,0
32,10,4,0,3,0,0,0,40,0
31,14,2,9,0,1,0,0,35,0
26,10,4,0,2,1,0,0,60,0
35,9,4,2,1,1,0,0,40,0
73,3,2,3,0,1,0,0,54,0
25,13,4,11,1,0,0,0,40,0
58,11,2,4,0,1,0,2377,65,0
32,9,5,7,3,0,0,0,37,0
28,13,2,9,0,1,0,0,40,0
41,14,4,11,1,0,0,0,30,0
53,9,2,2,0,1,0,0,48,0
49,9,5,0,4,0,0,0,35,0
55,13,2,9,0,1,0,0,40,0
29,10,2,0,5,0,7298,0,50,0
28,11,2,4,0,1,0,0,80,0
44,9,2,2,0,1,0,0,45,0
41,14,2,3,0,1,0,0,45,0
26,11,2,11,0,1,3103,0,45,0
23,9,2,11,0,1,0,0,40,0
37,13,2,9,5,0,0,0,40,0
23,13,4,9,3,1,13550,0,50,0
33,10,4,7,4,0,0,0,40,0
44,9,4,2,3,1,0,0,40,0
21,10,4,10,3,1,2907,0,30,0
36,7,2,3,0,1,0,0,40,0
44,13,2,0,0,1,5013,0,40,0
23,9,4,7,4,0,0,0,40,0
26,9,0,3,3,1,0,0,40,0
32,3,4,7,1,1,0,0,40,0
31,10,2,5,0,1,0,0,40,0
50,9,5,3,4,0,6497,0,35,0
18,10,4,0,3,0,0,0,20,0
49,13,2,3,0,1,0,0,50,0
59,9,0,7,1,0,0,0,40,0
38,9,5,6,4,0,0,0,28,0
50,10,2,11,0,1,0,0,55,0
51,10,2,2,0,1,0,1672,55,0
22,10,4,6,3,1,0,0,35,0
54,9,2,6,5,0,0,0,40,0
37,9,4,13,1,1,0,0,40,0
31,13,6,0,4,1,0,0,60,0
67,13,2,3,0,1,0,0,40,0
21,10,4,3,2,0,0,0,40,0
30,9,4,0,1,0,0,0,40,0
32,10,2,10,0,1,0,0,50,0
36,11,4,2,3,1,0,0,40,0
33,13,4,0,1,1,0,0,40,0
37,9,2,2,0,1,0,0,56,0
29,15,2,9,0,1,7298,0,48,0
26,10,4,11,1,1,0,0,40,0
51,4,2,9,0,1,0,0,40,0
39,9,2,6,0,1,0,0,40,0
18,9,4,7,1,1,0,0,30,0
52,8,2,6,0,1,0,1628,40,0
31,10,2,4,0,1,0,0,40,0
45,13,2,3,0,1,7298,0,53,0
38,10,2,6,0,1,0,0,38,0
21,12,4,11,1,0,0,0,35,0
33,9,5,5,1,1,0,0,40,0
39,10,0,2,4,1,0,0,40,0
31,9,2,6,0,1,0,0,40,0
43,13,2,3,0,1,0,1902,50,0
33,13,2,3,0,1,7298,0,45,0
49,9,2,4,0,1,0,0,60,0
41,9,2,6,0,1,0,0,40,0
55,10,0,6,1,1,0,0,40,0
52,10,0,0,1,0,0,0,37,0
42,13,0,9,1,1,0,0,40,0
24,10,4,0,3,0,0,0,30,0
42,9,3,0,1,1,0,0,52,0
41,13,2,3,0,1,7298,0,40,0
35,9,2,6,0,1,0,0,40,0
54,14,0,3,1,1,0,0,42,0
24,3,4,5,2,1,0,0,40,0
57,13,2,3,5,0,0,0,40,0
58,14,2,3,0,1,15024,0,40,0
32,9,4,7,4,1,0,0,40,0
22,9,4,11,3,0,1055,0,25,0
20,9,0,7,4,0,0,0,25,0
26,9,4,0,3,0,0,0,20,0
33,7,2,2,0,1,0,0,40,0
19,6,4,11,4,0,0,0,40,0
50,9,2,7,5,0,15024,0,20,0
32,9,2,11,0,1,0,0,40,0
51,13,2,13,0,1,0,0,40,0
18,10,4,11,3,0,0,0,20,0
35,14,2,3,0,1,0,0,50,0
46,9,0,2,1,1,0,0,55,0
37,9,0,11,4,1,0,0,45,0
45,10,2,0,5,0,0,1902,20,0
63,5,2,5,0,1,0,0,32,0
53,9,4,7,2,1,0,0,10,0
24,9,4,0,3,0,0,0,40,0
47,9,2,6,0,1,0,0,40,0
41,9,4,3,4,0,0,0,40,0
27,9,0,6,1,1,6849,0,40,0
35,9,2,3,0,1,0,0,75,0
19,10,4,0,3,0,0,0,24,0
47,10,5,7,1,0,0,0,35,0
25,13,4,0,4,0,0,1590,40,0
59,15,2,3,0,1,0,0,40,0
28,6,4,6,4,0,0,0,40,0
17,6,4,11,3,0,0,0,20,0
21,10,4,3,3,1,2463,0,50,0
31,9,0,11,4,0,0,0,40,0
49,9,0,5,1,0,0,0,40,0
48,14,2,9,0,1,7688,0,50,0
60,16,0,11,1,1,0,0,20,0
33,8,4,13,1,1,0,0,40,0
40,9,2,2,0,1,0,0,40,0
42,10,2,2,0,1,0,0,52,0
34,9,2,13,0,1,5013,0,40,0
38,11,0,0,3,1,0,0,52,0
58,10,2,3,0,1,0,0,70,0
52,10,5,11,2,0,0,0,55,0
22,10,2,10,0,1,0,0,40,0
24,13,2,4,0,1,0,0,35,0
39,9,0,6,4,0,0,0,40,0
41,14,2,3,0,1,99999,0,55,0
56,5,2,2,0,1,2580,0,40,0
21,9,4,7,1,0,0,0,40,0
29,9,0,11,4,0,0,0,25,0
45,11,0,7,1,1,0,0,10,0
44,10,2,10,0,1,0,0,80,0
54,14,2,9,0,1,0,0,45,0
24,10,4,2,1,1,2174,0,40,0
40,13,2,3,0,1,0,0,50,0
43,13,4,9,3,1,99999,0,60,0
41,7,0,7,1,0,0,0,40,0
32,11,0,0,1,0,0,0,40,0
31,13,2,0,5,0,0,0,25,0
26,9,0,0,1,1,0,0,40,0
50,13,2,2,0,1,0,0,40,0
62,11,2,3,0,1,3137,0,40,0
24,9,2,7,0,1,2885,0,45,0
58,13,0,3,1,1,0,0,65,0
44,10,2,2,0,1,0,0,40,0
44,8,0,7,1,1,0,0,40,0
37,10,2,13,0,1,0,0,50,0
65,4,4,4,1,1,2964,0,40,0
33,9,2,2,0,1,0,0,40,0
56,14,2,9,0,1,0,0,60,0
35,14,2,3,0,1,0,1977,48,0
33,13,4,9,3,1,0,1741,40,0
35,13,2,12,0,1,0,0,48,0
47,10,3,3,1,0,0,0,60,0
35,5,2,2,0,1,0,0,96,0
56,10,0,11,4,0,0,0,40,0
29,14,4,9,3,1,0,0,40,0
53,15,2,9,0,1,7298,0,50,0
42,11,5,11,4,0,0,0,25,0
24,13,4,12,1,1,0,0,50,0
33,9,2,6,0,1,0,0,40,0
42,6,2,11,0,1,0,0,45,0
38,10,2,10,0,1,0,1887,50,0
32,9,4,6,3,1,0,0,40,0
20,4,4,2,3,1,0,0,20,0
32,9,2,2,0,1,0,0,50,0
28,10,2,10,0,1,0,0,40,0
51,9,2,2,0,1,0,0,55,0
41,9,4,7,3,1,0,0,30,0
37,12,3,7,4,0,0,0,50,0
23,9,2,7,5,0,0,0,40,0
40,9,2,2,0,1,0,0,40,0
47,6,2,6,0,1,0,0,40,0
46,9,2,3,0,1,0,0,50,0
24,13,4,11,1,1,0,0,40,0
40,9,0,6,4,0,0,0,28,0
30,9,2,6,3,1,0,0,60,0
41,15,6,9,1,0,0,0,52,0
37,13,2,0,5,0,0,0,45,0
49,9,2,13,0,1,0,0,40,0
41,13,2,3,5,0,0,0,50,0
52,11,2,3,0,1,0,0,35,0
23,10,4,11,1,1,0,0,50,0
34,9,0,2,4,0,1471,0,40,0
25,13,4,3,1,0,0,2444,40,0
44,9,2,2,0,1,0,0,45,0
31,9,0,9,4,1,0,0,33,0
53,13,0,0,4,0,0,0,40,0
62,9,2,3,0,1,0,0,50,0
35,13,4,3,1,1,0,1876,55,0
30,13,4,9,1,1,0,0,40,0
48,9,2,0,5,0,0,0,40,0
36,13,4,9,1,0,0,0,40,0
32,7,0,7,1,1,0,0,33,0
22,10,4,8,3,0,0,0,28,0
19,9,4,9,1,0,0,0,40,0
26,9,4,0,1,0,0,0,40,0
56,10,2,3,0,1,0,0,35,0
45,4,6,7,4,0,0,0,21,0
23,10,4,0,3,0,0,0,40,0
31,9,5,5,1,1,0,0,40,0
30,7,4,11,4,0,0,0,8,0
42,9,2,5,0,1,5013,0,35,0
27,15,2,9,0,1,0,0,60,0
37,13,2,3,0,1,0,0,50,0
31,9,4,6,1,1,0,0,60,0
33,13,5,9,1,0,0,0,40,0
64,1,2,5,0,1,0,0,40,0
32,9,0,7,1,0,0,0,40,0
37,10,2,2,0,1,0,0,40,0
25,7,2,13,0,1,0,0,40,0
49,9,2,0,0,1,4064,0,40,0
36,13,2,9,0,1,0,1902,40,0
67,10,2,5,0,1,10566,0,15,0
54,9,2,5,0,1,0,0,40,0
45,16,4,9,1,0,0,0,40,0
30,10,4,2,1,1,0,0,40,0
39,9,2,10,2,0,0,0,40,0
57,6,0,7,1,0,0,0,20,0
57,6,4,7,1,1,0,0,40,0
23,9,2,4,0,1,0,0,40,0
49,9,2,7,2,1,0,0,40,0
46,13,2,9,0,1,0,0,10,0
41,13,4,12,1,0,0,0,43,0
44,11,2,12,0,1,0,0,45,0
25,13,4,7,3,0,2463,0,30,0
34,13,2,2,0,1,0,0,45,0
24,13,4,11,3,1,0,0,25,0
32,13,4,3,1,0,0,0,45,0
27,9,2,12,0,1,0,0,50,0
67,8,2,6,0,1,0,0,40,0
36,9,2,2,0,1,0,0,40,0
40,10,0,3,1,1,0,1408,48,0
24,9,2,13,0,1,0,0,40,0
46,13,2,11,0,1,0,1902,40,0
44,9,0,0,4,0,0,0,38,0
23,10,2,2,0,1,0,0,40,0
46,15,4,9,1,1,0,0,90,0
31,11,4,12,1,1,0,0,40,0
21,10,2,10,3,1,0,0,40,0
61,9,2,2,0,1,0,0,40,0
71,9,2,4,0,1,0,0,15,0
42,13,2,3,0,1,0,0,40,0
21,10,4,7,1,0,0,0,16,0
21,1,4,4,1,1,0,0,25,0
28,13,0,9,1,0,2354,0,60,0
27,12,4,9,3,0,0,0,37,0
32,10,4,7,1,0,0,2001,25,0
47,9,0,5,1,1,0,0,40,0
22,12,4,3,1,1,0,0,35,0
56,9,2,12,0,1,0,0,40,0
20,9,2,7,2,0,0,0,40,0
30,10,4,11,1,0,0,0,40,0
22,10,4,7,3,0,0,0,25,0
28,11,2,2,0,1,7688,0,45,0
50,14,2,3,0,1,0,0,55,0
66,9,2,6,5,0,1424,0,10,0
38,10,4,7,1,1,0,0,46,0
62,8,2,3,0,1,0,0,30,0
36,14,0,12,1,0,0,0,40,0
47,6,2,2,0,1,0,0,35,0
25,9,4,12,1,1,0,0,40,0
26,10,2,13,0,1,0,0,40,0
37,7,2,4,0,1,0,0,40,0
70,4,2,2,0,1,0,0,8,0
52,7,2,13,0,1,0,0,40,0
70,5,2,3,0,1,0,0,18,0
19,9,4,10,3,1,0,0,40,0
23,7,4,2,3,1,0,0,3,0
37,7,5,11,4,0,0,0,40,0
45,10,0,9,4,0,0,0,40,0
29,13,2,3,0,1,0,0,50,0
56,13,2,3,0,1,0,0,20,0
50,14,2,12,0,1,0,0,40,0
20,9,4,0,2,1,0,2001,30,0
26,13,4,0,1,1,0,0,40,0
41,15,2,9,0,1,0,2415,60,0
21,9,4,5,3,1,0,0,40,0
48,3,2,2,0,1,0,2042,50,0
22,10,4,7,1,1,0,0,40,0
37,12,2,7,0,1,0,0,35,0
47,10,2,2,0,1,0,0,30,0
61,13,0,11,4,1,0,0,40,0
47,14,2,9,0,1,0,0,40,0
37,9,2,2,0,1,0,0,25,0
46,11,5,0,4,0,0,0,40,0
42,9,2,11,0,1,0,0,48,0
41,9,0,0,4,0,0,0,40,0
33,5,2,7,0,1,0,0,40,0
24,13,4,9,1,1,0,0,35,0
27,12,4,12,1,1,0,0,40,0
40,13,2,3,0,1,0,0,39,0
56,6,2,6,0,1,0,0,40,0
35,16,2,9,0,1,0,0,55,0
24,11,4,2,1,1,0,0,40,0
73,10,2,9,5,0,0,0,1,0
36,10,4,11,1,1,0,0,50,0
31,13,2,2,0,1,0,0,50,0
36,9,4,5,1,1,0,0,40,0
37,9,2,11,0,1,0,0,40,0
26,13,4,9,1,0,0,0,55,0
20,9,4,10,3,1,0,0,40,0
58,13,2,9,0,1,0,0,40,0
45,13,2,9,0,1,0,0,40,0
31,13,4,12,1,0,0,0,40,0
44,15,2,9,0,1,99999,0,60,0
19,10,4,9,3,0,0,0,30,0
54,9,2,12,0,1,0,0,50,0
31,14,2,9,0,1,0,1740,40,0
27,9,2,2,0,1,0,0,35,0
36,10,2,11,0,1,5178,0,40,0
47,10,0,0,1,1,0,1876,40,0
35,13,2,3,0,1,0,0,45,0
42,2,2,0,0,1,0,0,55,0
45,13,0,3,1,0,0,0,40,0
70,9,2,2,0,1,1455,0,40,0
27,8,4,7,3,0,0,0,44,0
36,9,2,9,0,1,0,0,60,0
23,9,3,6,1,1,0,0,40,0
25,13,4,3,1,1,0,0,50,0
45,10,2,2,0,1,7688,0,45,0
24,9,4,5,3,1,0,0,30,0
90,12,2,11,0,1,0,1825,50,0
50,9,2,6,0,1,0,1902,44,0
37,9,2,2,0,1,7688,0,99,0
31,10,4,0,1,0,0,0,40,0
17,7,4,4,3,1,0,0,40,0
26,10,4,0,1,1,0,0,38,0
41,16,2,9,0,1,0,0,60,0
50,9,2,3,0,1,0,0,60,0
45,9,2,13,0,1,0,0,80,0
54,10,2,11,0,1,0,0,55,0
54,9,2,2,0,1,0,0,40,0
38,9,4,6,3,1,0,0,40,0
22,9,2,11,2,0,0,0,38,0
43,9,2,6,0,1,0,0,40,0
30,13,2,12,0,1,0,0,40,0
42,9,5,2,1,1,3325,0,40,0
48,10,2,6,0,1,0,0,40,0
56,10,2,13,0,1,0,0,35,0
21,10,4,0,4,1,0,0,36,0
45,13,2,2,0,1,0,0,40,0
37,15,2,3,0,1,0,0,40,0
38,13,2,9,0,1,0,0,30,0
34,10,2,11,0,1,0,0,50,0
29,9,0,10,3,1,0,0,40,0
24,9,2,6,0,1,0,0,40,0
35,12,4,6,1,1,0,0,55,0
39,6,2,13,0,1,0,0,70,0
73,4,2,4,0,1,0,0,12,0
57,11,4,7,3,0,0,0,40,0
35,13,2,11,0,1,0,0,50,0
60,9,2,5,0,1,0,0,32,0
54,9,2,6,0,1,0,0,40,0
53,13,2,2,0,1,0,0,40,0
23,10,4,3,2,0,0,0,40,0
57,10,2,3,0,1,0,0,48,0
27,6,4,11,3,0,0,0,48,0
25,9,4,3,3,1,0,0,40,0
38,9,2,2,0,1,0,0,40,0
48,10,2,11,0,1,0,0,60,0
24,9,4,0,4,0,0,0,45,0
67,10,2,11,0,1,0,0,40,0
20,9,4,7,3,1,0,0,35,0
38,16,2,9,0,1,0,0,40,0
54,4,2,2,0,1,0,0,40,0
20,10,4,4,3,1,0,0,40,0
57,6,5,3,1,1,0,0,55,0
34,13,4,3,1,1,0,0,44,0
34,9,5,2,4,1,0,0,49,0
80,9,3,6,1,0,0,0,16,0
40,9,2,6,5,0,0,0,40,0
19,7,4,5,2,1,0,0,35,0
35,10,2,10,0,1,0,0,56,0
21,9,4,11,4,0,0,0,40,0
59,7,2,7,0,1,0,0,40,0
53,10,2,13,0,1,0,0,40,0
41,11,2,7,5,0,3103,0,40,0
59,9,2,13,0,1,0,0,55,0
52,2,0,4,1,1,0,0,40,0
48,3,2,5,0,1,0,0,40,0
24,8,4,6,3,1,0,0,40,0
49,15,2,11,0,1,0,0,40,0
19,9,4,0,3,1,0,0,50,0
50,9,0,7,1,0,0,0,40,0
39,12,2,2,0,1,0,0,60,0
25,9,2,7,5,0,0,0,40,0
66,4,0,7,2,0,0,0,40,0
30,10,4,3,1,1,4416,0,40,0
49,14,2,3,0,1,15024,0,80,0
40,10,2,2,0,1,0,0,45,0
38,6,2,7,0,1,0,0,40,0
25,7,2,2,0,1,0,0,40,0
51,9,0,3,1,1,0,0,37,0
23,13,4,0,3,0,0,0,40,0
60,5,2,3,0,1,0,1887,67,0
44,9,0,11,1,1,27828,0,60,0
53,15,0,9,4,1,25236,0,60,0
66,13,2,9,0,1,0,0,20,0
44,11,0,6,4,1,0,0,40,0
38,9,2,6,0,1,0,0,40,0
30,13,2,0,0,1,0,0,40,0
36,9,4,6,1,1,3674,0,42,0
38,10,2,0,0,1,0,0,40,0
31,13,4,3,1,0,0,0,45,0
26,7,4,13,1,0,0,0,35,0
23,10,4,7,1,1,0,0,25,0
58,13,2,0,5,0,0,0,40,0
44,13,2,3,0,1,3137,0,40,0
59,15,2,9,0,1,99999,0,40,0
36,10,2,3,0,1,0,0,40,0
42,10,0,7,1,0,8614,0,52,0
17,7,4,11,1,0,0,0,20,0
59,6,6,9,4,0,0,0,15,0
22,10,4,4,1,1,0,0,40,0
40,13,2,11,0,1,0,0,45,0
36,13,4,9,1,1,0,0,40,0
49,9,2,0,5,0,0,1977,25,0
38,9,5,3,4,1,0,0,25,0
48,9,2,2,0,1,0,0,40,0
33,12,2,11,0,1,0,0,46,0
34,11,6,3,4,0,0,0,40,0
58,9,6,7,1,1,0,0,40,0
52,6,0,13,4,1,0,0,40,0
45,10,2,9,0,1,0,1887,47,0
37,4,5,7,4,1,0,0,40,0
48,9,2,6,0,1,0,0,40,0
40,13,2,2,0,1,0,0,40,0
29,13,2,11,0,1,0,0,45,0
33,11,2,12,0,1,0,0,10,0
48,9,2,12,0,1,0,0,48,0
36,13,2,3,5,0,0,0,40,0
31,10,0,6,4,0,0,0,35,0
41,10,2,2,0,1,0,0,50,0
29,13,4,9,1,1,0,0,40,0
20,10,4,2,3,1,0,0,40,0
53,13,2,3,0,1,7298,0,40,0
37,9,0,11,4,0,0,0,40,0
28,13,2,7,5,0,0,0,35,0
27,13,4,11,1,0,0,0,40,0
23,10,4,0,3,0,0,0,40,0
25,11,2,12,0,1,0,0,56,0
63,10,2,9,0,1,0,0,38,0
65,10,2,11,0,1,0,0,18,0
77,9,6,0,1,0,0,0,40,0
32,9,0,7,1,1,0,0,40,0
40,9,2,2,0,1,0,0,40,0
67,9,6,0,1,0,0,0,40,0
24,14,4,9,3,0,0,0,40,0
53,16,2,9,0,1,0,1902,50,0
37,14,0,9,1,1,4787,0,40,0
44,10,5,12,3,0,0,0,40,0
17,7,4,11,3,0,0,0,20,0
47,11,2,3,0,1,0,1887,60,0
62,6,2,5,0,1,2829,0,40,0
39,12,0,9,1,1,0,0,60,0
32,10,0,9,2,0,0,0,40,0
25,13,2,9,5,0,0,0,40,0
30,9,2,3,0,1,0,0,65,0
47,14,2,3,0,1,0,0,50,0
40,6,0,2,3,1,0,0,40,0
38,9,2,3,0,1,0,0,40,0
41,14,2,9,0,1,0,0,40,0
21,10,4,11,3,1,0,0,20,0
32,12,2,9,0,1,0,0,48,0
54,4,4,2,1,1,0,0,50,0
31,1,4,5,1,1,0,0,25,0
42,11,0,9,4,1,0,0,40,0
23,6,4,5,3,1,0,0,40,0
18,9,4,11,3,0,0,0,33,0
37,10,4,11,1,1,0,0,50,0
53,12,0,0,4,0,0,0,40,0
50,9,2,9,0,1,0,0,84,0
64,9,6,0,1,0,0,0,40,0
55,14,2,9,0,1,0,0,60,0
63,13,2,11,0,1,7298,0,40,0
53,10,0,0,4,0,4865,0,45,0
18,7,4,0,4,1,0,0,40,0
33,7,2,2,0,1,0,0,40,0
62,7,6,5,1,0,0,0,40,0
56,14,2,9,0,1,15024,0,48,0
58,14,2,0,0,1,15024,0,43,0
33,6,5,11,4,0,0,0,38,0
58,9,2,13,0,1,0,0,45,0
44,13,2,2,0,1,0,0,50,0
81,4,6,6,4,0,1264,0,40,0
28,9,4,2,2,1,0,0,35,0
28,9,4,0,3,1,0,0,40,0
43,13,2,2,0,1,0,0,45,0
51,9,2,0,5,0,0,0,40,0
23,10,4,9,3,1,0,0,52,0
48,9,5,7,4,0,0,0,45,0
45,13,2,3,0,1,15024,0,48,0
48,6,2,13,0,1,0,0,70,0
37,9,0,7,1,0,0,0,16,0
34,14,2,0,0,1,0,0,50,0
63,10,2,11,0,1,0,1902,60,0
38,4,2,2,0,1,0,0,40,0
29,9,4,12,3,1,0,0,40,0
33,5,2,6,0,1,0,0,40,0
47,3,5,7,4,0,0,0,40,0
30,5,0,4,3,1,0,0,30,0
35,10,2,3,0,1,0,0,40,0
54,13,2,11,0,1,0,2415,40,0
26,14,4,3,1,1,6849,0,50,0
39,9,4,2,1,1,0,0,54,0
34,9,5,7,1,0,0,0,40,0
55,13,2,6,0,1,0,0,40,0
33,11,2,4,0,1,0,0,76,0
17,4,4,7,3,1,0,0,36,0
27,6,4,7,3,0,0,0,38,0
53,5,2,5,0,1,0,0,41,0
43,10,4,0,1,0,0,0,40,0
22,9,4,3,1,1,0,0,40,0
52,13,0,12,4,0,0,0,50,0
60,4,2,2,0,1,0,0,40,0
55,13,2,11,0,1,15024,0,65,0
39,9,2,12,0,1,0,0,40,0
29,13,2,3,0,1,0,1848,40,0
41,9,2,13,0,1,7298,0,50,0
61,9,6,13,4,0,0,0,40,0
71,6,2,0,0,1,0,0,40,0
20,10,4,6,3,1,0,0,35,0
33,13,4,9,1,0,0,0,40,0
52,9,2,0,0,1,0,0,40,0
40,10,2,2,0,1,0,0,40,0
31,15,2,9,0,1,0,0,99,0
42,13,2,3,0,1,7688,0,50,0
63,9,2,11,0,1,0,0,21,0
53,7,2,2,0,1,0,0,45,0
34,6,2,2,0,1,0,0,40,0
48,10,5,2,4,1,1506,0,40,0
49,9,0,7,1,0,0,0,24,0
28,13,4,9,3,0,0,0,55,0
44,15,2,9,0,1,99999,0,60,0
27,9,2,13,0,1,0,0,40,0
49,3,3,6,4,0,0,0,20,0
34,4,4,8,3,0,0,0,30,0
27,13,4,2,3,1,0,0,35,0
38,10,2,2,0,1,0,0,36,0
24,13,4,3,1,1,0,0,40,0
29,10,4,5,3,1,0,1719,48,0
39,9,0,11,2,0,0,0,40,0
50,14,2,2,0,1,0,0,40,0
42,9,2,2,0,1,0,0,42,0
44,14,4,3,1,0,0,0,40,0
58,9,0,11,1,1,0,0,40,0
25,10,4,0,1,0,0,0,50,0
23,10,4,7,1,0,0,0,35,0
20,10,4,11,3,1,0,0,40,0
46,10,2,11,0,1,0,0,45,0
21,9,4,11,3,0,0,0,35,0
63,6,5,7,4,0,0,0,40,0
38,12,2,2,0,1,4386,0,40,0
27,10,2,13,0,1,0,0,55,0
41,14,2,7,5,0,0,0,50,0
43,13,2,3,0,1,99999,0,50,0
39,13,0,3,1,1,0,0,40,0
56,15,2,9,0,1,99999,0,45,0
44,16,2,9,0,1,5013,0,60,0
24,10,4,13,3,1,0,0,40,0
49,12,0,0,1,0,4650,0,40,0
38,11,2,7,0,1,0,0,70,0
36,9,0,11,1,1,0,0,35,0
50,9,0,0,4,0,0,0,40,0
46,10,4,6,1,0,0,0,52,0
41,13,5,9,4,0,0,0,10,0
46,8,2,2,0,1,0,0,40,0
44,15,2,9,0,1,0,0,50,0
35,10,0,12,1,1,0,0,50,0
44,12,0,3,4,0,0,0,45,0
51,9,2,11,0,1,0,0,50,0
74,4,6,7,1,0,0,0,35,0
32,9,4,0,1,0,0,0,35,0
22,10,4,0,3,0,0,0,30,0
47,9,0,3,4,0,0,0,40,0
32,8,4,13,4,1,0,0,40,0
64,10,6,3,1,0,0,0,25,0
44,14,0,9,4,0,0,0,25,0
59,13,6,3,4,1,0,3004,40,0
34,9,2,7,5,0,0,0,35,0
54,13,0,9,4,1,0,0,40,0
33,10,0,7,1,0,0,0,30,0
44,2,2,13,5,0,3908,0,60,0
31,10,2,0,0,1,0,0,40,0
30,9,2,0,0,1,0,0,40,0
18,7,4,5,3,1,0,0,17,0
56,15,2,9,0,1,0,0,55,0
24,9,4,0,1,0,0,0,40,0
23,10,4,3,1,1,0,0,40,0
51,7,0,6,1,1,0,0,40,0
24,13,4,9,4,1,0,0,20,0
39,9,4,5,4,1,0,0,40,0
49,9,2,7,0,1,0,0,40,0
42,14,4,9,1,1,0,0,45,0
51,14,5,9,1,1,0,0,39,0
20,10,4,11,3,0,594,0,24,0
49,6,4,6,1,0,0,0,40,0
31,15,2,9,0,1,0,0,50,0
41,10,4,11,1,1,0,0,40,0
35,9,2,3,0,1,0,0,60,0
35,11,2,2,0,1,4386,0,42,0
46,14,0,3,4,0,0,0,8,0
35,9,0,6,4,0,0,0,60,0
21,10,4,12,3,1,0,0,20,0
45,8,0,2,1,1,0,0,40,0
37,12,2,2,0,1,0,0,40,0
45,12,0,3,1,0,0,1590,40,0
18,6,4,7,3,1,0,0,24,0
53,10,2,9,0,1,0,0,45,0
24,13,4,9,3,0,0,0,40,0
35,9,2,0,0,1,0,0,40,0
28,9,2,7,0,1,0,0,40,0
50,9,2,11,0,1,7688,0,56,0
38,9,0,0,1,0,0,0,50,0
34,9,0,2,4,1,0,0,40,0
53,10,2,13,0,1,0,0,32,0
46,12,2,11,0,1,15024,0,45,0
50,10,0,11,4,1,0,0,45,0
45,10,5,7,4,0,0,0,40,0
29,11,4,11,3,1,0,0,23,0
41,13,2,2,0,1,99999,0,40,0
43,13,2,3,0,1,0,1977,50,0
29,10,2,2,0,1,0,0,56,0
53,10,2,3,0,1,0,0,45,0
24,9,4,7,1,0,0,0,40,0
35,9,2,13,0,1,0,0,40,0
25,10,4,5,3,1,0,0,30,0
43,11,2,10,0,1,0,0,56,0
38,6,3,7,1,1,0,0,45,0
64,4,5,8,1,0,0,0,35,0
37,13,4,9,3,1,27828,0,40,0
48,9,2,5,0,1,0,0,35,0
27,9,2,9,0,1,0,0,50,0
45,13,2,11,0,1,0,0,40,0
41,14,6,9,1,0,10520,0,38,0
42,5,0,7,4,0,0,0,40,0
29,13,4,11,3,0,0,0,50,0
29,9,3,13,1,1,0,0,49,0
71,13,2,9,0,1,0,0,30,0
29,6,5,3,1,0,0,0,40,0
23,13,4,0,1,1,0,0,16,0
28,13,4,11,3,1,0,0,2,0
55,13,2,9,0,1,0,0,40,0
47,13,2,9,5,0,0,0,40,0
33,9,5,5,4,0,0,0,40,0
35,8,2,4,0,1,0,0,40,0
42,13,2,0,5,0,0,0,45,0
33,9,3,0,4,1,0,0,40,0
30,14,4,3,1,1,0,0,40,0
37,10,2,2,0,1,0,0,40,0
46,10,2,9,0,1,0,0,35,0
42,9,2,13,0,1,0,0,40,0
28,14,4,3,1,1,0,0,58,0
36,9,2,0,0,1,0,0,40,0
39,9,4,0,1,0,0,0,40,0
27,9,4,12,1,1,0,0,40,0
57,9,2,0,5,0,0,0,38,0
50,9,0,8,4,0,0,0,12,0
63,10,2,3,0,1,0,1887,40,0
44,10,0,11,4,1,0,625,50,0
38,6,2,2,0,1,0,0,40,0
30,10,4,11,1,1,0,0,40,0
20,10,4,0,3,0,0,0,25,0
44,15,2,9,0,1,0,0,50,0
24,9,4,6,1,1,0,0,40,0
26,10,4,13,1,1,2354,0,40,0
42,10,2,4,0,1,0,0,70,0
54,9,2,2,0,1,0,0,40,0
45,10,0,0,1,0,0,0,45,0
37,2,2,4,0,1,0,0,40,0
30,13,4,9,1,1,0,0,40,0
36,10,2,2,0,1,7298,0,40,0
19,5,4,7,3,0,0,0,50,0
22,12,4,0,1,0,0,0,40,0
65,9,6,0,1,0,0,0,40,0
36,9,2,11,0,1,0,0,30,0
22,9,4,0,3,0,0,0,40,0
28,11,2,2,0,1,0,0,50,0
30,13,2,3,0,1,0,0,40,0
47,10,2,3,0,1,0,0,55,0
29,10,4,3,1,0,0,0,40,0
36,9,2,6,0,1,0,0,40,0
30,13,0,11,3,0,0,0,40,0
52,14,2,3,5,0,15024,0,60,0
62,9,0,3,4,0,0,0,40,0
42,14,2,2,0,1,0,0,55,0
33,9,2,13,0,1,0,0,40,0
17,7,4,11,2,0,0,0,26,0
54,9,4,0,1,0,0,0,40,0
41,9,4,6,1,1,0,0,40,0
45,14,0,9,1,0,0,0,45,0
37,10,4,9,4,0,0,0,15,0
21,9,4,5,1,0,0,0,34,0
29,13,0,12,1,0,0,0,40,0
18,9,4,0,3,1,0,0,40,0
62,9,2,10,0,1,0,0,40,0
19,10,4,2,3,0,0,0,20,0
62,4,6,6,4,0,0,0,35,0
58,13,0,9,1,0,0,0,40,0
34,10,2,0,0,1,0,0,50,0
62,7,4,6,2,1,0,0,50,0
23,10,2,0,0,1,0,0,12,0
37,13,3,3,4,1,4934,0,50,0
42,12,4,0,1,1,0,0,46,0
21,7,4,7,4,1,0,0,40,0
41,13,0,3,4,0,0,0,40,0
27,7,4,5,3,1,0,0,40,0
37,13,2,3,0,1,0,0,40,0
40,9,2,6,0,1,0,0,45,0
62,4,2,2,0,1,0,0,40,0
29,10,4,7,1,0,0,0,40,0
33,14,2,3,0,1,0,1977,50,0
53,9,0,6,1,0,0,0,40,0
64,11,0,12,1,0,0,0,40,0
60,10,2,2,0,1,15024,0,48,0
47,7,4,5,3,1,0,0,40,0
45,14,2,3,0,1,0,0,40,0
33,11,2,12,0,1,0,0,40,0
29,13,2,9,0,1,5178,0,45,0
57,4,2,2,0,1,3103,0,40,0
19,9,4,7,3,1,0,0,35,0
63,3,2,11,0,1,0,0,25,0
42,12,0,9,1,0,0,0,40,0
38,13,2,12,0,1,0,0,50,0
34,6,4,4,1,1,0,0,40,0
35,4,2,2,0,1,0,0,40,0
38,13,2,11,5,0,0,0,8,0
52,10,2,9,0,1,0,0,40,0
32,10,2,2,0,1,0,0,40,0
67,16,0,3,1,1,99999,0,60,0
26,14,4,9,1,0,0,2001,40,0
58,14,2,3,0,1,0,0,60,0
48,11,2,0,0,1,0,0,40,0
25,13,4,9,3,1,0,0,40,0
25,13,4,9,1,1,4865,0,48,0
25,10,4,5,4,1,0,0,50,0
18,9,4,5,3,1,0,0,12,0
36,9,2,11,0,1,0,0,60,0
45,7,2,2,0,1,0,0,50,0
34,9,4,2,1,1,0,0,40,0
68,13,2,11,0,1,0,0,40,0
37,10,4,3,1,1,0,0,50,0
21,10,4,3,3,1,0,0,15,0
49,10,2,9,0,1,0,0,40,0
39,14,4,9,1,0,0,0,50,0
41,16,2,3,5,0,0,1902,40,0
35,14,2,3,0,1,0,0,50,0
29,10,2,7,0,1,0,0,40,0
54,13,2,9,0,1,7688,0,40,0
18,7,4,7,3,1,0,0,30,0
30,10,2,0,3,1,0,0,40,0
23,9,4,0,3,0,0,0,40,0
36,9,2,6,0,1,0,0,50,0
34,10,2,9,0,1,0,0,45,0
39,11,2,4,0,1,0,0,60,0
26,6,4,5,3,1,0,0,40,0
78,10,2,2,0,1,0,0,40,0
28,10,4,3,1,0,0,0,40,0
51,10,2,0,5,0,0,0,40,0
33,10,2,10,0,1,0,0,50,0
34,13,2,9,0,1,0,0,40,0
33,15,2,9,0,1,7688,0,50,0
28,14,2,11,0,1,0,0,60,0
55,5,2,5,0,1,0,0,4,0
30,11,4,6,1,1,0,0,45,0
45,9,3,2,1,1,0,0,40,0
46,11,2,2,0,1,0,0,40,0
17,7,4,0,3,0,0,0,7,0
40,7,2,6,0,1,0,0,40,0
44,14,0,9,1,0,0,0,50,0
56,9,2,11,0,1,0,0,40,0
69,12,2,11,0,1,0,0,40,0
41,2,2,13,0,1,0,0,40,0
47,7,0,7,1,1,0,0,40,0
33,7,2,13,0,1,3464,0,40,0
25,13,4,9,1,1,0,0,20,0
42,4,6,5,1,0,0,0,35,0
24,11,4,9,3,0,0,0,40,0
48,13,6,9,4,0,0,0,40,0
82,4,6,3,1,0,0,0,40,0
36,9,2,11,0,1,0,0,40,0
34,15,4,9,1,0,10520,0,40,0
28,9,2,13,0,1,0,0,40,0
65,10,2,3,0,1,20051,0,40,0
66,10,2,13,0,1,0,0,60,0
40,10,4,2,2,1,0,0,30,0
37,3,2,6,0,1,0,0,40,0
34,13,2,11,0,1,0,0,40,0
41,14,6,9,1,0,0,0,20,0
43,14,2,3,5,0,0,1977,50,0
20,9,4,13,1,1,0,0,45,0
59,14,2,9,5,0,0,0,10,0
48,9,2,6,0,1,0,0,40,0
45,11,2,9,0,1,0,0,40,0
28,9,2,2,0,1,0,0,48,0
43,13,5,0,4,0,0,0,35,0
18,10,4,7,3,0,0,0,15,0
55,16,2,9,0,1,0,2179,60,0
21,9,4,7,3,1,0,0,40,0
47,13,2,2,0,1,0,0,40,0
45,12,4,3,1,0,0,0,40,0
61,9,0,7,1,0,0,0,40,0
23,6,4,2,1,1,0,0,40,0
44,14,5,9,4,0,0,0,40,0
45,9,2,3,5,0,0,0,50,0
35,13,4,0,1,0,4101,0,40,0
49,13,2,3,0,1,0,0,50,0
40,13,2,10,0,1,0,0,40,0
28,14,4,9,1,1,0,0,40,0
33,10,4,3,1,0,0,0,60,0
31,11,4,2,3,1,0,0,40,0
38,12,4,9,1,1,0,0,40,0
62,6,0,11,1,0,0,0,35,0
40,9,4,5,1,1,0,0,40,0
61,9,0,0,1,0,0,0,40,0
42,14,2,0,5,0,0,1902,40,0
32,13,2,9,0,1,0,0,45,0
52,9,0,13,1,1,0,0,40,0
34,9,2,9,0,1,0,0,40,0
37,12,4,3,1,0,0,0,50,0
30,13,4,3,1,1,8614,0,45,0
27,11,2,2,0,1,0,0,40,0
25,9,4,11,1,0,0,0,35,0
32,10,2,13,0,1,0,0,50,0
47,13,0,3,4,0,0,0,60,0
43,10,4,0,4,1,0,0,38,0
50,14,2,9,0,1,0,0,36,0
42,12,5,9,4,0,0,0,40,0
31,7,4,2,1,1,0,0,30,0
43,9,2,13,0,1,0,0,30,0
37,9,4,7,2,0,0,0,17,0
58,13,0,0,1,1,3325,0,40,0
32,10,0,11,1,0,0,0,38,0
35,14,4,9,1,0,0,0,38,0
40,10,2,4,0,1,0,0,60,0
39,9,2,7,0,1,0,1573,45,0
51,14,2,11,0,1,0,0,55,0
42,9,2,3,0,1,0,0,50,0
27,10,0,11,1,0,0,0,40,0
69,9,6,0,1,0,0,1429,30,0
74,11,6,8,1,0,0,0,40,0
36,12,2,3,0,1,0,0,43,0
48,3,2,13,0,1,0,0,40,0
38,10,2,9,0,1,0,0,40,0
68,5,2,2,0,1,1797,0,24,0
40,15,4,9,3,0,0,0,40,0
23,5,2,6,0,1,0,0,40,0
48,9,0,3,1,1,0,0,40,0
47,14,2,9,0,1,0,0,40,0
55,9,6,2,4,1,0,0,51,0
22,10,4,0,1,0,0,0,17,0
49,9,2,2,2,1,0,0,40,0
51,9,6,11,1,0,0,0,40,0
42,13,2,3,0,1,7688,0,40,0
31,13,2,3,0,1,0,0,50,0
67,9,2,9,0,1,0,0,24,0
59,14,2,13,0,1,0,0,15,0
66,9,6,8,4,0,0,0,25,0
28,11,4,3,1,1,0,0,60,0
33,10,2,4,0,1,0,0,50,0
44,13,4,9,1,1,0,0,55,0
39,14,2,9,0,1,0,0,45,0
39,13,2,2,0,1,0,0,42,0
46,9,0,3,4,0,0,0,38,0
19,1,4,4,1,1,0,0,36,0
44,10,2,2,0,1,0,0,50,0
24,9,4,11,3,1,0,2205,40,0
48,9,4,7,3,0,0,0,42,0
27,9,2,5,0,1,3137,0,50,0
44,10,0,9,3,1,3325,0,35,0
30,9,4,0,1,0,0,0,35,0
32,13,2,9,0,1,0,0,40,0
49,14,2,10,0,1,15024,0,78,0
37,1,2,11,0,1,0,0,30,0
24,13,4,3,2,0,0,0,60,0
19,10,4,0,3,0,0,0,20,0
20,10,4,0,3,0,0,0,10,0
25,12,4,3,1,1,0,0,45,0
29,10,0,6,1,1,0,0,40,0
43,10,2,3,0,1,0,0,40,0
35,12,2,12,0,1,0,0,40,0
47,10,2,10,0,1,0,0,48,0
53,9,2,2,0,1,0,0,40,0
27,9,2,4,0,1,0,0,40,0
32,9,4,0,4,0,0,0,40,0
36,9,2,2,0,1,0,0,40,0
55,4,2,11,0,1,0,0,80,0
41,6,2,13,0,1,0,0,70,0
49,16,0,9,4,1,0,0,63,0
36,9,2,2,0,1,0,0,40,0
62,13,2,11,0,1,2829,0,28,0
44,9,2,2,0,1,0,0,72,0
69,13,2,3,0,1,0,1258,40,0
22,10,4,0,3,0,0,0,40,0
36,9,2,2,0,1,0,0,25,0
58,9,2,11,0,1,3464,0,60,0
32,9,2,2,0,1,2407,0,40,0
27,10,0,11,4,0,0,0,35,0
35,9,4,2,2,1,0,0,40,0
58,13,2,11,0,1,0,0,40,0
18,10,4,0,3,0,0,0,20,0
48,11,0,12,2,0,0,0,10,0
22,6,4,6,1,1,0,0,40,0
39,9,0,5,1,1,0,0,40,0
47,13,2,11,0,1,0,0,60,0
23,3,4,5,4,1,0,0,40,0
40,11,4,9,3,0,0,0,36,0
35,11,2,0,5,0,0,0,40,0
41,10,2,11,0,1,0,0,40,0
27,9,4,6,4,0,0,0,35,0
58,14,2,3,0,1,0,0,50,0
38,10,0,0,4,0,0,0,40,0
40,13,0,0,4,0,0,0,40,0
29,9,5,8,4,0,0,0,55,0
28,11,4,3,1,0,0,0,40,0
35,10,4,0,1,1,0,0,40,0
18,8,4,6,3,0,0,0,40,0
29,13,4,9,1,0,0,0,40,0
25,10,4,11,2,1,0,0,40,0
65,9,6,0,1,0,0,0,22,0
19,7,4,0,3,0,594,0,15,0
37,5,5,7,4,0,0,0,25,0
22,9,4,7,1,0,0,0,40,0
70,13,2,0,0,1,0,0,40,0
21,10,4,7,1,0,0,0,32,0
21,10,4,6,3,1,0,0,40,0
23,10,4,0,2,0,0,0,40,0
46,9,2,0,0,1,0,0,40,0
33,16,2,9,0,1,0,0,50,0
36,13,2,9,0,1,7298,0,40,0
42,13,2,3,0,1,0,0,60,0
52,11,2,11,0,1,0,0,40,0
60,10,6,4,1,1,0,0,40,0
57,4,0,3,4,0,0,0,40,0
35,13,2,2,0,1,0,0,40,0
24,9,4,0,1,0,0,0,40,0
37,13,2,9,0,1,0,0,55,0
45,9,2,10,0,1,0,0,40,0
48,14,4,3,1,1,0,0,40,0
22,7,2,6,2,1,0,0,42,0
45,9,0,13,1,1,0,0,40,0
32,9,0,13,3,1,0,0,40,0
35,13,4,9,1,1,0,0,40,0
22,13,4,9,3,0,0,0,40,0
34,5,5,0,4,0,0,0,38,0
25,9,4,7,1,1,4416,0,45,0
39,10,4,4,1,0,0,0,40,0
44,9,2,2,0,1,0,0,40,0
33,2,0,6,4,0,0,0,40,0
48,7,2,6,0,1,0,0,40,0
58,9,2,0,0,1,0,0,40,0
36,10,4,3,1,0,0,0,60,0
53,9,6,4,4,0,0,0,55,0
25,10,2,4,0,1,0,0,50,0
21,13,4,11,3,0,0,0,30,0
36,3,2,8,5,0,0,0,40,0
51,9,6,0,4,0,0,0,40,0
26,13,4,9,1,0,0,0,40,0
41,11,0,9,4,0,0,0,40,0
23,13,4,9,3,1,0,0,40,0
20,10,4,3,3,0,0,0,25,0
58,13,2,0,0,1,7688,0,50,0
21,9,4,0,3,1,0,0,25,0
32,13,2,9,0,1,0,0,50,0
62,9,2,0,5,0,0,0,40,0
43,11,2,2,0,1,0,0,60,0
20,10,4,6,3,1,0,0,60,0
23,10,4,0,3,0,0,0,20,0
26,13,4,0,1,0,0,0,40,0
33,15,2,9,0,1,0,0,60,0
30,10,4,2,1,1,0,0,40,0
63,4,2,2,0,1,3471,0,45,0
45,9,0,11,3,0,0,0,40,0
39,10,4,0,1,0,0,0,40,0
26,9,4,5,4,1,0,0,30,0
39,13,4,0,1,1,0,0,40,0
34,13,4,9,1,1,0,0,42,0
33,9,4,7,2,1,0,0,50,0
26,10,2,3,0,1,0,0,40,0
40,10,2,9,0,1,0,0,40,0
49,9,5,5,1,1,0,0,40,0
65,13,0,9,1,0,0,0,35,0
19,7,4,7,3,1,0,0,20,0
47,10,0,10,4,0,0,0,23,0
24,10,4,11,2,1,0,0,20,0
55,10,2,3,0,1,0,1977,45,0
61,9,2,2,0,1,0,0,35,0
47,13,2,9,0,1,0,0,50,0
64,9,2,7,0,1,0,0,40,0
37,9,4,11,1,1,0,2339,40,0
25,9,2,6,0,1,0,0,40,0
41,10,2,2,0,1,0,0,55,0
40,13,2,9,0,1,0,0,40,0
21,11,4,7,3,0,0,0,20,0
54,10,2,3,0,1,0,0,40,0
47,9,2,9,0,1,0,0,40,0
21,10,4,11,3,0,0,0,35,0
32,10,2,2,2,1,0,0,40,0
32,10,0,0,4,0,0,0,30,0
26,13,4,9,1,0,0,0,10,0
23,10,5,7,3,1,0,0,40,0
27,5,5,2,1,1,0,0,40,0
29,10,0,0,4,0,0,0,40,0
43,10,2,2,0,1,0,0,40,0
39,12,3,0,2,1,0,0,60,0
47,9,0,11,1,0,0,0,37,0
34,9,0,13,1,1,0,0,40,0
35,10,0,0,1,0,0,0,45,0
20,10,4,11,3,1,1055,0,30,0
36,9,0,0,4,0,0,0,40,0
52,9,2,13,0,1,0,0,99,0
38,9,2,3,0,1,0,0,40,0
33,9,2,2,0,1,0,0,40,0
18,9,4,5,3,1,0,0,35,0
38,12,3,0,4,0,0,0,40,0
56,10,2,10,0,1,0,0,50,0
30,10,2,3,0,1,0,0,45,0
35,10,2,6,0,1,0,0,50,0
60,9,2,11,0,1,0,0,50,0
20,3,2,2,0,1,0,0,40,0
18,8,4,10,3,0,0,0,45,0
19,10,4,11,3,0,0,0,15,0
53,9,2,11,0,1,5013,0,40,0
18,10,4,6,3,0,0,0,20,0
44,5,2,2,0,1,0,0,45,0
57,3,0,7,1,0,0,0,37,0
40,13,2,13,0,1,0,0,70,0
33,13,4,9,1,1,0,0,50,0
19,3,4,4,1,1,0,0,36,0
40,10,4,7,3,1,0,0,84,0
20,10,4,6,1,0,0,0,40,0
47,13,2,11,0,1,0,0,65,0
41,9,5,2,4,1,0,0,40,0
47,10,2,2,0,1,0,1887,40,0
23,10,4,7,1,1,0,0,30,0
49,10,2,7,0,1,0,0,70,0
37,13,2,2,0,1,0,0,50,0
67,9,0,2,1,1,0,0,40,0
24,9,2,6,0,1,0,0,40,0
39,9,2,2,0,1,0,0,50,0
29,9,2,6,0,1,4386,0,58,0
26,9,4,0,3,1,0,0,40,0
33,10,2,7,5,0,0,0,10,0
23,9,4,7,1,1,0,2339,45,0
37,10,6,13,4,0,0,0,40,0
30,14,0,9,4,1,0,1726,40,0
41,9,0,7,4,0,0,0,40,0
23,13,4,0,3,0,0,0,40,0
47,12,2,3,0,1,0,0,40,0
24,9,4,6,1,0,0,0,40,0
39,9,5,3,1,1,0,2258,70,0
33,9,2,2,0,1,0,0,60,0
25,9,4,7,1,0,0,0,40,0
40,9,5,7,4,0,0,0,40,0
67,5,2,13,0,1,0,0,40,0
55,9,2,0,5,0,0,0,18,0
69,11,6,0,4,0,0,0,40,0
34,9,2,12,0,1,0,1672,42,0
52,15,2,9,0,1,15024,0,40,0
47,13,2,5,0,1,0,0,40,0
45,11,4,7,4,0,0,0,40,0
23,13,4,11,3,0,0,1590,40,0
41,13,4,3,1,1,0,0,40,0
32,13,2,9,0,1,0,0,40,0
57,14,2,3,0,1,0,0,60,0
34,13,4,5,3,1,0,0,40,0
44,11,2,10,0,1,0,0,50,0
46,9,2,2,0,1,0,0,48,0
60,14,4,3,1,0,3325,0,35,0
46,14,5,9,4,0,0,0,40,0
32,14,4,3,1,0,0,0,52,0
44,14,2,3,0,1,0,1887,60,0
43,9,2,5,0,1,0,0,40,0
48,7,0,0,1,0,0,0,42,0
55,13,2,13,0,1,15024,0,60,0
24,13,4,2,3,1,0,0,40,0
65,10,0,11,1,0,0,0,20,0
51,7,2,2,0,1,0,0,60,0
42,13,2,0,0,1,0,0,40,0
36,10,2,2,0,1,0,0,40,0
19,6,4,7,4,1,0,0,30,0
24,4,4,4,2,1,0,0,50,0
52,9,2,6,0,1,0,0,40,0
28,5,4,8,1,0,0,0,35,0
42,13,2,3,0,1,0,0,40,0
25,9,2,10,0,1,0,0,70,0
53,12,2,3,0,1,0,0,45,0
35,9,2,0,0,1,0,0,36,0
20,9,0,6,1,1,0,0,40,0
38,13,4,3,1,1,13550,0,40,0
46,13,0,3,2,1,0,0,40,0
58,9,2,5,2,1,0,0,40,0
41,10,2,0,5,0,0,0,35,0
66,9,2,4,0,1,2653,0,40,0
38,10,0,0,4,0,0,0,40,0
29,10,0,7,4,0,0,0,28,0
39,10,2,11,0,1,0,0,40,0
44,9,2,10,3,1,0,0,40,0
26,9,4,5,3,1,0,0,25,0
27,13,4,11,3,1,0,0,38,0
29,16,4,9,1,0,0,0,80,0
29,9,2,13,0,1,0,0,70,0
47,10,2,11,0,1,0,0,45,0
29,13,4,9,1,0,0,0,55,0
52,9,2,13,0,1,0,0,40,0
27,7,4,5,2,1,0,0,40,0
29,12,4,0,1,1,0,0,40,0
62,9,2,2,0,1,0,0,40,0
72,9,6,8,1,0,0,0,25,0
27,9,4,3,3,1,0,0,40,0
38,10,2,2,0,1,0,0,55,0
27,9,0,2,1,1,0,0,45,0
49,14,0,9,1,1,0,0,60,0
56,13,2,9,0,1,0,0,40,0
52,15,2,9,0,1,0,0,40,0
22,9,2,6,5,0,0,0,40,0
37,13,2,9,0,1,0,0,40,0
55,9,0,6,2,1,0,0,40,0
38,10,2,13,0,1,0,0,65,0
45,10,4,3,1,0,0,1340,50,0
35,13,2,3,0,1,0,0,40,0
21,10,4,11,4,1,0,0,60,0
54,13,2,3,5,0,0,0,45,0
19,9,4,11,3,0,0,0,40,0
48,14,2,3,0,1,0,0,55,0
41,9,2,3,0,1,0,0,40,0
20,5,4,7,3,0,0,0,40,0
56,7,2,12,5,0,0,0,40,0
49,9,0,0,2,0,0,0,40,0
45,4,4,0,3,0,0,0,20,0
46,9,0,4,1,1,0,0,50,0
39,9,0,5,3,1,0,0,40,0
34,7,5,7,4,0,0,0,40,0
46,9,2,2,0,1,0,0,40,0
41,9,2,13,0,1,0,0,60,0
48,13,4,3,1,0,0,0,35,0
71,5,2,10,0,1,0,0,39,0
26,13,4,9,1,1,0,0,40,0
47,9,2,11,5,0,0,0,40,0
23,9,4,13,3,1,0,0,40,0
65,9,6,2,1,1,0,0,55,0
60,9,4,0,1,0,0,0,38,0
35,9,4,2,4,1,0,0,40,0
32,9,2,2,0,1,0,0,40,0
36,9,2,0,0,1,0,0,38,0
41,10,2,0,5,0,0,0,40,0
24,9,4,7,1,0,0,0,20,0
45,9,4,6,3,0,0,0,40,0
48,12,2,2,0,1,0,0,48,0
20,10,4,0,1,0,0,0,25,0
39,12,4,12,1,0,0,0,38,0
21,10,4,7,1,0,0,0,30,0
49,13,2,9,5,0,0,2415,3,0
30,9,4,10,1,1,0,0,40,0
68,14,6,9,1,0,0,0,5,0
30,14,2,9,0,1,0,0,50,0
32,15,2,9,0,1,15024,0,40,0
49,9,0,7,1,1,0,0,40,0
24,10,0,0,1,1,0,0,50,0
34,10,0,9,1,1,0,0,44,0
40,13,4,9,1,0,0,0,40,0
41,12,2,9,5,0,0,0,40,0
23,9,4,11,1,0,0,0,30,0
48,9,0,7,1,0,0,0,16,0
56,9,2,3,2,0,0,0,21,0
42,16,0,9,4,0,0,0,36,0
37,10,2,2,0,1,0,0,40,0
32,5,2,7,0,1,0,0,40,0
40,9,5,7,1,0,0,0,40,0
40,14,2,3,0,1,99999,0,52,0
33,7,4,11,4,0,0,0,34,0
58,9,2,7,0,1,0,0,40,0
32,9,2,6,0,1,0,0,40,0
47,10,2,2,0,1,5178,0,40,0
41,9,2,0,5,0,0,0,38,0
56,11,6,0,4,0,0,0,40,0
22,9,4,11,4,0,0,0,60,0
30,13,4,9,1,1,0,0,40,0
32,13,2,3,0,1,0,0,40,0
27,9,4,2,1,1,0,0,40,0
35,13,2,9,5,0,15024,0,35,0
37,9,4,6,4,1,1506,0,40,0
48,9,0,13,1,1,0,0,46,0
42,9,4,6,4,0,0,0,40,0
35,13,2,9,0,1,0,0,40,0
20,10,4,3,1,0,0,0,35,0
33,13,2,3,0,1,15024,0,55,0
25,10,2,4,0,1,0,0,80,0
29,13,2,9,0,1,0,0,40,0
47,10,0,13,4,1,0,0,40,0
28,13,4,0,1,0,0,0,55,0
20,10,4,11,1,0,0,0,20,0
30,13,4,9,1,0,0,0,40,0
48,12,0,12,1,0,0,0,40,0
22,10,4,10,1,1,0,0,20,0
57,6,4,9,1,1,0,0,35,0
24,12,4,11,1,1,0,0,70,0
32,4,3,4,2,1,0,0,35,0
67,4,6,7,1,0,1086,0,15,0
22,10,4,6,3,1,0,0,40,0
20,9,4,5,3,1,0,0,40,0
29,3,4,5,1,1,0,0,42,0
37,9,2,5,0,1,0,0,40,0
30,13,4,12,1,0,0,0,40,0
32,13,5,9,1,0,0,0,40,0
31,13,4,3,1,0,0,0,40,0
39,9,2,3,0,1,0,0,60,0
48,9,0,11,4,0,0,0,50,0
38,11,0,9,4,0,0,0,40,0
25,11,4,9,3,0,0,0,35,0
22,9,4,7,3,0,0,0,24,0
17,6,4,11,1,0,0,0,15,0
44,13,2,13,0,1,0,0,52,0
28,13,4,9,1,1,0,0,50,0
18,9,4,5,3,1,0,0,30,0
37,6,0,13,4,1,0,0,40,0
26,9,4,2,3,1,0,0,35,0
43,10,4,7,4,0,0,0,28,0
23,10,4,2,3,1,0,1504,40,0
43,9,2,3,0,1,0,0,50,0
45,9,2,11,0,1,15024,0,50,0
34,9,0,5,3,1,0,0,35,0
42,13,2,9,0,1,0,0,50,0
22,10,4,11,1,1,0,0,44,0
38,9,4,7,4,0,0,0,40,0
35,9,2,2,0,1,0,0,40,0
39,9,4,3,3,0,0,0,50,0
44,10,2,11,0,1,0,0,40,0
45,13,2,0,0,1,0,0,45,0
25,10,3,11,1,0,0,0,40,0
54,14,2,9,5,0,0,1887,38,0
47,3,4,6,4,0,0,0,40,0
36,13,0,8,4,0,0,0,40,0
48,13,2,11,0,1,0,2415,50,0
66,9,4,4,2,1,0,0,20,0
58,3,2,6,0,1,0,0,48,0
25,9,4,6,4,1,0,0,40,0
30,9,4,5,3,0,99999,0,40,0
51,10,0,0,1,1,0,0,40,0
30,13,4,0,3,1,0,2559,40,0
20,10,4,7,3,1,0,0,30,0
57,13,2,11,0,1,0,0,50,0
23,10,4,5,1,0,0,0,20,0
33,9,4,2,1,1,0,0,35,0
47,10,2,3,0,1,0,0,37,0
54,9,0,0,1,0,0,0,40,0
75,6,2,13,0,1,0,0,40,0
36,10,2,9,0,1,0,0,50,0
51,9,6,3,1,0,3325,0,40,0
32,9,2,6,0,1,0,0,40,0
20,9,4,6,3,1,0,0,40,0
20,10,4,3,4,0,0,0,40,0
41,13,2,0,5,0,0,0,40,0
31,14,2,9,0,1,0,0,40,0
41,13,0,7,4,0,0,0,40,0
56,9,2,11,5,0,0,0,36,0
46,6,0,13,1,1,0,0,50,0
59,9,2,2,0,1,0,0,40,0
31,13,2,10,0,1,0,0,40,0
20,9,4,7,3,1,0,0,23,0
69,11,6,0,1,0,1848,0,50,0
35,13,2,3,0,1,0,1977,50,0
58,9,2,13,0,1,0,0,38,0
21,10,4,11,1,0,0,0,45,0
60,9,2,3,0,1,0,0,45,0
29,9,0,6,1,1,0,0,40,0
29,10,2,9,0,1,0,0,40,0
53,9,2,3,0,1,0,0,40,0
43,9,2,0,5,0,0,1848,40,0
55,14,2,3,5,0,0,0,40,0
29,10,4,2,1,1,0,2258,45,0
37,13,4,11,1,0,0,0,30,0
37,9,0,0,1,0,0,0,40,0
41,13,0,9,1,0,0,0,40,0
57,9,2,6,0,1,0,0,40,0
41,9,0,0,4,0,0,0,40,0
49,13,2,0,0,1,0,0,40,0
61,10,2,6,0,1,0,0,56,0
44,9,4,3,1,0,0,0,52,0
36,10,2,11,0,1,5178,0,50,0
29,12,2,10,0,1,0,0,72,0
51,7,4,4,1,0,0,0,40,0
19,9,4,7,3,0,0,0,32,0
53,6,5,7,4,0,0,0,40,0
43,9,2,3,0,1,0,0,60,0
42,9,2,2,0,1,2885,0,40,0
44,2,2,4,0,1,0,0,40,0
37,8,2,2,0,1,0,0,40,0
24,13,4,9,3,1,0,0,25,0
30,9,2,2,0,1,0,0,35,0
56,10,0,3,1,0,3325,0,45,0
58,10,6,7,1,0,0,0,40,0
20,9,4,2,4,0,0,0,40,0
36,10,2,9,0,1,0,0,50,0
26,13,4,12,1,1,0,0,40,0
42,9,2,13,0,1,0,0,60,0
24,10,4,2,3,1,0,0,45,0
26,9,4,2,3,1,0,0,56,0
19,10,4,0,3,0,0,0,25,0
21,9,4,7,2,0,0,0,33,0
43,16,2,9,5,0,0,0,40,0
20,10,4,13,2,1,0,0,40,0
47,9,0,7,4,0,0,0,40,0
62,14,2,9,0,1,7688,0,40,0
46,10,2,2,0,1,5013,0,60,0
54,13,2,9,0,1,0,1902,40,0
43,10,2,3,0,1,0,0,60,0
34,9,5,2,4,1,0,0,80,0
47,12,4,3,1,0,0,0,40,0
58,9,2,3,0,1,0,0,40,0
20,9,4,7,4,0,0,0,35,0
26,11,4,12,1,1,14344,0,40,0
51,14,2,9,0,1,0,0,35,0
53,15,2,9,0,1,0,1887,40,0
53,12,2,9,5,0,0,0,37,0
46,13,0,9,4,0,0,0,45,0
32,7,2,2,0,1,0,0,40,0
42,13,2,13,0,1,0,0,40,0
28,9,4,2,1,1,0,0,40,0
67,12,2,3,0,1,0,0,50,0
23,10,4,11,1,1,0,0,50,0
27,6,0,5,3,1,0,0,40,0
65,9,2,5,0,1,0,0,25,0
22,13,4,11,3,1,0,0,50,0
27,10,4,5,2,1,0,0,30,0
30,7,4,0,3,1,0,0,40,0
44,13,0,7,1,0,0,0,65,0
35,13,2,3,0,1,0,0,40,0
27,9,2,7,0,1,0,0,40,0
36,13,0,7,3,1,0,0,40,0
42,10,2,3,0,1,0,0,45,0
32,10,4,7,1,1,0,0,34,0
53,2,2,4,0,1,0,0,45,0
41,10,0,0,4,0,0,0,40,0
65,4,6,8,1,0,0,1668,31,0
22,10,4,7,1,0,0,0,60,0
65,9,0,0,1,0,0,0,16,0
21,10,2,11,0,1,0,0,40,0
28,15,2,9,0,1,0,0,65,0
24,13,4,11,3,0,0,0,50,0
39,14,2,12,0,1,15024,0,50,0
52,13,2,3,0,1,0,0,40,0
18,9,4,7,2,0,0,0,12,0
62,6,6,0,3,0,0,0,40,0
28,6,4,11,3,1,0,0,80,0
41,13,4,7,3,0,0,0,40,0
28,5,4,13,1,1,6849,0,35,0
43,10,2,13,0,1,3103,0,70,0
61,13,2,9,0,1,0,0,40,0
26,14,4,9,1,0,0,0,10,0
34,13,4,3,2,1,0,0,40,0
21,9,4,0,3,1,0,0,20,0
60,9,5,0,4,0,0,0,20,0
28,9,2,11,0,1,0,0,35,0
32,11,2,4,0,1,7298,0,70,0
51,9,2,2,0,1,0,0,40,0
48,7,2,6,0,1,0,0,56,0
37,9,0,12,4,0,1151,0,40,0
40,10,0,2,4,0,0,0,40,0
44,4,2,2,0,1,0,0,40,0
27,10,4,5,3,1,0,0,40,0
55,11,2,11,5,0,0,0,30,0
40,13,2,9,5,0,0,0,24,0
30,13,4,2,1,1,0,0,70,0
36,9,4,2,3,1,0,0,40,0
74,4,6,7,1,0,0,0,40,0
34,12,2,0,0,1,0,0,40,0
48,11,2,2,0,1,0,0,42,0
44,3,2,13,0,1,0,0,40,0
48,9,6,3,1,1,14084,0,45,0
25,9,4,7,1,1,0,0,65,0
33,13,2,0,5,0,0,0,40,0
49,13,4,0,1,0,0,0,40,0
33,13,4,9,1,1,0,1974,30,0
29,13,2,9,0,1,0,0,50,0
47,13,2,3,0,1,0,1977,55,0
33,9,4,6,1,1,0,0,44,0
65,15,3,2,1,1,0,0,48,0
17,6,4,5,3,1,0,0,15,0
58,13,6,2,1,1,0,0,40,0
55,10,4,0,3,0,0,0,40,0
37,10,4,11,3,1,0,0,48,0
60,9,2,13,0,1,0,0,45,0
25,9,2,6,0,1,0,0,45,0
34,9,0,0,4,0,0,0,40,0
26,13,2,3,0,1,0,0,72,0
34,9,5,6,1,0,0,0,40,0
48,13,0,3,4,1,0,0,40,0
34,9,4,2,1,1,0,0,40,0
25,11,4,0,1,0,0,0,42,0
20,10,4,11,3,1,0,0,15,0
38,15,2,9,5,0,0,0,50,0
69,14,0,9,1,0,0,0,40,0
27,9,3,11,3,0,0,0,40,0
32,10,4,3,3,1,0,0,40,0
65,9,4,0,1,0,2993,0,40,0
22,13,4,11,3,0,0,0,8,0
25,9,4,7,4,0,0,0,40,0
40,9,0,11,3,0,0,0,25,0
29,13,2,9,0,1,0,0,55,0
33,13,0,3,4,0,0,0,40,0
60,3,6,11,1,0,0,0,40,0
28,9,2,0,0,1,0,0,40,0
28,9,0,3,1,0,0,0,39,0
72,4,2,7,0,1,2290,0,45,0
35,13,2,11,0,1,7298,0,48,0
33,10,0,7,4,0,0,0,99,0
36,14,4,9,1,1,0,0,45,0
18,9,4,2,2,1,0,0,32,0
38,10,2,7,5,0,0,0,20,0
48,13,2,3,0,1,0,0,40,0
22,11,4,11,3,0,0,0,20,0
29,13,2,3,5,0,0,0,40,0
81,13,6,4,1,1,0,0,30,0
19,9,4,7,3,1,0,0,25,0
39,9,2,3,0,1,0,0,60,0
41,12,2,10,0,1,0,0,92,0
50,9,2,2,0,1,0,0,40,0
54,9,6,11,1,0,0,0,46,0
18,7,4,11,3,0,0,0,10,0
54,9,0,13,1,1,0,0,40,0
21,10,4,11,3,0,0,0,20,0
22,5,4,11,2,0,0,0,40,0
19,10,4,6,1,1,0,0,40,0
37,14,2,9,5,0,0,0,8,0
37,7,2,2,0,1,0,0,25,0
31,14,2,9,0,1,0,0,45,0
31,9,4,2,4,1,0,0,50,0
60,9,2,3,0,1,0,0,50,0
43,13,4,6,1,1,0,0,40,0
65,9,6,8,1,0,0,0,10,0
32,9,2,11,0,1,0,0,40,0
36,9,0,7,4,0,0,0,40,0
53,10,2,3,0,1,0,0,50,0
50,9,0,2,1,1,0,0,40,0
23,7,4,2,4,1,0,0,30,0
60,10,4,0,1,0,0,0,38,0
32,14,4,9,3,0,0,1741,40,0
36,14,2,9,0,1,0,0,43,0
20,10,4,9,3,1,0,0,40,0
39,9,0,0,4,0,0,0,40,0
29,9,0,0,4,0,0,0,30,0
52,13,4,11,2,0,0,0,25,0
41,9,0,11,4,0,0,0,40,0
28,13,2,3,0,1,0,0,50,0
40,11,0,3,4,0,0,0,40,0
40,13,2,9,0,1,0,0,50,0
22,9,4,7,3,1,0,0,18,0
69,9,6,12,4,0,0,0,8,0
28,10,4,12,3,0,0,0,38,0
57,9,0,2,1,0,0,1980,44,0
54,9,2,3,0,1,5178,0,40,0
41,13,2,11,0,1,0,0,40,0
28,9,4,0,1,0,0,0,40,0
39,9,2,4,0,1,0,0,40,0
39,9,2,3,0,1,3137,0,42,0
57,10,2,0,0,1,7688,0,45,0
18,9,4,11,3,1,0,0,15,0
53,7,2,6,0,1,0,0,40,0
44,9,0,11,1,0,0,0,40,0
28,3,4,4,4,1,0,0,40,0
61,5,2,6,0,1,0,2051,40,0
45,10,2,13,0,1,0,0,40,0
52,9,2,11,0,1,0,0,60,0
57,9,2,11,0,1,0,0,40,0
40,9,4,0,1,0,0,0,40,0
72,15,2,9,0,1,0,2377,35,0
23,13,4,11,4,0,0,0,20,0
46,9,5,11,1,0,0,0,36,0
51,9,0,5,4,0,0,0,20,0
46,10,2,9,0,1,0,0,40,0
43,12,4,2,4,0,0,0,40,0
42,13,2,9,0,1,0,0,40,0
53,10,2,0,0,1,0,0,40,0
31,9,0,11,1,0,0,0,40,0
35,13,2,11,0,1,15024,0,45,0
59,9,0,11,4,0,0,0,40,0
38,9,2,2,0,1,0,0,40,0
19,10,4,0,3,0,0,0,20,0
25,14,4,3,1,1,0,0,45,0
26,9,2,6,0,1,0,0,40,0
51,13,2,9,0,1,0,0,40,0
33,9,2,7,5,0,0,0,30,0
25,9,4,2,1,1,2174,0,40,0
35,11,4,2,1,1,0,0,40,0
41,10,2,2,0,1,0,0,45,0
43,13,4,11,3,1,0,0,35,0
49,15,2,9,0,1,0,0,40,0
45,15,2,9,0,1,99999,0,50,0
49,13,2,0,0,1,0,0,40,0
38,14,0,3,1,0,0,0,40,0
39,9,2,3,0,1,7688,0,45,0
39,15,2,9,0,1,0,0,31,0
26,6,0,7,1,0,0,0,40,0
17,6,4,5,3,1,0,0,12,0
26,9,4,0,3,1,0,0,40,0
71,9,0,3,4,0,0,0,3,0
27,10,4,11,3,1,0,0,42,0
34,10,4,2,1,1,0,0,40,0
35,9,4,11,3,1,0,0,38,0
36,9,2,2,0,1,0,0,40,0
39,9,2,2,0,1,0,0,40,0
41,9,0,10,4,1,1506,0,40,0
47,13,2,9,0,1,0,0,40,0
36,9,2,0,0,1,0,0,50,0
43,9,2,2,0,1,0,0,35,0
39,10,2,3,0,1,0,0,50,0
35,9,4,3,4,0,0,0,40,0
22,13,4,9,3,1,0,0,18,0
45,14,2,3,0,1,0,1902,50,0
33,10,5,2,3,1,0,0,60,0
21,9,4,9,1,1,0,0,40,0
37,12,0,3,4,0,0,0,40,0
30,9,4,11,3,1,0,0,80,0
47,9,2,10,0,1,0,0,40,0
45,13,2,7,0,1,0,0,40,0
25,10,4,0,3,0,0,0,25,0
47,10,2,11,0,1,0,0,45,0
68,10,6,0,1,1,0,0,40,0
27,9,4,9,1,1,0,2444,40,0
42,3,2,2,0,1,3103,0,40,0
28,13,4,9,1,1,0,1564,50,0
61,3,2,13,0,1,2290,0,40,0
33,9,5,7,1,0,0,0,40,0
23,9,4,0,1,0,0,0,45,0
40,9,2,2,0,1,0,0,40,0
25,10,4,0,3,0,0,0,40,0
45,9,2,11,0,1,0,0,60,0
23,9,4,2,1,1,0,0,40,0
30,13,4,9,1,1,0,0,50,0
33,10,4,3,1,0,0,0,40,0
21,9,6,2,3,1,0,0,40,0
28,5,2,6,0,1,0,0,40,0
42,9,0,8,4,0,0,0,60,0
43,10,2,13,0,1,0,0,84,0
50,13,2,11,0,1,7688,0,40,0
48,10,0,3,1,1,0,0,50,0
49,10,2,3,0,1,0,0,46,0
28,13,4,9,1,0,0,1408,50,0
36,13,2,11,0,1,0,1902,40,0
28,10,2,10,0,1,0,0,50,0
61,15,2,3,0,1,99999,0,40,0
25,10,2,10,0,1,0,0,40,0
48,5,0,7,1,0,0,0,40,0
36,10,2,2,0,1,0,0,40,0
25,9,4,6,1,1,0,0,40,0
45,3,4,6,1,1,0,0,40,0
18,7,4,7,3,0,0,0,21,0
28,10,4,5,1,1,0,0,35,0
39,9,2,11,0,1,7298,0,50,0
33,13,2,9,0,1,0,0,50,0
28,10,5,0,1,0,0,0,40,0
48,10,0,2,4,1,15020,0,48,0
21,9,4,4,1,1,0,0,50,0
26,10,4,3,3,1,0,0,40,0
40,13,0,3,1,1,0,0,40,0
63,14,2,9,0,1,5013,0,45,0
45,14,2,11,0,1,0,0,50,0
22,10,4,12,3,1,0,0,40,0
52,9,0,2,1,1,0,0,44,0
57,9,2,7,5,0,15024,0,40,0
38,14,2,9,0,1,0,0,40,0
46,13,2,11,0,1,0,1977,45,0
52,14,0,9,4,0,0,2547,40,0
55,15,2,9,0,1,0,0,55,0
21,10,4,11,1,1,0,0,40,0
30,9,2,11,0,1,0,0,50,0
17,8,4,11,3,0,0,0,15,0
57,9,2,3,0,1,0,0,45,0
30,10,4,3,2,0,0,0,40,0
48,10,2,4,0,1,0,0,50,0
24,9,4,5,1,1,0,0,50,0
40,9,2,6,0,1,0,0,40,0
34,9,0,7,4,0,0,0,20,0
35,14,3,10,1,1,0,0,40,0
24,13,4,12,1,0,0,0,40,0
47,14,2,3,0,1,0,0,37,0
21,9,4,7,3,0,0,0,25,0
30,12,4,11,1,1,0,0,40,0
37,9,4,11,1,1,0,0,47,0
24,11,4,11,1,1,0,0,30,0
41,10,2,2,0,1,0,0,40,0
61,13,2,9,0,1,0,1902,40,0
37,9,2,5,0,1,0,2002,40,0
39,9,0,13,3,1,0,0,60,0
28,12,2,10,0,1,0,0,45,0
24,13,4,0,3,1,0,0,20,0
29,10,2,3,0,1,0,0,55,0
61,12,0,9,3,1,0,0,40,0
38,13,2,2,0,1,0,0,40,0
56,16,2,9,0,1,7688,0,65,0
28,10,4,7,1,1,0,0,60,0
24,9,0,11,1,0,0,0,30,0
35,13,2,3,0,1,15024,0,50,0
31,10,2,11,0,1,0,0,43,0
39,10,2,11,0,1,0,0,55,0
20,9,4,7,1,0,0,0,35,0
25,9,4,0,1,0,0,0,40,0
23,13,4,3,1,1,0,0,25,0
37,13,2,9,0,1,0,0,40,0
47,9,2,6,0,1,0,0,40,0
36,13,4,11,4,0,0,0,40,0
34,9,0,0,1,0,0,0,40,0
35,9,4,2,2,1,0,0,60,0
85,13,6,3,1,1,0,0,40,0
71,13,2,11,0,1,20051,0,30,0
23,9,4,0,3,0,0,0,40,0
39,14,2,9,0,1,0,0,48,0
77,9,2,7,0,1,0,0,35,0
20,10,4,0,3,0,0,0,20,0
40,10,0,11,4,0,0,0,40,0
34,13,2,3,0,1,15024,0,60,0
33,9,2,13,0,1,5178,0,55,0
34,13,2,11,0,1,0,0,60,0
36,9,4,0,3,0,3325,0,40,0
36,7,2,0,0,1,0,0,40,0
32,12,2,3,0,1,0,2057,70,0
26,13,2,10,0,1,0,0,43,0
42,13,2,11,0,1,5178,0,45,0
38,9,2,2,0,1,0,0,45,0
48,6,2,6,0,1,0,0,40,0
23,10,4,5,3,1,0,0,40,0
37,9,2,11,0,1,0,0,50,0
38,13,2,3,0,1,7688,0,35,0
33,10,0,2,1,1,0,0,45,0
26,7,4,7,1,0,0,0,40,0
25,13,2,7,5,0,0,0,40,0
61,6,6,2,4,0,0,2001,40,0
44,13,2,11,0,1,0,0,50,0
65,13,2,3,0,1,9386,0,35,0
67,6,6,7,1,0,0,0,12,0
37,9,0,0,1,0,0,0,40,0
48,15,2,9,0,1,0,1977,70,0
35,9,4,0,3,1,0,0,40,0
48,13,0,12,3,0,0,0,40,0
36,12,2,12,0,1,0,0,40,0
20,10,4,11,2,0,0,0,35,0
32,9,2,11,0,1,0,0,30,0
18,7,4,0,3,0,0,0,10,0
36,9,2,6,0,1,0,0,40,0
50,14,2,3,0,1,0,0,55,0
24,10,2,11,0,1,7298,0,60,0
43,13,3,11,4,0,0,0,20,0
27,10,4,11,1,1,0,0,40,0
29,13,2,9,0,1,0,1977,45,0
19,10,4,7,3,1,0,0,25,0
38,11,2,11,0,1,0,0,50,0
64,6,2,13,0,1,0,0,50,0
31,10,4,2,3,1,4650,0,40,0
30,11,3,2,1,1,0,0,40,0
30,13,2,3,2,0,0,0,40,0
33,13,2,9,0,1,15024,0,40,0
59,10,0,7,1,0,0,0,40,0
40,14,2,9,0,1,0,0,50,0
27,10,4,0,1,0,4865,0,40,0
34,13,2,9,0,1,0,0,45,0
27,10,2,5,0,1,0,0,50,0
23,10,4,11,2,0,0,0,35,0
41,14,4,12,1,1,0,0,40,0
25,10,4,3,3,1,0,0,20,0
33,13,2,3,0,1,0,0,55,0
26,13,4,11,1,1,0,0,60,0
42,11,2,3,0,1,0,0,40,0
25,10,4,4,4,1,0,0,40,0
45,9,2,9,0,1,3103,0,40,0
59,9,5,7,1,0,0,0,37,0
26,13,2,11,0,1,0,0,40,0
20,10,4,0,1,0,0,0,40,0
53,15,2,9,0,1,0,0,40,0
32,9,4,4,3,1,0,0,40,0
22,9,4,5,4,1,0,0,35,0
53,13,0,11,1,1,0,0,45,0
47,10,0,12,1,0,0,0,40,0
17,6,4,5,3,0,0,0,15,0
48,10,2,3,0,1,0,0,40,0
32,11,4,11,4,0,0,0,7,0
58,9,2,2,0,1,0,0,40,0
72,2,2,7,0,1,0,0,36,0
45,14,0,9,1,1,0,0,38,0
41,9,2,6,0,1,0,0,40,0
66,9,2,0,0,1,0,0,42,0
34,14,4,3,1,0,0,0,50,0
33,9,0,6,4,0,0,0,40,0
47,13,4,3,1,0,0,0,50,0
35,13,4,2,1,1,0,0,35,0
27,12,2,6,0,1,0,0,40,0
49,10,2,2,0,1,0,0,40,0
36,9,0,0,4,0,0,0,40,0
25,12,4,0,3,0,0,0,38,0
38,9,4,6,1,1,0,0,40,0
21,10,4,0,3,1,0,0,30,0
29,9,4,12,1,0,0,0,45,0
42,12,0,0,1,1,0,0,40,0
28,13,0,3,1,1,0,0,40,0
26,10,4,5,1,1,0,0,30,0
65,15,2,3,0,1,2653,0,8,0
19,10,4,4,3,1,0,0,40,0
22,10,4,10,3,1,0,0,40,0
54,10,2,2,0,1,7298,0,40,0
46,13,2,2,0,1,0,0,77,0
34,9,4,2,1,1,2202,0,99,0
57,9,2,4,0,1,0,0,20,0
32,13,4,3,3,0,0,0,45,0
36,13,2,11,0,1,0,0,40,0
34,11,2,2,5,0,0,0,27,0
54,9,2,2,0,1,0,1628,40,0
34,7,0,11,3,0,0,0,37,0
72,3,2,7,0,1,0,0,36,0
23,9,2,2,0,1,0,0,40,0
53,3,2,3,0,1,7688,0,10,0
57,7,2,2,0,1,0,0,40,0
22,10,4,3,3,1,0,0,20,0
40,10,2,12,0,1,0,0,40,0
31,10,2,2,0,1,0,0,40,0
18,10,4,7,3,0,0,0,32,0
51,10,2,0,0,1,0,0,44,0
24,12,4,11,3,1,0,0,25,0
49,13,2,11,0,1,0,0,60,0
37,9,2,13,0,1,0,0,40,0
29,9,0,3,4,0,0,0,45,0
21,9,4,2,3,1,0,0,53,0
49,13,2,11,0,1,0,0,40,0
44,14,4,2,4,0,0,0,40,0
31,10,0,3,4,1,0,0,40,0
54,14,5,3,1,1,0,0,40,0
26,9,4,7,1,0,0,0,50,0
40,13,4,3,1,0,0,0,50,0
41,14,4,9,2,0,0,0,40,0
48,16,2,9,0,1,0,1902,50,0
51,14,2,9,0,1,7298,0,40,0
36,10,2,3,0,1,0,0,60,0
35,9,4,2,1,0,0,0,40,0
32,14,0,11,1,0,0,0,50,0
39,13,2,2,0,1,0,0,52,0
55,14,6,3,1,0,0,0,40,0
26,9,4,2,3,1,0,0,40,0
46,6,0,10,4,0,0,0,20,0
70,9,2,12,5,0,0,0,24,0
20,10,4,0,3,0,0,0,30,0
46,13,2,3,0,1,0,0,10,0
35,9,0,3,1,1,0,0,40,0
20,9,4,7,3,0,0,0,40,0
57,10,2,3,0,1,99999,0,60,0
63,14,2,11,0,1,0,0,60,0
21,10,4,0,3,0,0,0,30,0
43,13,2,10,0,1,0,0,45,0
35,12,4,3,1,1,0,0,38,0
21,10,4,0,3,0,0,0,29,0
23,9,4,5,3,1,0,0,38,0
35,12,2,9,0,1,0,0,45,0
28,11,4,9,4,1,0,0,40,0
45,6,2,2,0,1,0,0,40,0
73,6,2,4,0,1,0,0,5,0
33,9,2,2,0,1,0,0,40,0
25,11,5,7,1,0,0,0,34,0
19,10,4,0,3,0,0,0,40,0
42,7,2,13,0,1,0,0,47,0
27,13,2,11,0,1,7688,0,45,0
24,13,4,11,3,0,0,0,20,0
19,10,4,11,3,0,0,0,25,0
36,9,5,0,4,0,0,0,38,0
41,9,2,2,0,1,0,0,50,0
43,10,4,0,1,1,0,0,40,0
40,14,2,3,0,1,0,0,35,0
57,9,0,0,4,0,0,1876,38,0
58,9,0,0,1,0,0,0,40,0
22,10,4,0,3,0,0,0,35,0
39,10,2,0,0,1,0,0,48,0
24,1,4,0,1,1,0,0,40,0
29,15,4,9,1,0,4787,0,40,0
26,9,2,7,0,1,0,0,40,0
27,9,4,2,3,1,0,0,40,0
67,9,2,3,0,1,0,0,45,0
49,9,2,2,0,1,5013,0,50,0
47,9,2,8,5,0,0,0,35,0
59,7,2,11,0,1,0,0,70,0
23,9,4,2,1,1,0,0,40,0
35,11,2,3,0,1,3103,0,50,0
48,9,2,2,0,1,0,0,55,0
37,12,4,9,1,1,6849,0,80,0
29,9,2,4,0,1,0,0,60,0
24,14,4,9,3,0,0,0,40,0
41,13,2,9,0,1,0,0,40,0
21,9,4,2,1,1,4865,0,35,0
26,10,4,5,3,1,0,0,35,0
54,9,2,3,0,1,0,1848,40,0
60,9,2,9,0,1,0,0,25,0
38,9,4,2,3,1,0,0,40,0
19,9,4,6,1,1,0,0,40,0
41,13,4,9,4,0,0,0,40,0
37,13,4,7,1,1,0,0,60,0
22,10,4,7,1,1,0,0,35,0
33,14,2,9,0,1,15024,0,40,0
47,10,0,0,4,0,0,0,40,0
34,11,4,3,4,0,0,0,40,0
50,13,2,11,0,1,0,0,50,0
35,5,2,7,0,1,0,0,32,0
29,14,4,9,1,0,0,0,40,0
27,13,4,9,1,0,0,0,40,0
44,14,0,9,1,1,0,0,40,0
21,10,4,7,3,0,0,0,35,0
36,9,2,7,2,1,0,0,40,0
38,7,0,6,1,1,0,0,40,0
38,11,0,3,1,0,0,0,45,0
38,15,4,9,1,0,0,0,32,0
24,13,4,0,1,0,0,0,40,0
52,12,2,3,0,1,0,0,55,0
52,10,2,13,0,1,0,0,30,0
32,9,2,2,0,1,0,0,50,0
34,10,2,0,5,0,0,0,20,0
18,7,4,7,3,0,594,0,30,0
45,10,2,5,0,1,0,0,40,0
24,13,4,9,1,1,0,0,40,0
43,10,2,9,0,1,0,0,40,0
49,10,0,12,4,0,0,0,35,0
68,13,5,11,4,1,0,0,70,0
18,9,4,0,3,0,0,0,40,0
27,13,2,10,0,1,0,0,40,0
18,6,4,11,3,0,0,1719,16,0
33,10,0,2,4,1,0,0,40,0
48,13,2,2,0,1,0,0,40,0
34,12,2,9,0,1,0,0,50,0
41,9,0,0,4,0,0,0,45,0
74,9,4,13,1,1,0,0,10,0
40,9,3,5,1,1,0,1669,40,0
53,15,2,9,0,1,0,0,60,0
47,11,2,12,0,1,0,0,52,0
30,9,0,7,4,0,0,0,37,0
38,9,0,2,1,1,3325,0,40,0
44,10,2,12,0,1,0,0,44,0
48,10,5,2,4,0,0,0,40,0
20,9,4,2,3,1,0,0,40,0
47,10,0,0,1,0,0,0,25,0
34,9,2,13,0,1,0,0,60,0
43,10,2,9,0,1,0,0,40,0
25,9,4,2,3,1,0,0,40,0
51,11,2,12,0,1,0,0,40,0
50,10,0,0,1,0,0,0,39,0
42,13,2,3,0,1,0,0,40,0
17,6,4,7,3,0,0,0,18,0
46,14,4,9,1,0,0,0,40,0
51,9,2,11,0,1,0,0,48,0
18,7,4,7,3,0,0,0,12,0
33,13,2,11,5,0,0,0,40,0
27,4,2,13,0,1,0,0,40,0
36,14,4,9,1,1,0,0,50,0
31,9,4,13,1,1,0,0,40,0
20,10,4,13,3,1,0,0,40,0
45,9,4,11,4,1,0,0,40,0
22,9,2,11,0,1,0,0,50,0
40,13,4,10,1,0,0,0,40,0
25,13,4,9,1,1,0,0,20,0
40,10,0,2,4,0,0,0,38,0
48,13,2,11,0,1,0,1902,37,0
30,9,4,0,1,1,0,0,20,0
61,13,2,6,0,1,0,0,40,0
49,4,2,4,0,1,0,0,50,0
22,10,4,2,3,1,0,0,40,0
19,9,4,7,3,1,0,0,32,0
26,13,4,11,3,1,0,0,50,0
27,10,4,7,1,1,0,0,50,0
41,14,2,3,0,1,0,0,40,0
33,16,2,9,0,1,0,0,40,0
56,10,4,7,1,1,0,0,32,0
43,13,2,3,0,1,0,1902,40,0
29,9,2,7,5,0,0,0,35,0
44,7,2,11,0,1,0,0,60,0
37,10,0,0,3,0,0,0,40,0
24,10,0,6,1,1,0,2339,43,0
38,9,2,13,0,1,0,0,40,0
35,14,2,9,0,1,0,0,45,0
39,13,4,0,3,0,0,0,50,0
47,9,2,4,0,1,3103,0,60,0
51,9,2,2,0,1,3103,0,52,0
38,9,2,6,0,1,0,0,56,0
44,10,6,12,4,0,0,0,38,0
24,9,4,0,2,0,0,0,40,0
41,9,0,3,4,0,0,0,40,0
51,11,0,0,4,0,0,0,45,0
60,9,2,11,0,1,0,0,60,0
40,13,2,3,0,1,0,0,50,0
27,10,2,0,5,0,0,0,55,0
36,9,2,6,0,1,0,0,48,0
44,9,2,6,0,1,0,0,40,0
33,10,0,9,1,0,0,0,40,0
53,4,2,6,0,1,0,0,40,0
43,9,2,2,0,1,0,1902,40,0
44,12,4,12,1,1,0,0,40,0
35,10,2,2,0,1,0,0,55,0
52,10,0,0,4,0,0,0,40,0
51,12,6,9,4,0,0,0,50,0
41,5,2,3,0,1,0,0,84,0
42,9,4,6,1,0,0,0,40,0
54,14,2,9,0,1,7298,0,35,0
31,6,2,2,0,1,0,0,48,0
30,8,4,11,3,0,0,0,40,0
21,10,4,12,3,1,0,0,30,0
29,10,5,0,1,0,0,0,40,0
37,9,4,0,3,0,0,0,35,0
19,10,4,7,3,0,0,0,12,0
33,7,4,4,4,1,0,0,40,0
72,13,2,3,0,1,0,0,40,0
21,9,2,2,0,1,0,0,20,0
23,10,4,0,3,1,0,0,25,0
45,10,2,9,0,1,0,0,50,0
37,9,0,3,1,1,0,0,40,0
37,13,4,7,1,0,0,0,50,0
36,10,2,7,5,0,7298,0,32,0
31,10,4,11,1,0,0,0,40,0
63,11,0,3,1,0,0,0,24,0
24,13,4,0,3,1,0,0,28,0
29,13,2,9,0,1,0,0,50,0
53,10,2,3,0,1,0,0,50,0
40,9,4,4,3,1,0,0,85,0
40,14,2,9,5,0,0,0,60,0
64,10,2,0,0,1,0,0,40,0
33,9,2,5,0,1,0,0,40,0
20,9,4,6,3,1,0,0,40,0
47,10,2,5,5,0,0,0,48,0
32,8,2,13,0,1,0,0,60,0
25,9,4,7,1,1,0,0,48,0
26,8,4,0,1,1,0,0,40,0
25,13,4,9,3,0,0,0,40,0
40,13,2,2,0,1,0,0,40,0
30,10,2,2,0,1,0,0,40,0
46,14,0,3,1,1,0,0,50,0
35,9,2,6,0,1,0,0,45,0
30,9,2,4,0,1,0,0,75,0
58,7,2,6,0,1,0,0,40,0
17,6,4,11,3,1,0,0,8,0
42,13,0,7,4,1,0,0,60,0
31,9,2,13,0,1,0,0,50,0
46,13,0,2,1,0,0,0,40,0
32,13,2,11,0,1,0,0,50,0
62,13,2,9,0,1,0,0,35,0
78,4,2,13,0,1,0,0,20,0
22,9,4,5,1,0,0,0,40,0
31,9,4,4,1,1,0,0,60,0
32,14,5,9,1,0,0,0,35,0
38,9,4,0,1,1,0,2339,47,0
77,6,2,7,0,1,3818,0,30,0
62,4,2,4,0,1,0,0,40,0
33,13,2,11,0,1,0,0,50,0
40,11,2,2,0,1,0,0,35,0
65,13,2,9,0,1,0,0,40,0
31,13,2,5,0,1,0,0,40,0
32,14,2,9,5,0,0,0,20,0
45,7,2,13,2,1,0,0,40,0
70,14,2,11,0,1,9386,0,4,0
38,16,2,9,0,1,0,0,50,0
37,9,2,11,0,1,0,0,50,0
30,11,4,2,2,1,0,0,40,0
34,14,2,3,0,1,0,0,40,0
19,10,4,9,3,0,14084,0,20,0
54,9,0,9,1,1,0,0,20,0
32,10,2,13,0,1,5178,0,50,0
32,9,2,2,0,1,0,0,40,0
24,9,4,11,1,0,0,0,50,0
35,9,2,5,0,1,0,0,40,0
28,9,2,6,5,0,0,0,35,0
28,9,2,2,0,1,0,0,60,0
41,10,2,11,0,1,0,0,50,0
38,9,0,7,2,1,0,0,40,0
21,10,4,13,3,1,0,0,40,0
31,9,0,10,2,1,0,0,45,0
22,13,4,9,3,0,0,0,6,0
28,10,0,0,1,0,0,0,40,0
52,13,0,9,4,0,0,0,40,0
23,13,4,11,3,1,0,0,40,0
37,12,2,10,0,1,0,0,99,0
23,5,2,2,0,1,0,0,55,0
21,9,4,11,3,0,0,0,24,0
57,9,0,0,1,0,0,0,40,0
35,15,2,9,0,1,0,1902,60,0
50,13,0,3,1,0,0,0,50,0
37,10,2,12,5,0,0,0,35,0
24,9,2,2,0,1,0,0,40,0
58,13,5,9,4,0,0,0,40,0
50,6,2,6,0,1,0,0,50,0
58,10,2,0,0,1,0,0,50,0
60,14,2,9,5,0,0,0,8,0
61,9,6,2,1,1,0,0,40,0
37,9,2,7,0,1,0,0,40,0
27,9,2,2,0,1,0,0,60,0
37,9,5,2,4,0,0,0,42,0
36,13,2,3,0,1,0,1887,40,0
31,4,2,4,2,1,0,0,35,0
23,10,4,11,1,0,0,0,30,0
44,9,2,10,0,1,0,0,40,0
21,10,4,0,3,0,0,0,25,0
57,11,0,12,1,0,2202,0,44,0
24,6,2,6,0,1,0,0,50,0
26,13,4,11,3,1,0,0,40,0
66,9,2,2,0,1,0,0,40,0
60,10,2,10,0,1,0,0,40,0
52,10,2,11,0,1,0,0,40,0
21,9,4,6,3,1,0,0,30,0
32,13,2,11,0,1,7688,0,60,0
48,9,2,13,0,1,0,0,55,0
63,10,0,0,1,0,0,0,37,0
42,14,2,9,0,1,0,0,23,0
17,9,4,0,3,0,0,0,5,0
30,9,4,5,3,0,0,0,35,0
33,10,0,3,4,0,0,0,40,0
55,12,0,7,1,0,0,0,52,0
39,13,2,2,2,1,0,0,35,0
33,13,4,9,4,1,0,0,40,0
34,9,2,4,0,1,0,0,40,0
59,14,2,9,0,1,0,0,8,0
32,10,5,7,4,0,0,0,40,0
62,9,0,8,1,0,0,0,20,0
21,9,4,4,3,1,0,0,40,0
57,13,2,3,0,1,0,1902,40,0
19,10,4,0,1,1,2176,0,35,0
38,12,2,2,0,1,0,0,40,0
38,13,4,11,1,1,0,0,20,0
20,9,4,8,3,0,0,0,40,0
24,13,4,3,1,0,0,0,40,0
39,14,0,9,4,0,0,0,30,0
24,9,4,5,1,1,0,0,40,0
28,13,2,9,5,0,0,0,37,0
51,7,0,6,4,0,5455,0,40,0
27,9,0,7,3,0,3418,0,32,0
38,13,2,2,0,1,0,0,40,0
24,9,4,5,3,0,0,0,40,0
42,9,2,2,0,1,0,0,60,0
53,10,2,2,0,1,7298,0,40,0
35,9,3,13,2,0,0,0,40,0
37,12,0,0,1,0,0,0,40,0
45,12,5,0,4,0,0,0,40,0
27,7,4,11,1,1,0,0,35,0
34,9,0,12,4,0,0,0,40,0
24,9,0,7,4,0,0,0,35,0
69,10,2,9,0,1,0,0,40,0
47,9,0,0,4,0,0,0,40,0
19,10,4,6,2,1,0,0,30,0
30,10,4,10,1,1,0,0,45,0
71,11,6,9,4,0,11678,0,38,0
53,9,2,2,0,1,0,0,40,0
22,9,4,0,3,0,0,0,40,0
47,10,4,2,1,1,0,0,40,0
28,13,2,2,0,1,0,1887,50,0
25,10,0,9,1,0,0,0,40,0
38,11,2,9,5,0,7298,0,45,0
33,9,4,11,3,1,0,0,40,0
41,7,2,2,0,1,0,0,50,0
19,8,4,6,2,1,0,0,40,0
41,4,4,7,4,0,0,0,30,0
20,9,4,4,3,1,0,0,20,0
53,13,2,9,0,1,0,0,72,0
67,9,6,0,4,0,0,0,21,0
55,14,0,3,1,0,0,0,50,0
39,9,2,13,0,1,0,0,40,0
36,13,2,9,0,1,0,0,42,0
37,14,4,3,1,1,0,0,65,0
36,13,2,3,0,1,0,0,50,0
32,13,4,3,1,1,0,0,60,0
20,10,4,7,3,0,0,0,25,0
31,2,2,5,0,1,0,0,35,0
47,10,4,11,1,1,13550,0,45,0
25,9,0,2,3,1,0,0,40,0
24,9,0,10,1,1,0,0,40,0
33,10,2,2,0,1,0,0,40,0
45,10,4,3,1,0,6849,0,43,0
28,6,1,7,5,0,0,0,40,0
36,10,0,3,1,0,0,0,60,0
55,9,2,13,0,1,0,0,45,0
51,10,2,2,0,1,0,0,60,0
22,9,2,11,0,1,0,0,42,0
37,9,2,3,0,1,0,0,40,0
23,10,4,7,3,1,0,0,20,0
61,9,6,0,4,0,0,0,40,0
46,13,2,2,0,1,0,0,40,0
35,10,2,12,0,1,0,0,40,0
24,7,4,11,1,0,0,0,36,0
33,13,5,9,3,1,0,0,35,0
60,9,6,11,1,0,0,0,30,0
36,9,2,5,0,1,0,0,45,0
48,10,2,2,0,1,3103,0,40,0
43,9,0,0,1,0,0,0,45,0
53,9,0,0,1,0,0,0,40,0
31,11,2,11,0,1,99999,0,40,0
26,9,4,12,4,0,0,0,40,0
63,9,6,0,1,0,0,0,40,0
51,10,2,2,0,1,7298,0,40,0
41,9,2,0,0,1,0,0,40,0
71,10,6,9,1,1,0,1429,40,0
39,13,2,3,0,1,0,0,70,0
23,10,2,3,0,1,0,0,50,0
35,9,4,6,1,1,0,0,40,0
18,8,4,6,3,1,0,0,4,0
44,10,2,6,0,1,0,0,40,0
19,10,4,11,3,0,0,0,25,0
28,9,4,2,3,1,0,0,40,0
41,13,2,2,0,1,0,0,40,0
52,9,2,12,0,1,0,0,40,0
27,6,4,2,4,1,0,0,75,0
29,13,2,3,0,1,0,0,35,0
59,13,6,3,1,0,0,0,40,0
47,9,4,13,3,1,0,0,60,0
27,14,4,9,1,1,0,0,45,0
31,9,0,2,2,1,3325,0,40,0
42,10,2,2,0,1,7688,0,45,0
37,7,5,0,4,0,0,0,40,0
38,9,0,11,4,0,0,0,40,0
24,9,4,7,3,1,0,0,25,0
29,14,4,9,1,1,0,0,40,0
47,9,2,2,0,1,0,0,35,0
26,9,2,6,5,0,0,0,40,0
43,10,2,2,0,1,0,0,45,0
31,9,2,2,0,1,0,0,40,0
37,9,2,2,0,1,0,0,40,0
41,3,2,4,0,1,0,0,30,0
20,10,4,6,3,1,0,0,25,0
32,11,4,0,3,0,0,0,35,0
38,9,2,3,0,1,0,0,45,0
39,9,2,2,0,1,0,0,38,0
27,9,2,6,0,1,0,0,43,0
35,13,4,9,3,1,0,0,40,0
40,13,2,11,0,1,0,0,50,0
28,10,6,2,3,1,0,0,60,0
25,9,4,6,1,0,0,2001,40,0
29,9,2,2,0,1,0,0,40,0
50,11,4,11,1,1,0,0,40,0
42,9,4,3,1,1,0,0,55,0
47,7,0,13,1,0,0,0,40,0
44,9,2,0,0,1,0,0,40,0
27,13,4,9,3,0,3325,0,25,0
40,9,2,2,0,1,0,0,40,0
25,9,2,11,0,1,0,0,30,0
48,10,2,4,0,1,0,1485,50,0
22,11,4,9,1,1,0,0,50,0
40,10,0,12,1,1,0,0,40,0
46,9,5,2,1,1,0,0,2,0
25,10,5,0,2,0,0,0,40,0
17,7,4,7,3,1,0,0,25,0
61,9,6,0,1,0,0,0,40,0
23,13,4,9,1,0,0,0,20,0
30,9,2,2,0,1,0,0,45,0
46,13,4,9,1,0,0,0,44,0
37,4,2,2,0,1,0,0,50,0
31,13,4,11,1,1,0,0,48,0
27,10,4,2,2,1,0,0,40,0
36,9,2,2,5,0,0,0,30,0
45,9,2,3,0,1,0,0,45,0
22,9,4,0,1,1,0,0,40,0
34,9,2,11,0,1,0,0,45,0
70,6,6,13,4,0,0,0,40,0
45,13,2,10,0,1,7688,0,50,0
23,6,2,5,0,1,0,0,10,0
22,10,4,7,3,0,0,0,35,0
47,10,2,11,0,1,0,0,40,0
29,3,4,7,2,1,0,0,35,0
33,10,5,7,1,1,0,0,40,0
23,9,4,7,3,0,0,0,35,0
19,9,4,7,3,1,0,0,40,0
58,9,2,5,0,1,0,0,40,0
55,13,2,11,0,1,0,0,20,0
23,10,4,11,3,0,0,0,20,0
53,9,2,2,5,0,0,0,45,0
24,8,4,4,3,1,0,0,30,0
43,11,2,10,0,1,0,1902,42,0
20,10,4,11,1,0,0,0,20,0
22,12,4,0,2,0,0,0,37,0
48,10,2,13,0,1,0,0,40,0
45,7,4,11,1,0,0,0,35,0
33,9,2,6,0,1,0,0,40,0
32,9,4,6,1,1,0,0,40,0
44,14,4,3,1,0,10520,0,60,0
42,13,2,0,0,1,0,0,40,0
35,9,2,13,0,1,0,0,60,0
62,16,6,3,1,0,0,0,40,0
46,14,2,9,5,0,0,0,65,0
44,12,0,3,1,1,0,0,60,0
28,10,2,6,0,1,0,0,40,0
38,12,0,7,4,0,0,0,20,0
59,6,2,2,0,1,0,0,40,0
37,10,0,3,1,1,0,1980,55,0
59,11,2,6,0,1,0,0,45,0
55,10,0,3,1,1,0,1504,40,0
40,9,4,6,1,1,14344,0,40,0
22,10,4,9,1,0,0,0,32,0
35,13,2,3,0,1,0,0,50,0
42,11,2,9,0,1,0,0,40,0
45,14,0,3,1,0,0,0,70,0
48,6,4,6,1,1,0,0,40,0
21,10,4,7,1,0,0,0,18,0
31,13,2,3,0,1,0,0,45,0
65,13,0,7,1,0,0,0,35,0
46,9,3,2,1,1,0,0,45,0
18,7,4,7,3,1,0,0,20,0
65,14,3,9,1,0,7978,0,40,0
18,10,4,10,3,0,0,0,40,0
35,10,4,0,4,0,0,0,44,0
53,15,2,9,0,1,15024,0,45,0
34,10,2,9,5,0,0,0,40,0
33,6,4,7,4,0,0,0,40,0
28,11,2,2,0,1,0,0,40,0
43,9,2,7,0,1,0,0,40,0
52,11,6,7,4,0,0,0,13,0
49,9,0,13,1,1,0,0,70,0
21,10,4,3,1,0,0,0,38,0
61,9,2,7,0,1,0,0,50,0
54,5,0,5,1,1,0,0,24,0
45,4,4,7,1,1,0,0,10,0
24,13,4,7,1,1,0,0,40,0
26,9,4,13,1,1,0,0,40,0
40,11,4,9,1,0,0,0,50,0
48,13,5,11,1,1,0,0,65,0
40,10,2,0,0,1,0,1887,40,0
34,13,2,11,0,1,0,0,60,0
29,14,4,3,1,1,0,0,40,0
25,7,2,2,0,1,0,0,40,0
65,9,6,7,1,0,0,0,15,0
58,9,2,2,0,1,0,0,40,0
47,16,0,9,4,0,0,0,29,0
56,13,2,9,0,1,0,1902,48,0
26,9,0,7,4,0,0,0,40,0
45,14,2,3,0,1,0,1977,60,0
37,9,2,9,0,1,0,0,40,0
56,9,0,7,1,0,0,0,40,0
19,9,4,7,3,1,0,0,10,0
37,11,4,5,1,1,0,0,40,0
19,10,4,3,1,0,0,0,20,0
24,14,4,13,1,1,0,0,25,0
36,10,2,0,3,0,0,0,30,0
26,13,4,9,1,0,0,0,50,0
57,10,2,13,0,1,0,0,84,0
49,9,2,9,0,1,0,0,50,0
40,10,2,3,0,1,0,0,45,0
59,9,2,5,0,1,0,0,40,0
36,9,0,6,4,0,0,0,40,0
31,12,2,11,0,1,0,0,40,0
42,4,2,0,0,1,0,0,40,0
29,5,4,8,4,0,0,0,24,0
35,14,2,9,0,1,99999,0,50,0
18,9,4,7,3,1,0,0,15,0
27,5,2,2,0,1,0,0,30,0
55,9,2,3,0,1,0,0,45,0
52,9,2,6,0,1,0,0,20,0
51,9,0,3,4,0,0,0,38,0
41,14,0,3,4,0,0,0,40,0
34,3,2,5,0,1,0,0,40,0
25,13,0,10,1,0,0,0,40,0
28,10,4,7,1,1,0,0,40,0
80,3,2,7,0,1,0,0,32,0
27,3,2,7,0,1,0,0,52,0
28,9,2,12,5,0,0,0,40,0
43,11,2,13,0,1,3103,0,32,0
18,10,4,0,3,0,0,0,26,0
46,12,2,12,0,1,7298,0,40,0
42,13,0,3,1,1,0,0,45,0
50,9,2,11,5,0,0,0,30,0
30,10,2,12,0,1,0,0,14,0
55,4,2,7,0,1,0,0,40,0
58,6,2,13,0,1,0,0,50,0
41,10,4,0,1,1,0,1617,35,0
25,9,4,11,3,1,0,1741,40,0
59,10,0,11,1,1,0,0,56,0
36,14,4,9,1,0,0,0,40,0
25,12,2,11,0,1,0,0,45,0
19,7,4,7,3,1,0,0,20,0
34,9,4,5,3,1,2174,0,40,0
51,12,2,3,0,1,0,0,55,0
31,7,4,6,1,0,0,0,36,0
21,10,4,5,3,1,0,0,40,0
51,9,4,0,1,0,0,0,35,0
39,12,4,0,4,0,0,0,40,0
34,9,2,6,0,1,0,2051,40,0
38,9,2,11,0,1,0,0,43,0
21,9,4,7,3,1,0,0,30,0
22,11,4,5,1,1,0,0,40,0
29,9,4,0,1,0,0,0,40,0
25,9,4,7,3,0,0,0,40,0
53,9,2,7,0,1,0,0,40,0
68,9,2,13,0,1,0,0,5,0
21,10,4,0,1,0,0,0,20,0
34,6,2,7,5,0,0,0,30,0
53,11,2,2,0,1,0,0,40,0
32,10,4,2,3,1,0,1980,80,0
33,9,4,7,3,1,0,0,8,0
34,13,2,9,0,1,0,1902,32,0
61,9,6,7,4,0,0,0,40,0
46,9,2,7,5,0,0,0,40,0
26,13,4,11,1,1,0,0,42,0
37,9,0,11,3,0,0,0,40,0
41,13,2,3,0,1,0,0,40,0
59,13,4,9,2,0,0,0,35,0
28,10,2,11,0,1,0,0,50,0
39,9,2,13,0,1,0,0,99,0
25,10,4,13,1,1,4101,0,40,0
45,10,2,5,0,1,0,0,40,0
30,9,2,2,0,1,0,0,40,0
61,10,0,2,1,1,0,0,40,0
52,6,4,6,1,1,0,0,40,0
54,4,5,2,1,1,0,0,40,0
45,4,2,2,0,1,0,0,44,0
48,13,0,9,1,1,0,0,30,0
36,15,2,9,0,1,15024,0,75,0
49,10,0,7,4,0,0,0,43,0
31,9,0,0,1,0,0,0,25,0
65,9,6,12,4,0,0,0,35,0
56,9,5,6,4,0,0,0,40,0
38,13,2,3,0,1,0,0,40,0
70,6,6,11,1,0,0,0,40,0
37,13,2,9,2,1,0,0,40,0
43,15,2,3,0,1,0,0,60,0
28,12,4,2,1,1,0,0,40,0
42,10,4,7,1,1,0,0,15,0
30,10,2,7,5,0,0,0,6,0
77,4,2,2,0,1,0,0,40,0
33,9,2,11,5,0,0,0,20,0
17,6,4,5,3,1,0,0,25,0
59,13,2,9,0,1,0,0,44,0
44,13,2,3,0,1,5013,0,45,0
33,13,0,9,4,0,0,323,40,0
17,7,4,8,3,1,0,0,20,0
22,10,4,11,1,1,0,0,25,0
42,10,2,0,0,1,0,1887,40,0
26,9,2,2,0,1,0,0,40,0
47,14,0,9,1,0,0,0,40,0
28,9,2,2,0,1,3137,0,45,0
33,8,4,11,3,0,0,0,35,0
52,9,6,7,4,1,0,0,19,0
44,8,0,6,4,0,0,0,40,0
25,9,5,0,1,0,0,0,70,0
33,10,4,4,3,1,0,0,98,0
23,12,4,9,1,0,0,0,52,0
29,9,0,7,4,0,0,0,30,0
21,10,4,0,1,0,0,0,40,0
31,9,4,0,1,0,0,0,37,0
42,12,2,2,0,1,0,0,55,0
39,12,2,12,0,1,0,0,42,0
54,11,2,2,0,1,0,0,40,0
17,5,4,5,2,1,0,0,40,0
63,13,6,7,2,0,0,0,20,0
46,9,2,11,5,0,0,0,40,0
62,14,4,9,1,0,8614,0,45,0
54,9,2,11,0,1,0,0,50,0
22,9,4,3,3,1,0,2205,45,0
61,4,2,13,0,1,0,0,50,0
73,9,6,7,1,0,0,0,20,0
52,9,2,2,0,1,0,0,40,0
24,9,4,5,3,1,0,0,60,0
35,9,0,0,1,1,0,0,40,0
41,10,5,11,4,0,0,0,20,0
31,13,2,13,0,1,0,0,55,0
53,10,2,7,0,1,0,0,40,0
25,9,2,13,0,1,0,0,60,0
19,10,4,0,3,0,0,0,10,0
36,13,2,9,0,1,0,0,45,0
42,9,0,0,4,0,0,0,40,0
45,16,2,9,0,1,0,0,50,0
33,7,2,2,0,1,0,0,45,0
26,10,2,6,0,1,3137,0,50,0
33,8,4,11,2,0,0,0,40,0
33,7,2,2,0,1,0,0,40,0
36,10,2,5,0,1,0,0,40,0
21,10,4,4,3,1,0,0,40,0
17,7,4,13,3,1,0,1602,15,0
45,11,2,2,0,1,0,0,35,0
45,10,2,10,0,1,0,0,40,0
41,14,2,2,0,1,0,0,60,0
24,13,4,11,1,1,0,0,40,0
57,9,2,0,5,0,0,0,40,0
48,9,4,7,1,0,0,0,30,0
31,9,2,3,0,1,0,0,50,0
33,10,2,2,0,1,7298,0,55,0
41,13,2,3,0,1,7688,0,45,0
41,3,0,6,1,0,0,0,40,0
63,9,2,11,0,1,0,1573,25,0
39,9,4,7,1,1,0,0,18,0
28,10,4,0,1,0,0,0,45,0
18,8,4,11,3,0,0,0,20,0
22,10,4,0,3,0,0,0,40,0
42,9,2,11,0,1,0,0,55,0
47,9,2,6,0,1,0,0,50,0
33,9,0,13,4,0,0,0,43,0
34,9,4,11,3,0,0,0,35,0
18,9,4,12,3,0,0,0,10,0
66,4,2,13,0,1,0,0,40,0
39,11,2,3,5,0,7688,0,55,0
35,6,2,2,0,1,0,0,40,0
56,9,0,0,3,0,0,0,35,0
46,14,2,9,0,1,0,1977,42,0
21,10,4,2,3,1,0,0,40,0
58,9,2,11,0,1,0,0,84,0
66,10,6,6,1,1,0,0,20,0
25,13,4,11,3,0,0,0,30,0
57,11,3,3,1,0,0,0,47,0
28,10,4,0,1,0,0,0,40,0
38,11,2,12,0,1,0,0,50,0
57,9,2,13,0,1,0,0,55,0
24,2,4,4,3,0,0,0,40,0
36,9,5,11,1,0,0,0,40,0
42,10,2,4,0,1,0,0,40,0
32,14,2,3,0,1,0,0,40,0
35,9,2,2,0,1,0,0,50,0
40,10,5,7,4,0,0,0,40,0
26,8,4,2,4,1,0,0,40,0
41,9,2,3,0,1,0,0,55,0
50,9,4,7,1,1,0,0,40,0
20,10,4,0,3,0,0,0,10,0
36,13,2,11,0,1,15024,0,65,0
25,10,4,12,1,1,0,0,45,0
62,10,0,12,4,0,0,0,43,0
22,9,4,7,1,0,0,0,35,0
52,12,6,3,4,1,13550,0,40,0
48,14,2,3,0,1,0,2415,60,0
70,9,0,5,1,1,0,3175,15,0
41,13,0,11,1,1,0,0,40,0
21,10,2,2,0,1,7298,0,60,0
39,10,2,6,0,1,0,0,55,0
29,11,4,13,3,1,0,0,60,0
28,9,4,0,3,1,0,0,35,0
31,9,2,13,2,1,0,0,40,0
23,4,2,4,0,1,0,0,20,0
54,10,2,0,0,1,0,0,40,0
73,9,6,4,1,1,0,1668,77,0
29,13,2,9,5,0,0,0,35,0
22,10,4,0,1,0,0,0,10,0
57,14,2,3,0,1,0,0,40,0
41,9,2,2,0,1,0,0,32,0
39,2,2,5,0,1,0,0,70,0
25,10,0,7,4,1,0,2472,40,0
74,4,2,4,0,1,0,0,20,0
45,9,2,7,5,0,0,0,40,0
18,9,4,11,3,0,0,0,40,0
24,13,4,3,3,0,0,0,40,0
45,5,4,7,1,1,0,0,20,0
32,9,4,2,1,1,0,0,40,0
53,10,0,10,1,1,0,0,48,0
50,7,4,8,4,0,0,0,40,0
35,9,2,2,0,1,0,0,40,0
24,13,4,0,3,0,0,0,45,0
32,9,2,6,0,1,0,0,40,0
21,6,4,6,3,1,0,0,25,0
42,14,0,11,1,1,0,0,50,0
37,10,0,0,1,0,0,0,44,0
53,11,2,4,0,1,99999,0,75,0
34,6,3,7,4,0,0,0,30,0
29,9,0,11,1,1,0,0,40,0
55,14,6,3,3,1,0,0,62,0
29,10,4,2,1,1,2202,0,45,0
70,10,4,0,1,0,0,0,16,0
26,9,2,13,0,1,0,0,40,0
51,9,0,5,4,1,0,0,40,0
58,9,6,3,4,0,0,0,50,0
27,13,4,3,1,0,0,0,55,0
17,8,4,5,3,1,0,0,18,0
29,13,0,9,1,1,0,0,52,0
26,13,4,3,1,1,0,0,20,0
31,9,2,3,0,1,0,0,45,0
22,6,4,6,1,1,0,0,30,0
28,9,4,5,2,1,0,0,40,0
28,10,0,0,4,0,0,0,45,0
20,10,4,13,3,1,0,0,24,0
58,9,4,11,2,0,0,0,40,0
23,9,0,11,1,1,0,0,96,0
34,13,2,9,0,1,0,0,40,0
32,9,4,2,1,1,0,0,40,0
19,5,2,2,0,1,0,0,45,0
35,7,2,9,5,0,0,0,32,0
21,9,4,7,3,0,0,0,40,0
49,4,4,4,1,1,0,0,40,0
37,13,2,11,0,1,0,0,60,0
36,9,4,13,1,1,0,1669,40,0
44,11,2,10,0,1,0,0,40,0
39,14,2,9,0,1,0,0,40,0
36,13,2,9,0,1,3908,0,40,0
53,13,0,7,1,1,3325,0,40,0
24,9,2,3,0,1,0,0,37,0
40,10,2,11,0,1,0,0,50,0
47,9,5,8,1,0,0,0,50,0
18,7,4,7,3,1,0,0,8,0
32,9,4,7,3,1,0,0,38,0
21,9,4,6,3,1,0,0,40,0
27,8,2,4,0,1,0,0,40,0
29,9,2,4,0,1,0,0,40,0
34,10,2,3,5,0,0,0,45,0
45,14,4,3,1,0,0,0,50,0
43,13,4,9,3,1,0,0,45,0
63,10,2,0,0,1,0,0,48,0
26,9,4,4,1,1,0,0,50,0
42,9,2,6,0,1,0,0,40,0
21,10,4,9,1,1,0,0,20,0
36,13,2,11,0,1,15024,0,50,0
44,10,2,9,0,1,0,0,40,0
18,9,4,7,1,1,0,0,30,0
69,6,0,7,1,0,0,0,16,0
40,12,0,0,3,0,0,0,70,0
37,9,4,7,3,1,0,0,18,0
39,9,2,13,0,1,0,0,60,0
57,13,2,3,0,1,0,0,50,0
28,9,5,8,3,0,0,0,40,0
23,9,4,0,3,1,0,0,20,0
20,9,4,13,3,1,0,0,30,0
46,9,2,5,0,1,0,0,40,0
44,14,0,9,1,1,0,0,16,0
31,9,2,11,0,1,0,0,50,0
24,13,4,7,1,0,0,0,40,0
54,13,0,5,1,1,0,0,35,0
28,11,2,2,0,1,0,0,50,0
30,13,2,9,0,1,0,0,45,0
42,9,0,6,1,1,0,0,40,0
17,8,4,2,3,1,0,0,15,0
32,13,4,12,2,0,0,0,72,0
25,13,4,3,1,0,0,0,40,0
49,15,6,9,4,1,99999,0,50,0
35,9,2,13,0,1,0,0,45,0
32,13,5,9,1,1,10520,0,40,0
17,7,4,9,3,0,0,0,25,0
61,14,2,12,5,0,0,0,40,0
56,9,6,2,4,1,0,0,40,0
50,9,4,3,4,1,0,0,51,0
32,11,2,2,0,1,0,0,42,0
41,10,5,6,1,1,0,0,40,0
41,14,4,9,1,1,0,0,65,0
19,6,4,5,1,1,0,0,20,0
18,9,4,5,3,1,0,0,20,0
25,13,4,0,3,0,0,0,40,0
21,9,4,7,2,0,0,0,35,0
34,13,2,9,0,1,0,0,40,0
31,5,2,4,0,1,0,0,65,0
36,9,2,2,0,1,0,0,60,0
19,10,4,7,2,0,0,0,30,0
35,12,2,6,0,1,0,0,45,0
39,9,0,11,1,0,0,0,40,0
30,11,2,3,5,0,0,0,34,0
59,13,2,2,0,1,0,0,50,0
28,10,5,0,4,0,0,0,30,0
47,16,4,9,3,0,0,0,23,0
27,13,4,9,3,1,0,0,40,0
56,9,2,2,0,1,0,0,52,0
18,9,4,11,3,0,0,0,20,0
56,9,2,0,5,0,15024,0,24,0
40,13,4,3,1,1,0,0,65,0
39,10,2,9,0,1,0,0,40,0
24,9,4,7,3,1,0,0,40,0
23,9,4,0,1,0,0,0,40,0
36,9,2,4,0,1,0,0,60,0
55,10,2,0,0,1,0,0,40,0
23,10,2,11,0,1,0,0,40,0
39,13,2,11,0,1,0,0,50,0
32,9,0,2,3,1,0,0,40,0
32,9,2,7,0,1,0,0,40,0
17,7,4,5,3,1,0,0,32,0
29,13,2,3,5,0,0,2057,35,0
54,9,2,5,0,1,0,0,40,0
37,12,0,0,1,0,0,1504,40,0
48,14,4,0,1,0,0,0,20,0
17,6,4,7,3,0,0,0,25,0
41,9,0,7,1,1,0,0,40,0
43,12,0,3,4,0,0,0,60,0
29,9,4,6,4,0,0,0,40,0
43,13,2,13,0,1,0,0,70,0
46,9,0,3,1,1,0,0,42,0
42,9,4,6,3,0,0,0,40,0
36,13,2,11,0,1,0,1902,40,0
31,9,2,2,0,1,0,0,75,0
60,7,2,11,0,1,0,1902,70,0
50,11,2,4,0,1,0,0,40,0
30,10,5,6,1,1,0,0,40,0
22,9,2,13,0,1,0,0,50,0
57,13,2,3,0,1,0,1579,37,0
43,13,0,9,1,1,0,0,38,0
58,10,2,13,0,1,0,0,70,0
26,13,4,9,3,1,0,0,40,0
26,10,2,6,0,1,0,0,40,0
38,10,4,3,1,0,0,0,50,0
26,13,4,9,1,1,0,0,40,0
59,9,2,11,0,1,0,0,50,0
41,10,3,7,4,1,0,0,40,0
21,10,4,12,3,0,0,0,4,0
30,9,5,5,3,1,0,0,40,0
36,10,2,5,0,1,0,0,80,0
43,10,2,2,0,1,0,0,44,0
68,4,2,4,0,1,0,0,30,0
18,9,4,7,1,0,0,0,30,0
23,13,4,3,4,0,0,0,30,0
43,14,2,9,0,1,0,1902,40,0
44,9,0,7,4,0,0,0,30,0
43,10,2,11,0,1,0,0,55,0
59,9,2,11,0,1,0,0,40,0
35,4,3,7,1,1,0,0,25,0
61,9,2,6,0,1,0,0,40,0
52,10,2,3,0,1,0,0,60,0
37,9,2,2,0,1,0,0,40,0
57,10,3,11,3,0,0,0,90,0
30,14,4,9,1,0,0,0,20,0
38,11,4,4,1,1,0,0,50,0
46,10,0,7,3,0,0,0,35,0
22,9,4,7,3,1,0,0,40,0
64,10,0,12,4,0,0,1741,40,0
45,11,0,11,1,1,0,0,50,0
31,10,2,10,0,1,0,1902,50,0
20,9,4,2,3,1,0,0,60,0
29,10,4,11,1,1,0,0,35,0
23,10,4,3,3,1,0,0,20,0
62,13,2,3,0,1,0,0,40,0
41,10,2,4,0,1,0,0,60,0
42,13,4,9,1,1,0,0,40,0
31,13,2,3,0,1,0,0,45,0
25,13,4,11,3,1,0,0,50,0
61,6,4,13,1,1,0,0,40,0
27,13,4,0,1,1,0,0,40,0
40,9,2,13,0,1,0,0,50,0
49,9,0,7,4,1,0,0,40,0
21,10,4,2,1,1,0,0,45,0
22,13,4,9,3,1,0,0,20,0
24,11,4,11,1,1,0,0,55,0
37,11,0,7,1,0,0,0,4,0
46,11,2,3,0,1,0,0,40,0
35,13,2,11,0,1,0,0,40,0
41,12,2,3,0,1,7688,0,50,0
23,10,4,6,1,1,0,0,40,0
34,9,2,11,0,1,0,0,60,0
39,10,2,3,5,0,0,0,40,0
29,9,0,7,1,0,0,0,35,0
24,9,2,6,0,1,0,0,40,0
54,9,0,7,1,0,0,0,40,0
28,10,4,11,1,0,0,0,40,0
25,7,4,11,3,1,0,0,40,0
50,10,0,12,1,0,0,0,40,0
59,9,2,2,0,1,0,0,42,0
58,13,2,9,0,1,0,0,47,0
55,10,2,3,0,1,0,0,40,0
58,10,2,5,0,1,7688,0,40,0
46,13,5,9,4,0,0,0,42,0
40,10,2,3,0,1,0,1902,50,0
40,11,2,2,0,1,0,0,40,0
57,9,0,0,4,0,0,0,40,0
46,9,2,6,0,1,0,1579,40,0
36,9,4,2,1,1,0,1590,40,0
29,10,4,7,3,0,0,0,40,0
32,9,4,0,1,0,0,0,40,0
24,9,4,2,1,1,0,0,35,0
63,14,2,9,0,1,0,0,40,0
23,10,4,7,3,0,0,0,15,0
36,9,0,7,4,0,0,0,40,0
31,13,4,11,1,0,0,0,50,0
52,10,2,4,0,1,7688,0,72,0
60,6,0,0,4,0,0,0,40,0
31,9,3,5,1,1,0,0,40,0
35,9,4,0,1,0,0,0,40,0
24,13,4,3,1,0,2174,0,40,0
38,10,0,0,3,1,0,0,40,0
42,9,4,7,1,1,0,0,40,0
24,9,4,5,2,1,0,0,20,0
42,13,0,9,4,0,0,0,37,0
54,3,0,6,2,0,0,0,40,0
19,9,4,7,1,1,0,0,40,0
20,10,4,7,3,0,0,0,20,0
21,11,4,6,1,1,0,0,40,0
30,9,2,5,0,1,0,0,40,0
34,9,2,2,0,1,2829,0,78,0
22,10,4,7,3,1,0,0,35,0
45,13,2,3,0,1,0,0,40,0
32,10,4,0,4,0,0,0,40,0
28,10,4,3,1,1,0,0,60,0
31,13,2,3,0,1,0,0,40,0
40,9,2,3,0,1,0,0,50,0
30,10,2,2,0,1,0,0,50,0
28,11,4,3,1,0,0,0,23,0
21,10,4,6,1,1,0,0,44,0
25,13,4,9,3,1,0,0,35,0
47,9,2,2,0,1,0,0,50,0
50,13,2,9,0,1,0,0,50,0
23,9,4,11,3,1,0,0,20,0
54,9,2,11,0,1,0,0,70,0
24,9,4,7,3,1,0,0,36,0
29,13,2,0,0,1,0,0,40,0
36,11,4,9,4,0,3325,0,40,0
46,11,0,3,1,1,0,0,40,0
39,13,2,9,0,1,0,0,30,0
46,10,2,5,0,1,0,0,45,0
36,11,0,3,4,0,0,0,60,0
64,9,6,0,1,0,2174,0,37,0
51,13,2,3,0,1,0,0,45,0
57,11,0,6,1,1,0,0,40,0
21,9,4,0,3,0,0,0,25,0
53,9,2,2,0,1,0,0,45,0
61,14,2,3,0,1,0,0,30,0
50,9,3,0,2,0,0,0,40,0
74,10,0,11,1,0,7262,0,30,0
22,10,4,0,1,0,0,0,8,0
25,9,4,4,3,1,0,0,40,0
63,14,5,9,1,1,0,0,40,0
38,10,0,9,1,1,0,0,40,0
46,14,2,9,0,1,0,1977,50,0
35,10,4,7,1,1,0,0,84,0
54,13,2,9,0,1,0,0,40,0
50,9,2,6,0,1,0,1848,48,0
37,10,4,3,3,0,0,0,40,0
37,9,0,7,1,0,0,0,40,0
29,13,4,11,1,1,0,0,50,0
56,9,2,6,0,1,3103,0,40,0
52,9,2,13,0,1,0,0,66,0
40,13,4,3,1,0,0,0,40,0
29,14,2,9,0,1,0,1977,40,0
46,9,2,4,0,1,0,0,40,0
49,11,2,2,0,1,0,0,50,0
37,10,0,11,1,0,0,0,45,0
36,13,2,2,0,1,0,0,35,0
32,10,2,2,0,1,0,0,40,0
53,9,2,12,0,1,0,0,40,0
18,7,4,11,3,1,0,0,8,0
48,9,2,0,5,0,0,0,20,0
26,9,0,2,1,1,0,0,40,0
49,9,5,0,4,0,0,0,40,0
41,9,4,11,1,0,0,0,40,0
20,10,4,2,1,1,0,0,10,0
56,9,0,9,1,0,0,0,48,0
29,12,4,0,4,0,0,0,40,0
29,9,2,6,0,1,0,0,40,0
55,9,0,2,1,1,4787,0,40,0
26,13,4,11,1,0,0,0,45,0
32,13,4,3,1,0,0,0,46,0
33,9,4,6,2,1,0,0,55,0
54,14,2,9,0,1,0,0,45,0
33,8,2,2,0,1,0,0,16,0
44,10,2,6,0,1,0,0,57,0
47,9,2,0,0,1,0,0,40,0
90,15,6,9,1,1,1086,0,60,0
26,3,4,9,4,1,0,0,14,0
44,9,2,7,0,1,0,0,40,0
33,12,4,7,1,1,0,0,60,0
28,10,5,2,4,1,0,0,50,0
26,10,0,0,4,0,0,0,18,0
33,9,2,2,0,1,0,0,40,0
39,5,2,5,0,1,0,0,40,0
34,10,2,4,5,0,0,0,30,0
70,10,2,3,0,1,6514,0,40,0
18,10,4,7,3,1,0,0,30,0
65,5,2,3,0,1,0,0,40,0
52,6,2,6,0,1,0,0,48,0
48,14,2,11,0,1,0,0,50,0
47,9,2,5,0,1,0,0,40,0
21,10,4,9,3,1,0,0,30,0
25,9,4,0,1,0,0,0,45,0
59,9,3,8,1,0,0,0,36,0
63,4,2,4,0,1,0,0,70,0
34,9,4,11,1,1,0,0,50,0
44,13,2,2,0,1,0,0,40,0
45,13,2,4,0,1,0,0,60,0
48,13,2,11,0,1,0,0,40,0
61,9,6,0,1,0,0,0,40,0
44,11,2,4,0,1,0,0,40,0
42,10,4,3,1,1,0,0,40,0
40,11,2,7,0,1,0,0,15,0
22,14,4,11,2,0,0,0,21,0
19,10,4,6,3,0,0,0,20,0
25,9,4,6,4,0,0,0,40,0
28,13,4,3,3,1,0,0,60,0
33,9,2,11,0,1,0,0,40,0
29,10,0,5,1,1,2174,0,40,0
19,9,4,6,3,1,0,0,40,0
48,10,2,3,0,1,0,0,60,0
43,10,2,2,0,1,0,0,40,0
42,13,2,3,0,1,0,0,40,0
63,9,2,9,5,0,0,0,25,0
25,13,4,9,3,0,0,0,50,0
41,11,2,2,0,1,0,0,65,0
66,9,4,12,1,0,0,0,15,0
59,10,2,2,0,1,0,0,40,0
29,14,4,9,1,0,0,0,35,0
44,9,0,2,1,1,0,0,40,0
29,7,5,7,4,0,0,0,40,0
41,9,4,2,1,1,0,0,42,0
44,11,0,3,4,0,0,0,40,0
37,13,2,11,0,1,15024,0,50,0
70,9,2,3,0,1,0,0,22,0
25,13,4,9,1,1,0,0,30,0
42,10,0,2,3,1,0,0,30,0
47,13,2,9,5,0,0,0,40,0
21,10,4,0,3,1,0,0,30,0
72,10,6,7,1,0,0,0,35,0
56,4,2,13,0,1,0,0,40,0
52,9,0,2,3,1,0,0,40,0
37,13,2,3,0,1,0,0,45,0
63,9,2,2,0,1,0,0,40,0
41,10,2,4,0,1,0,0,40,0
27,10,2,0,3,0,0,0,40,0
60,9,0,0,1,0,0,0,45,0
23,9,2,6,0,1,0,0,40,0
44,10,0,0,1,1,0,0,40,0
34,9,2,10,0,1,0,0,40,0
38,13,2,9,0,1,0,0,40,0
39,11,2,3,0,1,0,0,45,0
56,14,0,3,1,0,0,0,40,0
53,10,2,5,0,1,0,0,40,0
55,10,0,11,1,0,0,0,50,0
29,10,4,11,3,0,0,0,40,0
56,3,2,6,0,1,0,0,40,0
29,11,2,9,0,1,0,0,40,0
25,9,2,2,0,1,0,0,50,0
47,9,6,3,1,0,0,2444,50,0
44,13,0,11,1,0,27828,0,60,0
27,9,4,5,2,1,0,1719,40,0
47,13,2,3,0,1,0,0,50,0
47,8,4,0,4,0,0,0,40,0
42,9,2,2,0,1,0,0,48,0
26,11,4,2,1,1,0,0,65,0
38,5,2,2,0,1,0,0,40,0
40,4,2,6,0,1,0,0,30,0
30,9,0,0,4,0,0,0,40,0
29,9,2,6,0,1,0,0,50,0
41,11,2,2,0,1,0,0,45,0
40,9,4,2,1,1,0,0,40,0
46,9,4,7,4,0,0,0,40,0
54,10,2,11,0,1,0,0,40,0
44,10,2,3,0,1,0,0,40,0
32,9,0,0,4,0,0,0,40,0
64,9,0,5,1,0,0,0,38,0
61,9,2,9,0,1,0,0,30,0
49,7,5,6,1,1,0,0,40,0
59,9,2,0,0,1,0,0,45,0
29,9,4,5,4,1,0,0,40,0
39,10,2,11,0,1,0,0,40,0
22,11,4,7,2,1,0,0,40,0
49,9,0,3,4,1,0,0,60,0
32,9,2,2,0,1,0,1485,40,0
33,13,4,11,1,1,0,1590,40,0
45,5,2,5,0,1,0,0,40,0
23,10,2,11,0,1,0,0,25,0
54,9,6,0,4,0,0,0,40,0
39,10,2,11,0,1,7688,0,80,0
22,9,4,7,1,1,0,0,25,0
55,7,3,7,4,0,0,0,40,0
36,9,2,3,0,1,41310,0,90,0
38,7,2,4,0,1,0,0,40,0
34,9,2,3,0,1,0,0,45,0
57,10,2,9,5,0,15024,0,8,0
23,10,4,7,3,1,0,0,40,0
30,10,2,2,0,1,0,0,40,0
38,10,2,3,5,0,0,0,45,0
34,5,2,2,0,1,0,0,40,0
38,9,2,5,5,0,3103,0,50,0
42,10,0,0,4,0,0,0,38,0
52,9,2,0,0,1,0,1887,40,0
32,13,2,3,0,1,0,0,55,0
29,10,4,0,2,0,0,0,40,0
74,9,6,0,1,0,0,0,28,0
48,10,2,3,0,1,0,0,40,0
17,8,4,11,3,1,0,0,45,0
23,9,2,6,0,1,0,2179,60,0
22,13,4,9,3,0,0,0,15,0
53,9,2,3,0,1,0,0,50,0
20,9,4,11,3,1,0,0,40,0
39,11,2,13,0,1,0,0,70,0
23,10,4,5,1,1,0,0,25,0
30,7,0,7,4,0,0,0,32,0
34,9,3,7,4,0,0,0,45,0
39,8,2,5,0,1,0,0,32,0
37,10,2,3,5,0,0,0,40,0
28,9,4,11,1,0,0,0,60,0
23,13,4,3,1,1,0,0,40,0
19,10,4,7,3,0,0,0,12,0
32,9,4,6,3,0,0,0,40,0
23,10,4,7,3,1,0,0,44,0
25,13,2,11,0,1,0,0,50,0
52,6,6,6,4,0,0,0,40,0
22,9,4,2,3,1,2907,0,30,0
27,6,2,2,0,1,4508,0,40,0
32,13,4,11,1,1,0,0,35,0
39,12,2,0,0,1,0,0,50,0
18,9,2,11,5,0,0,0,36,0
28,7,4,2,1,1,0,0,40,0
50,14,2,0,2,0,0,2415,50,0
72,9,6,7,4,0,0,0,25,0
76,9,2,11,0,1,0,0,20,0
35,9,0,2,4,1,0,0,40,0
36,13,2,11,0,1,0,1902,40,0
19,9,2,7,3,0,0,0,15,0
23,13,4,3,3,1,0,0,30,0
36,11,0,2,1,1,0,0,40,0
50,13,0,3,4,1,15020,0,40,0
20,10,4,7,4,0,0,0,25,0
64,4,2,4,0,1,0,0,80,0
53,10,2,10,0,1,0,0,40,0
33,12,0,11,1,1,0,0,40,0
30,9,4,6,2,1,0,0,40,0
31,9,2,2,0,1,0,0,40,0
43,10,2,0,0,1,0,0,35,0
38,9,2,0,0,1,0,0,40,0
18,10,4,7,1,1,0,0,25,0
46,13,2,9,5,0,0,0,40,0
46,9,6,0,1,0,0,0,40,0
42,10,6,12,4,0,0,0,40,0
18,9,4,0,1,0,0,0,25,0
23,10,4,10,3,1,0,0,40,0
81,8,6,11,1,0,0,0,30,0
35,9,0,7,4,0,0,0,21,0
19,5,4,5,3,0,0,0,40,0
30,10,4,11,1,0,0,0,45,0
24,11,4,2,1,1,0,0,45,0
24,5,3,11,1,0,0,0,35,0
24,5,4,13,4,1,0,0,40,0
37,10,5,6,1,1,0,0,40,0
50,9,0,11,1,0,0,0,40,0
37,13,2,11,0,1,15024,0,40,0
26,11,0,3,4,0,0,0,40,0
18,10,4,11,3,0,0,0,25,0
24,9,2,2,0,1,0,0,40,0
18,9,4,11,3,1,0,0,20,0
38,14,2,9,0,1,0,0,40,0
66,9,6,3,1,1,0,0,86,0
33,11,2,6,0,1,0,0,40,0
25,10,4,5,3,1,0,0,40,0
23,10,0,8,1,0,0,0,26,0
46,9,0,2,1,0,14344,0,40,0
64,14,2,11,0,1,6418,0,65,0
36,13,2,0,5,0,0,0,40,0
31,10,2,12,0,1,0,0,40,0
23,10,4,7,3,0,0,0,30,0
61,9,0,6,3,0,0,0,40,0
35,10,5,3,3,0,0,0,40,0
30,6,4,6,4,0,0,0,40,0
21,11,4,7,3,0,0,0,44,0
27,10,4,7,3,1,0,0,40,0
26,12,0,13,4,0,0,0,30,0
26,10,2,10,3,1,0,0,40,0
43,14,2,12,0,1,0,0,40,0
20,9,4,0,1,0,0,0,35,0
20,10,4,9,3,1,0,0,38,0
39,14,0,7,1,0,0,0,50,0
48,10,0,9,1,0,0,0,50,0
36,9,0,6,3,1,0,0,40,0
34,9,4,4,1,1,0,1974,30,0
37,7,2,2,0,1,5013,0,40,0
37,15,4,9,3,1,0,1564,55,0
44,10,2,4,0,1,0,1902,80,0
51,7,2,13,0,1,0,1628,40,0
34,9,4,2,3,1,0,0,40,0
29,9,2,11,0,1,2829,0,38,0
38,10,2,2,0,1,0,0,43,0
34,10,2,10,0,1,0,0,60,0
63,10,0,0,1,0,0,0,40,0
47,9,0,2,1,1,0,0,40,0
62,8,6,0,4,0,0,0,37,0
20,9,4,7,3,0,0,0,18,0
30,3,2,6,0,1,0,0,40,0
53,10,0,9,1,1,0,1590,50,0
77,9,2,9,0,1,0,0,35,0
50,16,2,9,0,1,0,0,40,0
61,6,2,2,0,1,0,0,40,0
17,7,4,9,3,0,0,0,15,0
43,9,2,2,0,1,0,0,40,0
61,4,2,6,5,0,3456,0,44,0
77,16,3,9,1,1,0,0,4,0
49,13,2,3,0,1,0,0,75,0
26,10,4,4,1,1,0,0,40,0
30,13,2,11,0,1,0,0,50,0
36,9,2,6,0,1,0,0,40,0
35,10,5,13,1,0,0,0,40,0
23,9,4,7,4,0,0,0,37,0
38,11,0,12,1,0,0,0,40,0
40,9,2,7,0,1,0,0,40,0
27,10,4,3,3,1,0,0,40,0
45,9,0,7,4,0,0,0,32,0
24,13,4,3,3,1,0,0,36,0
42,9,0,7,1,0,0,0,25,0
31,10,2,10,0,1,0,0,40,0
54,9,0,0,1,0,0,0,40,0
46,10,0,3,1,1,0,0,40,0
29,13,4,9,3,0,0,0,15,0
24,7,4,7,2,1,0,0,35,0
24,10,4,7,4,0,0,0,30,0
40,13,2,10,0,1,0,0,72,0
45,12,4,2,1,1,0,0,40,0
35,13,4,3,1,1,0,0,40,0
50,14,2,9,0,1,0,0,50,0
36,13,2,9,0,1,0,0,40,0
35,10,2,6,0,1,0,0,40,0
31,9,2,13,0,1,0,1848,50,0
43,15,4,9,1,1,0,0,40,0
30,13,4,6,1,1,0,0,48,0
44,13,2,9,2,0,0,0,40,0
42,13,2,3,0,1,0,0,40,0
64,16,2,9,0,1,0,0,50,0
23,10,3,9,3,1,0,0,40,0
60,13,4,9,1,1,4101,0,60,0
18,6,4,2,3,1,0,0,40,0
24,10,4,7,3,1,0,0,35,0
40,9,2,2,0,1,0,0,45,0
17,7,4,11,3,0,0,0,10,0
33,9,2,0,5,0,0,0,40,0
43,9,2,13,0,1,0,0,40,0
56,9,0,13,4,0,0,0,35,0
25,9,4,0,4,0,0,0,40,0
25,13,4,11,1,0,0,0,40,0
34,13,2,3,0,1,0,0,50,0
40,10,2,3,0,1,7298,0,65,0
64,13,0,3,1,0,0,0,40,0
41,10,0,0,4,0,0,0,40,0
44,14,0,3,4,1,7430,0,45,0
60,11,2,2,0,1,4064,0,40,0
38,10,3,7,4,0,0,0,36,0
26,9,4,11,3,1,0,0,35,0
19,10,4,11,3,0,0,0,20,0
31,9,4,7,4,0,0,0,40,0
28,9,2,6,0,1,0,0,45,0
25,10,4,2,1,1,0,0,40,0
49,10,2,0,0,1,0,0,40,0
44,9,0,13,1,1,0,0,45,0
33,7,2,2,0,1,0,0,49,0
34,9,2,6,2,0,0,0,40,0
54,9,2,13,0,1,0,0,60,0
39,9,2,11,0,1,0,0,40,0
43,10,0,0,4,0,0,0,38,0
42,9,2,6,0,1,0,0,40,0
23,9,4,0,1,0,0,0,37,0
23,10,4,7,1,0,0,0,35,0
23,10,4,3,3,1,0,0,40,0
54,13,2,9,0,1,0,1977,40,0
23,9,4,13,1,1,0,0,45,0
58,10,2,13,0,1,0,0,60,0
46,16,0,9,1,1,0,0,40,0
29,16,2,9,0,1,0,0,45,0
53,9,0,2,1,1,0,0,40,0
77,4,2,7,0,1,0,0,8,0
37,13,2,11,0,1,0,0,50,0
18,6,4,13,3,1,0,0,40,0
36,13,0,9,4,0,0,0,45,0
34,9,4,2,3,1,0,0,45,0
45,9,2,11,0,1,0,0,55,0
64,12,2,10,0,1,0,0,40,0
24,5,0,7,3,0,0,0,35,0
37,13,4,3,1,1,0,0,45,0
48,9,2,2,0,1,0,1485,55,0
42,10,0,9,4,0,0,0,40,0
28,10,4,12,1,1,0,0,40,0
31,13,4,11,4,0,0,0,40,0
34,9,4,7,4,0,0,0,40,0
31,13,2,4,0,1,0,0,70,0
33,10,0,0,1,0,0,0,40,0
47,7,0,5,4,1,0,0,50,0
27,13,2,3,0,1,0,0,50,0
36,10,0,0,4,0,0,0,40,0
31,9,2,3,0,1,0,0,40,0
56,9,2,13,0,1,0,0,40,0
18,8,4,11,3,0,0,0,12,0
54,13,6,11,4,1,0,0,60,0
27,10,2,0,3,0,0,0,40,0
65,14,2,11,0,1,10605,0,44,0
65,7,0,5,1,1,0,0,24,0
21,10,4,7,3,0,0,0,48,0
22,10,2,3,0,1,0,0,40,0
32,9,4,6,3,1,0,0,40,0
42,7,2,2,0,1,0,0,35,0
32,9,0,2,1,1,0,0,40,0
21,10,4,7,3,1,0,0,20,0
49,9,2,11,0,1,0,0,50,0
30,9,0,13,1,1,0,0,43,0
20,10,4,7,3,0,0,0,11,0
55,9,2,9,3,0,0,0,40,0
46,5,2,13,0,1,0,0,40,0
31,9,0,0,4,0,0,0,40,0
31,10,2,3,0,1,0,1887,40,0
58,3,2,4,0,1,0,0,40,0
34,8,0,6,3,0,0,0,40,0
65,10,2,0,0,1,0,0,48,0
48,9,6,0,4,0,0,0,40,0
44,10,2,13,0,1,0,0,40,0
26,7,0,5,1,1,0,0,40,0
45,9,2,2,0,1,0,0,40,0
19,9,4,11,3,0,0,0,30,0
45,13,2,9,0,1,0,0,40,0
36,10,2,9,0,1,0,0,40,0
45,9,2,4,0,1,0,1740,56,0
43,10,0,12,4,0,0,0,35,0
62,6,0,6,1,0,0,0,40,0
31,12,4,3,2,0,0,0,40,0
46,13,4,9,1,1,0,0,40,0
38,9,2,7,5,0,0,0,43,0
51,10,0,11,1,0,0,0,38,0
22,10,4,11,3,0,0,0,22,0
46,10,2,3,0,1,0,0,40,0
67,9,2,4,0,1,0,0,40,0
55,9,2,6,0,1,0,0,40,0
24,11,2,9,0,1,0,0,40,0
41,10,0,7,4,1,0,0,59,0
33,9,4,7,1,1,0,0,40,0
35,13,2,3,5,0,0,0,40,0
56,14,2,3,0,1,0,1977,60,0
27,9,4,2,1,1,0,0,40,0
32,11,4,7,1,1,0,0,40,0
21,10,4,9,3,0,0,0,25,0
31,9,2,10,0,1,0,0,40,0
42,10,0,3,4,0,0,0,45,0
19,9,4,0,1,0,0,0,25,0
63,15,2,9,0,1,99999,0,60,0
34,13,4,0,3,1,0,0,18,0
38,10,2,11,0,1,0,0,40,0
19,10,4,7,3,0,0,0,20,0
34,9,0,2,3,1,0,0,40,0
21,9,4,7,1,1,0,0,40,0
27,10,4,11,1,1,0,0,32,0
63,9,6,4,4,1,0,0,60,0
25,13,4,9,3,1,0,0,20,0
51,10,2,13,0,1,0,0,60,0
50,14,2,11,0,1,0,0,40,0
63,9,0,0,2,0,0,0,40,0
53,10,3,11,1,0,0,0,40,0
18,8,4,4,3,1,0,0,10,0
41,9,2,2,0,1,5178,0,40,0
32,9,2,5,0,1,0,0,50,0
19,7,4,7,4,0,0,0,40,0
41,13,0,11,1,1,0,0,45,0
29,9,4,0,1,1,0,0,37,0
66,10,2,3,0,1,3818,0,40,0
57,13,2,9,0,1,0,0,55,0
49,3,2,7,0,1,0,0,40,0
36,10,2,2,0,1,0,0,40,0
33,11,4,7,4,0,0,0,10,0
46,7,4,7,2,1,0,0,40,0
27,13,0,0,4,0,0,0,16,0
24,9,4,0,3,1,0,2339,40,0
17,6,4,11,3,0,0,0,14,0
32,9,4,2,3,1,0,0,40,0
40,9,4,7,1,0,0,0,65,0
35,13,0,9,1,1,0,0,50,0
22,10,4,0,3,0,0,0,30,0
41,9,4,5,4,0,0,0,30,0
22,13,4,11,1,0,0,0,40,0
45,13,2,3,0,1,0,0,40,0
46,13,2,11,0,1,0,0,50,0
50,9,2,13,0,1,0,0,40,0
31,9,2,2,0,1,0,0,40,0
47,14,2,9,0,1,0,0,40,0
36,9,0,2,3,1,0,0,20,0
42,9,2,2,0,1,0,0,40,0
23,10,4,7,1,1,0,0,50,0
28,10,4,0,3,1,0,0,40,0
44,9,2,11,0,1,0,0,40,0
47,9,2,0,5,0,0,0,40,0
61,9,2,11,0,1,15024,0,45,0
50,4,2,2,0,1,0,0,40,0
54,14,2,3,0,1,0,0,50,0
18,7,4,6,3,1,0,0,40,0
46,10,2,2,0,1,0,0,40,0
44,9,4,7,3,1,0,0,40,0
50,14,2,3,0,1,0,0,40,0
32,9,0,3,1,1,0,0,60,0
48,14,0,9,1,1,0,0,25,0
40,9,2,2,0,1,0,0,60,0
34,7,2,4,0,1,0,0,72,0
31,13,4,9,3,0,0,0,40,0
43,16,4,9,1,1,99999,0,45,0
33,11,5,9,1,1,0,0,40,0
62,10,4,6,1,0,0,0,40,0
44,9,2,2,0,1,0,0,40,0
55,9,6,12,1,1,0,0,40,0
42,11,4,2,3,1,0,0,40,0
42,10,2,0,5,0,15024,0,40,0
23,6,2,2,0,1,0,0,40,0
63,10,4,3,1,0,0,0,40,0
23,11,2,2,0,1,0,0,40,0
32,9,4,7,3,1,2907,0,35,0
30,2,5,8,2,0,0,0,30,0
50,9,4,0,3,1,0,0,40,0
19,10,4,0,1,0,0,0,40,0
40,9,2,2,0,1,0,0,40,0
45,9,0,9,1,0,0,0,40,0
51,13,2,11,0,1,0,0,50,0
29,10,2,10,0,1,0,0,46,0
64,9,2,11,0,1,0,0,40,0
58,9,2,13,0,1,0,0,38,0
43,14,2,9,0,1,0,0,45,0
27,13,4,12,1,1,0,0,50,0
40,13,2,6,0,1,0,0,45,0
25,10,4,7,1,1,2174,0,40,0
27,13,4,0,3,1,0,0,35,0
54,14,2,3,0,1,0,0,40,0
25,2,4,4,1,1,0,0,40,0
39,9,2,6,0,1,0,0,40,0
51,13,2,4,0,1,0,0,60,0
29,10,2,9,0,1,0,2129,50,0
49,10,0,3,1,1,0,0,40,0
39,9,2,3,0,1,0,0,30,0
51,16,0,9,1,1,0,0,30,0
50,7,2,6,0,1,0,0,40,0
39,10,2,0,0,1,0,0,40,0
24,13,4,7,1,1,0,0,55,0
43,15,0,9,4,0,15020,0,35,0
60,13,2,9,0,1,4386,0,84,0
20,10,4,7,3,0,0,0,40,0
60,13,2,3,0,1,0,0,50,0
35,13,0,9,4,0,0,0,36,0
41,13,2,2,0,1,0,0,50,0
31,10,0,0,4,0,0,0,40,0
59,11,2,3,0,1,0,0,40,0
45,9,0,6,1,0,0,0,45,0
43,15,2,9,5,0,0,0,5,0
25,13,4,3,3,1,4650,0,45,0
33,14,4,11,1,0,0,0,40,0
37,14,2,3,0,1,0,0,55,0
31,11,2,11,0,1,0,0,40,0
31,9,2,2,0,1,0,0,40,0
31,9,2,6,2,1,0,1902,40,0
51,9,0,7,1,1,0,0,80,0
50,16,2,9,0,1,15024,0,40,0
30,11,0,0,4,0,0,0,40,0
32,9,4,2,3,1,0,0,40,0
61,14,2,9,0,1,0,0,18,0
43,13,4,11,3,0,0,0,40,0
21,9,4,7,1,0,0,2001,25,0
32,11,2,3,0,1,0,0,50,0
41,10,2,11,0,1,0,0,60,0
27,10,4,7,3,1,0,0,10,0
23,13,4,9,3,0,0,0,30,0
52,11,2,4,0,1,0,0,48,0
38,13,2,3,0,1,0,0,60,0
25,13,4,9,1,0,0,0,40,0
38,10,2,3,0,1,0,0,55,0
39,11,2,0,0,1,0,0,40,0
64,10,6,3,4,0,0,0,70,0
31,15,2,9,5,0,0,0,99,0
56,10,2,0,0,1,7298,0,45,0
40,10,2,9,0,1,0,0,40,0
39,10,4,2,3,1,0,0,40,0
50,10,5,11,4,0,0,0,40,0
23,9,4,2,3,1,0,0,40,0
41,14,2,9,0,1,0,0,70,0
37,13,2,5,0,1,0,0,40,0
52,9,2,2,0,1,15024,0,40,0
29,9,2,2,0,1,0,0,40,0
62,2,2,7,0,1,0,0,40,0
41,9,0,5,1,0,0,0,40,0
47,9,0,2,1,1,0,0,40,0
25,9,2,6,0,1,0,0,40,0
22,9,2,11,0,1,0,0,20,0
42,9,0,12,4,0,0,0,36,0
27,13,4,9,1,1,0,0,50,0
33,7,2,6,0,1,0,0,40,0
37,14,2,11,0,1,0,0,50,0
29,5,6,7,4,0,0,0,27,0
49,9,2,2,0,1,0,0,43,0
44,9,2,3,0,1,0,0,40,0
47,4,2,2,0,1,0,0,40,0
49,9,0,7,1,0,0,0,40,0
37,9,2,2,0,1,5013,0,40,0
41,9,2,11,5,0,15024,0,50,0
19,9,4,7,3,1,0,0,40,0
22,9,4,7,1,1,0,0,70,0
45,7,2,6,0,1,4386,0,40,0
24,10,4,11,3,0,0,0,25,0
67,4,2,10,0,1,0,0,40,0
28,10,4,6,3,1,0,0,40,0
57,11,2,2,0,1,0,0,40,0
68,9,6,6,1,0,0,0,28,0
49,9,0,5,1,1,0,0,40,0
42,14,4,11,1,1,0,0,65,0
61,9,2,3,0,1,0,0,40,0
47,4,2,13,0,1,0,0,40,0
22,7,4,2,1,1,0,0,40,0
58,16,2,9,0,1,7688,0,50,0
50,16,2,3,0,1,7688,0,60,0
34,10,2,2,0,1,0,0,40,0
42,13,2,11,0,1,0,0,45,0
20,7,4,4,3,1,0,0,40,0
27,10,2,11,0,1,0,0,40,0
50,9,2,11,0,1,0,0,60,0
63,10,2,3,0,1,15024,0,40,0
32,10,4,10,1,0,0,0,40,0
37,11,0,10,4,1,0,0,40,0
63,6,0,2,1,1,0,0,20,0
22,10,4,0,3,0,0,0,20,0
24,10,4,11,1,0,0,0,25,0
40,10,2,9,0,1,0,0,40,0
36,9,2,2,0,1,0,0,40,0
30,10,0,9,4,1,0,0,50,0
34,6,2,6,0,1,0,0,40,0
21,10,4,7,3,1,0,0,30,0
56,9,4,0,4,1,0,0,43,0
38,12,2,9,0,1,0,0,40,0
32,12,4,0,1,1,2174,0,40,0
45,10,3,7,1,0,0,0,24,0
64,9,2,0,0,1,0,0,40,0
30,13,2,3,0,1,0,0,50,0
32,13,2,11,0,1,0,0,70,0
26,9,4,6,3,1,0,0,40,0
46,9,2,2,0,1,0,0,30,0
55,4,2,0,0,1,0,0,72,0
51,10,0,2,1,1,0,0,8,0
62,9,0,2,1,1,0,0,40,0
34,13,2,9,5,0,0,0,40,0
54,10,0,3,2,0,0,0,40,0
35,13,2,11,0,1,0,0,40,0
28,13,4,3,1,1,0,0,48,0
17,8,4,7,3,0,0,0,16,0
22,10,4,7,3,0,0,0,35,0
67,4,2,2,0,1,0,0,48,0
43,10,4,11,1,1,0,0,65,0
57,11,2,10,0,1,0,0,40,0
38,9,0,8,4,0,0,0,35,0
19,9,4,11,3,0,0,0,25,0
34,9,4,12,2,0,0,0,40,0
33,9,4,6,1,0,0,0,40,0
18,10,4,7,3,1,0,0,20,0
40,13,2,9,5,0,0,0,5,0
32,9,4,12,1,1,0,0,45,0
25,9,4,0,3,0,0,0,40,0
29,13,4,0,1,1,0,0,40,0
33,9,2,3,0,1,0,0,50,0
34,9,4,12,3,1,0,0,40,0
23,6,4,5,1,1,0,0,40,0
21,10,2,6,0,1,0,0,40,0
42,10,2,2,0,1,0,0,40,0
32,10,2,12,0,1,0,0,40,0
31,10,2,2,0,1,0,0,40,0
63,9,4,7,1,0,0,0,50,0
36,14,2,9,0,1,0,0,50,0
34,10,4,7,1,1,0,0,30,0
60,5,0,7,1,0,0,0,40,0
23,13,4,9,1,1,0,0,30,0
47,10,2,3,0,1,4386,0,40,0
20,10,4,3,3,0,0,0,16,0
50,14,2,3,0,1,0,0,50,0
29,8,2,11,3,1,0,0,35,0
37,9,2,2,0,1,0,0,40,0
20,10,4,0,3,0,0,0,10,0
50,10,2,3,0,1,0,0,50,0
31,9,5,2,3,1,0,0,50,0
35,11,2,11,0,1,0,0,40,0
38,13,0,11,1,0,0,0,70,0
24,10,2,0,5,0,0,0,40,0
29,10,4,0,1,0,0,0,40,0
27,11,3,12,3,0,0,0,40,0
21,10,4,10,3,1,0,0,48,0
64,9,2,13,0,1,10566,0,40,0
33,9,4,13,3,0,0,0,40,0
35,7,2,2,0,1,0,0,40,0
51,9,2,13,0,1,0,0,50,0
23,13,4,3,3,1,0,0,40,0
26,9,4,4,1,1,0,0,40,0
64,14,2,9,0,1,0,0,40,0
32,9,2,4,0,1,0,0,50,0
17,8,4,11,3,0,0,0,20,0
34,10,0,10,4,1,0,0,47,0
37,9,2,2,0,1,0,0,40,0
47,10,5,9,1,0,0,0,50,0
45,13,2,7,2,0,0,0,35,0
23,6,4,7,1,1,0,0,50,0
36,14,2,3,0,1,0,0,50,0
62,16,2,9,0,1,15024,0,45,0
34,13,2,3,0,1,0,0,53,0
36,6,0,6,4,0,0,0,40,0
35,13,2,11,0,1,7688,0,60,0
36,13,4,3,1,0,0,0,40,0
29,13,4,12,1,0,0,0,40,0
54,13,2,3,0,1,0,0,55,0
38,9,2,6,0,1,0,0,40,0
27,9,4,0,1,1,0,0,50,0
26,13,4,11,3,1,0,0,45,0
44,4,2,13,0,1,0,0,20,0
26,12,4,0,1,0,0,0,36,0
42,10,2,6,0,1,0,0,45,0
37,15,2,9,0,1,15024,0,60,0
26,13,4,0,1,0,0,0,35,0
36,9,2,2,3,0,0,0,40,0
44,14,0,3,1,1,0,0,50,0
23,9,4,10,2,1,0,0,42,0
27,10,4,7,1,1,0,0,40,0
53,9,0,2,1,1,0,0,60,0
28,9,4,4,1,1,0,0,40,0
22,9,3,7,2,0,0,0,35,0
29,7,5,2,4,1,0,0,40,0
41,10,2,3,0,1,0,0,40,0
34,9,2,11,5,0,0,0,40,0
30,5,4,6,1,1,0,0,40,0
41,10,2,11,0,1,0,0,43,0
37,13,4,0,3,0,0,0,32,0
46,7,6,6,1,1,0,0,40,0
46,4,0,7,1,0,0,0,40,0
30,13,2,9,0,1,0,0,50,0
27,13,4,9,1,1,0,0,50,0
25,9,4,5,2,0,0,0,43,0
21,10,4,9,3,0,0,0,40,0
23,12,4,11,1,1,0,0,40,0
18,9,4,3,1,0,0,0,30,0
46,7,2,5,0,1,0,0,40,0
27,10,2,0,0,1,0,0,48,0
25,13,4,9,1,1,0,0,60,0
61,13,4,3,1,0,0,2444,50,0
50,14,2,3,0,1,0,0,40,0
66,10,4,0,3,0,0,0,40,0
26,9,6,0,4,0,0,0,20,0
50,12,2,9,0,1,0,0,48,0
41,9,0,12,4,0,0,0,40,0
43,12,2,2,0,1,0,0,20,0
38,13,2,9,0,1,0,0,40,0
20,10,4,0,3,1,0,0,35,0
58,12,2,3,0,1,0,0,42,0
41,16,2,9,0,1,7688,0,50,0
43,11,0,9,4,0,0,0,36,0
39,13,4,3,1,1,0,1669,40,0
22,10,4,10,1,1,0,0,60,0
52,9,6,7,1,0,0,0,40,0
46,9,2,7,0,1,0,0,40,0
20,10,4,11,3,1,0,0,40,0
55,10,2,6,0,1,0,0,48,0
48,10,5,0,4,0,0,0,40,0
30,10,0,0,1,0,0,0,55,0
40,9,0,3,1,0,0,0,40,0
44,13,0,9,1,1,0,0,45,0
55,9,2,13,0,1,0,0,40,0
53,13,6,9,1,0,0,0,28,0
57,4,0,2,4,1,0,1408,40,0
47,11,2,0,0,1,0,0,40,0
64,13,2,9,0,1,0,0,40,0
18,8,4,7,3,0,0,0,18,0
25,9,4,2,1,1,0,0,40,0
37,13,0,13,1,1,0,0,50,0
33,9,2,10,0,1,0,0,32,0
66,4,2,7,0,1,1797,0,20,0
37,10,2,12,0,1,0,0,40,0
19,10,4,0,3,0,0,0,30,0
41,12,4,7,1,1,0,0,40,0
41,9,0,0,4,0,0,0,40,0
76,9,6,0,1,0,0,0,8,0
52,10,0,11,1,0,0,0,40,0
23,10,4,9,1,0,0,0,50,0
43,9,2,0,5,0,0,0,35,0
32,13,4,9,1,1,0,0,55,0
33,12,2,7,5,0,0,0,35,0
33,13,2,9,0,1,0,0,15,0
59,6,2,2,0,1,0,0,50,0
21,7,4,5,3,1,0,0,40,0
40,9,2,6,0,1,0,0,40,0
22,11,4,4,1,1,0,0,35,0
45,7,2,2,0,1,0,0,35,0
28,13,2,9,0,1,0,1902,43,0
38,10,5,12,4,0,0,0,50,0
56,9,2,2,0,1,0,0,40,0
19,9,4,2,3,1,0,0,36,0
48,7,2,3,5,0,0,0,30,0
31,6,2,7,5,0,0,0,28,0
42,11,2,2,0,1,0,0,40,0
37,2,2,0,0,1,0,0,66,0
60,10,2,7,5,0,0,0,50,0
63,9,2,11,0,1,0,0,40,0
24,7,4,7,3,0,0,0,40,0
42,10,2,2,0,1,5178,0,50,0
32,14,4,9,1,0,0,0,40,0
57,13,2,3,0,1,0,0,50,0
56,9,6,11,1,0,0,0,44,0
42,9,2,2,0,1,0,1887,50,0
24,7,4,11,3,1,0,0,40,0
31,9,2,2,0,1,0,0,40,0
58,9,2,13,0,1,0,0,40,0
44,14,2,9,0,1,0,0,45,0
33,10,2,6,0,1,0,0,48,0
34,13,2,3,0,1,0,0,45,0
72,4,2,13,0,1,0,0,14,0
61,9,0,6,1,0,0,0,40,0
33,13,2,11,0,1,0,0,80,0
58,14,0,9,1,0,0,0,40,0
57,9,2,11,0,1,15024,0,30,0
25,9,4,6,1,1,0,0,40,0
72,5,2,11,0,1,0,0,16,0
23,9,5,0,1,0,0,0,40,0
40,9,2,5,0,1,0,0,40,0
38,10,2,2,0,1,0,0,48,0
49,12,6,11,1,0,0,0,40,0
25,9,4,2,3,1,0,0,40,0
33,10,4,3,3,0,0,0,40,0
28,13,4,0,1,0,0,0,40,0
71,9,2,11,0,1,0,0,50,0
63,9,0,7,4,0,0,0,55,0
49,11,2,10,0,1,0,0,56,0
65,14,2,0,2,0,0,0,40,0
22,10,4,12,4,0,0,0,50,0
45,9,0,4,4,0,0,0,39,0
29,13,4,9,1,1,0,0,40,0
44,13,2,6,0,1,0,0,40,0
64,9,6,0,4,0,0,0,40,0
22,4,2,5,0,1,0,0,40,0
64,9,2,11,0,1,0,0,50,0
39,13,0,11,1,1,0,0,40,0
35,9,0,2,4,1,0,0,40,0
22,7,4,13,3,1,0,0,40,0
43,13,2,11,0,1,0,0,45,0
26,12,2,4,0,1,0,0,75,0
47,12,2,5,0,1,0,0,40,0
37,14,2,9,5,0,0,0,50,0
25,13,4,3,3,1,0,0,40,0
41,11,2,2,0,1,0,0,45,0
39,10,4,9,3,0,0,0,10,0
45,16,2,9,0,1,0,0,40,0
37,9,2,2,0,1,0,0,40,0
30,9,4,5,3,1,0,0,40,0
34,7,2,4,0,1,0,0,60,0
22,10,4,5,3,1,0,0,25,0
18,9,4,5,3,1,0,0,30,0
22,9,4,11,1,0,0,0,40,0
55,10,0,7,4,0,0,0,10,0
56,10,2,0,5,0,0,0,35,0
74,13,2,0,5,0,0,0,6,0
18,9,4,7,3,0,0,0,40,0
39,10,0,6,1,1,0,0,40,0
33,8,4,6,1,1,0,0,36,0
28,13,4,0,1,0,0,0,40,0
38,9,0,7,1,0,0,0,40,0
53,10,0,0,1,0,0,0,40,0
44,8,2,3,0,1,0,0,55,0
32,9,4,13,1,1,0,0,40,0
58,13,2,9,0,1,0,1887,40,0
28,9,0,3,3,1,0,0,40,0
33,14,2,9,0,1,0,0,40,0
33,11,2,2,0,1,0,0,45,0
51,9,0,7,1,0,0,0,32,0
51,9,0,0,1,0,0,0,40,0
39,5,2,2,0,1,0,0,40,0
32,9,2,6,0,1,0,2002,66,0
45,13,0,0,4,0,0,0,45,0
19,10,4,0,3,1,0,0,20,0
21,9,4,7,3,1,0,0,40,0
76,9,2,9,0,1,0,0,20,0
46,10,2,7,0,1,0,0,40,0
27,10,4,0,1,0,0,0,40,0
51,9,5,2,1,1,0,0,60,0
19,9,4,0,3,0,0,0,20,0
30,11,4,9,1,0,0,0,40,0
46,9,2,0,5,0,0,0,12,0
68,10,2,2,0,1,0,1735,48,0
36,13,2,9,0,1,0,0,60,0
71,9,6,8,4,0,0,0,20,0
32,10,4,4,3,1,0,0,40,0
43,9,5,0,4,0,0,0,40,0
33,9,5,2,1,1,0,0,50,0
24,10,4,10,1,1,0,0,40,0
38,11,0,7,4,0,0,0,36,0
76,10,6,11,1,0,2062,0,37,0
35,9,4,7,4,0,0,0,5,0
23,13,4,11,3,1,0,0,40,0
46,10,2,5,0,1,0,0,40,0
44,10,2,3,0,1,0,0,50,0
30,9,2,7,2,0,0,0,40,0
51,9,0,7,4,0,0,0,15,0
18,7,4,4,3,1,0,0,24,0
23,6,4,2,3,1,0,0,18,0
53,14,2,3,0,1,0,0,40,0
25,10,4,0,2,0,0,0,40,0
44,14,2,3,0,1,0,1902,40,0
49,14,2,11,0,1,0,0,40,0
28,9,5,7,4,1,0,0,40,0
58,14,2,11,0,1,0,0,40,0
36,9,0,0,4,0,0,0,35,0
32,9,4,2,1,1,4787,0,40,0
26,13,2,9,5,0,0,0,40,0
25,9,2,4,0,1,0,0,50,0
19,6,4,7,2,0,34095,0,24,0
39,9,2,7,5,0,0,1902,40,0
44,9,4,0,3,0,0,0,40,0
32,9,2,6,0,1,0,0,42,0
57,9,5,11,4,0,0,0,40,0
64,5,2,7,5,0,0,0,40,0
46,14,4,9,1,0,0,1564,45,0
37,13,4,0,3,0,0,0,40,0
22,11,4,11,3,0,0,0,40,0
30,6,2,2,0,1,0,0,40,0
33,13,4,9,1,0,0,0,40,0
32,9,4,11,1,1,0,0,40,0
23,9,4,5,3,0,0,0,35,0
40,9,4,0,2,0,0,0,40,0
21,9,4,7,3,1,0,0,40,0
48,14,4,6,1,1,0,0,40,0
41,13,0,6,1,1,2354,0,40,0
37,6,2,4,0,1,0,0,40,0
30,14,4,9,1,0,0,0,45,0
49,13,2,9,5,0,0,0,50,0
38,10,0,3,4,0,0,0,40,0
44,3,2,6,0,1,0,0,32,0
62,13,2,11,0,1,0,0,40,0
47,9,2,6,5,0,0,0,40,0
35,11,0,2,1,1,0,0,50,0
44,13,4,4,1,1,0,0,40,0
30,13,4,3,3,0,0,0,40,0
28,9,4,2,3,1,0,0,45,0
57,9,2,7,5,0,0,0,50,0
26,13,4,3,1,1,0,0,40,0
38,11,2,5,0,1,0,0,48,0
44,10,0,6,1,1,0,0,40,0
35,4,2,11,0,1,0,0,40,0
40,14,2,9,0,1,0,0,58,0
50,10,2,9,0,1,0,0,25,0
37,9,2,2,0,1,0,0,60,0
26,13,2,12,5,0,4508,0,12,0
64,10,4,12,1,1,0,0,40,0
30,1,3,5,4,1,0,0,40,0
29,9,2,2,0,1,0,0,40,0
28,9,2,6,0,1,0,0,50,0
28,10,4,9,1,1,0,0,25,0
33,13,2,3,0,1,0,0,40,0
24,9,4,5,1,0,0,0,30,0
26,9,0,13,4,1,0,0,40,0
77,13,6,9,1,0,0,0,20,0
25,10,4,3,3,1,0,0,9,0
53,8,2,5,2,1,0,0,40,0
38,7,0,0,1,0,0,0,44,0
30,14,2,9,0,1,0,0,47,0
39,9,2,2,0,1,0,0,40,0
51,16,0,11,1,1,0,0,50,0
49,13,2,11,0,1,0,0,85,0
51,10,0,9,4,0,0,0,40,0
47,9,4,7,1,0,0,1876,48,0
36,5,4,4,4,0,0,0,40,0
62,2,2,8,5,0,0,0,30,0
40,14,0,9,1,0,0,2205,45,0
30,10,4,0,4,0,0,0,40,0
39,13,2,3,0,1,0,0,40,0
47,14,2,9,0,1,0,0,50,0
28,9,4,10,1,1,0,0,40,0
23,13,4,11,1,0,0,0,40,0
57,13,5,3,4,0,0,0,40,0
33,3,4,6,2,1,0,0,40,0
58,9,2,13,0,1,0,0,24,0
46,10,2,2,0,1,0,0,55,0
23,9,2,3,0,1,0,0,55,0
32,13,4,11,2,1,0,0,32,0
43,13,2,6,0,1,0,0,40,0
34,6,5,3,4,0,0,0,45,0
23,10,4,11,3,1,0,0,40,0
38,13,2,3,5,0,0,0,40,0
59,9,2,6,0,1,0,0,40,0
22,7,4,2,4,1,0,0,40,0
50,14,2,9,0,1,0,0,46,0
44,13,2,0,0,1,0,0,40,0
56,10,0,0,1,0,0,2339,40,0
36,9,0,6,1,1,2202,0,40,0
20,9,4,5,2,1,0,0,40,0
38,9,2,11,0,1,4508,0,55,0
29,9,5,11,1,1,0,0,50,0
32,12,2,9,0,1,0,0,20,0
36,10,0,3,4,0,0,0,35,0
19,12,4,0,3,0,0,0,18,0
37,9,0,7,4,0,0,0,40,0
22,13,4,3,3,0,0,0,15,0
42,13,2,11,0,1,0,0,45,0
22,10,4,0,3,1,0,0,20,0
35,13,2,9,0,1,7298,0,45,0
21,10,4,7,3,0,0,0,25,0
43,16,2,9,0,1,0,0,42,0
18,7,4,7,3,1,0,0,24,0
28,7,4,7,1,1,0,0,40,0
32,16,4,9,1,1,3325,0,45,0
49,7,0,7,3,0,0,0,60,0
38,10,2,0,5,0,0,0,40,0
21,9,4,6,3,1,0,0,40,0
22,6,4,11,3,1,0,0,15,0
34,14,2,9,5,0,7688,0,35,0
32,10,2,9,0,1,0,0,45,0
33,10,2,12,0,1,0,0,20,0
41,10,0,11,1,1,0,0,52,0
38,9,2,6,0,1,0,0,40,0
58,13,6,12,4,0,0,0,40,0
44,10,2,6,0,1,0,0,35,0
61,13,2,6,0,1,0,0,40,0
35,10,4,12,2,0,0,0,40,0
36,9,2,11,0,1,0,0,50,0
44,10,3,0,4,0,0,0,40,0
35,9,0,2,1,1,0,0,40,0
43,13,0,9,1,0,0,0,38,0
51,9,2,3,0,1,7688,0,50,0
23,9,4,4,1,1,0,0,53,0
59,9,2,7,0,1,0,0,40,0
18,9,4,7,3,0,0,0,12,0
23,10,4,6,3,0,0,0,15,0
24,9,4,12,4,0,1831,0,40,0
57,6,0,2,4,1,0,0,40,0
28,10,4,3,1,1,0,0,35,0
59,13,2,3,0,1,0,0,50,0
39,9,4,0,1,1,0,0,48,0
26,9,2,6,0,1,0,0,50,0
17,7,4,11,3,0,0,0,23,0
45,15,2,9,0,1,0,0,40,0
64,9,2,9,5,0,0,0,20,0
55,14,4,9,1,0,0,0,40,0
47,9,2,2,0,1,0,0,16,0
43,10,2,5,0,1,0,0,40,0
46,9,0,7,4,0,0,0,40,0
54,9,2,3,0,1,0,0,40,0
26,13,4,9,1,1,4650,0,40,0
28,13,4,9,1,0,0,1669,40,0
57,11,0,0,4,0,0,0,40,0
35,9,2,6,0,1,0,0,40,0
61,9,2,2,0,1,0,0,40,0
48,10,0,3,1,0,0,0,65,0
30,13,0,11,1,1,0,2444,55,0
70,11,2,4,0,1,0,0,40,0
30,5,0,4,4,0,0,0,40,0
34,9,4,3,1,0,0,0,40,0
26,13,4,3,1,0,0,0,40,0
41,8,0,2,4,1,0,0,40,0
19,10,4,5,1,1,0,0,30,0
59,9,2,6,0,1,0,0,40,0
30,9,2,2,0,1,4386,0,70,0
52,9,2,2,0,1,0,0,32,0
43,13,0,11,4,0,0,0,50,0
51,13,2,9,0,1,0,0,40,0
31,10,2,4,0,1,0,0,40,0
19,9,4,2,3,0,0,0,40,0
29,11,4,0,1,1,0,0,70,0
40,9,2,2,0,1,0,0,45,0
40,11,2,0,0,1,0,0,40,0
45,7,4,2,1,1,0,0,40,0
58,9,4,0,1,1,0,1741,40,0
28,14,4,9,1,0,0,0,50,0
43,13,4,9,1,0,0,0,40,0
40,13,4,3,3,0,0,0,40,0
55,10,0,12,4,0,0,0,56,0
18,9,4,11,3,0,0,0,24,0
36,9,2,2,0,1,0,0,40,0
21,9,4,11,3,0,0,0,30,0
45,14,2,3,0,1,0,0,40,0
53,13,2,4,0,1,0,0,60,0
33,9,2,0,0,1,0,0,40,0
35,10,0,7,4,0,0,0,20,0
35,9,4,11,3,0,0,0,29,0
41,9,5,0,4,0,0,0,40,0
44,13,2,11,0,1,0,0,45,0
61,9,0,11,1,1,0,0,40,0
18,10,4,7,3,0,0,0,12,0
42,13,4,3,1,0,0,0,38,0
28,9,0,3,1,0,0,0,40,0
53,9,2,5,0,1,0,0,40,0
51,9,0,0,4,0,0,2339,40,0
32,13,4,9,1,0,0,0,40,0
35,9,2,5,0,1,0,0,40,0
44,13,0,6,4,0,0,0,56,0
38,13,4,9,1,0,0,0,40,0
28,13,2,10,0,1,0,0,50,0
36,9,4,6,2,0,0,0,40,0
40,13,0,0,2,0,0,0,32,0
37,11,0,11,1,0,0,0,40,0
18,7,4,7,3,0,0,0,20,0
51,10,0,11,4,0,0,0,50,0
42,10,4,11,1,1,0,0,80,0
41,11,0,0,3,0,0,0,40,0
32,13,2,0,0,1,0,0,38,0
24,10,4,6,3,1,0,0,40,0
63,6,6,6,1,0,0,0,20,0
67,10,2,11,0,1,20051,0,40,0
36,9,0,9,4,0,0,0,50,0
52,8,2,3,0,1,0,0,60,0
32,9,2,6,0,1,0,0,40,0
38,10,2,0,0,1,0,0,45,0
33,13,4,9,1,1,0,0,10,0
50,9,0,11,4,0,0,0,40,0
55,9,0,0,1,0,0,0,40,0
30,9,0,2,1,0,0,0,40,0
40,3,2,2,0,1,0,0,8,0
36,9,2,6,0,1,0,1887,40,0
50,2,3,7,1,1,0,0,40,0
45,13,2,2,0,1,7688,0,40,0
22,9,2,8,5,0,0,0,40,0
34,9,2,11,0,1,0,0,50,0
37,10,2,3,0,1,0,0,60,0
57,4,6,7,4,0,0,0,29,0
31,9,4,13,1,1,0,0,40,0
32,10,4,7,1,1,0,0,40,0
31,9,0,2,1,1,0,0,40,0
29,9,5,13,4,0,0,0,30,0
30,13,2,9,0,1,0,0,40,0
43,9,2,3,0,1,0,0,50,0
50,16,2,9,0,1,99999,0,50,0
37,13,0,9,2,0,0,0,60,0
59,14,5,9,3,0,0,0,35,0
18,9,4,0,3,0,0,0,40,0
25,13,4,7,3,1,0,0,43,0
36,10,2,2,0,1,0,0,52,0
17,6,4,11,3,0,594,0,12,0
55,9,2,2,0,1,4386,0,40,0
47,9,2,7,2,1,3908,0,40,0
18,10,4,7,3,1,0,0,30,0
46,10,2,0,0,1,0,0,80,0
31,9,4,2,2,1,0,0,40,0
61,9,2,6,0,1,0,0,40,0
28,1,4,4,1,1,0,0,38,0
43,13,2,9,0,1,0,0,40,0
26,13,4,3,1,0,0,0,50,0
32,9,2,13,0,1,0,0,40,0
52,9,2,10,0,1,0,0,40,0
55,14,4,9,1,0,0,0,40,0
67,9,6,0,4,0,6723,0,40,0
25,10,4,7,1,1,0,0,48,0
33,13,2,9,0,1,15024,0,50,0
29,12,4,3,2,0,0,0,38,0
20,10,4,8,3,0,0,0,40,0
36,4,0,11,1,0,0,0,35,0
21,10,4,4,3,1,0,0,60,0
26,9,4,7,1,0,0,0,16,0
52,12,4,6,3,1,0,0,40,0
34,13,2,11,0,1,0,0,50,0
47,3,2,6,0,1,0,0,40,0
37,11,4,9,1,0,0,0,48,0
37,13,4,9,1,0,0,0,45,0
42,9,0,12,1,1,8614,0,40,0
23,10,4,5,3,0,0,0,25,0
37,9,4,13,1,1,0,0,50,0
45,16,2,9,0,1,0,0,40,0
28,10,4,12,4,0,0,0,40,0
89,13,2,11,0,1,0,0,40,0
54,14,0,9,4,0,0,0,37,0
23,10,4,0,3,1,0,0,24,0
35,9,4,6,1,0,0,0,40,0
37,9,2,5,0,1,0,0,40,0
31,9,4,0,1,0,0,0,40,0
24,13,4,12,3,1,0,0,42,0
52,10,4,6,1,1,0,0,40,0
35,9,2,11,0,1,0,0,40,0
51,14,2,3,0,1,0,2415,40,0
41,9,2,3,0,1,15024,0,65,0
57,10,2,0,5,0,0,0,40,0
22,9,4,11,3,1,0,0,40,0
37,13,2,4,0,1,0,0,45,0
74,9,6,0,1,1,0,2282,35,0
56,9,4,11,1,1,0,0,40,0
33,9,0,3,1,1,0,0,48,0
31,10,2,10,0,1,0,0,30,0
41,13,2,9,0,1,0,0,35,0
26,13,0,0,4,0,0,0,40,0
59,6,6,7,1,0,0,0,25,0
23,9,2,11,1,1,0,0,60,0
35,9,2,13,0,1,0,0,40,0
50,11,0,0,4,0,0,0,40,0
52,10,0,9,1,0,0,0,32,0
31,10,2,3,5,0,0,0,40,0
37,9,3,7,4,0,0,0,35,0
48,10,2,2,0,1,0,0,40,0
50,10,0,10,1,1,0,0,40,0
30,9,2,5,0,1,0,0,40,0
24,9,2,7,0,1,0,0,40,0
57,9,2,2,0,1,0,0,60,0
49,11,0,13,1,1,0,0,48,0
23,13,4,3,1,1,0,0,40,0
20,10,4,11,1,0,0,0,36,0
56,13,2,3,5,0,7688,0,50,0
57,14,0,3,1,0,0,0,60,0
20,10,4,10,3,1,0,0,40,0
43,9,5,2,1,1,0,0,35,0
41,15,2,9,0,1,99999,0,50,0
45,10,0,11,1,1,0,0,40,0
36,9,2,6,0,1,0,0,45,0
62,5,0,7,4,0,0,0,40,0
19,9,4,7,3,1,0,0,6,0
24,10,2,3,0,1,0,0,50,0
19,9,4,12,3,1,0,0,20,0
32,13,2,11,0,1,0,0,40,0
44,10,4,0,1,0,0,0,45,0
53,4,2,13,0,1,0,0,40,0
45,4,2,7,0,1,0,0,36,0
39,14,4,3,1,1,0,0,50,0
55,14,2,9,0,1,0,0,25,0
30,13,4,11,1,1,0,0,55,0
39,10,2,3,0,1,0,0,40,0
23,9,4,10,1,1,0,0,45,0
28,13,4,11,1,0,0,0,48,0
42,11,2,2,0,1,0,0,40,0
35,9,0,6,1,1,0,0,40,0
39,9,4,7,1,0,0,0,25,0
29,13,0,12,4,0,0,0,20,0
21,9,4,4,3,1,0,0,35,0
35,14,2,0,0,1,0,0,38,0
42,10,2,3,0,1,0,0,40,0
28,5,4,6,1,1,0,0,30,0
50,1,2,4,0,1,0,0,40,0
37,15,2,9,0,1,7688,0,50,0
20,9,4,6,2,1,0,0,40,0
46,10,2,3,5,0,0,0,50,0
28,10,4,12,4,0,0,0,40,0
32,10,5,7,1,0,0,0,38,0
20,5,4,13,4,1,0,0,35,0
38,13,2,10,0,1,0,0,40,0
36,13,4,9,1,0,0,0,45,0
30,14,4,9,1,0,0,0,16,0
35,14,4,3,1,0,0,0,45,0
30,14,0,9,1,1,0,0,50,0
56,5,0,10,1,1,0,0,40,0
30,5,3,4,1,1,0,0,40,0
64,2,2,6,0,1,0,0,40,0
49,9,2,2,5,0,0,0,40,0
55,9,2,7,2,0,0,0,33,0
24,7,4,11,3,0,0,0,20,0
23,9,0,11,1,0,0,0,30,0
31,10,4,0,4,0,0,0,39,0
50,9,0,5,1,1,0,1980,38,0
33,9,2,11,0,1,0,0,55,0
24,13,4,11,1,0,0,0,40,0
37,8,2,7,5,0,0,0,45,0
31,6,4,13,1,1,0,2205,60,0
21,13,4,0,3,0,0,0,38,0
18,10,4,11,3,1,0,0,10,0
25,9,4,2,3,1,0,0,40,0
25,10,4,9,4,0,0,0,60,0
62,10,6,3,1,0,0,0,20,0
35,11,2,12,0,1,7298,0,48,0
26,10,0,9,1,0,5060,0,40,0
47,9,4,7,1,1,0,0,40,0
25,12,4,3,1,0,0,0,40,0
33,11,4,9,1,0,0,0,40,0
28,13,4,5,3,1,0,0,40,0
42,15,2,9,0,1,0,0,40,0
50,14,2,3,0,1,0,0,40,0
61,2,2,5,0,1,0,0,40,0
50,9,2,6,0,1,0,0,40,0
51,9,2,11,0,1,0,1977,50,0
37,10,2,12,0,1,0,0,39,0
25,13,4,0,1,0,0,0,35,0
38,13,2,0,0,1,0,0,42,0
60,15,2,9,0,1,99999,0,60,0
74,10,2,11,0,1,6418,0,24,0
37,14,2,9,0,1,0,0,70,0
26,13,4,3,1,1,0,0,40,0
39,10,2,3,0,1,0,0,40,0
35,6,2,0,5,0,0,0,36,0
43,14,6,9,4,0,0,0,40,0
31,9,2,11,0,1,0,0,50,0
35,10,2,3,0,1,0,0,50,0
30,10,0,11,4,0,0,0,65,0
22,9,4,7,3,0,0,0,20,0
36,4,0,6,1,0,0,0,40,0
19,10,4,11,3,0,0,0,34,0
36,9,0,2,1,1,0,0,75,0
29,13,4,10,3,0,0,0,40,0
30,10,4,10,1,0,3325,0,40,0
31,9,2,0,5,0,0,0,40,0
27,9,4,11,3,1,0,0,40,0
17,7,4,0,3,0,0,0,15,0
36,9,2,2,0,1,0,0,40,0
43,13,2,0,0,1,0,0,40,0
46,5,2,11,0,1,0,0,40,0
24,9,4,0,2,0,0,0,20,0
42,10,4,13,1,1,0,0,40,0
55,10,2,2,0,1,0,0,43,0
61,11,6,2,4,0,0,0,40,0
20,9,4,11,3,0,0,0,10,0
60,10,2,11,0,1,0,0,40,0
24,11,2,0,5,0,0,0,40,0
33,13,2,9,0,1,0,0,51,0
67,10,4,9,1,0,0,0,50,0
34,9,4,3,1,1,0,0,50,0
34,10,2,7,5,0,0,0,30,0
38,10,0,9,3,0,0,0,40,0
50,13,0,3,1,0,0,0,40,0
45,10,2,2,0,1,0,0,46,0
18,9,4,11,3,1,0,0,35,0
40,11,6,0,4,0,0,0,30,0
37,10,0,2,4,0,0,0,40,0
35,6,2,6,0,1,0,0,45,0
22,10,4,9,3,0,2176,0,25,0
33,9,5,2,1,1,0,0,40,0
42,10,2,0,5,0,0,0,40,0
36,10,0,6,3,1,0,0,40,0
41,10,2,3,0,1,0,0,60,0
39,9,0,0,4,0,0,0,40,0
63,10,2,5,0,1,0,0,40,0
52,10,2,11,0,1,0,0,60,0
36,6,4,7,4,0,0,0,35,0
27,14,4,11,1,1,0,0,42,0
19,7,4,7,3,0,0,0,15,0
66,10,4,9,1,0,0,0,40,0
74,10,6,3,1,1,15831,0,40,0
37,11,2,2,0,1,0,0,45,0
52,9,2,2,0,1,0,0,50,0
44,14,5,3,1,1,0,2559,40,0
24,13,4,11,1,1,0,1876,65,0
31,11,4,0,1,1,0,0,45,0
42,10,2,3,0,1,0,0,40,0
35,13,2,9,5,0,0,0,15,0
35,11,2,2,0,1,0,0,55,0
26,15,4,9,1,0,0,0,80,0
39,10,2,6,5,0,0,0,40,0
38,13,2,0,0,1,0,0,50,0
39,13,2,3,0,1,0,0,40,0
35,13,2,12,0,1,0,1887,40,0
40,9,2,2,5,0,0,0,45,0
64,15,6,9,1,0,0,2444,40,0
49,13,2,9,0,1,0,1672,45,0
26,6,2,5,0,1,0,0,38,0
44,3,3,2,1,1,0,0,45,0
34,13,0,3,4,1,15020,0,50,0
54,10,6,12,4,0,0,0,40,0
22,10,4,7,3,0,0,0,10,0
64,12,2,2,0,1,0,0,40,0
22,9,4,11,3,0,0,0,20,0
40,13,2,3,0,1,0,0,55,0
36,9,2,6,0,1,5178,0,40,0
49,10,0,0,1,0,0,0,40,0
42,9,2,2,0,1,0,0,40,0
48,13,0,3,1,0,0,0,50,0
27,8,4,2,3,1,0,0,40,0
30,7,2,3,0,1,0,0,40,0
22,9,4,11,1,0,0,0,28,0
36,9,2,2,0,1,0,0,45,0
53,10,0,0,2,0,0,0,40,0
32,9,5,2,1,1,0,0,40,0
48,10,2,3,0,1,0,0,50,0
40,12,2,11,0,1,0,0,40,0
24,13,2,9,0,1,0,0,40,0
35,15,2,9,0,1,0,0,40,0
35,10,2,2,0,1,0,0,40,0
28,13,0,0,1,0,0,0,40,0
30,9,5,13,4,1,1506,0,80,0
37,13,4,3,1,0,2174,0,50,0
23,9,4,11,2,1,0,0,40,0
17,6,4,11,3,0,0,0,22,0
47,9,2,3,0,1,0,0,55,0
43,10,2,9,0,1,0,0,40,0
39,10,2,3,0,1,0,1485,40,0
37,9,2,0,0,1,0,0,40,0
23,9,2,11,5,0,0,0,35,0
41,9,0,11,4,0,0,0,40,0
22,9,4,7,1,0,0,0,35,0
39,16,0,3,1,0,0,2559,60,0
65,9,2,2,0,1,0,0,50,0
61,13,4,9,1,0,0,0,63,0
20,8,4,7,1,1,0,0,30,0
37,9,0,7,4,0,2977,0,55,0
39,13,0,11,1,1,0,0,60,0
27,9,4,7,1,1,0,0,40,0
32,6,2,3,0,1,0,0,55,0
54,10,0,0,1,0,0,0,35,0
39,13,2,9,0,1,0,0,40,0
17,7,4,7,2,1,0,0,20,0
19,7,4,11,4,0,0,0,25,0
55,10,0,0,1,1,0,0,40,0
36,12,5,12,1,0,0,0,3,0
27,7,2,2,0,1,0,1740,40,0
23,10,4,6,1,0,0,0,40,0
38,13,2,9,5,0,0,0,55,0
22,9,4,2,3,1,0,0,40,0
31,13,2,3,5,0,0,0,40,0
53,13,2,3,0,1,0,0,60,0
67,13,2,3,0,1,0,0,20,0
42,9,2,0,0,1,0,0,55,0
31,10,4,11,1,1,0,1504,40,0
22,6,2,5,0,1,0,0,40,0
50,9,6,0,2,0,0,0,40,0
41,12,2,9,0,1,15024,0,50,0
42,13,2,3,0,1,0,0,50,0
20,10,4,11,3,0,0,0,20,0
18,9,4,11,3,0,0,0,40,0
31,4,4,6,2,0,0,0,20,0
56,10,2,3,0,1,0,1887,40,0
23,9,2,2,0,1,0,0,40,0
23,13,4,0,1,0,0,0,46,0
54,9,2,11,0,1,0,0,50,0
34,12,2,11,0,1,0,0,38,0
36,10,2,3,0,1,0,0,10,0
29,11,5,0,4,0,0,0,40,0
67,5,2,8,5,0,0,0,6,0
48,13,2,0,0,1,0,0,48,0
53,14,4,9,1,0,0,0,46,0
42,4,2,2,0,1,4386,0,50,0
56,9,2,4,0,1,0,0,20,0
40,9,4,7,2,1,0,0,40,0
55,13,0,0,1,1,10520,0,40,0
61,4,2,2,0,1,0,0,40,0
35,13,2,9,5,0,0,0,40,0
42,9,2,2,0,1,0,0,50,0
32,10,2,13,0,1,0,0,60,0
19,10,4,6,1,1,0,0,40,0
21,12,4,0,3,1,0,0,40,0
39,9,2,13,0,1,0,1887,40,0
22,9,5,0,2,0,0,0,40,0
23,9,4,11,1,0,0,0,35,0
49,7,2,13,0,1,0,1902,70,0
49,7,2,5,0,1,0,0,40,0
34,6,5,7,4,0,0,0,4,0
46,7,2,2,0,1,0,0,32,0
26,10,2,7,0,1,0,0,40,0
38,9,0,2,1,1,0,0,41,0
59,6,2,13,0,1,0,0,40,0
24,12,0,6,1,1,0,0,40,0
26,11,4,0,1,0,0,0,40,0
41,10,2,11,0,1,0,0,50,0
27,9,4,0,1,1,0,0,38,0
23,9,4,5,3,1,0,0,35,0
19,5,2,13,0,1,0,0,40,0
39,9,4,2,3,1,0,0,40,0
46,10,2,2,5,0,7298,0,40,0
28,9,4,3,3,1,0,0,40,0
62,9,0,7,1,0,0,0,40,0
28,12,4,0,3,1,0,0,35,0
35,9,4,0,4,0,0,0,40,0
38,9,2,2,0,1,0,0,42,0
53,16,0,3,1,1,0,0,60,0
29,13,2,9,0,1,0,0,50,0
17,8,4,7,3,0,0,0,8,0
45,9,4,0,1,0,0,0,37,0
20,9,4,2,2,1,0,0,40,0
59,9,2,7,0,1,0,0,40,0
37,14,4,9,4,0,0,0,40,0
27,10,4,5,3,1,0,0,40,0
29,13,2,11,0,1,0,0,40,0
63,6,2,2,0,1,0,1740,40,0
39,10,0,2,3,0,0,0,50,0
20,10,4,7,3,1,0,0,40,0
20,9,4,2,1,1,0,0,35,0
53,15,2,9,0,1,0,1977,60,0
35,13,3,3,1,1,0,0,40,0
40,9,0,3,1,0,0,0,60,0
35,14,2,0,0,1,0,0,45,0
38,14,2,3,0,1,0,0,40,0
47,9,0,0,1,0,0,0,40,0
32,10,2,9,5,0,0,1902,40,0
43,13,2,4,5,0,0,0,60,0
20,10,4,7,3,0,0,0,30,0
33,9,5,12,1,1,0,0,40,0
23,10,4,3,3,1,0,0,45,0
50,15,2,3,0,1,15024,0,50,0
60,10,0,12,1,0,6849,0,50,0
56,16,2,3,0,1,0,0,60,0
37,10,2,2,0,1,0,0,40,0
57,6,0,0,1,1,0,0,64,0
22,11,4,7,2,1,0,0,52,0
48,15,2,9,0,1,99999,0,48,0
27,10,2,2,0,1,0,0,40,0
18,8,4,4,3,1,0,0,50,0
41,12,2,2,0,1,0,0,60,0
33,13,4,11,3,1,0,0,40,0
51,9,3,6,1,1,0,0,50,0
33,14,4,9,1,0,0,0,45,0
25,13,4,0,1,0,0,0,32,0
55,9,2,2,0,1,0,0,55,0
29,7,0,7,1,0,0,0,70,0
41,13,2,3,0,1,0,0,50,0
29,14,4,9,1,0,0,0,50,0
39,10,2,2,0,1,0,0,50,0
35,10,2,11,0,1,7298,0,48,0
20,10,4,5,1,0,0,0,40,0
41,11,0,12,1,0,0,0,40,0
26,13,4,3,3,1,0,0,80,0
44,9,0,2,1,1,0,0,45,0
32,9,2,2,0,1,0,0,55,0
35,9,0,9,1,1,0,0,40,0
59,4,2,2,0,1,5013,0,38,0
61,10,0,2,1,1,0,0,40,0
20,9,4,6,3,1,0,0,43,0
58,8,0,13,4,1,0,0,45,0
48,7,2,2,0,1,0,0,55,0
26,13,4,0,1,0,0,0,40,0
28,10,2,7,0,1,0,0,40,0
48,13,2,2,0,1,99999,0,40,0
45,9,2,9,0,1,0,0,45,0
18,9,4,5,3,1,1055,0,40,0
23,9,4,2,3,1,0,0,40,0
31,10,4,3,1,0,0,0,40,0
35,12,0,0,4,0,0,0,32,0
22,9,4,5,1,1,0,0,40,0
32,9,4,2,3,1,0,0,60,0
69,9,6,0,4,0,0,0,20,0
39,10,2,3,5,0,0,0,43,0
22,13,4,0,3,0,4416,0,40,0
52,14,2,3,0,1,0,0,36,0
44,14,2,3,0,1,0,0,48,0
22,12,4,7,3,0,0,0,40,0
49,12,2,11,0,1,0,0,45,0
51,9,2,11,0,1,0,0,50,0
27,14,4,9,1,1,0,0,20,0
34,13,2,11,0,1,0,1887,40,0
20,10,4,0,3,0,0,0,12,0
22,13,4,12,1,1,0,2339,40,0
68,7,6,6,1,0,0,1870,35,0
31,9,2,13,0,1,0,0,73,0
22,9,4,7,1,1,0,0,30,0
28,9,4,0,3,0,0,0,40,0
46,10,2,11,0,1,0,1977,60,0
49,9,2,3,0,1,0,0,40,0
40,14,2,9,0,1,0,0,55,0
54,9,2,2,0,1,0,0,40,0
24,5,4,2,2,1,0,0,58,0
27,12,4,3,1,0,0,0,40,0
33,9,2,6,0,1,0,0,40,0
19,10,4,7,2,1,0,0,42,0
27,9,2,11,0,1,4386,0,40,0
39,9,0,2,4,1,0,0,50,0
29,8,2,7,0,1,0,0,50,0
44,3,2,4,0,1,0,0,84,0
51,16,3,9,1,1,0,0,70,0
37,13,2,11,0,1,0,0,55,0
56,9,2,11,0,1,0,0,40,0
19,7,4,0,4,0,0,0,15,0
37,13,4,6,2,1,0,0,40,0
18,10,4,11,3,0,0,0,15,0
28,4,2,2,0,1,3464,0,35,0
40,13,2,9,0,1,3103,0,60,0
50,14,2,9,0,1,0,0,40,0
31,9,4,5,1,1,0,0,60,0
57,7,0,7,4,1,4650,0,50,0
40,13,2,11,0,1,0,0,50,0
44,13,4,9,1,1,27828,0,40,0
40,10,2,9,0,1,0,0,60,0
42,10,4,3,4,0,0,0,45,0
41,10,2,2,0,1,0,0,35,0
23,10,3,7,1,1,0,0,45,0
41,9,2,4,0,1,0,0,99,0
41,10,4,11,3,1,0,0,40,0
29,11,4,4,1,1,0,0,75,0
33,13,4,0,1,0,0,0,40,0
43,9,0,11,2,0,0,0,46,0
18,10,4,11,3,0,0,0,10,0
67,10,6,7,1,0,2346,0,33,0
21,9,4,7,3,1,0,0,40,0
36,8,2,6,0,1,0,0,48,0
24,7,4,11,3,0,0,0,30,0
44,9,2,2,0,1,0,0,40,0
22,10,4,13,3,1,0,0,4,0
60,4,2,13,0,1,0,0,15,0
31,10,2,9,0,1,0,0,50,0
74,8,2,5,0,1,0,0,11,0
30,13,4,3,1,1,0,0,40,0
29,7,4,13,4,1,0,0,40,0
47,10,2,3,5,0,0,0,50,0
71,11,6,0,1,0,0,0,20,0
33,6,2,7,0,1,0,0,80,0
56,9,6,6,4,0,0,0,30,0
24,7,4,7,4,0,0,0,40,0
37,13,2,11,0,1,0,0,40,0
52,13,2,6,0,1,0,0,40,0
56,9,2,0,0,1,0,0,48,0
52,13,0,2,1,1,0,0,40,0
56,16,2,13,0,1,0,0,56,0
54,13,2,12,0,1,0,0,40,0
43,13,2,3,0,1,0,0,60,0
68,9,6,2,1,0,3273,0,42,0
38,13,2,0,5,0,0,0,40,0
44,14,2,9,0,1,0,0,40,0
23,13,4,10,3,1,0,0,50,0
69,9,6,0,1,0,0,0,40,0
52,9,2,11,0,1,0,1902,60,0
24,12,2,7,0,1,0,0,40,0
45,13,2,9,0,1,0,0,40,0
43,5,2,0,0,1,0,0,84,0
59,13,2,3,0,1,0,1977,40,0
35,12,2,3,0,1,0,0,50,0
43,13,2,9,0,1,0,0,20,0
47,7,2,4,0,1,0,0,40,0
48,9,2,5,0,1,0,0,40,0
23,10,4,10,1,1,0,0,15,0
51,9,2,2,0,1,0,0,40,0
44,9,2,2,0,1,0,0,40,0
24,13,4,0,1,0,0,0,40,0
39,14,0,3,1,1,0,0,70,0
19,10,4,5,3,1,0,0,20,0
21,10,4,7,3,0,0,0,25,0
49,9,2,3,0,1,0,0,48,0
22,10,4,7,3,1,0,0,36,0
59,9,6,6,1,0,0,0,40,0
51,9,2,2,0,1,7688,0,50,0
38,13,0,9,3,0,0,0,38,0
45,9,2,2,0,1,0,0,50,0
56,10,2,4,0,1,0,0,60,0
27,9,2,10,0,1,0,0,40,0
21,10,4,3,1,0,0,0,38,0
55,14,0,3,1,1,0,0,45,0
31,10,0,0,4,0,0,0,20,0
57,5,2,4,0,1,0,0,45,0
26,14,4,9,1,1,0,0,40,0
51,9,2,13,0,1,5013,0,40,0
35,9,4,7,1,1,0,0,40,0
46,13,2,0,0,1,0,0,40,0
38,13,2,10,0,1,0,1628,48,0
24,4,4,5,1,1,0,0,24,0
38,14,0,3,1,0,0,0,50,0
49,9,0,8,4,0,0,0,16,0
51,10,4,13,1,1,0,0,30,0
72,9,6,0,4,0,2329,0,20,0
60,4,2,13,0,1,0,0,50,0
45,11,2,2,0,1,0,0,40,0
21,6,2,4,0,1,0,0,30,0
49,10,2,2,0,1,0,1887,40,0
46,13,4,3,4,0,0,0,40,0
62,10,2,0,0,1,0,0,40,0
51,13,2,3,0,1,0,0,50,0
50,10,2,2,0,1,0,0,50,0
18,9,4,7,1,1,0,0,20,0
71,13,0,11,1,0,0,1911,38,0
30,9,4,5,1,1,0,0,22,0
51,6,6,11,4,0,0,0,40,0
36,11,4,12,1,1,0,0,40,0
41,9,0,0,4,0,0,0,45,0
38,10,0,12,4,0,0,0,10,0
49,13,2,3,0,1,0,0,75,0
42,13,0,9,4,0,0,0,40,0
53,10,2,11,0,1,0,0,45,0
21,10,4,0,3,1,0,0,10,0
19,9,4,9,1,0,4416,0,40,0
43,13,0,9,1,0,0,0,40,0
47,14,2,11,0,1,7688,0,45,0
30,9,5,10,1,1,0,0,40,0
63,15,2,9,0,1,15024,0,50,0
53,9,0,0,2,0,0,0,35,0
23,10,2,11,0,1,0,0,40,0
28,9,0,0,4,0,0,0,40,0
61,15,2,9,0,1,0,1902,45,0
60,11,6,0,1,0,0,0,40,0
32,13,2,12,0,1,0,0,40,0
47,9,2,2,0,1,0,0,56,0
36,11,2,0,5,0,0,0,40,0
24,9,4,5,1,1,0,0,40,0
46,13,2,3,0,1,3818,0,44,0
59,6,2,13,0,1,0,0,40,0
30,7,2,13,0,1,0,0,40,0
30,13,4,9,1,1,0,0,60,0
38,9,2,5,0,1,3411,0,40,0
57,9,6,11,1,0,0,0,30,0
64,15,2,9,0,1,99999,0,60,0
48,14,4,9,1,1,0,0,60,0
28,13,2,3,0,1,0,0,42,0
46,9,2,11,0,1,0,1887,45,0
55,9,0,3,4,1,0,2444,60,0
44,12,0,3,1,0,0,1980,40,0
50,11,2,10,0,1,0,0,40,0
58,9,6,3,1,1,0,0,55,0
27,11,4,12,4,1,1151,0,40,0
52,14,0,9,4,0,0,0,40,0
30,10,2,11,0,1,0,0,40,0
49,6,2,13,0,1,0,0,99,0
32,9,2,3,0,1,0,0,40,0
44,13,2,11,0,1,0,0,60,0
63,3,2,6,0,1,0,0,32,0
60,13,2,9,0,1,7688,0,40,0
55,10,2,12,0,1,0,0,40,0
77,8,0,13,1,1,0,0,12,0
55,14,2,3,0,1,0,0,55,0
51,9,4,2,3,1,0,0,35,0
35,10,2,3,0,1,0,0,40,0
33,13,0,11,1,1,0,0,40,0
34,13,2,11,0,1,0,0,47,0
52,13,2,10,0,1,0,0,48,0
50,9,0,0,1,0,0,0,40,0
48,16,2,9,0,1,15024,0,45,0
24,13,4,12,1,1,0,0,40,0
44,12,2,7,0,1,0,0,40,0
40,9,0,8,4,0,0,0,32,0
61,10,0,2,4,1,0,0,40,0
60,9,2,4,0,1,0,0,40,0
47,10,0,2,4,1,0,0,40,0
30,10,2,1,0,1,0,0,48,0
44,9,2,7,5,0,0,0,38,0
60,6,2,2,0,1,0,0,50,0
44,9,0,5,2,0,0,0,40,0
33,13,5,12,4,0,5455,0,40,0
38,9,5,8,4,0,0,0,40,0
42,13,2,3,5,0,0,1485,17,0
45,13,2,3,0,1,0,0,45,0
40,14,2,3,0,1,0,0,50,0
40,10,2,3,0,1,0,0,40,0
60,13,2,3,0,1,7298,0,40,0
40,9,0,7,3,0,0,0,40,0
45,13,4,9,1,0,0,0,40,0
51,14,4,3,1,1,10520,0,20,0
31,9,4,0,3,1,0,0,35,0
19,7,4,6,3,1,0,0,40,0
24,13,4,9,1,1,0,0,40,0
51,5,4,7,1,0,0,0,40,0
28,13,2,4,0,1,0,0,50,0
31,12,4,0,1,0,0,0,40,0
19,9,4,13,3,1,0,0,46,0
39,14,2,9,0,1,5013,0,56,0
27,13,2,9,5,0,0,0,40,0
39,9,2,0,5,0,0,0,40,0
45,14,0,0,4,0,0,0,40,0
21,11,4,3,2,1,0,0,40,0
67,6,2,10,0,1,0,0,16,0
28,5,2,2,0,1,0,0,40,0
28,9,4,7,1,0,0,0,46,0
48,10,2,2,0,1,0,0,40,0
24,13,4,9,1,1,0,0,20,0
23,9,5,0,1,0,0,0,40,0
17,6,4,7,3,0,0,0,20,0
21,9,4,0,3,0,0,0,40,0
30,9,2,0,0,1,0,0,40,0
53,9,2,11,5,0,0,0,40,0
40,13,2,9,0,1,0,0,60,0
39,7,0,7,4,0,0,0,40,0
38,11,2,2,0,1,0,0,43,0
33,12,2,2,0,1,0,0,45,0
36,13,0,3,4,0,0,0,40,0
53,13,6,0,4,0,0,0,52,0
32,9,4,3,1,0,0,0,50,0
52,10,6,12,4,0,0,0,40,0
31,7,5,7,1,1,0,0,38,0
35,8,0,10,2,1,0,0,40,0
49,9,0,6,4,0,0,0,40,0
28,12,4,0,3,1,0,0,40,0
75,9,2,3,0,1,0,0,40,0
43,12,0,3,1,1,0,0,40,0
22,9,4,0,4,0,0,0,40,0
43,9,0,0,1,0,0,0,40,0
40,13,2,3,0,1,0,0,60,0
29,10,4,13,1,1,0,0,40,0
21,7,2,2,0,1,0,0,60,0
44,11,4,9,1,1,0,0,40,0
33,10,2,0,0,1,3103,0,45,0
38,13,4,11,1,1,0,0,48,0
29,9,4,7,1,0,0,0,32,0
34,9,2,2,0,1,0,0,55,0
27,8,2,0,0,1,0,0,40,0
20,9,4,2,1,1,0,0,40,0
35,14,4,0,1,1,0,0,40,0
59,10,2,3,0,1,0,0,40,0
19,10,4,4,3,0,0,0,32,0
27,6,0,6,2,0,0,0,40,0
41,13,2,3,0,1,0,1887,50,0
35,12,4,4,3,1,0,0,50,0
26,9,2,7,3,0,0,0,30,0
32,13,2,3,0,1,0,0,55,0
23,11,4,0,1,1,0,0,50,0
21,9,4,7,3,0,0,0,30,0
58,9,2,3,0,1,0,0,24,0
58,9,6,8,1,0,0,0,28,0
19,9,4,11,3,1,0,0,20,0
29,10,0,5,4,0,0,0,36,0
25,12,0,0,1,0,0,0,40,0
29,12,4,9,1,1,0,0,40,0
18,7,4,11,3,0,0,0,12,0
23,10,4,7,3,1,0,0,35,0
52,10,2,11,3,0,0,0,40,0
23,13,4,0,1,0,0,0,12,0
18,9,4,11,3,0,0,0,20,0
39,13,2,2,0,1,15024,0,55,0
34,5,2,2,0,1,0,0,40,0
39,10,0,11,4,0,0,0,40,0
30,11,2,6,0,1,0,0,40,0
50,10,0,0,4,0,3418,0,38,0
32,9,4,0,4,1,0,0,40,0
29,6,4,7,3,0,0,0,38,0
29,9,0,7,1,0,0,0,30,0
31,9,0,7,4,0,0,0,40,0
25,3,3,5,2,1,0,0,40,0
30,10,4,9,1,0,0,0,40,0
56,6,6,7,4,0,0,0,25,0
42,10,2,2,0,1,0,1887,40,0
52,10,0,7,4,0,0,0,50,0
37,14,2,3,0,1,0,0,55,0
27,10,4,7,3,1,0,1721,20,0
19,9,4,7,3,0,0,0,24,0
37,9,2,10,0,1,0,0,40,0
46,9,2,2,0,1,0,0,50,0
33,9,4,7,1,1,0,0,40,0
40,10,0,2,4,1,0,0,40,0
44,13,2,12,0,1,0,0,40,0
34,13,4,9,1,0,0,0,48,0
60,10,3,0,4,0,0,0,40,0
48,10,2,13,0,1,2407,0,40,0
39,7,2,7,0,1,0,0,40,0
24,5,4,11,3,1,0,0,48,0
28,9,2,2,0,1,0,0,40,0
33,9,2,2,0,1,0,1902,46,0
28,9,4,11,2,1,0,0,40,0
34,12,2,9,5,0,0,0,45,0
25,7,2,2,0,1,0,0,40,0
28,8,4,2,1,1,0,0,40,0
23,11,2,2,0,1,0,0,40,0
25,10,4,0,3,0,0,0,40,0
19,9,4,11,3,1,0,0,15,0
48,13,4,9,1,1,0,0,40,0
60,14,0,11,1,1,0,0,50,0
26,7,4,13,1,1,0,0,40,0
38,9,0,2,4,1,0,0,40,0
53,10,5,7,3,0,0,0,39,0
30,9,2,2,0,1,0,0,40,0
53,10,2,3,5,0,0,0,30,0
41,13,2,3,0,1,0,0,99,0
42,9,4,2,1,1,0,0,50,0
22,13,4,7,3,0,0,0,20,0
27,13,4,9,1,0,0,0,60,0
44,15,4,9,1,0,0,0,40,0
58,9,0,0,4,0,0,0,45,0
28,16,4,9,3,1,0,0,30,0
48,10,2,6,0,1,0,0,40,0
41,10,2,2,0,1,0,0,40,0
50,14,2,9,0,1,0,0,40,0
46,9,2,2,0,1,0,0,40,0
35,10,2,11,5,0,0,0,40,0
24,10,4,7,4,0,0,0,20,0
56,14,2,9,0,1,0,0,40,0
42,13,4,0,3,0,0,0,35,0
27,7,5,11,1,1,0,0,40,0
35,11,2,0,0,1,0,0,36,0
49,9,4,7,3,0,0,0,40,0
39,10,2,2,0,1,0,0,50,0
28,11,4,7,1,1,0,0,40,0
45,9,2,3,0,1,0,0,50,0
66,9,6,11,1,0,0,0,16,0
19,10,4,2,3,0,0,0,40,0
18,10,4,8,3,0,0,0,15,0
47,13,2,9,0,1,7688,0,45,0
48,11,0,12,4,0,0,0,41,0
49,14,0,9,4,0,9562,0,32,0
50,14,2,11,0,1,15024,0,40,0
47,15,2,9,0,1,0,1902,42,0
30,13,2,9,0,1,0,0,40,0
44,10,4,2,1,1,0,0,20,0
47,9,2,13,0,1,0,0,40,0
52,9,2,5,0,1,0,0,40,0
32,9,0,2,4,1,0,0,99,0
39,10,2,2,0,1,5178,0,40,0
47,13,2,3,0,1,0,0,45,0
42,9,2,7,0,1,0,0,40,0
33,14,2,12,5,0,0,0,15,0
29,9,0,0,4,0,0,0,40,0
40,13,2,3,0,1,0,1902,40,0
42,14,2,10,0,1,7688,0,35,0
28,10,2,6,0,1,0,1902,40,0
19,9,4,7,3,0,0,0,40,0
30,10,4,6,4,1,0,0,40,0
71,9,6,9,1,0,0,0,40,0
53,9,2,13,0,1,0,0,40,0
64,3,2,6,0,1,2105,0,40,0
44,14,0,9,4,0,0,0,50,0
72,10,6,0,4,0,0,0,20,0
64,4,2,2,0,1,0,0,70,0
51,9,2,13,0,1,0,0,40,0
51,10,2,11,0,1,0,0,40,0
55,9,2,11,0,1,0,0,35,0
34,13,2,9,0,1,0,0,45,0
36,10,4,2,1,1,0,0,40,0
20,10,4,11,3,1,0,0,35,0
25,9,4,11,3,0,0,0,25,0
40,9,2,13,0,1,2829,0,50,0
24,9,2,5,0,1,0,0,50,0
39,9,4,12,1,1,0,0,35,0
56,14,2,9,0,1,0,0,40,0
25,13,4,3,1,0,0,0,60,0
38,10,0,3,1,1,0,0,45,0
22,10,4,5,1,1,0,0,40,0
29,12,2,2,0,1,0,0,43,0
25,8,4,7,3,1,0,0,40,0
36,10,4,13,1,1,0,0,50,0
50,9,0,3,1,0,99999,0,60,0
22,9,2,13,0,1,0,0,40,0
19,6,4,4,2,1,0,0,40,0
20,10,4,11,3,0,0,0,12,0
54,14,2,9,0,1,0,0,40,0
28,12,2,6,0,1,0,0,40,0
59,13,2,4,0,1,99999,0,40,0
52,5,2,4,0,1,0,0,60,0
39,9,2,10,5,0,0,0,15,0
22,9,2,6,0,1,0,0,45,0
57,14,2,3,0,1,0,0,45,0
18,7,4,7,3,1,0,0,40,0
31,10,2,0,5,0,0,0,40,0
25,13,4,9,1,1,0,0,45,0
37,8,0,6,4,0,0,0,40,0
26,2,4,5,1,1,0,0,55,0
32,9,4,2,3,1,0,0,40,0
53,4,3,7,4,0,0,0,45,0
49,16,2,9,0,1,15024,0,50,0
65,9,0,11,1,0,6723,0,40,0
52,13,0,3,1,1,0,0,40,0
30,9,2,2,0,1,0,0,40,0
40,11,4,13,1,1,0,0,32,0
28,12,4,6,1,1,0,0,40,0
28,9,0,2,1,1,0,0,40,0
45,15,2,9,0,1,0,1977,50,0
40,15,2,3,0,1,0,0,50,0
42,12,2,11,0,1,0,0,45,0
77,10,2,10,0,1,0,0,20,0
64,11,2,11,0,1,0,0,40,0
43,10,2,3,0,1,0,0,40,0
30,14,4,9,1,1,0,0,40,0
43,10,2,4,0,1,0,2002,40,0
40,10,4,6,1,1,0,0,48,0
31,9,2,11,0,1,0,0,55,0
25,4,0,2,3,1,0,0,45,0
19,9,4,12,1,1,0,0,40,0
41,9,2,3,0,1,0,1887,70,0
51,6,0,0,2,0,0,0,30,0
31,6,2,2,0,1,0,0,35,0
35,9,4,6,4,0,0,0,40,0
52,13,2,11,0,1,0,0,40,0
41,10,4,0,4,0,0,1504,40,0
27,9,4,5,1,1,0,0,60,0
40,9,2,2,0,1,4064,0,40,0
38,9,2,0,0,1,0,0,40,0
27,9,0,2,1,1,0,0,40,0
25,13,4,11,3,1,0,0,40,0
20,9,4,11,3,0,0,0,20,0
17,9,4,7,3,0,0,0,40,0
31,13,4,10,1,1,4650,0,40,0
65,15,2,3,0,1,0,0,10,0
62,16,0,9,1,1,0,0,50,0
39,14,4,9,1,1,0,2444,45,0
36,10,2,11,0,1,0,0,40,0
59,9,2,2,0,1,4508,0,40,0
23,11,4,0,3,0,0,0,40,0
32,10,4,2,1,1,0,0,50,0
22,9,4,2,1,1,0,0,40,0
28,10,2,0,0,1,0,0,50,0
19,9,4,2,3,1,0,0,40,0
54,15,2,9,0,1,0,0,40,0
36,10,2,11,5,0,0,1902,15,0
50,9,0,2,2,1,0,0,40,0
17,7,4,3,3,0,0,0,20,0
53,13,2,11,0,1,7688,0,48,0
41,11,2,11,0,1,0,0,55,0
26,6,2,5,0,1,0,0,40,0
59,10,2,0,0,1,0,0,43,0
17,7,4,13,1,1,0,0,40,0
30,10,2,0,5,0,0,0,40,0
33,9,2,6,0,1,0,0,55,0
40,10,5,12,3,0,0,0,32,0
48,11,0,9,1,1,4650,0,50,0
47,13,3,0,1,0,0,0,40,0
38,9,0,6,1,1,0,0,40,0
30,14,2,9,5,0,0,0,60,0
47,9,5,2,2,0,0,0,40,0
41,9,2,10,0,1,0,0,40,0
20,9,4,0,2,0,0,1719,40,0
29,10,4,0,1,0,0,0,40,0
36,9,2,3,0,1,0,0,38,0
18,10,4,7,3,0,0,0,40,0
35,9,2,5,0,1,0,0,48,0
41,9,4,7,4,0,0,0,40,0
23,9,4,6,3,1,0,0,40,0
39,12,2,2,0,1,0,0,35,0
46,10,2,0,0,1,0,0,40,0
45,12,0,9,4,0,0,0,43,0
53,4,2,2,0,1,0,0,40,0
54,9,0,7,1,0,0,0,30,0
48,10,0,13,1,1,0,0,40,0
32,13,4,2,1,0,0,0,35,0
31,10,0,3,4,0,5455,0,60,0
43,14,4,9,1,1,0,0,40,0
43,9,2,11,0,1,7688,0,60,0
28,9,0,2,4,1,0,0,50,0
46,12,5,3,4,0,0,0,40,0
34,9,2,5,0,1,0,0,40,0
25,13,4,9,1,1,0,0,35,0
23,10,4,0,4,0,0,0,15,0
32,13,4,3,1,0,0,0,45,0
37,9,0,5,4,1,0,0,40,0
36,9,0,7,1,0,0,0,20,0
27,10,4,3,1,0,0,0,40,0
29,10,5,0,1,1,0,0,40,0
42,10,2,6,0,1,0,0,40,0
24,13,4,9,1,0,0,1974,40,0
22,7,4,4,3,0,0,0,38,0
47,16,2,11,0,1,0,0,60,0
43,10,4,7,1,0,0,0,40,0
56,13,2,7,0,1,0,0,40,0
54,9,2,11,0,1,0,0,50,0
50,9,0,6,4,1,0,0,40,0
29,9,2,2,0,1,0,0,45,0
32,10,2,4,0,1,0,0,65,0
37,9,2,2,0,1,0,0,44,0
30,13,4,7,1,1,0,0,40,0
30,13,2,9,5,0,0,0,40,0
39,9,2,2,0,1,0,0,40,0
23,9,0,0,1,0,0,0,40,0
32,9,2,2,0,1,0,0,40,0
37,14,2,3,0,1,0,0,40,0
20,9,4,4,2,1,0,0,40,0
33,10,0,0,4,0,0,0,50,0
42,9,2,13,0,1,0,0,99,0
56,13,4,0,1,0,0,0,60,0
40,16,2,9,0,1,0,0,55,0
38,6,5,0,4,0,0,0,40,0
49,10,2,9,0,1,5013,0,30,0
18,10,4,7,3,1,0,0,20,0
42,10,2,0,0,1,0,0,40,0
25,10,0,10,1,0,0,0,40,0
38,10,2,12,5,0,0,1902,40,0
26,13,4,6,1,0,0,0,40,0
26,13,2,9,0,1,0,0,90,0
33,9,4,13,1,1,2354,0,61,0
25,10,4,10,2,1,0,0,40,0
18,9,4,6,3,1,0,0,40,0
59,9,2,6,0,1,0,0,40,0
69,10,2,11,0,1,6514,0,45,0
22,13,4,9,1,0,0,0,40,0
40,7,2,5,0,1,0,0,40,0
40,10,2,2,0,1,0,0,40,0
33,10,2,2,0,1,0,0,40,0
51,6,2,4,0,1,0,0,60,0
59,9,5,0,4,0,0,0,35,0
20,9,4,2,3,1,0,0,40,0
37,12,4,12,1,1,0,0,46,0
51,9,2,3,0,1,0,0,40,0
24,13,4,11,1,0,0,0,25,0
59,6,2,5,0,1,0,0,40,0
21,9,4,6,3,0,0,0,35,0
45,3,2,2,0,1,0,0,40,0
25,10,4,11,4,0,0,0,25,0
29,7,4,6,3,1,0,0,42,0
22,12,4,0,2,0,0,0,40,0
72,14,0,9,1,1,0,0,60,0
39,11,2,10,0,1,0,0,40,0
36,9,2,2,0,1,7298,0,40,0
65,11,3,2,1,1,0,0,20,0
63,9,0,11,1,0,3674,0,30,0
58,10,5,0,1,0,0,1092,40,0
27,11,5,0,3,0,0,0,40,0
58,6,5,10,1,0,0,0,40,0
52,10,2,2,0,1,0,0,40,0
37,10,2,2,0,1,0,0,40,0
29,11,5,0,4,0,0,0,40,0
30,11,4,2,1,0,0,0,40,0
32,9,2,2,0,1,0,0,40,0
47,9,2,5,0,1,0,0,40,0
50,9,0,6,1,0,0,0,40,0
39,13,2,5,5,0,0,0,37,0
57,9,2,2,0,1,0,0,40,0
40,9,4,0,3,0,0,0,50,0
27,10,0,0,2,0,0,0,50,0
28,10,4,7,1,1,0,0,37,0
49,13,2,3,5,0,15024,0,35,0
33,9,0,2,1,1,0,0,45,0
46,10,5,3,4,0,1151,0,60,0
50,10,2,3,0,1,0,0,50,0
43,14,2,11,0,1,0,0,60,0
26,10,4,7,4,0,0,0,40,0
33,10,2,6,0,1,0,0,50,0
50,10,2,2,0,1,0,0,40,0
38,2,0,4,4,1,0,0,40,0
28,13,2,3,0,1,0,0,50,0
21,10,4,7,3,1,0,0,40,0
38,13,0,11,4,1,0,0,45,0
17,6,4,11,3,0,0,0,10,0
19,9,4,7,3,0,0,0,40,0
45,15,2,9,0,1,0,0,38,0
27,7,4,9,1,0,0,0,50,0
45,8,0,4,1,1,0,0,40,0
46,10,0,7,4,0,0,0,40,0
57,10,2,2,0,1,0,0,40,0
39,9,4,2,1,1,0,0,40,0
34,13,2,9,5,0,99999,0,40,0
26,6,4,2,2,1,0,0,24,0
44,9,0,9,1,1,0,0,40,0
38,10,4,10,4,0,0,0,40,0
49,11,0,9,4,0,0,0,40,0
41,9,5,0,4,0,0,0,40,0
52,9,4,6,1,0,0,0,40,0
30,5,2,4,0,1,0,0,40,0
72,4,6,7,4,0,0,0,40,0
48,13,2,9,0,1,0,0,42,0
32,11,2,2,0,1,0,0,50,0
22,13,4,9,1,1,0,0,50,0
24,10,4,5,1,0,0,0,35,0
24,10,0,7,1,0,0,0,36,0
55,5,2,13,5,0,0,0,48,0
48,9,2,0,0,1,0,0,40,0
42,9,0,3,4,1,0,0,40,0
34,14,2,7,0,1,0,0,30,0
40,9,2,3,0,1,0,0,42,0
39,10,2,0,5,0,0,0,20,0
45,13,2,2,0,1,0,0,50,0
21,10,4,0,3,1,0,0,43,0
36,14,2,12,0,1,0,1887,40,0
28,9,4,5,3,0,0,0,40,0
57,9,0,0,4,0,0,0,40,0
22,12,4,0,1,0,0,0,40,0
31,9,0,0,1,0,0,0,8,0
23,11,4,9,1,0,0,0,50,0
35,10,4,3,3,1,0,0,45,0
28,13,4,11,1,1,0,1980,40,0
27,10,2,6,0,1,0,0,50,0
37,10,2,12,0,1,0,1485,50,0
33,14,2,3,0,1,0,0,55,0
56,9,2,6,0,1,0,0,40,0
50,9,2,3,0,1,0,0,50,0
35,9,4,11,4,0,0,0,40,0
36,13,4,12,3,1,0,0,40,0
59,15,2,9,0,1,0,0,35,0
42,16,0,3,1,1,0,0,60,0
21,10,4,11,3,0,0,0,30,0
24,10,4,3,1,1,0,1504,40,0
29,13,4,9,1,0,0,0,40,0
61,16,2,9,0,1,0,0,40,0
35,9,0,6,4,0,0,0,48,0
56,11,2,9,0,1,0,0,40,0
45,9,2,3,0,1,0,0,40,0
40,10,2,3,5,0,0,0,36,0
28,3,4,7,2,1,2176,0,52,0
46,14,2,9,0,1,0,0,56,0
57,9,2,4,0,1,0,0,40,0
41,9,2,0,5,0,5013,0,30,0
30,9,5,0,4,0,0,0,40,0
21,10,4,9,3,0,0,0,40,0
62,14,2,3,0,1,0,1977,50,0
19,10,4,13,3,1,0,0,32,0
63,9,4,3,1,0,8614,0,38,0
39,9,2,4,0,1,0,0,70,0
40,14,2,9,0,1,0,0,55,0
27,9,4,5,4,1,0,0,35,0
47,12,2,3,0,1,0,0,25,0
28,9,4,11,3,1,0,0,40,0
27,10,2,11,0,1,0,0,40,0
26,9,2,3,0,1,0,0,25,0
59,9,0,9,4,0,0,0,60,0
33,10,2,11,0,1,0,0,40,0
35,7,4,6,1,0,0,0,40,0
57,9,2,0,0,1,0,0,40,0
30,12,4,0,4,0,0,0,40,0
31,14,4,3,1,1,0,0,55,0
24,10,4,5,4,1,0,0,30,0
36,4,2,4,0,1,0,0,55,0
46,10,0,3,1,0,0,0,40,0
38,11,4,0,4,0,0,0,40,0
19,10,4,9,3,0,0,0,15,0
33,9,2,3,0,1,4386,0,60,0
59,15,2,9,0,1,15024,0,60,0
32,9,2,2,0,1,7298,0,46,0
58,9,2,6,0,1,0,0,40,0
19,8,4,2,3,1,0,0,47,0
43,9,4,11,1,0,0,0,40,0
20,9,4,2,1,1,0,0,40,0
56,9,2,3,0,1,0,0,40,0
57,9,0,0,4,0,0,0,40,0
42,15,0,9,1,1,99999,0,80,0
62,6,2,6,0,1,0,0,40,0
37,9,0,6,1,1,0,0,45,0
34,13,0,2,4,1,0,0,40,0
24,10,0,11,1,1,0,0,40,0
78,2,6,5,2,1,0,0,20,0
43,13,4,0,1,1,0,0,50,0
60,9,2,7,0,1,0,0,40,0
39,9,2,10,0,1,15024,0,40,0
21,9,4,2,1,1,0,0,35,0
27,13,4,3,1,0,0,0,40,0
44,9,0,9,1,0,0,0,39,0
37,2,0,7,4,0,0,0,35,0
31,9,2,7,0,1,0,0,40,0
27,13,2,9,5,0,0,0,40,0
31,9,3,6,4,0,0,0,40,0
37,13,2,11,0,1,0,0,50,0
43,13,2,12,0,1,7298,0,40,0
18,10,4,7,3,1,0,0,16,0
23,11,1,0,5,0,0,0,30,0
40,4,2,5,0,1,0,2057,40,0
22,1,4,7,3,0,594,0,20,0
61,13,2,11,0,1,0,0,45,0
63,10,6,3,1,0,0,0,40,0
59,13,2,11,0,1,0,0,55,0
33,10,2,6,0,1,0,0,54,0
51,9,2,7,0,1,0,0,40,0
38,9,2,10,0,1,0,0,40,0
52,9,2,0,5,0,7688,0,40,0
47,9,2,11,0,1,0,0,55,0
20,10,4,0,3,0,0,0,10,0
53,13,4,11,4,1,0,1669,50,0
43,9,4,6,4,0,0,0,40,0
26,6,4,3,1,1,0,0,75,0
39,9,0,13,1,0,0,0,37,0
30,9,5,5,1,1,0,0,60,0
45,13,2,3,0,1,0,0,50,0
25,9,4,13,1,1,0,0,40,0
45,13,2,11,0,1,0,0,50,0
25,13,4,9,1,0,0,0,55,0
48,12,2,9,0,1,0,1902,38,0
32,9,2,2,0,1,0,0,40,0
37,9,2,0,0,1,0,0,40,0
51,10,2,3,5,0,0,0,30,0
28,10,2,7,3,0,7688,0,40,0
28,13,4,7,1,0,0,0,50,0
28,9,4,2,1,1,0,0,48,0
22,9,4,7,4,0,0,0,40,0
32,11,0,0,1,1,0,0,40,0
32,13,4,0,1,0,0,0,50,0
27,14,4,12,3,1,0,0,50,0
54,9,5,0,1,0,0,0,45,0
41,2,3,5,4,1,0,1719,40,0
46,13,2,9,0,1,3103,0,50,0
39,10,2,3,0,1,0,0,45,0
51,12,2,9,5,0,0,0,40,0
26,10,4,9,1,1,0,0,40,0
53,9,0,8,1,0,0,0,50,0
38,10,2,0,0,1,0,0,27,0
18,9,4,7,3,0,0,0,20,0
56,14,2,9,0,1,0,0,50,0
41,3,2,2,0,1,0,0,96,0
42,13,0,7,1,1,0,0,40,0
44,5,4,8,4,0,0,0,50,0
33,9,2,7,5,0,0,0,40,0
43,10,0,12,1,1,0,0,45,0
21,10,4,11,1,1,0,0,40,0
45,9,0,0,4,0,0,0,40,0
38,9,2,11,0,1,0,0,70,0
38,14,4,3,1,0,0,0,38,0
33,6,2,2,0,1,0,0,40,0
27,9,2,3,0,1,0,0,45,0
33,9,0,6,4,0,0,0,40,0
43,10,2,13,0,1,0,0,40,0
38,13,0,3,4,1,0,0,50,0
50,9,2,2,0,1,0,0,51,0
57,10,2,9,0,1,0,0,40,0
76,9,6,3,1,0,0,0,2,0
52,9,2,13,0,1,0,0,70,0
36,9,2,3,0,1,0,0,50,0
30,10,4,11,1,1,0,0,50,0
39,9,4,3,1,0,2202,0,45,0
51,10,2,3,0,1,0,0,40,0
31,9,5,11,4,0,0,0,40,0
56,7,2,11,0,1,0,0,55,0
28,10,2,0,0,1,0,0,40,0
38,10,4,11,4,0,0,0,40,0
49,13,2,11,0,1,0,0,50,0
40,9,2,9,0,1,0,0,40,0
23,10,4,12,2,0,0,0,40,0
44,14,0,9,4,0,0,0,40,0
36,13,2,0,5,0,0,0,40,0
31,9,4,0,3,1,0,0,40,0
24,10,4,11,1,1,0,0,40,0
35,10,4,0,1,0,0,0,38,0
45,10,2,11,0,1,0,0,60,0
46,16,2,9,0,1,0,0,40,0
57,9,2,8,0,1,0,0,30,0
20,9,4,5,3,1,0,0,20,0
30,5,0,3,4,0,0,0,40,0
60,9,0,3,1,0,0,0,27,0
42,14,4,9,1,1,0,0,40,0
25,10,4,3,1,0,8614,0,45,0
27,13,2,3,5,0,0,0,40,0
59,14,0,9,1,0,0,0,60,0
18,8,4,7,3,0,0,0,30,0
48,10,2,3,0,1,0,0,50,0
41,9,2,2,0,1,0,0,40,0
36,13,0,11,1,0,0,0,40,0
44,13,2,4,0,1,15024,0,55,0
36,10,4,0,3,0,0,0,40,0
32,12,2,5,0,1,5013,0,60,0
26,13,4,9,1,1,0,0,25,0
58,11,6,9,4,0,0,0,45,0
39,13,4,9,1,0,0,0,40,0
39,9,5,2,4,1,0,0,55,0
65,9,6,2,1,1,1848,0,40,0
29,10,2,12,5,0,0,0,20,0
23,13,4,9,3,0,0,0,25,0
36,13,4,12,1,1,0,0,42,0
32,13,2,7,0,1,0,0,40,0
30,9,2,0,5,0,0,0,40,0
38,13,4,0,1,1,0,0,40,0
25,10,2,2,0,1,0,0,40,0
41,13,2,3,0,1,0,0,40,0
31,9,4,12,4,0,0,0,40,0
66,9,2,2,5,0,0,0,15,0
35,10,0,2,3,1,0,0,40,0
36,4,2,4,0,1,0,0,35,0
17,6,4,7,3,0,0,0,16,0
31,10,2,2,0,1,0,0,40,0
20,9,4,6,3,0,0,0,40,0
25,13,4,11,3,0,0,0,40,0
59,10,2,11,0,1,0,0,70,0
37,12,4,3,1,1,0,0,45,0
42,10,2,2,0,1,0,0,48,0
31,13,4,9,1,0,0,0,40,0
32,8,0,11,1,0,0,1762,45,0
46,9,2,13,0,1,0,0,60,0
36,2,2,7,0,1,0,0,40,0
45,13,2,0,0,1,0,0,38,0
19,10,4,7,3,1,0,0,20,0
38,12,4,7,3,0,0,0,25,0
27,9,5,10,1,1,0,0,45,0
33,11,0,0,4,0,0,0,40,0
55,5,2,11,0,1,0,0,58,0
46,14,0,9,4,0,0,0,40,0
29,7,2,6,0,1,0,0,40,0
22,10,4,0,3,0,0,0,36,0
59,14,2,9,0,1,0,0,50,0
36,13,2,9,0,1,0,0,50,0
27,13,3,9,1,0,0,0,50,0
21,12,4,9,1,0,0,0,36,0
29,13,0,3,2,0,0,0,50,0
53,13,2,11,0,1,0,1485,40,0
20,10,4,13,1,1,0,0,60,0
54,10,2,11,0,1,0,0,40,0
32,10,2,6,0,1,0,0,40,0
18,7,4,7,3,1,0,0,16,0
55,11,2,3,0,1,0,0,48,0
40,13,4,9,1,1,0,0,50,0
37,12,4,10,1,1,0,0,42,0
23,9,4,2,3,1,0,0,40,0
45,10,0,0,1,1,0,0,38,0
42,16,4,9,1,1,0,0,99,0
66,11,2,2,0,1,0,0,38,0
30,13,2,3,0,1,7298,0,40,0
20,8,4,7,3,1,0,0,35,0
37,9,4,13,1,1,0,0,50,0
20,9,4,7,1,0,0,0,38,0
27,9,2,6,0,1,0,0,40,0
33,12,2,3,0,1,0,0,50,0
53,4,2,6,0,1,0,0,40,0
54,5,2,6,0,1,0,1902,35,0
33,13,2,11,0,1,0,0,40,0
22,6,2,5,0,1,0,0,40,0
39,10,4,11,3,1,0,0,40,0
23,10,4,0,3,0,0,0,25,0
20,10,4,5,3,1,0,0,40,0
19,10,4,7,3,1,0,0,18,0
24,11,4,3,3,0,0,0,60,0
32,14,2,9,0,1,0,0,50,0
38,10,0,7,1,1,0,0,40,0
34,10,0,12,1,0,0,0,40,0
39,10,2,12,0,1,0,0,35,0
45,13,2,3,0,1,0,0,45,0
21,9,4,7,2,1,0,0,40,0
49,16,0,12,4,1,7430,0,40,0
44,9,2,13,0,1,0,0,40,0
18,9,4,7,1,0,0,0,35,0
42,13,2,3,0,1,0,0,40,0
49,7,6,2,1,1,2174,0,40,0
51,9,2,13,0,1,0,0,40,0
20,7,4,7,3,1,0,0,25,0
41,7,2,2,0,1,0,0,40,0
25,10,4,3,3,1,0,0,75,0
27,9,4,13,3,1,0,0,40,0
23,9,4,7,3,1,0,0,40,0
37,9,2,7,0,1,0,0,40,0
22,13,4,9,1,0,0,0,10,0
21,9,4,10,1,1,0,0,11,0
24,9,4,5,3,1,594,0,40,0
61,9,0,13,1,1,0,0,40,0
63,10,2,7,0,1,0,0,24,0
31,10,4,7,1,0,0,0,40,0
17,7,4,11,3,0,0,0,15,0
23,10,4,5,3,1,0,0,40,0
40,10,2,2,0,1,0,0,40,0
47,10,0,0,1,0,0,0,72,0
55,5,2,11,0,1,0,0,45,0
37,10,0,2,1,1,0,0,50,0
48,13,4,11,2,0,0,0,38,0
67,9,0,8,4,0,1848,0,99,0
72,10,2,7,0,1,0,0,40,0
31,10,4,10,1,1,0,0,40,0
24,10,2,2,0,1,0,0,45,0
27,13,4,9,1,0,0,0,45,0
32,8,4,4,3,1,0,0,40,0
61,12,2,3,0,1,0,0,50,0
34,9,4,2,2,1,0,0,40,0
40,11,2,5,3,1,0,0,40,0
39,11,0,12,1,0,0,0,40,0
49,15,2,9,0,1,15024,0,35,0
57,4,2,3,0,1,0,0,90,0
47,10,2,11,0,1,0,0,45,0
38,12,6,11,4,0,0,0,35,0
77,4,2,4,0,1,0,0,40,0
20,10,4,12,4,0,0,0,8,0
37,6,2,2,0,1,0,0,30,0
43,12,4,3,1,1,27828,0,45,0
50,9,0,7,1,0,0,0,45,0
68,4,6,7,1,0,0,0,40,0
55,9,0,0,1,0,0,0,40,0
52,14,4,9,1,1,10520,0,45,0
24,9,4,7,1,1,0,0,37,0
42,13,4,0,1,1,0,0,60,0
51,9,0,5,1,1,2174,0,40,0
26,9,2,5,5,0,0,0,40,0
32,13,2,3,5,0,0,1977,40,0
51,10,4,0,3,0,0,0,40,0
26,9,4,5,1,1,0,0,40,0
46,10,2,11,0,1,0,0,8,0
27,9,4,0,3,0,0,0,35,0
71,4,2,4,0,1,6514,0,40,0
30,9,5,7,4,1,0,0,40,0
42,10,2,2,0,1,0,0,52,0
39,9,2,3,0,1,0,0,60,0
17,7,4,4,3,0,0,0,18,0
20,10,4,0,3,0,0,0,35,0
37,9,0,6,4,1,0,0,40,0
40,12,4,9,1,1,0,0,40,0
27,12,4,7,2,1,0,0,42,0
19,6,4,7,2,1,0,0,40,0
29,10,0,10,1,1,0,0,40,0
42,9,2,0,5,0,0,0,36,0
31,13,2,0,0,1,0,0,40,0
21,9,4,0,3,0,0,0,40,0
46,10,2,6,0,1,0,0,50,0
37,14,4,3,1,0,27828,0,50,0
41,13,6,3,1,0,0,0,45,0
34,8,5,11,4,0,0,0,34,0
47,2,6,6,4,1,0,0,40,0
21,9,4,3,1,0,0,0,40,0
49,16,0,3,4,1,0,0,40,0
38,14,4,3,1,0,0,0,40,0
43,14,2,3,0,1,0,0,40,0
40,13,3,3,1,1,0,0,40,0
48,9,2,3,0,1,0,0,70,0
30,9,0,3,4,0,0,0,40,0
38,12,4,0,1,0,0,0,38,0
30,13,5,9,4,0,0,0,40,0
37,9,4,0,3,1,0,0,38,0
28,14,4,11,1,1,0,0,42,0
57,10,2,2,0,1,0,0,40,0
25,10,4,2,2,1,0,0,40,0
40,12,2,0,5,0,0,0,40,0
49,9,2,6,0,1,0,2179,40,0
44,10,2,12,0,1,7688,0,40,0
44,9,6,7,4,0,0,0,40,0
18,6,4,2,4,1,0,0,40,0
45,9,2,7,0,1,0,0,31,0
50,16,2,3,0,1,0,0,55,0
17,8,4,0,3,0,0,0,16,0
28,9,2,2,0,1,0,0,40,0
38,10,2,0,5,0,5013,0,40,0
43,9,2,2,0,1,0,0,37,0
48,9,4,2,3,1,0,0,40,0
28,12,2,6,0,1,0,0,40,0
46,9,0,7,3,1,0,0,40,0
28,9,4,6,3,0,0,0,40,0
58,9,0,2,1,1,0,0,40,0
23,13,4,9,4,0,0,0,40,0
57,9,5,7,4,0,0,0,40,0
48,14,2,9,0,1,0,0,35,0
49,10,2,6,0,1,0,0,50,0
40,10,2,2,0,1,0,0,60,0
41,9,5,6,1,1,0,0,50,0
45,9,2,5,0,1,0,0,40,0
27,10,2,6,0,1,0,0,50,0
50,14,4,3,1,1,27828,0,48,0
65,14,2,9,0,1,0,0,16,0
36,10,2,0,0,1,0,0,40,0
22,9,2,4,0,1,0,0,45,0
28,11,4,6,1,1,0,0,40,0
18,7,4,11,3,0,0,0,20,0
46,13,2,9,0,1,0,0,40,0
37,7,4,6,1,1,0,0,40,0
46,9,2,13,0,1,0,0,65,0
37,15,2,9,0,1,0,0,60,0
31,10,4,0,1,1,0,0,40,0
38,9,4,3,1,0,0,0,35,0
24,13,4,9,3,1,0,0,25,0
25,13,4,0,1,0,0,0,40,0
30,10,4,0,4,0,0,0,40,0
45,4,4,6,4,0,0,0,42,0
28,14,2,11,0,1,5178,0,40,0
58,13,0,3,1,1,0,0,40,0
44,15,2,9,0,1,0,0,60,0
35,9,2,11,0,1,0,0,60,0
54,9,2,13,0,1,0,0,40,0
40,14,0,9,1,0,0,0,50,0
24,13,4,11,3,0,0,1504,40,0
26,13,4,2,1,1,0,0,50,0
29,13,4,0,1,0,0,0,50,0
50,11,2,9,0,1,0,0,40,0
22,10,2,3,5,0,0,0,40,0
17,8,4,8,3,0,0,0,18,0
25,9,2,13,0,1,0,0,50,0
35,13,4,3,1,1,0,0,40,0
42,10,2,3,0,1,0,0,50,0
45,15,2,9,0,1,7298,0,60,0
28,9,4,7,1,0,0,0,60,0
34,9,2,10,0,1,0,0,40,0
49,14,2,3,0,1,0,0,40,0
39,10,2,7,5,0,0,0,60,0
17,8,4,7,2,0,0,0,25,0
20,5,4,6,4,0,0,0,40,0
53,9,2,7,5,0,0,1573,40,0
26,11,2,5,0,1,0,0,40,0
49,13,4,12,1,0,0,1564,40,0
57,13,2,3,0,1,0,2415,40,0
40,13,0,3,1,1,0,0,55,0
19,9,4,13,3,1,0,0,35,0
58,9,6,2,4,0,0,0,37,0
62,14,2,9,0,1,0,0,10,0
41,10,2,10,0,1,0,0,64,0
46,9,3,5,1,1,0,0,40,0
53,9,2,2,0,1,0,0,40,0
33,13,4,11,3,1,0,0,40,0
58,13,2,3,0,1,99999,0,50,0
30,11,2,6,0,1,0,0,40,0
27,9,4,5,4,0,0,0,40,0
32,9,4,2,3,1,0,0,40,0
22,6,4,7,4,0,0,0,40,0
56,10,2,4,0,1,0,0,50,0
33,10,2,3,0,1,0,0,50,0
36,9,0,7,4,0,0,0,40,0
29,10,2,10,3,1,0,0,40,0
32,9,0,0,1,0,0,0,38,0
33,13,0,9,1,0,0,1092,40,0
20,10,4,11,1,0,0,0,25,0
51,9,2,13,0,1,7688,0,40,0
52,10,2,13,0,1,0,0,30,0
64,6,2,13,0,1,0,0,50,0
33,13,2,9,0,1,0,0,45,0
38,13,4,0,1,0,0,0,50,0
30,13,2,9,0,1,0,0,40,0
67,9,2,2,0,1,0,0,15,0
37,16,0,9,1,0,0,0,40,0
55,9,0,11,4,0,0,0,37,0
25,10,4,7,1,1,0,0,40,0
41,13,4,9,4,0,0,0,40,0
31,13,0,12,4,0,0,0,40,0
51,10,2,0,5,0,0,1902,40,0
75,9,2,4,0,1,0,0,15,0
53,9,0,0,1,0,0,0,30,0
36,7,4,13,1,1,0,0,40,0
47,15,2,9,0,1,15024,0,40,0
67,9,2,4,0,1,0,0,25,0
32,10,5,4,4,0,0,0,65,0
42,9,0,11,1,1,0,0,20,0
41,13,2,3,0,1,7688,0,50,0
46,13,5,9,4,0,0,0,50,0
48,12,2,10,0,1,0,0,40,0
55,9,2,10,0,1,0,0,40,0
49,10,4,7,1,1,0,0,20,0
62,4,0,5,1,0,0,0,40,0
30,12,3,0,4,0,0,0,45,0
56,10,2,10,0,1,0,0,40,0
37,9,5,5,1,1,0,0,48,0
22,10,4,7,1,1,0,0,40,0
56,9,2,5,0,1,0,0,40,0
53,13,5,0,1,1,0,0,40,0
53,11,0,2,1,1,0,0,40,0
51,5,6,2,1,1,0,0,30,0
41,9,0,3,1,0,13550,0,60,0
34,9,2,3,0,1,0,0,50,0
24,10,2,0,5,0,0,0,40,0
40,9,2,2,0,1,0,0,40,0
23,13,4,0,3,0,0,0,40,0
28,9,4,7,1,0,0,0,40,0
53,9,2,6,0,1,0,0,40,0
52,10,2,0,0,1,0,0,44,0
28,9,0,5,1,0,0,0,40,0
40,13,2,0,0,1,0,0,40,0
60,10,2,7,0,1,0,0,40,0
24,8,4,13,3,1,0,0,55,0
50,13,6,9,4,0,0,0,40,0
44,13,5,12,4,0,0,0,40,0
19,9,4,7,1,0,0,0,40,0
36,9,4,3,1,1,0,0,55,0
33,12,4,12,1,1,0,0,40,0
52,6,2,6,0,1,0,0,50,0
51,9,2,2,0,1,0,0,50,0
44,10,2,11,5,0,4386,0,40,0
49,9,2,3,0,1,5013,0,40,0
20,10,4,2,3,0,0,0,20,0
53,12,2,12,0,1,0,0,40,0
25,11,4,4,1,1,0,0,20,0
48,10,4,3,1,1,0,0,72,0
27,9,4,0,3,1,0,0,40,0
21,10,4,7,3,0,0,0,15,0
29,9,2,5,0,1,0,0,40,0
47,16,2,9,0,1,0,0,40,0
48,10,2,7,5,0,0,0,60,0
37,9,2,6,0,1,5013,0,44,0
39,9,6,9,4,0,0,0,60,0
35,9,5,13,1,1,0,0,40,0
33,9,0,7,1,1,0,0,60,0
56,9,2,6,0,1,0,0,40,0
23,3,4,5,2,1,0,0,40,0
25,10,4,0,4,0,0,0,40,0
47,12,2,0,0,1,0,0,55,0
32,9,2,9,0,1,7688,0,40,0
24,9,4,0,3,0,0,0,30,0
32,13,4,11,3,1,13550,0,35,0
41,13,4,0,1,0,0,0,35,0
32,9,0,0,1,0,0,0,38,0
37,15,4,9,1,1,0,0,55,0
39,10,2,11,0,1,0,0,50,0
66,9,2,13,0,1,0,0,50,0
23,13,4,3,1,0,0,0,40,0
44,9,4,7,4,0,0,0,40,0
45,10,2,13,0,1,0,0,70,0
42,10,5,9,4,0,1506,0,40,0
40,10,0,3,4,1,0,0,30,0
20,10,4,12,3,1,0,0,40,0
26,10,4,7,1,0,0,0,40,0
25,7,4,6,2,1,0,0,40,0
40,9,0,0,1,1,0,0,40,0
54,12,3,6,4,0,0,0,40,0
33,11,2,2,0,1,0,0,60,0
56,11,3,11,1,1,0,0,46,0
27,7,4,2,4,1,0,0,47,0
31,4,4,4,2,1,0,0,60,0
22,10,4,11,1,0,0,0,20,0
32,9,0,7,4,0,0,0,45,0
29,9,2,2,0,1,0,0,40,0
34,9,4,0,3,0,0,0,40,0
56,6,2,2,0,1,0,0,35,0
35,11,2,13,0,1,0,0,99,0
25,9,2,0,5,0,0,0,40,0
22,7,2,6,1,0,0,0,40,0
19,8,4,6,3,1,0,0,40,0
35,7,2,6,0,1,0,0,40,0
35,9,2,6,0,1,0,0,40,0
48,9,0,7,1,0,0,0,35,0
52,10,2,11,0,1,0,0,40,0
39,13,2,9,0,1,0,0,43,0
32,9,0,7,1,1,0,0,40,0
27,9,2,2,0,1,0,0,40,0
34,13,4,9,3,0,0,0,40,0
31,10,5,7,4,0,0,0,35,0
47,10,2,4,0,1,0,0,72,0
37,13,0,3,1,0,0,0,40,0
47,10,3,12,1,1,0,0,40,0
47,14,2,11,0,1,0,0,50,0
45,3,3,7,1,1,0,0,40,0
51,10,2,2,0,1,0,0,40,0
24,13,4,9,1,1,0,0,40,0
59,16,2,9,0,1,0,0,40,0
27,11,2,2,0,1,0,0,48,0
33,7,2,2,0,1,0,0,40,0
55,9,5,0,1,0,0,0,40,0
62,16,2,9,0,1,99999,0,80,0
37,9,2,4,0,1,0,0,70,0
45,13,4,9,1,0,0,0,50,0
25,13,4,3,1,0,0,0,40,0
34,9,2,3,0,1,0,0,40,0
50,9,4,2,3,1,0,0,55,0
29,13,2,3,0,1,0,0,55,0
32,12,2,4,0,1,0,0,40,0
48,6,4,8,2,0,0,0,40,0
34,10,2,5,0,1,0,0,52,0
50,9,2,0,0,1,0,0,40,0
38,9,0,11,4,1,0,0,46,0
52,9,0,0,1,0,0,0,40,0
41,9,0,5,4,1,0,0,48,0
31,9,2,6,0,1,0,0,48,0
31,9,4,2,1,1,0,0,40,0
50,13,2,3,0,1,15024,0,55,0
23,10,4,10,1,0,99999,0,40,0
52,10,0,11,1,0,0,0,40,0
33,9,2,6,0,1,0,0,40,0
32,10,0,7,4,0,0,0,30,0
48,10,2,5,5,0,0,0,40,0
40,14,2,11,0,1,3103,0,43,0
22,10,4,12,1,1,0,0,50,0
55,9,4,7,1,0,0,0,24,0
43,11,2,4,0,1,0,0,88,0
34,14,2,3,0,1,0,0,55,0
19,9,4,6,3,1,0,0,40,0
50,14,2,9,0,1,0,0,52,0
27,9,2,6,0,1,0,0,40,0
62,16,2,9,0,1,15024,0,45,0
57,14,2,3,0,1,7298,0,45,0
34,14,2,3,0,1,0,0,40,0
22,9,4,6,1,1,0,0,30,0
22,10,2,6,0,1,2105,0,40,0
29,10,4,3,1,0,0,0,50,0
34,9,0,3,4,0,0,2472,35,0
35,13,4,9,1,1,0,0,50,0
65,13,2,11,0,1,0,0,24,0
27,10,2,0,0,1,0,1579,40,0
46,13,2,2,0,1,0,0,50,0
35,16,3,9,1,1,0,0,60,0
38,11,2,13,0,1,0,0,70,0
36,13,0,0,4,0,0,0,40,0
49,13,2,3,0,1,7688,0,40,0
54,9,2,3,0,1,0,0,30,0
30,13,2,9,0,1,0,0,40,0
26,10,4,13,1,1,0,0,40,0
32,13,3,3,1,1,2174,0,55,0
23,9,4,0,3,1,0,0,36,0
40,13,4,12,1,0,14344,0,45,0
29,9,2,2,0,1,7298,0,40,0
28,9,2,2,0,1,0,0,40,0
41,10,2,0,0,1,0,0,40,0
34,7,2,6,3,1,0,0,40,0
37,9,4,6,1,1,1055,0,20,0
39,10,2,13,0,1,0,0,40,0
29,9,2,11,0,1,0,0,40,0
55,9,0,2,4,1,0,0,40,0
30,10,2,3,0,1,0,0,50,0
33,16,4,9,1,1,0,0,40,0
55,11,2,2,0,1,0,0,40,0
33,9,4,13,2,1,0,0,40,0
47,10,2,2,0,1,0,0,50,0
28,13,4,11,3,1,6849,0,50,0
33,9,0,6,1,1,0,0,49,0
62,9,5,9,1,0,0,0,40,0
42,9,5,13,1,1,0,0,27,0
63,10,2,11,0,1,5013,0,15,0
21,9,4,6,3,1,0,0,40,0
65,9,2,11,0,1,0,0,40,0
28,12,2,0,0,1,0,0,40,0
33,13,2,9,0,1,0,0,40,0
67,4,2,4,0,1,0,0,12,0
36,7,2,6,0,1,0,0,40,0
19,10,4,12,1,0,0,0,30,0
60,9,2,12,0,1,0,0,40,0
26,13,4,3,1,1,0,0,40,0
35,5,2,2,0,1,0,0,40,0
28,9,2,13,0,1,0,0,50,0
67,12,0,12,1,0,0,0,40,0
31,9,2,2,3,1,0,0,40,0
49,10,2,2,0,1,7688,0,40,0
64,9,2,9,0,1,0,0,30,0
40,10,0,11,4,0,0,1741,40,0
35,9,5,10,1,1,0,0,42,0
19,10,4,0,3,0,0,0,8,0
53,10,2,2,0,1,0,0,40,0
57,10,6,11,1,0,0,0,40,0
47,9,2,2,0,1,0,0,60,0
47,10,0,0,4,0,0,0,42,0
38,9,2,0,0,1,0,0,55,0
38,9,4,13,1,1,0,0,40,0
35,13,2,0,0,1,0,0,40,0
58,10,2,2,0,1,0,0,50,0
56,13,2,11,0,1,0,0,40,0
36,9,0,7,4,0,0,0,40,0
57,7,0,7,1,1,0,0,54,0
60,10,2,3,0,1,7298,0,40,0
46,3,6,6,4,0,0,0,40,0
18,7,4,7,3,1,594,0,10,0
42,9,2,11,0,1,0,0,40,0
26,9,4,5,3,1,0,0,40,0
31,13,4,11,1,0,0,0,40,0
26,14,4,12,1,0,0,0,40,0
39,10,2,6,0,1,0,0,60,0
31,12,2,3,0,1,0,1902,38,0
28,10,4,5,1,1,0,0,47,0
34,9,0,2,1,1,0,0,40,0
53,9,2,13,0,1,0,0,45,0
41,9,4,2,1,1,0,0,50,0
34,5,4,7,3,1,0,0,38,0
61,13,2,9,5,0,0,0,30,0
46,13,2,9,0,1,0,0,60,0
34,10,0,6,1,0,0,0,40,0
67,9,2,7,0,1,0,0,10,0
36,9,4,2,1,1,0,0,43,0
31,15,4,9,1,1,0,0,50,0
35,9,4,7,1,0,0,0,40,0
37,14,2,3,0,1,0,0,50,0
27,10,2,0,5,0,0,1902,30,0
23,10,4,0,2,0,0,0,40,0
20,10,4,11,3,0,0,0,20,0
72,4,2,5,5,0,0,0,10,0
61,9,6,11,1,1,0,0,50,0
41,13,2,9,0,1,0,0,50,0
45,9,4,7,1,0,0,0,40,0
24,13,4,11,1,0,0,0,40,0
35,10,5,13,1,1,0,0,40,0
44,14,2,9,5,0,0,1887,40,0
30,10,2,2,0,1,0,0,40,0
64,9,2,6,0,1,0,0,48,0
69,9,2,11,0,1,0,0,35,0
70,9,2,7,0,1,0,0,16,0
42,9,2,13,0,1,0,0,45,0
22,13,4,7,1,0,0,0,35,0
17,6,4,11,3,0,0,0,24,0
51,9,2,4,0,1,0,0,50,0
30,7,4,13,4,1,0,0,30,0
31,13,4,3,3,0,0,0,40,0
50,14,2,3,0,1,0,0,50,0
30,11,4,3,3,1,0,0,36,0
43,9,3,0,4,0,0,0,40,0
22,13,4,0,3,0,0,0,40,0
32,9,2,5,0,1,0,0,44,0
32,10,4,7,1,1,0,0,50,0
37,9,4,4,3,1,0,0,35,0
62,11,6,11,4,0,0,0,33,0
36,13,0,9,1,1,0,0,50,0
29,13,4,9,1,1,0,0,40,0
19,10,4,11,3,0,0,0,25,0
64,13,2,3,0,1,0,0,45,0
32,10,2,6,0,1,0,0,40,0
30,9,4,0,3,0,0,0,40,0
24,13,4,9,3,0,0,0,40,0
20,7,4,2,3,1,0,0,40,0
33,13,2,0,5,0,0,0,5,0
50,9,2,6,0,1,4386,0,48,0
45,14,4,3,1,0,0,1408,40,0
38,10,2,13,0,1,5178,0,40,0
51,12,2,11,0,1,0,0,45,0
47,14,2,3,0,1,15024,0,50,0
53,14,2,3,0,1,0,0,40,0
33,11,0,12,4,1,0,0,50,0
38,10,2,0,0,1,0,0,40,0
47,14,0,3,1,0,0,0,50,0
17,7,4,11,2,0,0,0,24,0
21,9,0,6,2,0,0,0,40,0
41,13,2,4,0,1,0,0,45,0
28,10,0,2,1,1,0,0,35,0
47,7,0,11,4,0,0,0,28,0
38,16,2,9,0,1,99999,0,55,0
54,10,2,9,0,1,0,0,50,0
45,10,2,2,0,1,0,0,48,0
45,9,0,0,4,0,0,0,40,0
29,14,2,9,0,1,0,0,50,0
44,16,2,9,5,0,7688,0,40,0
66,9,2,4,0,1,0,0,10,0
35,13,2,11,0,1,0,0,55,0
66,13,2,3,0,1,0,0,30,0
24,10,4,0,4,0,0,0,20,0
30,10,4,0,1,1,0,0,25,0
38,10,0,0,1,1,0,0,40,0
17,7,4,0,3,1,0,0,20,0
20,9,4,7,3,0,0,0,40,0
45,12,2,11,0,1,5178,0,40,0
32,10,0,7,1,0,0,0,30,0
18,6,4,7,3,0,0,0,12,0
33,14,2,9,0,1,0,0,20,0
37,11,0,5,4,0,0,0,40,0
28,10,4,11,1,1,0,0,40,0
60,9,6,3,4,0,0,0,40,0
36,9,2,2,0,1,0,0,50,0
19,9,4,7,1,0,0,0,35,0
53,10,2,3,0,1,0,0,40,0
57,6,6,0,1,0,0,0,8,0
32,10,2,2,0,1,3103,0,40,0
32,9,4,0,3,0,0,0,40,0
35,6,2,7,5,0,0,0,2,0
51,9,2,11,0,1,0,0,50,0
46,14,2,9,0,1,0,0,40,0
31,5,4,6,4,1,0,0,40,0
29,10,2,0,5,0,0,0,40,0
40,9,0,5,4,0,0,0,40,0
52,9,2,11,0,1,0,0,50,0
42,10,2,4,0,1,0,0,66,0
